time,s1,s2,s3,s4,s5,s6
0.0,40.34546051735367,15.617361836512877,-4.662453250226161,32.23710913783175,1.9677144344788076,2.759326483712517
1.0,59.08072107709655,80.36982726548841,110.62939539602277,44.43454491438017,84.65374450125566,108.67012423551898
