time,s1,s2,s3,s4,s5,s6
0.0,22.813779143147883,41.14927355747554,25.17149460982335,20.71369983947244,26.98289538943719,24.03574258415629
1.0,69.45911345318252,93.2018233392118,115.05788396522503,52.020716113761004,78.82913540612766,129.37066954218727
