time,s1,s2,s3,s4,s5,s6
0.0,12.752075924290438,28.588753172296943,3.358896856304426,29.100441116398386,28.762511404775047,20.79295469446603
1.0,58.06771034459165,94.86410105595343,124.05479598672606,44.64398106408072,74.48791916341943,123.45973537396554
