time,s1,s2,s3,s4,s5,s6
0.0,5.679732861107702,16.588705988975107,17.94811578343267,13.560097079796222,22.656112299623185,9.3397196971978
1.0,57.41449457458545,85.39700586330788,137.57293003289445,51.345667037225134,85.97478193942453,107.22504005056135
