time,s1,s2,s3,s4,s5,s6
0.0,20.926663931103015,24.82769022609414,29.37370331408888,12.969296162465135,23.495317983343398,13.311746187709355
1.0,62.12681219189847,87.58667422232676,126.53704972905652,74.04365861870502,92.89251417218364,112.20981743214483
