time,s1,s2,s3,s4,s5,s6
0.0,27.875361592331124,13.937070594948302,11.397995941565366,16.97105064940382,22.247839555590733,34.595396677441315
1.0,62.95810018609337,76.76560568427264,123.12931784132681,61.87769961897113,102.8407970278997,107.92127240903855
