time,s1,s2,s3,s4,s5,s6
0.0,10.816776664556878,15.487304705601227,18.520804370335302,35.090052579173005,16.586070295158862,31.893866258576224
1.0,49.82234068428505,90.75981359404015,118.12583705691996,67.484305809757,74.03049518587882,130.20837602779358
