time,s1,s2,s3,s4,s5,s6
0.0,9.539828765724634,26.033275971654035,22.7547328893335,19.47221941658039,21.721130720037035,31.65312592118944
1.0,51.38457109313573,82.81244681524825,118.20717633780515,52.275288624874115,92.90154307221562,125.47157448644325
