time,s1,s2,s3,s4,s5,s6
0.0,17.42118906373996,15.797117757512552,21.011922841541132,24.18932352727353,19.533745421835185,-8.045203219705886
1.0,53.41850705962658,84.9785388856788,92.28695043843118,57.821181711212574,78.68751945238202,117.61052453636005
