time,s1,s2,s3,s4,s5,s6
0.0,29.65201545955448,19.357203770178632,25.109987589507803,17.967364864484342,37.17594317381416,23.37244787945069
1.0,60.0698259074628,70.17065789822465,128.39117436543438,56.57449030005873,83.65721437023711,117.11596522592262
