time,s1,s2,s3,s4,s5,s6
0.0,20.17174937762238,23.888725531135034,17.497965698282748,4.55825323733872,21.069284620511603,20.09630352675889
1.0,71.69490675083414,102.25164474378559,121.87475468154928,59.50970001190826,96.92046261570471,140.2955313909232
