time,s1,s2,s3,s4,s5,s6
0.0,1.6678756569433553,32.11810611957798,25.058367207387004,38.4724189129876,10.62853161921425,27.132718780757585
1.0,58.335837740631305,103.75672916667722,139.2014963860374,60.39270292027592,91.37983485680786,117.1256296089693
