time,s1,s2,s3,s4,s5,s6
0.0,30.859978355808945,26.631859181960614,10.100359024729725,17.597282686111544,4.031356963020103,27.762887041108655
1.0,76.339384147792,82.88322813801187,130.72221819212743,55.297749183488115,83.8908294034399,124.17770376555522
