time,s1,s2,s3,s4,s5,s6
0.0,11.509208066086424,28.991426623119523,26.634909009157063,-10.423590661284791,29.98161289341615,5.030997490125326
1.0,71.64373327872545,69.88832469163839,104.06915480712647,58.247880472188385,98.47852707089885,98.40118581373542
