time,s1,s2,s3,s4,s5,s6
0.0,19.20981983249358,13.716214951873127,21.814360546870244,0.787243048000974,14.379415721726316,23.1322414671054
1.0,69.70884052415833,83.78387177062888,120.71956546605553,54.48949319010764,84.59522057422402,116.02866394985936
