time,s1,s2,s3,s4,s5,s6
0.0,29.509126467362318,9.827912537679708,18.322815031737715,25.990022305954287,24.44276939893591,28.215501337575375
1.0,57.70590117688443,91.77205704363722,125.69336609438004,40.79375263087382,80.3812593396909,125.8556871701808
