time,s1,s2,s3,s4,s5,s6
0.0,15.589407462477848,32.41422150322181,28.384924204050314,21.761760191600803,26.776264729909457,14.33211787649872
1.0,58.993581642713295,75.45613529790418,146.76680097199548,60.81289745040215,110.09804613683627,105.51326015374141
