time,s1,s2,s3,s4,s5,s6
0.0,22.169105758948852,25.952116296325187,39.544843863902415,16.207473014417943,22.278144229193003,11.465066506461165
1.0,50.76931465670911,91.7641269992651,123.96302433200124,49.11811011039604,108.00784613972196,136.1881743379367
