time,s1,s2,s3,s4,s5,s6
0.0,22.777672966770943,21.352403318427818,17.782364033815522,33.3644113055562,0.5465914279323947,23.387812695562275
1.0,42.296769700770895,90.16068477438525,130.05000035731794,46.421480352622496,87.36798181200643,123.03338922271469
