time,s1,s2,s3,s4,s5,s6
0.0,26.963987623981833,2.9342484631779726,12.731149266957047,5.948654528916487,25.711925193544456,24.772479317306082
1.0,44.51329929738798,82.58176918514724,117.49070255605001,47.486426733573964,82.93047667379663,126.72660268463835
