time,s1,s2,s3,s4,s5,s6
0.0,28.15319155750423,-0.8994111407476382,47.426090343227145,26.180883976820763,29.849591834635042,-3.9623148275559714
1.0,42.80400246386931,103.08580044040968,135.01373738642485,51.15111399674651,71.90731444751196,129.29800155602362
