time,s1,s2,s3,s4,s5,s6
0.0,13.695171639840552,11.519557497408737,23.34033425402739,20.074441804459624,31.508497119323245,15.664203629659895
1.0,70.1086892970064,84.22336272852742,120.66270959915451,59.106399175968086,94.66824192959619,114.54536427224612
