time,s1,s2,s3,s4,s5,s6
0.0,21.162535807066398,11.83168785708951,33.7726181467249,25.684040276699577,23.98234943959811,16.560176545654354
1.0,59.69906644941949,86.91764854029154,120.60347879871688,71.61986737791814,85.72395776416725,133.13253014797561
