time,s1,s2,s3,s4,s5,s6
0.0,30.768740241872454,23.48084552662789,16.172105942966944,24.424116185182676,27.944822848581477,45.20521461193914
1.0,42.81469644341465,95.49583181829229,121.61712889641986,65.11815235905131,88.8805338148096,106.06232885093084
