time,s1,s2,s3,s4,s5,s6
0.0,28.73462189298128,18.307276234919012,17.64948283134221,21.325340023004788,17.57576454376888,6.850567425262167
1.0,66.71909771614762,83.78649482780361,128.3305747383957,44.52630089047765,79.29325876441033,103.1418582288323
