time,s1,s2,s3,s4,s5,s6
0.0,17.557309827073684,19.130238799046317,14.909614552135285,18.048388143303228,10.985031718826054,22.617866816932068
1.0,65.40691510611364,98.7460130349228,131.6625024196041,61.440762996489276,83.06041100060635,119.33956183970771
