time,s1,s2,s3,s4,s5,s6
0.0,34.96889270709465,34.53683833781694,8.175628170021156,12.820568420997496,43.251116310550366,28.476552995561445
1.0,62.41195076942136,111.19239251319371,124.11576274282731,42.7949400817533,98.11711607632428,122.62681937705946
