time,s1,s2,s3,s4,s5,s6
0.0,19.766196334578385,23.77768976554126,-9.890341606316007,14.912448701933448,19.625006119418426,22.4766225185627
1.0,52.625782681357514,95.50706984625937,107.8672591424931,65.97891020554087,90.10672286695444,131.54249785228603
