time,s1,s2,s3,s4,s5,s6
0.0,27.844726496642288,19.466294977593357,17.644614461313353,16.030214738518175,12.950274433463282,10.801984572594925
1.0,60.080513003273325,93.73132981071004,118.47562995376421,48.92321412143208,84.96954057994452,109.80766499052424
