time,s1,s2,s3,s4,s5,s6
0.0,28.541764293391722,28.261312017308075,25.071019271936468,33.16135283087655,28.940245016630318,15.599378920495834
1.0,54.6930585393239,85.69317163804425,132.2076224580174,47.61459459728683,89.08815425697085,116.16954665959085
