time,s1,s2,s3,s4,s5,s6
0.0,21.024339927615152,17.235470146634384,20.703434104930814,7.36961685863888,-6.453907126338262,36.61736999902854
1.0,49.37057856955071,100.62954133642224,115.67995965456036,65.38808370483237,92.8903711174346,129.6211945855071
