time,s1,s2,s3,s4,s5,s6
0.0,2.6294851076912806,23.573786191295824,26.954561256247153,15.434478386224345,14.768658597578536,21.28325637911526
1.0,64.05290362116709,95.33598780226848,109.64100446757256,43.625820486440894,89.87707119034442,112.85348957659758
