time,s1,s2,s3,s4,s5,s6
0.0,28.013069003324713,16.626891819787843,22.497802780263683,23.41801400948218,20.515548946225053,25.596098200708177
1.0,66.12270880582804,101.44776985905429,117.26987695254147,56.356615041565725,82.78849193101324,115.24089618267058
