time,s1,s2,s3,s4,s5,s6
0.0,17.377948931005008,3.8707833722397353,10.847071751175978,32.25775677469092,16.372600846861207,29.347537347304154
1.0,60.273929326254716,75.37717047857669,127.82795851087576,56.172428189185574,91.48085819528725,96.90616809275245
