time,s1,s2,s3,s4,s5,s6
0.0,32.23135541307796,10.832509369587742,32.62991548852195,21.475940521703148,23.179270929341985,19.150549968953484
1.0,54.076697883634004,91.8357110638361,117.4529177381017,70.37577172382433,80.50646604898377,116.77430194517319
