time,s1,s2,s3,s4,s5,s6
0.0,33.2971366659095,12.762752490266065,24.544696446577262,12.90741461044435,31.682606413353565,30.62670977534004
1.0,56.66412770887693,92.31672412933466,114.25126800792049,68.09891492798317,88.23920795508697,111.64862444245009
