time,s1,s2,s3,s4,s5,s6
0.0,23.115462813664013,19.60318868000861,7.984139790658968,26.313198120621607,10.600973607655815,22.404142851275704
1.0,54.54041248938819,96.02451397128682,103.86930564555858,60.34973448898245,73.36988022047314,121.51212958118091
