time,s1,s2,s3,s4,s5,s6
0.0,29.407421670250816,22.88203648533264,48.493417274844944,8.76187635885216,33.62346820212503,5.965838612346415
1.0,78.97297998843665,91.66838111949656,117.834211698704,49.35650115940686,79.4926143993603,114.68520538676208
