time,s1,s2,s3,s4,s5,s6
0.0,25.18189329173605,18.805443767861814,33.54820482987044,6.936101425564281,14.397927613927042,16.1900398463088
1.0,63.21690081013303,95.86060995526488,121.47982864666305,51.21848898816273,100.21426015548684,127.5631693329538
