time,s1,s2,s3,s4,s5,s6
0.0,10.122623740175701,19.564198640949478,23.23399306159719,28.68535770997348,10.039467933107959,23.326392719384238
1.0,50.16844909793738,83.98746075963125,128.34519565552046,37.28210725763879,82.55993528672421,107.38971635311135
