time,s1,s2,s3,s4,s5,s6
0.0,11.444822183125247,29.22545207401061,15.767515189714567,23.87293946632677,23.28550947757432,26.469190957130728
1.0,55.96869455982279,79.80512986113915,121.0010990533329,65.96403374897297,87.70950631980669,115.5566724465491
