time,s1,s2,s3,s4,s5,s6
0.0,40.236477935212136,24.214402040474603,10.536670317207662,17.433499780688493,18.681106707205245,9.338667447357313
1.0,74.58594691289358,91.72636627313881,135.6007399038508,51.975593096472124,100.68913283767546,113.88583886590563
