time,s1,s2,s3,s4,s5,s6
0.0,32.97020670941578,15.363621877420908,5.308174045295516,13.638868502510576,13.75859074172907,21.40768480336729
1.0,44.3724334576898,86.19651880683654,128.60635145141646,57.37860988215665,110.59786793381411,123.57076988983363
