time,s1,s2,s3,s4,s5,s6
0.0,32.38770885101443,26.0524636256159,21.765922031656345,14.852728232415089,14.77167398815604,13.688989317979862
1.0,41.40761798706566,92.19106332544925,130.7629293881597,55.66700931756412,79.4761235047799,134.41880253974986
