time,s1,s2,s3,s4,s5,s6
0.0,29.652567111567723,-3.682489375594038,21.733201150681097,29.071542995763043,15.32594241061391,13.804973083688095
1.0,42.26528193144708,98.64646975691313,130.3302461361645,56.39175400985383,77.47657364688817,114.29902008296989
