time,s1,s2,s3,s4,s5,s6
0.0,16.721756146967493,20.44174340736294,39.549163414623806,32.758942276488256,4.826543898827175,27.80850535413807
1.0,46.89436021835344,86.38186904214274,109.35001732779767,77.70914254281065,99.03334567779969,111.08597601489582
