time,s1,s2,s3,s4,s5,s6
0.0,21.028459769724055,11.678977624669985,24.1258304992188,18.53382121853673,24.68969765200009,13.41762369427719
1.0,63.18770327581034,86.43779871519936,135.82276558596809,70.72024153573068,100.85069082718272,122.59456128775129
