time,s1,s2,s3,s4,s5,s6
0.0,22.09076826200746,23.249498827067853,19.942224517001424,19.415587491619142,17.07145322351067,30.2873472106904
1.0,59.637006895043456,78.11947220920652,125.93388239539365,72.68146667491744,77.616677250065,119.34460313838984
