time,s1,s2,s3,s4,s5,s6
0.0,7.172397491609534,25.002862288117132,15.649440665183189,12.789955043910062,26.154450402478115,32.767237806412496
1.0,50.13987755832966,74.29213905846008,135.59667711289325,50.00826330121505,92.311336557919,144.3707043361682
