time,s1,s2,s3,s4,s5,s6
0.0,0.12746029920092283,20.345586460275175,14.087469503676006,28.971776496340738,16.75128816275288,23.763386302081933
1.0,56.030205346277384,100.86115906455532,132.164914760278,56.79006201645607,87.65721095500498,132.4236354012917
