time,s1,s2,s3,s4,s5,s6
0.0,24.865609199096856,-1.1375379688594158,31.230108658965854,28.536410637430826,16.28732907620533,-4.069545903367761
1.0,52.08207053722726,91.42131948202113,118.24295861104882,61.5538500470152,73.99156297527513,121.03694390769637
