time,s1,s2,s3,s4,s5,s6
0.0,13.12724217514938,27.165233308032747,8.539940475829082,11.917857295253944,21.429287486923077,5.063651346974607
1.0,54.61817888978588,97.4470391410387,119.88406784148897,60.17283845437808,105.91854499053252,118.65027377133345
