time,s1,s2,s3,s4,s5,s6
0.0,9.614548546879169,8.071699630809743,45.12255659963088,27.796699251052765,17.14649386909244,12.727363642738936
1.0,82.33885650514597,87.6529175629265,118.29909260622499,40.559071415782924,77.74238625866604,120.68518197300371
