time,s1,s2,s3,s4,s5,s6
0.0,9.801047662892957,2.1400230262842825,34.734816806038424,23.80973558846231,7.517007076113423,18.67849932417824
1.0,60.6544019618549,86.19903497475275,118.93126081769203,62.55292036121409,91.30586037341146,113.9036604713124
