time,s1,s2,s3,s4,s5,s6
0.0,15.309398537840915,26.561017849415826,25.587564075705586,20.76021974443541,0.5725135751070844,9.302506836578017
1.0,55.497017397449866,89.04179442004063,120.37309870001589,62.57410667686485,108.42486191741155,112.21227136619251
