time,s1,s2,s3,s4,s5,s6
0.0,6.88751702002601,19.984924426040536,12.159578273406732,21.64143998778294,26.56842519869928,13.444474094810321
1.0,69.65211125315994,87.47516519606341,114.65793223088617,45.93886784807271,80.9619285720004,114.86239660439622
