time,s1,s2,s3,s4,s5,s6
0.0,17.05596193148268,38.483139372966136,17.989678783753096,14.968476564329373,19.866970461597727,19.724656556287268
1.0,51.54237263006365,87.16418500607718,125.40742833617097,56.98588676613003,72.10758133508477,130.88466697294388
