time,s1,s2,s3,s4,s5,s6
0.0,18.783282866933106,26.871017686634644,12.918775864337233,1.8441341368556436,12.95051354824588,24.792966680385113
1.0,48.00292141154852,109.77802378652744,127.86859908641178,54.99259188542347,92.40413434966752,122.50463705071108
