time,s1,s2,s3,s4,s5,s6
0.0,35.802416846841936,30.80973190914681,29.581081663295542,19.812277038889633,27.684081217576107,18.469942674491744
1.0,52.713097224228875,75.79302476470934,123.34936017260202,61.60782583351711,86.18688568179456,123.72395834652724
