time,s1,s2,s3,s4,s5,s6
0.0,15.480658612272725,-1.0266397513581111,14.176188381269732,19.461437777196515,27.69016316918846,41.539560915006504
1.0,54.23899452267256,76.83825483684471,126.84425346506617,77.08175694308764,71.79180590893608,120.1353989196959
