time,s1,s2,s3,s4,s5,s6
0.0,26.293246652295117,29.21162372182171,15.807092870499998,36.38430096871961,16.561255561467444,10.012798052004303
1.0,33.42338568947011,94.53606841465043,130.39995096053795,68.0942009464816,81.10145488188581,122.29227230580743
