time,s1,s2,s3,s4,s5,s6
0.0,25.313533560190187,0.06290709371376124,19.415821239488835,14.163772024249543,5.913400420692188,12.584464812451994
1.0,47.359256898506544,78.65370359573367,130.40678880561754,51.874187150291085,98.46166497668085,100.59079426297917
