time,s1,s2,s3,s4,s5,s6
0.0,28.436174957122848,17.800304846940637,17.267354280794173,19.305853380999825,21.884186398150625,2.926223204524213
1.0,49.59690011922154,94.18704800295852,109.04519559000232,55.720315214124504,97.05782041491508,117.22897459475058
