time,s1,s2,s3,s4,s5,s6
0.0,5.445811447582722,17.550976367649657,24.791431143277787,28.493461652089852,34.7529932501663,15.573724405953119
1.0,33.0250770397187,71.09378881071684,127.08837431264594,47.130037092865045,89.25534231696922,115.37242425348683
