time,s1,s2,s3,s4,s5,s6
0.0,17.448991320461225,-1.3886486016462598,8.002960864408575,11.947623466562595,11.96973858130961,13.311634866423102
1.0,41.367860616640876,81.20881449956435,130.96354656875525,60.02059253944393,86.62582995400477,123.87048039120558
