time,s1,s2,s3,s4,s5,s6
0.0,20.493297498031264,-4.497810291398849,19.59499726262633,36.834873369635964,27.221394930431426,15.169588604242396
1.0,57.64758776008936,80.42941848876562,137.52622284965824,69.12146168127478,81.00507868576388,117.99741696705622
