time,s1,s2,s3,s4,s5,s6
0.0,31.160184454738783,3.601648294831641,28.45704831572676,11.583090893679543,17.53743595309665,30.51633088427051
1.0,45.50687033926998,85.39934811507777,104.1317200965946,66.63035912986294,75.38255518155168,109.71295126648653
