time,s1,s2,s3,s4,s5,s6
0.0,14.964058283715655,18.12574094117707,42.54988948990223,3.5516863908835,19.07125823732205,7.828949847663093
1.0,48.75086674348755,95.15128419362927,117.77005095559922,64.6789656296977,104.45568201675304,116.63621619971164
