time,s1,s2,s3,s4,s5,s6
0.0,29.458477235111438,11.451275272501757,42.03614009961272,38.71924322922336,26.853945627862558,24.691780291360622
1.0,48.226127792309086,89.7999083624401,130.98894440218217,69.53078854956975,81.57083742424577,104.69664242776007
