time,s1,s2,s3,s4,s5,s6
0.0,14.022390556575418,35.474519353607256,15.323906665319864,31.910702961251072,20.003046270963516,20.069844330741176
1.0,49.71780586376247,93.94992493761391,128.70040286220353,54.9123568255666,95.51636721378597,111.70844535886428
