time,s1,s2,s3,s4,s5,s6
0.0,29.618448520335043,18.23037415623498,29.910698745797223,21.49115325109362,25.931822534033007,16.511224944283903
1.0,43.923824112842,86.63317609955854,97.39692134900974,56.16804868432211,85.71459769721329,123.82918916438182
