time,s1,s2,s3,s4,s5,s6
0.0,18.35761955838318,21.47324195626969,9.991659532053546,16.524922906962793,23.699670287133845,21.144865165848373
1.0,55.66291803626047,97.59456523913454,133.7612826257736,62.94496177459399,101.58194075599457,113.3071075210494
