time,s1,s2,s3,s4,s5,s6
0.0,14.128621135778026,9.458624563476594,16.788357082527384,26.553858596532866,16.91244388969557,22.18118143582084
1.0,42.23800371195007,87.19447238525304,128.4767142746831,55.27375785049592,77.26381523369912,119.83471435499413
