time,s1,s2,s3,s4,s5,s6
0.0,13.917600961689244,28.898608292270445,-7.971455043017151,11.495601290418726,33.489830447718106,12.378507409118578
1.0,55.12905321539568,89.46743255975989,108.93360712974291,75.44775157771653,88.85110968951508,120.66469034093403
