time,s1,s2,s3,s4,s5,s6
0.0,15.438966910743947,27.474751527967676,8.377874681006395,20.367604170933134,33.39995972927626,16.490565472189584
1.0,56.696718225816774,84.78330560116052,126.15825927355894,70.74592213903455,82.29943957954917,124.12139034343011
