time,s1,s2,s3,s4,s5,s6
0.0,-7.6178739850666375,23.157105332295124,28.5241712266588,18.00523882964386,19.261238941479228,1.233394801967222
1.0,70.78920034366092,106.01129499712897,130.5434538294931,69.08416147455094,73.767505111041,118.36474763148493
