time,s1,s2,s3,s4,s5,s6
0.0,11.166015263030411,34.579216782541394,13.421193112769295,22.82852596486702,23.524897483074124,30.822215404820064
1.0,56.995809528394,73.997118788875,133.11818557562776,46.493978815951316,88.37411645426815,127.8464570466358
