time,s1,s2,s3,s4,s5,s6
0.0,25.190757884507832,25.182366132362482,15.281730065859538,-3.562423357758906,20.314243909057623,24.911791978270237
1.0,51.51500516981655,93.61011576876601,115.86081126424475,58.88519054189932,89.65448245476892,112.52940785725416
