time,s1,s2,s3,s4,s5,s6
0.0,11.75661585970978,19.300140592970404,24.53868360589539,29.23989860794284,14.827152741013535,19.186214719677753
1.0,75.26682299183844,104.90337696320462,106.1166192831245,63.47268691518546,84.89225419339337,117.3316437915819
