time,s1,s2,s3,s4,s5,s6
0.0,7.994178090135096,20.42824170107528,-0.11685180310563936,-0.3377551724632504,6.1741101770184486,9.833985468737206
1.0,58.49423232984145,91.27465633481937,121.71391447908651,37.671428611728956,70.99180207604579,118.77725873664303
