time,s1,s2,s3,s4,s5,s6
0.0,12.180749132155238,4.908102132794383,30.34526730634481,32.472227444505045,14.297632941081714,13.628424757919294
1.0,40.30018124602047,83.65674195409599,136.5691166570229,62.70063744185303,71.96719626545953,122.90428993535629
