time,s1,s2,s3,s4,s5,s6
0.0,17.997819924344103,27.464463389933126,12.355473352110565,9.122590546165586,19.603184538680562,-1.2699743080269457
1.0,65.925253933889,86.08213613545404,129.7557567132521,65.12646714930611,88.98728393103973,110.28943692500958
