time,s1,s2,s3,s4,s5,s6
0.0,30.901538386466093,21.372689027333514,31.651409999715874,16.351042875606925,22.731121105711363,25.022721155794986
1.0,62.95675382109338,88.7764423151387,122.96325242574882,60.33233703241878,90.79200749360947,111.37154512463894
