time,s1,s2,s3,s4,s5,s6
0.0,8.22574892690606,10.97094076211418,33.360577874672856,21.56431594907394,13.966644758115333,14.011197535161624
1.0,38.208855828420205,77.06994357461583,132.46462110226318,45.142277135211614,92.47679603131024,121.88348667911372
