time,s1,s2,s3,s4,s5,s6
0.0,20.754947536621273,12.858363216423818,7.012335331491643,36.22264606265772,26.5272323926133,24.563769041733963
1.0,43.82452952472082,105.28820191921152,116.91303400187118,51.454778788034425,96.02953312663323,115.44653022251144
