time,s1,s2,s3,s4,s5,s6
0.0,21.634478321940193,26.53408883330995,24.39015065373195,18.130424479550513,2.992917104739089,10.077342542877556
1.0,39.08135385516982,91.0508379472663,139.03967323508982,55.637721754031574,94.90619955834916,115.03822571320882
