time,s1,s2,s3,s4,s5,s6
0.0,26.53940625597449,24.92371172166548,19.623344228897302,8.353588129672096,18.73481540354814,23.653369562717515
1.0,45.60527542103735,90.78980326535992,114.95579149765666,53.80867849752764,72.51611761380849,96.2846405294901
