time,s1,s2,s3,s4,s5,s6
0.0,21.733289760830544,32.722645832031844,18.74877033278425,15.353885097325296,29.440747396737358,27.01954534973056
1.0,53.33132134735913,79.54965413708112,119.89269785070671,51.835210484418646,91.33143849983794,133.1100432190028
