time,s1,s2,s3,s4,s5,s6
0.0,15.925539990343966,23.446396121225177,24.216410436901455,3.6744425114711454,22.324763952834214,10.72353283764213
1.0,40.57875553155605,86.3797502823151,115.39835941357659,55.37503972542688,89.37130078497643,121.74495733166583
