time,s1,s2,s3,s4,s5,s6
0.0,3.155774482463599,22.325894827140477,16.28587242377015,42.12316715107209,21.994744100741258,31.382464125658167
1.0,70.64855968118535,96.59883522840384,132.36352670998008,45.95615764445063,78.49555368449391,130.32720158962937
