time,s1,s2,s3,s4,s5,s6
0.0,27.209846752309513,16.174962958249882,14.94586921415409,29.261590904766567,7.932693666662114,30.618406366306292
1.0,72.15041270003688,74.84870060573132,120.05228407783723,79.14532633684254,95.65282043730394,139.51478154896364
