time,s1,s2,s3,s4,s5,s6
0.0,38.40261834594826,7.255474642890395,27.239010428732136,8.528333399798049,26.73320746711653,31.529390415924397
1.0,61.5892459556737,98.84001494623648,103.22691833355765,58.98389175170143,99.63077498140999,114.53026513919069
