time,s1,s2,s3,s4,s5,s6
0.0,26.935416500056157,15.230279751400868,8.645276968208936,26.51111886131304,19.849865393003764,24.13615414563526
1.0,56.41037286191501,89.91307379756044,111.63918817380207,66.94221257684009,90.1902880276499,149.41966616510015
