time,s1,s2,s3,s4,s5,s6
0.0,13.733976017977925,16.23209443303811,15.245630624796243,24.419502559438598,20.463542496570543,13.569271148469168
1.0,63.958197663679734,105.98434199724076,130.27674662857552,78.87333373404218,81.74858077532487,111.72018743386653
