time,s1,s2,s3,s4,s5,s6
0.0,15.18400111727665,47.98360286539867,15.031731221846336,25.807390637997017,13.983828291716861,12.251831506723214
1.0,47.28426401725422,80.80614148262643,108.90083144009836,50.686005751736694,79.87730988337567,123.5727626680112
