time,s1,s2,s3,s4,s5,s6
0.0,33.8088477826154,4.676820323009725,20.10105807605569,17.122811594002197,3.424839008147206,25.826335715189483
1.0,52.209603632062,85.3448685555642,130.29454981275933,44.87299438546498,83.46954648033918,119.35386842092008
