time,s1,s2,s3,s4,s5,s6
0.0,17.130194225052385,24.442582598402623,35.98130962634421,23.60970478101873,32.32507779584127,29.39811458163119
1.0,52.605690090166064,84.00009769352039,120.21609892848052,55.355183216217476,105.03842578632691,114.58025708662278
