time,s1,s2,s3,s4,s5,s6
0.0,17.49771054413198,41.07368105185448,27.7051011163039,15.497598940016024,12.247447614878077,9.478201271051883
1.0,73.75430277048883,84.50644059730567,136.87052956517925,41.919609188270975,70.50919536550106,126.21691877246852
