time,s1,s2,s3,s4,s5,s6
0.0,11.225511209207937,7.88353091231469,22.38000980915829,32.5299611146821,23.12667733446788,13.779727848848422
1.0,52.10759696250873,78.0476333776193,109.0724829515296,43.11148725082502,89.26053485288851,128.70496766249906
