time,s1,s2,s3,s4,s5,s6
0.0,30.15564807152622,9.845961459179698,16.409250392766374,29.605931835539803,40.3285894284366,28.671960512146043
1.0,70.42531185356351,92.29932830030012,111.93476014337833,53.56125843379954,75.37986216565739,122.59942130473772
