time,s1,s2,s3,s4,s5,s6
0.0,18.482133706171577,28.0207334146284,36.71829981044899,29.21045437733005,32.893072588329126,32.922609797464666
1.0,52.60751461464039,95.81906576437946,123.18147350430321,50.46226191308145,85.77125665702577,136.59273555364123
