time,s1,s2,s3,s4,s5,s6
0.0,12.398921447214398,18.87637990404744,18.442927664143998,28.45151658026232,34.38581201796634,21.286293628748375
1.0,78.44770811161852,93.93297675365444,127.69147816850011,81.64037907098793,91.58897395488023,117.68251640411268
