time,s1,s2,s3,s4,s5,s6
0.0,-0.04450227722337985,29.614195132518105,29.700535037598655,13.768334471272702,11.05267819141147,15.771578595409078
1.0,64.32528014539311,83.02762435869045,141.85456232603886,71.6188563125494,96.27266447718743,136.61028164092252
