time,s1,s2,s3,s4,s5,s6
0.0,23.832103058079976,16.140391729981673,25.254427572944678,20.406305329079338,5.936516301693111,18.949450785881613
1.0,42.50662158702711,80.01007355191601,122.48052348649605,47.19352894467169,67.03335052715329,122.36882022413259
