time,s1,s2,s3,s4,s5,s6
0.0,17.982093460996857,32.372858679723876,16.403662755862207,4.899348013745467,22.401585831848095,13.003771895709217
1.0,54.152169490199775,87.49108141000377,114.51963461753765,47.43327001893039,72.20916378272207,128.29232929954725
