time,s1,s2,s3,s4,s5,s6
0.0,8.411638878048143,1.9669532901247457,18.05035135272511,20.17609273594533,14.667465154130129,24.42196696186335
1.0,66.15496629326285,84.69655815450966,124.58985333943298,54.0849503463765,73.74871231305671,104.71060720951107
