time,s1,s2,s3,s4,s5,s6
0.0,26.57688481262109,20.25470683057187,7.426798815019511,26.095875743172417,25.06895315872184,26.977840886825437
1.0,54.63744582608629,97.47431133855011,126.88457354433515,66.97762281887125,91.48473519569066,121.71160038075179
