time,s1,s2,s3,s4,s5,s6
0.0,22.048204045940924,30.33161913124246,14.721388130503055,20.556772916625675,21.759662428280503,17.436419276601374
1.0,72.43882635360868,80.63290980031024,110.4056814267371,77.54332487003134,81.06766195138104,128.97255779276645
