time,s1,s2,s3,s4,s5,s6
0.0,35.68101915943978,13.95304824673154,21.807939256261918,27.738654927706712,20.87820297612554,25.77350738619649
1.0,58.490828072062946,86.73194950163703,130.49059462845324,62.772358395787975,78.72812651133609,120.70762313800776
