time,s1,s2,s3,s4,s5,s6
0.0,23.339534333343043,10.993561181864424,21.159515237646296,30.526312854626575,25.708125039483047,16.5819695971055
1.0,75.08444678011145,92.00044676281686,126.31932591198479,53.11837372404355,82.30894142799349,128.08855003118043
