time,s1,s2,s3,s4,s5,s6
0.0,-1.4720975254642354,28.36313684045549,12.536933479227548,28.82235112075814,16.064089770824552,24.91790640740906
1.0,69.55236316951775,107.10097785124182,122.59418465501932,62.09383808778814,78.92184966937823,133.88813989900405
