time,s1,s2,s3,s4,s5,s6
0.0,29.53682281072287,27.306016131683776,24.777959191468504,30.383054443923967,17.15206958089417,23.350353271016278
1.0,59.8906597732968,81.8752093857476,112.68090154403163,46.355028280551885,80.85755816083743,121.52237684932918
