time,s1,s2,s3,s4,s5,s6
0.0,18.758799275188544,16.15425217600357,33.22548821611572,11.228581349648776,37.1225742799953,13.147497155619428
1.0,48.67079965619382,91.86796133523474,130.24755213582307,52.20913479130022,88.61640093935611,127.29518573100206
