time,s1,s2,s3,s4,s5,s6
0.0,19.477956043012085,18.835177588724925,30.664061980876742,18.169877185328442,16.649782095474123,30.57937052716887
1.0,57.654805701874125,95.89420978888484,102.37680473740836,72.34634484934382,87.55805763932383,108.34288735209809
