time,s1,s2,s3,s4,s5,s6
0.0,9.284091234517645,36.22323868540526,25.44334578102756,2.4949302173902446,43.993084413691584,11.808421139636227
1.0,60.44536949518109,85.11249032487271,114.2938968785675,62.671264497875015,87.86590225193697,113.9633363112991
