time,s1,s2,s3,s4,s5,s6
0.0,3.200907058532181,15.039508596960083,28.439638184651084,21.583183741142776,9.620318763251294,30.433584271638026
1.0,52.151162737313015,98.49710981872465,128.4570015125833,51.83951515041867,98.7224674793156,115.91304169197949
