time,s1,s2,s3,s4,s5,s6
0.0,23.418268715545768,12.260695074530972,4.898235631532534,21.546274411346356,21.03195941827644,29.84299913154348
1.0,49.31223481663861,68.61540592449266,118.98461135275977,65.85016100356492,89.88255595295523,117.02424186285826
