time,s1,s2,s3,s4,s5,s6
0.0,16.29790999551858,18.12581141332236,17.61013675115509,20.366833989952738,15.486237225940926,16.887659609870045
1.0,60.82726941614964,90.4159888375145,146.09671389614712,52.1749876240755,87.16090374356533,111.2869288729122
