time,s1,s2,s3,s4,s5,s6
0.0,14.624319042287379,14.152613828940101,32.5809124143409,20.834280679130913,20.270214528564395,29.10465349814429
1.0,55.940249179539215,92.99944352776424,110.69602538021908,48.60316293744299,82.56775483570271,132.81825692254353
