time,s1,s2,s3,s4,s5,s6
0.0,5.99516023078902,7.855795002731982,21.103674749164853,17.3941650364892,24.11393455918771,20.702571680542462
1.0,47.54164812561919,106.01028359771215,125.56767723634707,48.16445295960861,88.02371176660968,110.7464012234282
