time,s1,s2,s3,s4,s5,s6
0.0,23.446980704071105,12.630881896149305,16.697550220873495,26.435561912921926,23.967620617011324,19.403046187303815
1.0,74.07340084929218,90.65479798965976,113.94153292222346,48.727783528271885,97.67108918547854,125.59133446647004
