time,s1,s2,s3,s4,s5,s6
0.0,28.817536056003448,33.36384895832773,28.249843106712376,30.529457318435238,3.837152790055317,3.2419946178796657
1.0,52.29100133681502,84.89979758598061,123.59396397327909,55.926632177676765,87.38402453073083,136.92440387954088
