time,s1,s2,s3,s4,s5,s6
0.0,9.74856099932662,26.247727708343632,24.91599613916676,33.216503438560196,19.883724304427442,12.860991319560096
1.0,60.714067832563,91.23244191433623,121.14960407929637,76.21607103347444,90.95431936979631,112.1121816564055
