time,s1,s2,s3,s4,s5,s6
0.0,20.08416640115544,21.835437588676076,23.6152363295726,16.91263011961295,25.258569948944675,14.706796861784593
1.0,58.95820617236262,74.67744851685826,129.29042962703474,43.634128667203065,96.97776648675875,127.25027437561904
