time,s1,s2,s3,s4,s5,s6
0.0,29.15889523684912,15.35522963883939,5.541904547319463,36.95604251986808,38.44473953359653,18.750908543911223
1.0,53.321068750756226,101.09593757412539,124.91116942183882,63.133763596067666,88.23427837956166,116.42795231626596
