time,s1,s2,s3,s4,s5,s6
0.0,5.864621257976463,24.36890222787369,24.66545119712294,13.895051710096025,27.940800676871643,26.561776868515445
1.0,69.6546371212737,96.57094481584583,112.11581684247936,39.34688320740521,77.98723750860827,130.21780674789196
