time,s1,s2,s3,s4,s5,s6
0.0,22.976236261663168,25.45903309995328,22.65069860642363,25.263185465027462,37.85142139516756,22.336113326598195
1.0,68.13015432503072,83.99321665065224,129.401680553539,54.22857313167268,85.39540584614882,117.299509721982
