time,s1,s2,s3,s4,s5,s6
0.0,8.372168478997866,18.127184337656658,18.787041951450433,33.06873908400675,24.10438888916569,17.448901007512752
1.0,67.0999784499739,77.24045252766419,144.63368763139448,47.32494245162906,67.27678408048676,125.51349853405875
