time,s1,s2,s3,s4,s5,s6
0.0,39.565181759381474,20.439295630295582,9.537762535118862,20.781610561080896,9.02067819788865,11.033583736211398
1.0,58.3448546064755,91.59161783146881,123.92425202891596,54.015875982056215,71.10798016102018,113.34987128980691
