time,s1,s2,s3,s4,s5,s6
0.0,20.271460417436995,23.289748789370417,18.108249835655403,7.666505052481673,14.091551723585093,24.870680036844373
1.0,48.65425548592993,90.52115818028736,126.4435843221769,57.937823878686324,119.72304193348131,118.0875913296075
