time,s1,s2,s3,s4,s5,s6
0.0,39.355512722523116,18.08851379409451,4.916855322821618,5.859509594543994,11.482317580091763,20.650050457480734
1.0,45.18222074694529,41.682282237355516,121.93752838021166,81.30777221397216,92.55323668392646,129.39292885741017
