time,s1,s2,s3,s4,s5,s6
0.0,25.119514893245665,32.41358252778416,10.233386086818403,23.70133651090523,23.62700186243877,28.910926758709405
1.0,62.08850727292682,85.06420018128681,123.92318558552871,32.33428118823448,102.4059683109409,118.04389006168259
