time,s1,s2,s3,s4,s5,s6
0.0,23.387552414243167,27.28328265524526,25.012918323955503,26.125945151479513,11.446732048678577,15.787165944930123
1.0,56.20524690110257,68.42241041645799,133.947374242604,56.88608150026559,81.17666793337835,136.47390072308596
