time,s1,s2,s3,s4,s5,s6
0.0,28.167978437051374,28.20170338484468,3.8606053210786975,24.912387136933084,12.689563913950147,17.94161890388963
1.0,70.42908012810172,77.9966210113237,104.46037162820012,55.309359987633236,90.51256722630266,130.08830098466507
