time,s1,s2,s3,s4,s5,s6
0.0,-3.8169704699396654,21.90922263893769,0.571411642844236,2.6640794847262264,12.081355804516619,9.085175214692834
1.0,80.51402767909819,103.30103327603688,122.40720720573252,52.83446607952814,95.69793384664844,142.00579438917475
