time,s1,s2,s3,s4,s5,s6
0.0,33.2355521199335,34.8404191777525,29.915415619062813,12.318611672776886,19.5274370770287,16.061318587994904
1.0,65.82577957491709,91.73447980939933,129.67406015685523,62.055626150574994,83.19746134630154,132.6975578823346
