time,s1,s2,s3,s4,s5,s6
0.0,18.067826419594578,10.248225384944854,12.610303978414107,13.646703723252497,16.16380510384957,10.853490981213055
1.0,56.76895416632484,86.4084938771594,113.17610750536998,47.302775654507535,99.67970907573334,127.29308387550456
