time,s1,s2,s3,s4,s5,s6
0.0,12.914487042521625,16.91365031395683,3.9698878019352044,25.16260678134957,4.498133920549785,7.160911896560542
1.0,51.91826361353169,91.58966641770687,120.63578232035853,61.73215066452823,92.21766337486027,122.63854402922442
