time,s1,s2,s3,s4,s5,s6
0.0,39.85306980059025,27.35240895565524,24.315450244008314,16.6194111831628,32.582042840909146,15.182451231903007
1.0,58.050535270460486,89.54118026916368,132.60869777872233,64.94483961211523,83.1340610727693,104.90599663907992
