time,s1,s2,s3,s4,s5,s6
0.0,33.59352566434936,8.516097517338316,11.96308141340609,25.807520819240665,44.90655818596566,10.552296537790854
1.0,47.674067318380956,80.0688200109456,106.36875817463314,53.68733123197132,113.82453798902537,123.85455516611312
