time,s1,s2,s3,s4,s5,s6
0.0,35.64778156112269,11.25405993621343,15.40746076794502,21.26533992305557,24.993150274661158,30.094118806609536
1.0,58.01058268690099,98.12507123975023,121.04009456553318,60.895121938553224,89.98931636995489,117.53197743213846
