time,s1,s2,s3,s4,s5,s6
0.0,16.76795994376496,9.818807779104766,39.956222901300336,43.52649250351231,11.626688886701276,10.842048793449772
1.0,54.85410237999483,90.56196408754144,134.59490619283886,69.38310344602674,83.5797101843175,100.88296352520629
