time,s1,s2,s3,s4,s5,s6
0.0,26.346258755173952,13.800989688966254,21.882760840268176,15.262842398053218,20.300835380140207,16.12793694706912
1.0,60.762173408127936,114.03027791037815,115.11830075553775,60.48363830028921,86.63474363622113,117.88663601182193
