time,s1,s2,s3,s4,s5,s6
0.0,7.696448396342957,12.092762679423501,38.202889844016724,46.110977968584386,12.585206497526757,33.10975693211785
1.0,52.23028941086139,101.07179630663664,119.24380580685279,54.767028906637414,84.85209896978715,151.81162879618003
