time,s1,s2,s3,s4,s5,s6
0.0,24.671717647768286,16.93061965745533,22.009759850888372,13.309004169618,7.372591539012561,20.87075045208052
1.0,58.327153108552736,97.45714349217528,133.19755069594217,54.38246434564875,97.53711999608669,136.39135238528425
