time,s1,s2,s3,s4,s5,s6
0.0,8.820035366757839,18.035578332419554,16.958571054606523,-1.4802470760048365,-1.1423616191566666,26.069903065536273
1.0,52.59764071977949,99.57866601934705,102.37298493759397,62.83207642020267,114.24723749640515,129.15739648490117
