time,s1,s2,s3,s4,s5,s6
0.0,6.449073772971811,21.764162345274723,27.134829883239064,28.06548438633224,7.526486134521237,18.266654679067408
1.0,61.13367948108685,75.43792936383547,135.51181494510496,62.29304558906639,71.76474112224669,97.87228287544124
