time,s1,s2,s3,s4,s5,s6
0.0,21.864446508366196,32.37684447841042,19.80707566940836,24.35623993465385,34.49624265981774,20.469069951775516
1.0,56.15244903341954,104.96939365054511,121.53383975337111,57.50712007796669,94.5709417101173,118.62097436369208
