time,s1,s2,s3,s4,s5,s6
0.0,4.949630765567839,18.3164177930608,17.67506688215206,19.234190580921066,12.03600247587459,32.68152840510639
1.0,59.75415321562871,94.56537784444156,104.65910525368366,56.03254421752264,107.55393249935626,124.50353102145908
