time,s1,s2,s3,s4,s5,s6
0.0,31.13930973660823,35.599242071022616,8.92576649520781,11.66396296464456,21.219979032686865,14.964998261482028
1.0,56.909175787504196,94.0942826682745,123.0426307461687,54.345184116623436,96.6682221028315,110.35541543620361
