time,s1,s2,s3,s4,s5,s6
0.0,20.12025744023889,17.13611022919683,31.432728715921456,23.99677413649134,8.67866216698525,23.144304579888217
1.0,77.47258573057036,82.15971762385712,108.8462752609841,53.54515682126086,87.67631492025936,135.49221729625515
