time,s1,s2,s3,s4,s5,s6
0.0,22.181055508113893,20.20416092366225,15.117633674365587,17.92966347634247,20.679467207309262,5.946612078457925
1.0,54.002243572429315,80.42527141707392,126.99217395130337,54.01063252250348,90.5955765225985,131.8834270848736
