time,s1,s2,s3,s4,s5,s6
0.0,29.226581153389397,18.459439175555353,12.528899688145113,5.625734488541191,26.55307085786057,11.64939574732225
1.0,58.47715354395832,81.65220629340386,115.22585836076277,72.86403331380416,72.12856741983727,147.21979713444793
