time,s1,s2,s3,s4,s5,s6
0.0,32.32517192827952,9.083407329633184,15.376323519412168,18.83738221992177,50.936234124890646,22.63875848460938
1.0,51.2404037255557,81.76329021352731,114.31815803455197,64.52024368909902,88.03902212221854,115.02811174113131
