time,s1,s2,s3,s4,s5,s6
0.0,21.443466850549644,33.18412671150728,27.588239814275575,36.36882910322305,39.91309029363729,30.472599137531287
1.0,66.30695567356821,86.79004765949713,139.08366197632103,66.91506130580305,83.3444199249624,121.34607005589963
