time,s1,s2,s3,s4,s5,s6
0.0,18.922098183119267,20.751420011345516,28.375397128119133,16.160269941220378,15.822493575336258,37.490407074794454
1.0,62.692546299173685,97.38316284125126,117.71453635911206,54.73801095817104,81.67213202096221,126.88558816663418
