time,s1,s2,s3,s4,s5,s6
0.0,19.151548293255146,10.74793715462549,17.53423933004027,17.391469302801966,30.431495496699696,20.217552027242775
1.0,54.74630496193396,98.67501431234129,118.24937678718196,61.84119204180039,94.02165090805812,105.69228587510356
