time,s1,s2,s3,s4,s5,s6
0.0,6.429685687947902,7.579977580580062,10.529127482455431,29.46909733507009,27.246415236755208,43.288150903465535
1.0,62.35196094253509,85.31368045578995,137.31453441952928,56.381015349908246,104.3116252009149,123.73166537275621
