time,s1,s2,s3,s4,s5,s6
0.0,27.588148005152398,17.57923954955489,22.361901189798342,21.267634450489776,34.73696102979608,21.40579029615118
1.0,56.74444370438299,96.83604536213231,114.07312499522205,59.861057287268,89.30763550431531,123.3639687648559
