time,s1,s2,s3,s4,s5,s6
0.0,28.274175401933967,11.052541760408735,30.665422142855896,18.398204085331116,20.507286011131868,18.27488278317887
1.0,50.541218422142215,107.36762009398237,117.54679400576958,49.002200287373526,85.67813032508134,137.869491407116
