time,s1,s2,s3,s4,s5,s6
0.0,9.566037650239691,17.392274592139728,5.421348014439403,10.509704964014155,6.334083287701747,12.831740516582688
1.0,54.33708568271763,105.22339832797925,112.4649270019904,54.305249573743346,84.67119455646966,126.33218389435008
