time,s1,s2,s3,s4,s5,s6
0.0,5.362320554995993,29.613608233521376,30.537806094751513,32.80109863664112,0.31075508982224065,21.200119333044913
1.0,40.97896932041698,104.99248865862276,114.61652357974091,59.59858192135024,104.69301960380149,118.0834408953234
