time,s1,s2,s3,s4,s5,s6
0.0,25.296765134081035,16.847098732497475,28.185544182688595,10.884528078350437,1.839520438041756,23.41325748206776
1.0,54.06870058435866,96.31487483628581,129.88720894840836,45.86748876058155,99.21224517914013,112.73435772680816
