time,s1,s2,s3,s4,s5,s6
0.0,39.69207188164697,41.96557639618513,2.3874941135421146,28.365576013702395,31.099543150984836,29.37896394458855
1.0,54.21541676380867,81.69595203951455,111.82099330965761,54.345290285018,102.45531336445727,106.79418001039532
