time,s1,s2,s3,s4,s5,s6
0.0,35.656390274709935,32.02439797199956,25.118065588073577,28.760985331720306,21.477833275611168,26.972867818183474
1.0,71.26430458666314,84.93127002368674,121.03538246861369,72.11985988390575,92.55791335008813,114.37600117096537
