time,s1,s2,s3,s4,s5,s6
0.0,30.274141099488965,23.222006582214554,9.22287716095867,21.27913465151758,13.452108457799012,15.385333654979757
1.0,51.499159500060294,99.21484865477035,119.2781708956572,72.025889746924,83.75632827221925,114.84272364938708
