time,s1,s2,s3,s4,s5,s6
0.0,31.487468126973248,16.920081052759524,-1.446579102880353,24.270967497262838,21.121471284281466,30.670434787420596
1.0,57.2798525252437,82.67371422787717,124.82083141954318,56.23517334241175,95.31805938824552,124.72323721681839
