time,s1,s2,s3,s4,s5,s6
0.0,20.74150820704672,31.376363317222616,1.1795575665900593,17.266711430263744,21.62983690417279,42.873681115557034
1.0,71.71500148108485,86.23851467766936,112.41225542385789,65.97476416029697,103.00373018892384,133.36492140724354
