time,s1,s2,s3,s4,s5,s6
0.0,34.870415865090735,26.957782130894323,27.071909939336102,14.933905140263656,13.919097607340216,7.2960179122926085
1.0,59.48188998458395,96.11807466652188,131.08125532354254,52.7739387523673,107.23271567073161,131.85397219064384
