time,s1,s2,s3,s4,s5,s6
0.0,28.288902747517717,6.22698867241021,14.99813714191724,21.77912818527459,12.865728688787955,15.62372410847422
1.0,52.303250166795394,100.92021924448993,117.69732488015153,72.52512141658806,82.52758778512148,131.17267960909527
