time,s1,s2,s3,s4,s5,s6
0.0,28.17740733121174,3.8659417715870106,21.54451118427406,11.449166478709596,14.702312142977547,2.919724156372194
1.0,60.938016787754016,93.6133466382098,140.01591187017263,68.89372206348725,84.51259609148835,114.64340150321158
