time,s1,s2,s3,s4,s5,s6
0.0,17.064545318225385,5.5619589758236785,12.231149510045086,15.818868237596686,9.78112094542559,26.100075309805526
1.0,55.26145354450112,95.91613731723018,108.64533368370468,53.88611029934426,76.62065829612455,106.32211589746888
