time,s1,s2,s3,s4,s5,s6
0.0,27.505023278824233,21.125117882039707,22.9561926859437,6.618000504052878,34.83046634897457,28.96072463421956
1.0,51.10870531773676,91.75654390220467,135.69111176691158,60.777041611404925,80.93223365487533,124.04182774596629
