time,s1,s2,s3,s4,s5,s6
0.0,36.90605834421979,34.8477092583569,18.820054184416474,15.642634518366979,33.81003582849407,-5.881855030498091
1.0,48.73020586706841,83.18432523902804,111.59184120982039,71.18685027987519,87.54393221645857,132.3659814009061
