time,s1,s2,s3,s4,s5,s6
0.0,19.396406796058002,26.44076561435694,21.69098890242827,15.465255331430082,0.36768674554091874,4.334873144254738
1.0,46.80862924505372,92.58622371563146,120.53983959189868,59.179680892610364,83.00120202172398,113.9937259153897
