time,s1,s2,s3,s4,s5,s6
0.0,8.935487396897521,9.976037311897963,7.817502603423554,12.70442866021917,11.21178781641826,17.154100268987314
1.0,42.00913769405599,90.53407006145324,119.9823245258396,47.90579411664779,97.42294712116802,111.99447731551865
