time,s1,s2,s3,s4,s5,s6
0.0,16.942832108021257,11.112035748549049,20.931084536816048,28.191742369848413,27.113497460401227,23.66968980661335
1.0,45.82677622725453,86.95248618641807,124.24983537007648,71.14852206779722,80.88485221697971,124.27262638653337
