time,s1,s2,s3,s4,s5,s6
0.0,28.04835443589294,20.661763317154698,29.814453616896316,14.58035254334885,25.010356141299944,36.63641747770234
1.0,31.46409413273349,79.82172430822727,133.67881698864431,47.76996350981467,81.14781716448678,124.34415403138216
