time,s1,s2,s3,s4,s5,s6
0.0,-1.5347383924646323,15.55682156444427,19.92489923852008,13.564230149515812,27.836019874654724,28.54788793106949
1.0,73.92276234975702,83.04330575603171,107.51436474081551,43.41506653785109,114.79998964895924,142.65696094322027
