time,s1,s2,s3,s4,s5,s6
0.0,28.777585981143915,34.85043148888736,18.648779766486165,5.354591472511444,16.661504694561273,30.219187101702744
1.0,57.381444622322476,94.31447331306154,120.3395941294586,67.31197278484476,84.56295374791493,118.13773746037418
