time,s1,s2,s3,s4,s5,s6
0.0,26.96238694406079,32.668633779058396,3.7806709941585446,28.826828019733238,17.692800910031792,29.587543277280858
1.0,54.8223107238138,82.51783045735178,127.24403629361537,51.39381784780833,94.20946323544825,113.35672007028195
