time,s1,s2,s3,s4,s5,s6
0.0,17.987595097533138,22.639566288995482,7.226648553402558,15.152791573509292,43.5971554599771,12.270908581364996
1.0,54.85375324768162,79.73330030066329,115.53886554757203,62.98239586674393,73.97181127949702,120.97866914542477
