time,s1,s2,s3,s4,s5,s6
0.0,37.66807138947418,15.331741859635503,15.246679337138245,16.9344468249412,23.589373871540296,16.441020150160536
1.0,60.31301213117291,100.45231268252414,119.48278430057856,50.320910581918355,78.58009470328635,121.76746368887963
