time,s1,s2,s3,s4,s5,s6
0.0,21.18381915071061,24.10779127586122,10.655568392382461,21.183548151709473,14.435420533940153,13.651457210613604
1.0,59.323573606760405,85.10284077529687,114.27681796914341,52.07219669167788,68.02186747935173,134.50832210419946
