time,s1,s2,s3,s4,s5,s6
0.0,3.2830946309140856,9.436144812743434,22.614257651143475,32.4322135546848,26.623835391767074,44.8665970202476
1.0,56.622572840781444,96.40380890356789,123.65703500705368,49.55600084452385,93.9580305367617,112.908791463018
