time,s1,s2,s3,s4,s5,s6
0.0,-8.826311110682099,23.435037794941387,10.819563616332003,20.03973844830666,20.316950803698596,14.898315879448166
1.0,51.85807202209708,93.79703654695187,103.36411352334186,48.571061869269556,87.655914985088,112.3430130848234
