time,s1,s2,s3,s4,s5,s6
0.0,26.284833404688595,23.014140473049082,0.5645966276493262,10.04083545320721,24.859197697530423,8.849824517031742
1.0,41.108781369678155,82.8700003535666,111.35171956113179,57.83281875106823,85.11377440052738,114.13794681943672
