time,s1,s2,s3,s4,s5,s6
0.0,12.111796599860499,51.99031323636706,7.60075041539395,16.636386465983687,33.4856962050891,20.916702798345018
1.0,54.539960704272495,113.95876836609453,136.3606659084665,53.138251777070145,80.19720737267424,122.62365688202884
