time,s1,s2,s3,s4,s5,s6
0.0,15.655344622025417,26.736217227951613,19.53996336065979,33.411515258662476,24.408886977048603,14.68052798966038
1.0,58.97332973077415,82.60189837714545,129.21604548556405,79.59551942161218,96.85240453971325,128.03733036195615
