time,s1,s2,s3,s4,s5,s6
0.0,14.320338631584637,17.290302990860855,26.34213862823095,33.59623442291941,7.255872680415488,-4.561680879856173
1.0,67.25549047025292,90.55805279451707,120.75989167345212,64.9701311574392,69.20760632336359,146.1005507607897
