time,s1,s2,s3,s4,s5,s6
0.0,12.618798059889558,-9.132925131090587,27.78066834552076,26.09383375479775,12.933799770411564,29.915420353165047
1.0,56.607579274691844,90.2724173624863,121.2663577160635,64.87940673834086,98.3636401700761,135.9750315362989
