time,s1,s2,s3,s4,s5,s6
0.0,19.096345938344744,26.56120097022474,9.57156820898988,29.82667664798607,11.36944046244967,19.185881578983455
1.0,63.80950265196744,100.64513882843876,107.660305417036,45.66140223997367,81.61926243428658,120.76804244887585
