time,s1,s2,s3,s4,s5,s6
0.0,21.70216169591225,19.804561944585988,36.529636609969344,31.703895561828997,32.75885586471212,-1.9608970841632676
1.0,44.59819553831444,107.46576465446003,133.1130057780334,72.21158299059366,85.37235848350211,117.83505362896314
