time,s1,s2,s3,s4,s5,s6
0.0,22.761148018065917,30.322856764196477,19.16472626075528,20.774983957635293,17.185846927726363,42.93141108121836
1.0,43.26084245657894,80.84322737195464,101.57007332726079,54.13387144710917,90.21464449696701,126.0788087089568
