time,s1,s2,s3,s4,s5,s6
0.0,26.30495240648057,13.85159892216156,23.68145617696888,22.812262798281044,37.73276097496078,20.044181717819782
1.0,68.25295203602222,87.28221793207267,124.43566919505724,66.12569513209252,91.1897479447192,124.11782549011694
