time,s1,s2,s3,s4,s5,s6
0.0,21.240237045965802,22.271717373715596,10.39959217346009,21.8893400964195,27.304868409520857,10.39037845222272
1.0,58.1810491356638,83.15063386734212,122.64769910269716,51.79462676323966,83.49509923621571,126.48709285886585
