time,s1,s2,s3,s4,s5,s6
0.0,14.756898995860814,14.929217152292072,-0.13080472469473392,28.478538535012174,31.695153397609033,24.795936265735726
1.0,53.73112606062642,112.00877341452615,131.20780593063134,64.04348799571129,98.25737979100036,132.0089157143919
