time,s1,s2,s3,s4,s5,s6
0.0,17.477000501599406,19.818420200056597,5.329951771828396,3.2622405507451617,13.36991748947597,20.6251786563445
1.0,68.93495067332692,77.14101653267116,124.66787656796649,53.81965693468485,94.43398960150328,113.55601032554452
