time,s1,s2,s3,s4,s5,s6
0.0,9.00559153711393,23.95004925105169,11.541989355303832,34.59422935272771,33.343708591786616,9.429842368244618
1.0,54.322583167880595,87.46937638556327,129.30498348938124,43.662473971819594,85.43962354436958,138.73988883308866
