time,s1,s2,s3,s4,s5,s6
0.0,22.55348638587889,23.80631189114144,23.56441322084191,6.74923735271893,18.269044770061626,21.18669196478886
1.0,70.31973961964133,96.09526698452632,120.09321517353587,63.31969035489866,93.8787275074435,105.678875127505
