time,s1,s2,s3,s4,s5,s6
0.0,26.94463700850743,27.33201577244284,16.260096787309177,7.34031478779875,20.39691515843174,41.49378864058278
1.0,66.62777451066854,103.31421506475466,127.22488378321292,41.46821802036701,97.79436425431246,135.97390635667574
