time,s1,s2,s3,s4,s5,s6
0.0,32.134800541307904,1.8208066066798523,32.19543992046773,19.164349795097134,27.712232805532672,22.310187784846292
1.0,48.357650485595364,78.72094095000502,125.5359718978016,63.8515239723745,88.91930661415046,123.5821237100682
