time,s1,s2,s3,s4,s5,s6
0.0,8.467801853551368,19.573024935509853,16.34815962432283,24.838595651925143,31.729644044554547,4.5327336750140645
1.0,67.89525282042645,89.48186840075444,117.03344127508919,56.721068621733394,95.63029425354843,109.82999474565148
