time,s1,s2,s3,s4,s5,s6
0.0,10.82178580725479,27.618403202886302,28.544967838339183,11.37045281419078,20.39887142798879,18.635231130999983
1.0,57.230830465960565,96.00856021327466,133.70654591494676,70.78174884794461,82.72479057492998,117.43081508778764
