time,s1,s2,s3,s4,s5,s6
0.0,13.427675625159582,18.86578264804747,24.436795970347575,-8.300845784948631,27.2647854963966,18.525943533952248
1.0,48.81948379903263,87.21712100914272,121.44726591402747,46.652543499561745,96.80544260547222,113.1469467064794
