time,s1,s2,s3,s4,s5,s6
0.0,28.86346419964745,7.042290353953192,17.579481424648467,25.98860007096218,15.544560313872406,35.358079496390346
1.0,48.37272942846286,80.57719772831723,136.7559794231058,62.86445961823041,76.61097279266973,133.19007763364024
