time,s1,s2,s3,s4,s5,s6
0.0,19.135296811720387,23.775532411763827,32.2113041997377,34.88041092540438,14.113227351020305,10.47170591248724
1.0,51.20626929256681,89.89899495707137,127.12746727922955,49.83758716991378,100.45847014812358,120.70886181977232
