time,s1,s2,s3,s4,s5,s6
0.0,17.470049014743186,19.479666168442993,24.794120963766815,27.792620135426958,15.0987479428485,17.676897105631394
1.0,55.431260817299645,91.55052949868097,126.19739523839164,70.19381028463451,86.92216113532655,129.8253360949582
