time,s1,s2,s3,s4,s5,s6
0.0,18.46992048920654,28.977800879795502,28.75768347671456,18.385947935319226,14.907745920879636,26.367412245913968
1.0,53.923963236976824,102.91577021195101,128.95626133226645,54.30052585829766,98.32600275529353,129.8258363908162
