time,s1,s2,s3,s4,s5,s6
0.0,28.706947728500275,12.090200776695685,26.120666503342473,10.496517455492933,36.311266210438944,14.041443452816985
1.0,66.19491365408167,79.72628181849043,115.29715310718379,67.2765252680332,109.0383742213074,153.64640255142172
