time,s1,s2,s3,s4,s5,s6
0.0,28.697015472624322,29.30817744453052,2.5892386954974818,-3.5645500863068236,25.973848875743585,0.6502285220612691
1.0,53.96295110870019,88.58080688726285,123.9066447259934,55.01438745610939,97.31156688179483,115.69389152848329
