time,s1,s2,s3,s4,s5,s6
0.0,26.452964664035363,17.974170302888652,26.61947090223621,17.941624996707986,25.564357162870678,31.927553898893102
1.0,58.168346249898576,79.14290224594893,124.44100628262156,60.189914485361115,89.06207791697075,117.85536165821033
