time,s1,s2,s3,s4,s5,s6
0.0,26.19441891400905,19.821091966367362,7.024071297349613,21.92326436076489,20.10874354427465,22.508207549344228
1.0,52.1256619967431,94.99777538417504,130.91028039054547,45.72961317443499,79.45590611152885,139.85001616764254
