time,s1,s2,s3,s4,s5,s6
0.0,17.775569653207512,11.105394369833947,19.775999937213058,39.084079685486024,35.203194859870024,27.645704351759235
1.0,55.24298665057709,85.70915402914986,121.37805933657367,75.90374215075853,107.92626462589362,127.38005922366204
