time,s1,s2,s3,s4,s5,s6
0.0,9.884012129880983,7.202129057515599,5.839729504352276,31.735048142653252,30.75063893148534,12.595256837601658
1.0,72.69230992510056,104.63611733511,130.73221280665288,52.111280919976195,87.4825908080515,117.47971798460777
