time,s1,s2,s3,s4,s5,s6
0.0,16.544460337983125,30.157238427034134,18.266912438577346,26.13410016811505,20.545214188644803,22.44731264199899
1.0,71.79683916840736,84.11205802141224,111.69828671135495,67.42188111152085,101.27483876800449,120.32489871005764
