time,s1,s2,s3,s4,s5,s6
0.0,22.461488453716605,18.961172032982468,17.546665700857083,23.5077060733092,4.079357932592396,20.838321968230083
1.0,54.70110175588654,85.14129865663489,108.14470222293247,45.32222701734758,104.13911178867527,141.53954007482122
