time,s1,s2,s3,s4,s5,s6
0.0,26.180377932753846,18.35056416372639,24.139807288900816,28.453024695187587,13.696539109627214,-3.7070957925898718
1.0,48.68122419144223,80.26755782307019,115.84992636584923,60.5129281203476,86.70810670035992,119.45350351418914
