time,s1,s2,s3,s4,s5,s6
0.0,29.0882776108257,16.906681562230702,14.253178806323952,6.836587059607421,30.619626992197816,8.434150055194774
1.0,56.53518337329243,86.67918082304331,111.41900796252139,46.569863473554385,95.99230002917551,117.8862972072842
