time,s1,s2,s3,s4,s5,s6
0.0,30.6875673386228,17.95065024022991,23.26944612711496,25.27233111083822,34.494753854841534,37.45909166509243
1.0,58.058330056117825,93.35470051219892,135.2741740072868,51.87668263158863,78.59647793025864,125.00006794468707
