time,s1,s2,s3,s4,s5,s6
0.0,24.731986333312047,13.898602184611121,12.351265038321287,14.254669277820053,10.990739175097481,15.461697632887532
1.0,71.77030884207674,79.47051751949004,104.31085100992831,60.04682425394151,88.47568040862727,126.47525138422391
