time,s1,s2,s3,s4,s5,s6
0.0,12.771218376573886,5.151942598726153,19.406005309176944,26.15543307485723,16.710710058742748,10.171409770525976
1.0,62.69430355697763,93.00261789300342,96.3834001577757,53.178250240946966,86.24573022948043,121.63849689256661
