time,s1,s2,s3,s4,s5,s6
0.0,12.246628539757644,12.370582394326089,31.03274302029679,9.909290264947167,4.9263875295261315,8.32133613045684
1.0,70.20119341407134,80.6752170635817,108.69785577549838,66.2300197464666,89.80106335495606,121.13995313590735
