time,s1,s2,s3,s4,s5,s6
0.0,10.813829967771026,19.318865517282177,12.215982072924522,10.960255781294464,11.881430839945907,11.722728787027313
1.0,73.67392238670482,91.59415255794391,130.87229245228644,48.211604122858795,90.79831231627873,110.05233569684768
