time,s1,s2,s3,s4,s5,s6
0.0,14.503461775618582,25.292728368949927,15.419033189116249,20.870811774333617,34.08230807552013,4.994830826763527
1.0,75.06844450032216,102.9986638627237,103.76544732929243,60.47584773945269,91.02016192254713,119.46922556085899
