time,s1,s2,s3,s4,s5,s6
0.0,11.879109299717932,11.125343762147974,43.320133669030355,11.131913914927337,26.59845298655952,19.3770941528439
1.0,68.4633729654244,101.3367454545225,116.24813070442636,61.72960077350052,91.57050418570473,118.5417034546751
