time,s1,s2,s3,s4,s5,s6
0.0,19.322072788430695,5.874451108123758,17.592580864485374,19.305948564074654,-18.090707289617974,21.7509205594175
1.0,53.721974506283985,76.54182464914706,110.3887424603666,51.06074257389203,72.8535900613626,149.58779222388486
