time,s1,s2,s3,s4,s5,s6
0.0,6.529956659711118,25.057975374932404,16.48060328800714,15.752000789930344,10.636873101612602,15.997011610892717
1.0,59.332447508733615,86.597471068914,123.74298282030443,48.96547624061472,90.1542232716659,123.12725589126802
