time,s1,s2,s3,s4,s5,s6
0.0,15.317176727205732,-3.2734422833016907,5.473897354987207,17.253318992787943,16.437409464499645,21.805734161115208
1.0,39.0721309590283,98.62266957387816,123.20087971343192,67.06063719904512,90.08445417338027,108.85222607344481
