time,s1,s2,s3,s4,s5,s6
0.0,38.13797106919854,26.722897891483992,16.336779674936587,23.517464686696496,9.381762459679683,27.656084512047194
1.0,65.68882024264478,81.98150602513847,113.57965852237973,49.3569308446625,100.23813984736385,123.54528007637158
