time,s1,s2,s3,s4,s5,s6
0.0,32.742368904803115,-1.2831707268083932,29.408120251325016,21.18241073550998,12.97536665063971,8.658625446436703
1.0,65.21122266765508,94.39260825696478,138.14955409370535,49.216738219392056,81.96954643453668,127.2986769728924
