time,s1,s2,s3,s4,s5,s6
0.0,-3.0012781785096934,14.511956676893359,17.581815259971783,23.129261950489195,23.210826386999173,24.93103825491451
1.0,54.6703865994372,74.34452181818284,125.37579433436555,67.50155343572557,96.40216688775017,127.01437299667914
