time,s1,s2,s3,s4,s5,s6
0.0,25.044989754216395,21.234932287247652,23.979350760472,6.74266152343597,38.0116498016594,19.666299579860073
1.0,56.20405702273204,80.86159019599614,129.75136921037029,50.64174698338289,93.94962565526984,110.10579851690609
