time,s1,s2,s3,s4,s5,s6
0.0,10.050330923802917,20.50277456540565,12.933378569538295,14.5947401154685,24.431494333003364,20.19197471158597
1.0,57.05284461965916,96.95404893160214,115.03557082148755,57.30456905069018,90.22909994248128,121.5124038901258
