time,s1,s2,s3,s4,s5,s6
0.0,18.04327027475738,12.748566503831684,17.556623167704867,31.366626750816295,28.858494238069923,23.21919728212604
1.0,67.32161845517744,81.21828130713425,122.52164008783171,75.52747398253528,95.51353863417962,114.97132699163652
