time,s1,s2,s3,s4,s5,s6
0.0,17.168430706989255,30.759966386121235,27.94540632693265,23.06796801652416,18.105798612342607,14.772012186173832
1.0,54.103043732460584,83.18576899333681,139.83202996389653,60.04653262253553,84.80985497826423,115.09877530423702
