time,s1,s2,s3,s4,s5,s6
0.0,20.818041378412186,16.58738726045096,20.872791148276978,12.53794534295949,20.42603271872881,4.489711867605234
1.0,50.832912472007266,93.37607382952793,115.29552856465274,47.48795378445405,87.50168210950632,104.85734377090115
