time,s1,s2,s3,s4,s5,s6
0.0,21.624470372032874,16.35525806750307,11.847322000682672,11.364055623321484,6.706436902295296,3.261993957686254
1.0,59.61416133598942,92.18904371437583,126.51523028020996,53.98203896463251,93.66900395644403,108.81644626201125
