time,s1,s2,s3,s4,s5,s6
0.0,17.96539193720453,30.530076530907312,41.4916376907976,28.737465814837183,16.79109628693935,11.16821772048921
1.0,65.06653918846564,87.75674729988722,120.4545022108298,62.286823509954786,107.80183708950798,122.59250386236933
