time,s1,s2,s3,s4,s5,s6
0.0,5.318526362635874,21.144358958312402,23.8339630961,17.925612135959064,30.82865293889124,24.907073669871952
1.0,61.64671230854543,93.7790409258564,119.45108510640767,58.64985489522156,95.95769475506239,111.04480514337534
