time,s1,s2,s3,s4,s5,s6
0.0,36.235095515498,25.41993781819066,23.09820645482073,10.310000811878243,13.297374845233303,33.666722331980964
1.0,55.901588979360525,94.80205300982121,104.34992637830115,31.303164352277385,90.29086188484239,116.0839074835052
