time,s1,s2,s3,s4,s5,s6
0.0,15.74732470950174,12.147574972822023,30.38953541884499,18.147971660264183,23.419415508667193,22.7287855549652
1.0,45.145959336016,73.8522029623102,113.64903082077329,66.60346653547727,84.12341906544559,117.67842993797086
