time,s1,s2,s3,s4,s5,s6
0.0,5.777480204078119,18.954210166036514,21.483452834042378,12.219533997314926,16.197988128352847,32.83102035303912
1.0,65.78754202367797,85.46145230202247,123.48638487441424,55.64704743385433,99.41170653154174,118.53100620395091
