time,s1,s2,s3,s4,s5,s6
0.0,19.392903725566313,10.656677062070624,17.084628895132106,34.260947778040936,19.88277040476391,27.954719416562604
1.0,57.736688807581416,91.14518661296489,123.6487758264831,60.636553541339644,93.88260151447989,127.81638171634323
