time,s1,s2,s3,s4,s5,s6
0.0,17.077668256973677,21.494386657178335,8.554743751269065,23.78997033290355,19.52234906263099,31.092365266496415
1.0,59.03705189868839,75.12542300904025,122.73660437612025,53.44035679480362,94.67043346670557,122.32577695698603
