time,s1,s2,s3,s4,s5,s6
0.0,17.341671169761955,3.5180890967797325,20.740703685279215,12.977510613207176,24.430019122131704,12.655435148289795
1.0,59.56255042393193,94.13019307300085,130.94666092657755,50.00922547357341,87.70134353817787,110.04652282688453
