time,s1,s2,s3,s4,s5,s6
0.0,14.25285959442379,19.398119961608533,4.32191977436565,36.37957181207722,15.27730767163597,17.58547511975783
1.0,46.32463028813509,83.33136212229701,139.00618511854182,64.58384420282576,80.78460577742553,124.52748637932044
