time,s1,s2,s3,s4,s5,s6
0.0,25.27242610112306,15.336491198228568,12.08135465571051,21.270731207797983,35.73654840878934,17.089267999056723
1.0,49.17524805579431,88.36138485781267,131.01283413747717,73.64828639019127,110.22917482132584,121.23892198976989
