time,s1,s2,s3,s4,s5,s6
0.0,28.71804129496117,20.299814503502695,1.6027628448486055,29.00525337332196,26.52609300859806,30.857995455956377
1.0,50.3817697672621,90.80383492086892,123.64995776659404,55.10681273103462,90.64297150481696,116.48829995772934
