time,s1,s2,s3,s4,s5,s6
0.0,28.11741156874387,14.921069411332493,29.7603927624865,26.53408933713019,27.051869303670316,15.778944047848505
1.0,50.72560533961937,81.7247202905002,133.00330879134762,44.215827835544786,80.84770982779835,115.8883235872432
