time,s1,s2,s3,s4,s5,s6
0.0,31.956156472124615,18.21158671314728,24.120713594838765,13.50199769571449,8.988787185617067,21.390162194421844
1.0,65.80713549313816,80.52150802853052,133.6187259707917,52.205712925569955,94.13139384683183,108.32842163997296
