time,s1,s2,s3,s4,s5,s6
0.0,25.326806935392046,28.68120586604656,5.006279353206347,20.780375027956136,19.210697807866044,17.437424091147328
1.0,47.326423697276155,91.3254563136639,125.4223511978296,70.14473311999124,92.18744491403399,127.69720705044608
