time,s1,s2,s3,s4,s5,s6
0.0,24.206978055131696,9.655966146519845,29.801380332286918,11.074887989793694,20.43882723605852,2.9098813209226932
1.0,61.95988508706076,95.55583834935241,119.86524203019519,43.843658098040116,74.18279610430378,120.41043669882994
