time,s1,s2,s3,s4,s5,s6
0.0,34.140950682684796,20.284526445559365,16.263828243604287,17.966402223790123,6.935102929147362,7.4123883062282445
1.0,38.41235849101571,101.59206691549801,120.13174685457955,54.96057822374794,94.31959550502788,133.47633366065938
