time,s1,s2,s3,s4,s5,s6
0.0,28.5890394979467,32.715115534705426,15.015342089511432,32.07267103670486,21.726606182825766,1.1752896242571893
1.0,60.7118202859699,99.44337992196766,125.04350868634131,46.71334434371339,105.87389075602144,125.33154778124015
