time,s1,s2,s3,s4,s5,s6
0.0,17.7184536239072,26.397762432000924,11.683905910904196,10.338688028413044,22.11523650106149,7.759916049078985
1.0,70.31126259740849,84.83124392409093,137.01401715198713,55.71564554919467,87.23765918098108,131.49645896972513
