time,s1,s2,s3,s4,s5,s6
0.0,17.761659816149873,27.79869866278401,22.06745896847809,7.213722620437014,20.766762815822062,10.374866937429974
1.0,49.148826911482395,85.20251762517822,118.5858594640526,65.26842202090596,69.75900388586561,104.5049755941757
