time,s1,s2,s3,s4,s5,s6
0.0,32.58834181133522,32.40890921434894,10.334104588464498,16.530275626164944,7.6282650471892275,18.42046351146977
1.0,45.313968698675836,84.74867146044096,131.99479653311107,52.79239311315825,82.24563594824771,124.36537947992444
