time,s1,s2,s3,s4,s5,s6
0.0,23.28734810847352,20.018929637691972,6.594145315020221,20.836300560957465,-0.01543726186470451,20.52974256696463
1.0,46.970933581720914,67.95633244000176,107.33721057643403,66.44527232719228,78.14142008858768,125.73492525694314
