time,s1,s2,s3,s4,s5,s6
0.0,26.82500359572078,9.074810559636521,32.21440326174698,28.168383230332072,30.509767211915023,15.766062608282521
1.0,50.881965518468995,83.6406644716037,125.83161447823936,36.65204762233509,94.48232652360218,110.66978180907066
