time,s1,s2,s3,s4,s5,s6
0.0,5.480767887066007,17.53829911712758,22.918134211228868,27.588266880836386,4.897664627930542,21.83135654859119
1.0,70.97525785287152,98.35853070042492,107.03626217231871,48.38131927057772,83.15919656984651,119.12220449683116
