time,s1,s2,s3,s4,s5,s6
0.0,17.983253623001442,23.75474090517342,23.895939438227106,13.821286222760062,15.02468200746884,18.93844441317908
1.0,47.95432040809015,93.42307944267772,121.98489009972478,50.13562733576349,94.97011745806124,134.24983448630235
