time,s1,s2,s3,s4,s5,s6
0.0,17.40692065637975,7.669096586243606,25.122553045008686,20.214848588049737,10.290660186044011,11.802091078016621
1.0,45.880085454998586,83.39338848036198,130.64743496033896,49.88711968007782,103.986832162458,110.52491086381352
