time,s1,s2,s3,s4,s5,s6
0.0,16.41729742035842,8.816807945745293,7.1751590098545925,13.991586775324238,8.465699595390465,31.85844654406838
1.0,60.90024214011192,83.34006927786095,120.6905446497138,54.99264722665121,87.9860846732666,137.8226878133171
