time,s1,s2,s3,s4,s5,s6
0.0,32.53518615386514,12.254656997455546,3.6562289347374914,24.218027858773127,5.423377811315294,26.88310451473827
1.0,51.969027361070914,76.72637928147108,132.55897362181304,57.335216041529165,109.47077001536599,123.83257117711764
