time,s1,s2,s3,s4,s5,s6
0.0,12.078590956071709,20.797730295622888,6.4634933791631415,15.698862310436287,17.434680175883095,16.472753595616073
1.0,43.72976691386922,76.72140627998435,120.82730689261847,51.28794634263255,67.42741609144828,127.44913590406287
