time,s1,s2,s3,s4,s5,s6
0.0,14.758628210900536,12.575540015238577,23.090056630598774,1.5625965354802176,11.33731902630237,24.93604138511712
1.0,61.54337087986873,82.43765189728059,133.94502851654636,42.179689503919356,85.32530347180861,107.68954479576645
