time,s1,s2,s3,s4,s5,s6
0.0,23.7353028831336,41.79549358073955,27.61235364789151,3.75431732646042,13.093398518356805,11.68142862692407
1.0,70.06749491835774,100.91913388505299,122.2717839120952,58.96734734871027,87.32341550691706,115.96444755371505
