time,s1,s2,s3,s4,s5,s6
0.0,23.40842236617167,7.682392395577885,17.597295664989517,28.83905546854411,27.2536628873481,-3.5196823710293472
1.0,45.59323897196089,92.73327952489456,120.80961234295877,47.80312314440144,95.31227118392314,121.31272150782802
