time,s1,s2,s3,s4,s5,s6
0.0,27.698343492372665,23.905711465555765,8.76083767053144,22.505038060605013,6.9400351721786215,15.53333893429689
1.0,57.931680450848646,97.65058733400157,123.99006587115795,47.30885823610324,85.85485579221987,126.33314847674251
