time,s1,s2,s3,s4,s5,s6
0.0,25.013977013045718,19.238368014159633,20.230732321703627,20.3152164519397,10.856058086195514,8.502816559103259
1.0,69.6683891332199,75.19735978896784,119.2606924037796,68.71257304257693,78.19961425080187,133.65401411300297
