time,s1,s2,s3,s4,s5,s6
0.0,20.829319180382534,25.29069818823993,10.582369604979148,27.28914573252322,26.96110010228231,13.671312292316173
1.0,76.52340496870778,93.33721469719416,135.80136289327316,65.89691156629472,99.43789491897043,128.97870546409044
