time,s1,s2,s3,s4,s5,s6
0.0,19.093664343992327,23.583019664828335,10.44147686444894,-5.827817582661073,26.14199894462488,13.411082370332396
1.0,63.16102978988534,78.15615595949865,124.92982792815268,69.31112405866853,85.38798297289715,118.95520698609323
