time,s1,s2,s3,s4,s5,s6
0.0,9.032605327440562,33.58374275678853,13.479051884590259,12.309985768281269,39.77557242799037,42.170182843912954
1.0,55.4496499812979,61.59499174633817,123.71542200897099,54.41220072425138,100.05763940430985,111.32677467899086
