time,s1,s2,s3,s4,s5,s6
0.0,17.63563231269579,-0.7525396751720415,22.186561111231306,10.73007003563821,13.767530184843991,24.047939285678538
1.0,51.1447796511793,79.03103651142368,121.81146264374694,57.95848585454739,80.07716583111147,130.13666002917986
