time,s1,s2,s3,s4,s5,s6
0.0,18.25671369104233,33.73248032582652,21.045371332701837,32.87543839228373,20.90474776028177,17.37084694992569
1.0,50.8111742385763,81.74126341894167,135.19415216856996,67.72304727254209,103.90459141742431,128.6824225642163
