time,s1,s2,s3,s4,s5,s6
0.0,16.340327280795208,25.585682566735613,7.756061317599475,29.684952434349896,29.94938315920574,8.540817757511931
1.0,52.7938555831301,113.24016891731281,123.7166442252726,52.513168099712715,78.76921603195865,142.61458195448108
