time,s1,s2,s3,s4,s5,s6
0.0,23.883193240753414,14.41117226378699,6.765202400081424,32.03538484242961,14.11649604327351,11.91907654119183
1.0,61.38244455417519,77.75337344183316,127.91733914709295,47.10967352000651,88.04483202884728,119.03913147179703
