time,s1,s2,s3,s4,s5,s6
0.0,26.052108125549097,26.290970891812727,29.082068250201154,21.62069147323709,22.812282944823366,1.6179468146363156
1.0,56.1879065417189,94.23995461553041,139.84049292058714,63.6868484773554,86.80368255061111,117.16427205808247
