time,s1,s2,s3,s4,s5,s6
0.0,16.765442889522493,17.84646999866821,13.40805181358539,17.464385104889633,15.764153416180381,34.02672833199187
1.0,66.2725779515288,89.63408504681445,121.15069365424127,47.87860192841601,85.90491853519127,132.82374263893024
