time,s1,s2,s3,s4,s5,s6
0.0,10.85920071645435,27.616924713479026,34.44415068386266,36.16619486367914,24.309092607823906,13.408425586415838
1.0,58.128146069685826,72.5612902309827,135.2903935759104,42.11018895397886,100.43533314725528,130.62580951166223
