time,s1,s2,s3,s4,s5,s6
0.0,33.857850702389996,10.015267133500744,28.84226262009256,36.44210311109509,23.962750796292255,-9.725608913472467
1.0,51.21908297344979,84.63145088024456,123.07771986105898,48.888830199994665,108.7265148137549,118.54732817399481
