time,s1,s2,s3,s4,s5,s6
0.0,20.200898015594547,18.539540639421066,27.13819053609692,20.947740051191918,25.319010958745054,23.100223972851662
1.0,70.32040397605874,81.37028267096957,137.8661536163313,45.56833302622931,102.88648983718605,115.54100612100765
