time,s1,s2,s3,s4,s5,s6
0.0,18.94710981561591,36.389102117748045,19.944352581097725,7.637851140543987,22.22916092418756,31.598887342014805
1.0,63.082249046133754,92.53996611837701,132.11325583218968,53.44356039264416,96.94220292453434,128.4753867175397
