time,s1,s2,s3,s4,s5,s6
0.0,9.244188444523907,20.01887324500366,18.348900740138088,52.85087270605524,9.914391651787536,22.9603346208878
1.0,36.42072544156502,95.77031068400998,126.86747672441183,43.648313464576965,100.99844771401558,120.81428019594294
