time,s1,s2,s3,s4,s5,s6
0.0,21.990196633165496,14.982590201788895,16.577473380533476,12.594264322829083,8.539273582468036,7.791093933232942
1.0,56.817415124797094,95.56048414479393,136.66424385844115,72.73566430969731,76.8401071893955,117.868263665597
