time,s1,s2,s3,s4,s5,s6
0.0,11.247755721058507,34.48795818858936,13.96647508481287,-0.6599042612580668,25.217512957293497,16.883274355895956
1.0,64.05872997391437,80.3258985363929,109.70540017278093,43.09461832448681,75.43732758394626,112.23404501517663
