time,s1,s2,s3,s4,s5,s6
0.0,28.549632683068808,13.326789375752242,10.547266161128059,30.600984686103793,5.007151030134603,22.196578521236514
1.0,72.61046766859094,82.13636939775873,109.79515307171572,70.89001298460896,97.5217776580197,102.55999617894733
