time,s1,s2,s3,s4,s5,s6
0.0,29.25430759908668,24.221409271676716,14.518968593695764,17.34421201366714,19.339620011787655,38.37479524325697
1.0,50.91924309401397,83.73367280064392,119.44241589127992,61.687985704485165,94.26050302892288,131.39465771676132
