time,s1,s2,s3,s4,s5,s6
0.0,18.353026071797395,23.881241659482143,15.994855465693838,21.13166282721803,22.220237497605105,19.461243468547664
1.0,51.40112241608523,85.95185568629242,130.20187326335898,57.74787698875394,64.56552919782605,124.74824036443725
