time,s1,s2,s3,s4,s5,s6
0.0,25.43179443518854,18.315461017096933,18.173530790094322,23.110806099382923,18.34086258729059,10.114012034311674
1.0,65.31691868148856,101.64179805635851,132.1126113138565,66.58833941177068,75.35497324544583,132.79010266861007
