time,s1,s2,s3,s4,s5,s6
0.0,18.321465855142606,24.846173060059307,19.636369560339435,28.43501218879433,18.744634293086662,23.485528848583034
1.0,62.705897642540904,80.54878599051854,116.44620035146453,33.92913827775517,98.16834162085316,147.13764042234303
