time,s1,s2,s3,s4,s5,s6
0.0,14.25776006706734,37.12157553339728,13.945650869643973,29.598299829270424,24.409766635967657,7.856985294727124
1.0,59.98948276355818,88.06027037890283,125.10504576994714,67.076796500214,80.58914822114879,104.45478599339536
