time,s1,s2,s3,s4,s5,s6
0.0,14.309577937554195,11.672473734053108,16.449936824449008,25.23132130080691,31.653411716131643,32.875453601990024
1.0,63.98695654767409,100.4061334819879,122.38826016568173,45.08691211854524,87.91934532500377,111.35887697742893
