time,s1,s2,s3,s4,s5,s6
0.0,4.488675966390826,46.967931331833384,27.817253374656836,33.0270845129345,32.699146418658856,29.764921795260747
1.0,55.47857150654272,90.7894749088495,108.35828090576273,52.22230737414519,90.03224187286001,118.78497416775976
