time,s1,s2,s3,s4,s5,s6
0.0,7.320147061754289,36.01631793056448,31.410878889842625,29.094406721683914,30.080214633992693,23.037881463753656
1.0,58.743085775213345,75.74673610819838,119.75035374447432,70.41870501888586,82.58889052731462,122.49459958790868
