time,s1,s2,s3,s4,s5,s6
0.0,21.603495747655778,21.61478034715153,11.353106045422054,26.206553121121367,29.03433921572624,13.591248174631163
1.0,54.77475128196593,96.94067997775389,138.88562887633128,55.34076666160786,73.15431680223278,112.21467159294325
