time,s1,s2,s3,s4,s5,s6
0.0,15.994028470983544,24.31494719171071,4.375984292326558,22.73709652516933,7.68507376111261,1.0552254158251202
1.0,63.45633653095637,94.0729507872718,122.60987268811787,55.309385441978165,95.32041440388997,130.68845987013967
