time,s1,s2,s3,s4,s5,s6
0.0,26.58170846533504,12.536839043203507,14.001424895370915,34.44738254032393,22.02723213691604,12.671871975540405
1.0,56.04780594355726,72.48530708717051,120.4857651017329,64.58034893152197,99.68705847334915,110.94527622918912
