time,s1,s2,s3,s4,s5,s6
0.0,13.607014720021,15.227970453235827,21.89087294353744,9.865014339735502,22.845571190728325,13.163241763735854
1.0,45.504661314566306,91.33309615552226,121.38369547037338,50.12800061039923,77.76323555366537,135.04215751844433
