time,s1,s2,s3,s4,s5,s6
0.0,19.60738962727282,15.703751925368088,21.47755676539034,18.2887626483508,10.693758504158312,16.720083771367673
1.0,72.97928428634135,87.37706140122681,119.09828495789473,59.52426531852861,81.09143417522895,139.31263395566245
