time,s1,s2,s3,s4,s5,s6
0.0,26.638255753712496,12.772033806450475,12.03813956518613,27.133962077367777,16.610582386136507,23.29994367990461
1.0,47.00137379855428,90.20115458446374,128.99101784416374,53.07901054332746,75.80729259437489,115.3081840244367
