time,s1,s2,s3,s4,s5,s6
0.0,14.320121767111935,12.040880636738471,7.1964663095938715,14.015623760843688,12.616442484303274,26.71725398843825
1.0,69.58318685409193,97.92241002761432,133.75997192413143,69.47365866313572,98.80836770953448,105.11306625023488
