time,s1,s2,s3,s4,s5,s6
0.0,25.03188791748826,13.396976553653367,17.290820052085355,21.402223840980927,12.690852528033586,13.199294467952424
1.0,61.70755425695344,89.28261393058204,129.10608889484507,58.94502095720612,83.83968114703387,113.36755843456355
