time,s1,s2,s3,s4,s5,s6
0.0,32.0800202370426,2.5427812141509207,3.2005326868036867,29.90692380044932,6.22888485582126,14.928600620623644
1.0,67.9966581946469,89.22980546386145,103.91898622481452,50.12551096729301,88.71330431540368,111.06667209274342
