time,s1,s2,s3,s4,s5,s6
0.0,26.237575997280743,15.617921173667344,12.9195782631858,33.534776035235524,31.201250450864386,19.185955711434605
1.0,67.00506374026808,70.73357591910032,143.38966501994994,64.2896441463927,101.51346569949919,138.03796290793989
