time,s1,s2,s3,s4,s5,s6
0.0,30.375510007133535,36.15251045136135,18.650442076221417,26.04562478581135,10.60278133670676,7.593582112012285
1.0,80.94912354372994,89.948614132596,142.71168724577197,35.60196625391802,81.1219695275009,117.2397665106185
