time,s1,s2,s3,s4,s5,s6
0.0,12.84666913356768,25.709797762845156,10.483626109363009,21.698764916977694,3.147658352433478,23.08602623487792
1.0,57.26413778925269,84.90821669724126,118.08884052910115,61.143954075721396,88.9927881911078,134.4091509086404
