time,s1,s2,s3,s4,s5,s6
0.0,6.882376322783605,20.71945484168177,5.241929564033136,25.882039071234193,13.023466130052185,24.743681436761406
1.0,41.87605270108011,88.5847198657938,123.82070189665798,50.532253518684094,92.0089995922684,116.64964318495183
