time,s1,s2,s3,s4,s5,s6
0.0,15.166078697627519,35.57639725724338,13.10999763978564,19.91053544889458,-8.800544722660458,20.801481400669005
1.0,69.7990125672538,93.13695121408134,120.64599005602793,41.8796931132386,83.71956126928916,124.2727978203568
