time,s1,s2,s3,s4,s5,s6
0.0,3.973371071438759,37.402317685949356,10.41830814218511,18.290672116265718,21.275723725996432,13.138645872589644
1.0,58.182972577606954,99.42627197278603,118.65846441706901,71.1527405183361,91.63907459914326,117.3592105444128
