time,s1,s2,s3,s4,s5,s6
0.0,17.55924701510724,21.63436416345457,23.760119817892914,24.725064646564718,25.445567506679197,11.043831940633101
1.0,51.09946290709529,91.25269528373552,123.71059327992288,61.75651083155929,90.72961925853963,139.34085544341534
