time,s1,s2,s3,s4,s5,s6
0.0,13.01584490724461,19.20132666833542,19.830284634166723,26.980522496839857,32.49853500439994,31.486482532479798
1.0,71.97646020437845,70.12067363716999,122.91097723600143,54.51233583921217,94.92595501727156,137.47087900061675
