time,s1,s2,s3,s4,s5,s6
0.0,13.955436511904601,32.95554375699296,32.43032307241349,-4.457796205576635,33.43825559045563,17.38165122403909
1.0,47.90150537857879,87.80358211645266,124.70169124896996,69.00067735435485,97.08058686589389,104.91817237778146
