time,s1,s2,s3,s4,s5,s6
0.0,22.155991153457602,11.798468625502899,31.017382821723196,4.421476051272872,20.18012876492127,12.3849384731293
1.0,53.70390372965318,69.12223211600364,118.04277528481771,67.89737719906658,105.90437318163023,112.18179450560788
