time,s1,s2,s3,s4,s5,s6
0.0,15.044505731395839,12.767634446907328,0.9797610786258808,-3.0014754369904324,32.48872325495157,22.659524165070533
1.0,56.68366851747026,93.71979488106199,118.39536904293993,57.552536419421166,75.69255755920305,111.93745320215217
