time,s1,s2,s3,s4,s5,s6
0.0,20.256117922514605,6.039058928772093,30.33096735596086,13.0370285050865,13.518281558088182,32.52327581555651
1.0,48.69832903541069,84.59715396808613,121.03554718773592,66.52595817897544,95.8104005751886,110.19082833548461
