time,s1,s2,s3,s4,s5,s6
0.0,27.653294476298505,23.046773834479595,12.751819405899623,14.652622788675512,23.598349199156996,28.189358225862165
1.0,65.7481151043668,96.84141684049817,129.2414440483555,60.654820127429346,75.18213264581148,117.33669847148366
