time,s1,s2,s3,s4,s5,s6
0.0,28.126588909987106,22.525673590306464,21.00439574427743,32.23157669360983,18.146987534096635,13.432676641836792
1.0,49.471839034159885,92.81722224445514,109.57487491518035,52.13865456381633,88.94836132243414,117.64123461490172
