time,s1,s2,s3,s4,s5,s6
0.0,18.163171949602944,26.046368966829096,24.27941523251789,19.671015450744463,30.289651470194336,16.534591094956482
1.0,50.696214734560435,95.27380176255375,130.1591833473932,47.31909486323769,86.31512589789239,119.07808292160054
