time,s1,s2,s3,s4,s5,s6
0.0,30.417127266002016,16.54396256148795,30.472406393200878,16.863944509399442,10.457879682921652,12.19363992861358
1.0,63.56573296867659,86.04420668846952,126.7818829996394,68.3062164023251,82.41333794552288,127.59803797123624
