time,s1,s2,s3,s4,s5,s6
0.0,37.746898807982916,5.631992275885658,7.242216277659978,27.63692850724115,18.57798714188633,9.625506262293857
1.0,57.694067357548285,81.39984498618044,122.1537550924095,64.0699930955178,71.17584557110092,135.142185520765
