time,s1,s2,s3,s4,s5,s6
0.0,30.49063743687847,17.6467596750498,28.81174264439459,20.21891193295091,0.2652873817843968,1.831186459970798
1.0,61.61260755072696,80.33345801742152,142.02140165942114,65.44557153907687,87.0332551282673,129.46930627541624
