time,s1,s2,s3,s4,s5,s6
0.0,14.784503566207539,13.622577984616715,9.646128840329425,42.16405560634492,30.30760789926467,23.994829481960124
1.0,58.24272543527601,92.41680466780298,104.92334708535928,66.91723604751124,72.89096798019648,107.39831627620272
