time,s1,s2,s3,s4,s5,s6
0.0,28.370792278364846,16.475015900939024,-3.808301015655889,15.504288851211411,21.408031479085054,20.444738815610755
1.0,35.127904037068376,70.69727665749966,112.07187787355524,49.43466603942267,93.94816351107129,107.73845915649645
