time,s1,s2,s3,s4,s5,s6
0.0,25.206451918941884,17.105863197886,17.581701062776947,18.909191545280542,11.319812010897074,42.08995192256914
1.0,66.96963101752696,92.98294330485398,116.63144188355635,58.38675203560811,86.42066321739001,128.004100070222
