time,s1,s2,s3,s4,s5,s6
0.0,22.440147677639192,38.12287449838993,12.85685351594804,39.12698231898506,31.929189505378254,18.16430893211803
1.0,56.591277570106776,89.42162234470852,103.19021372561349,43.45215829198153,74.82482833455181,117.67616659462955
