time,s1,s2,s3,s4,s5,s6
0.0,23.68822815630123,-5.4872746851866765,32.979535324558384,42.14611524556095,12.226690750733203,25.505516699455605
1.0,62.985705051789125,71.20728375179924,103.4223736319514,62.43141963476185,104.90833927785968,111.31970473969295
