time,s1,s2,s3,s4,s5,s6
0.0,22.27040659393159,32.926156011503814,18.427777959084537,24.751751368191663,24.92031774341337,25.65066686807905
1.0,41.14479052061739,70.31998141406505,129.48947189941174,58.96435524627137,87.28338711123446,119.5833719672979
