time,s1,s2,s3,s4,s5,s6
0.0,23.51804442984668,21.426598205551084,29.862000237847536,25.61918665920787,19.84712888366743,17.609728062047953
1.0,59.815941004433355,102.85759493285622,112.2048105510326,62.89586666914862,88.75085471914832,128.2258505374302
