time,s1,s2,s3,s4,s5,s6
0.0,28.32949302724107,21.205949540212064,46.114083789419865,28.360518897323203,22.286267455801923,10.466837152984489
1.0,44.2359862811729,79.63106789699428,135.6246083054764,63.22881089018257,71.5901928039768,123.59881247008656
