time,s1,s2,s3,s4,s5,s6
0.0,11.165611649291236,28.531432438160905,31.74828640691514,23.57623864607975,23.671981506013193,26.797745294605953
1.0,61.70748392202667,104.77043423573203,112.4656001928133,57.85851348428663,89.38782527356088,128.78405659586505
