time,s1,s2,s3,s4,s5,s6
0.0,9.157853655220144,15.613782792661224,20.09297094032824,18.617187545779316,10.760112707031341,32.24233046892376
1.0,51.88547444209888,85.91421023239258,139.48891450733245,56.18122200428655,92.24599894694485,141.38177669199789
