time,s1,s2,s3,s4,s5,s6
0.0,28.74172285584976,29.16533147922974,18.185413166592824,29.06721213837976,33.266366754913435,25.624486857243483
1.0,64.85442583323032,111.63293540336211,118.46869384145029,56.79156313768233,87.0496876983066,115.60950218523708
