time,s1,s2,s3,s4,s5,s6
0.0,3.48167016144912,35.566442783221845,9.76194849614431,17.615046425946158,29.412835962751153,7.607161092284265
1.0,40.27188586523858,88.66654751383716,129.1383910677792,68.37895450404316,81.10279726080229,128.3803777379831
