time,s1,s2,s3,s4,s5,s6
0.0,12.302222977872695,22.093194250625594,7.565991728338064,25.05335882388945,25.31842800771434,28.695485199046246
1.0,57.92057175437453,94.53475926618528,114.2962890344385,47.29794539772569,79.61028309947812,106.26678565543082
