time,s1,s2,s3,s4,s5,s6
0.0,12.824541555080152,16.914918025146598,1.4130706275098568,10.85640758624565,22.996183423001483,10.647812808919943
1.0,55.82068058509029,101.08763825378686,116.37112723785988,48.30647103921181,97.35332580117843,123.46109634995057
