time,s1,s2,s3,s4,s5,s6
0.0,22.483022577789217,18.482144449497973,7.628182487808257,32.3440630871381,33.60423883980217,29.947792097888588
1.0,56.29491983472705,99.8061146761994,125.62136692084724,46.05015614824608,84.35871391659157,100.37749954791326
