time,s1,s2,s3,s4,s5,s6
0.0,6.754550447303828,30.698004546075218,19.714168120349974,27.274128484414998,9.995949952678798,25.203565438114317
1.0,53.85438270884677,72.65044873508322,123.1789833006449,62.93195835457984,89.17423387683137,108.95091312677505
