time,s1,s2,s3,s4,s5,s6
0.0,28.324235655560084,14.205090678846355,13.234741883058666,13.09402661959992,12.950320449487734,5.20974601182002
1.0,60.268960532139715,94.36212382499585,124.51393794895505,62.236966495177455,75.42302194511764,108.43394153138843
