time,s1,s2,s3,s4,s5,s6
0.0,8.14031251460382,47.16745887197027,-11.768564680522537,6.513916363997888,14.510752827408222,24.237780445221702
1.0,50.17995225842168,79.20085303141775,125.4408285844696,56.046713774774815,101.98766158411539,127.04139032450408
