time,s1,s2,s3,s4,s5,s6
0.0,17.42165741783937,24.196421396802492,16.902472166546143,16.838960416426893,22.958640441296033,32.621374222349296
1.0,53.57352321980226,66.8933402997578,105.73790395206838,44.77674894071683,92.40563212859935,124.89746843198446
