time,s1,s2,s3,s4,s5,s6
0.0,22.808213648821976,18.176400475520637,5.847989697146074,15.666388502878046,30.093942378872782,1.1578546234883262
1.0,49.89347493992286,67.033556923207,114.99894998138268,64.93298961839862,84.02649628055363,123.91447966310207
