time,s1,s2,s3,s4,s5,s6
0.0,14.759409061091326,24.152854147317157,9.826412526395638,26.876296743747346,-3.4143958097144136,19.72139972407962
1.0,45.366342423130845,88.19759839969691,125.24738075440196,41.24776302869732,69.98453422217037,109.73971601467828
