time,s1,s2,s3,s4,s5,s6
0.0,-0.5593482752124714,25.135238056524614,14.971063508324598,2.6028952129087166,26.592546771242517,14.836362551645028
1.0,59.80582849636026,73.85603033534724,124.56924879763409,67.91544554724202,93.20146828467382,118.91489778089688
