time,s1,s2,s3,s4,s5,s6
0.0,20.341367258282443,25.93165680647349,22.226095758831615,15.019014064716345,42.24345000295522,25.161719844386052
1.0,62.3518656012812,94.42399051118879,133.63804516544897,46.4973624597166,79.24069449654337,121.70875415457738
