time,s1,s2,s3,s4,s5,s6
0.0,-8.033949284075085,28.13924408435667,27.625709695082243,13.954919345152526,33.3516665862395,19.93112921850569
1.0,56.57828222275819,98.72424287913952,128.5669436636383,48.77414685531637,76.02626492989488,124.8618504028181
