time,s1,s2,s3,s4,s5,s6
0.0,19.862987345655814,29.249722283275528,11.774441539901236,36.05133239611398,12.248285447212432,16.246558479295913
1.0,63.752911688474356,109.25184801054579,125.67978735661464,56.95194297562679,96.66506491270685,108.20684606126017
