time,s1,s2,s3,s4,s5,s6
0.0,25.02535275516309,17.501060753702816,43.88895851642636,32.44429986194593,13.973750228282528,20.001605482773346
1.0,50.9666447960395,83.1988377789904,101.3584319181502,57.032478966292054,92.85690208592942,122.71114920506523
