time,s1,s2,s3,s4,s5,s6
0.0,18.016723724323835,28.208126505856207,17.35195029845092,10.532498180929899,28.11084935339597,32.2521128733743
1.0,58.08253097615753,84.78228836844562,127.12095558341281,59.98615684670425,93.98166560198229,117.07559994977024
