time,s1,s2,s3,s4,s5,s6
0.0,3.6461601427996797,-7.0662855415656765,18.347465681705412,22.461558477632522,19.38059109762113,21.789399266656396
1.0,66.21826611147074,85.50685298541953,114.71796716662928,44.88448754065429,91.65168594216739,128.44989656778844
