time,s1,s2,s3,s4,s5,s6
0.0,7.584419387247333,1.405083818600115,18.106681869512727,16.933625847497147,32.69091995904419,26.78401672075826
1.0,60.34336844955194,87.45582369770057,125.40855994199077,60.7665875229583,96.82405406785716,113.27825807666562
