time,s1,s2,s3,s4,s5,s6
0.0,15.744492335066905,10.900108873901997,17.5457041755321,30.083936575953796,27.833022843667315,8.458499915092192
1.0,46.12424128701119,76.78239818410275,129.40139933922052,60.76343366872749,102.76737555580792,140.52142186328865
