time,s1,s2,s3,s4,s5,s6
0.0,21.899557652923352,-3.2186545233092616,13.385386477591462,19.56306791347137,2.0036935762739816,13.757780813433186
1.0,66.14015933617691,84.24235434767898,117.00753064444332,51.956874410360335,78.90353709778273,116.44371442456307
