time,s1,s2,s3,s4,s5,s6
0.0,11.770217038915405,24.43726723281127,11.069364527954841,-0.5130113423753642,15.158548026053746,8.756127448073482
1.0,78.94854354012524,85.07591741013059,124.52188649960617,56.30396760999379,85.77061634355822,116.23744273647334
