time,s1,s2,s3,s4,s5,s6
0.0,17.609895569394503,37.275885171250785,16.355581484834133,9.239465625219012,24.840436982956334,-5.449593823545552
1.0,75.16396397492417,90.68606033280315,121.07253335629872,49.127419797527075,102.33721675548733,112.69102048916042
