time,s1,s2,s3,s4,s5,s6
0.0,29.688594126094497,32.14331378968453,15.133039765831942,36.32151516065633,21.582779690627643,15.095104250273316
1.0,63.644726514658,101.50948395509245,119.54815230622582,57.979295506438106,76.65874935583781,128.3735759962628
