time,s1,s2,s3,s4,s5,s6
0.0,32.66771675510734,4.460130954200652,17.134766534267456,14.074195718879405,20.103062647451612,25.617578686100174
1.0,50.5789732658947,97.72668402669866,124.65294214503702,62.7399498032577,95.57900231673081,114.17432293302979
