time,s1,s2,s3,s4,s5,s6
0.0,27.8519159340743,15.835823554676946,13.470079347324265,14.980677173817277,9.620493788217974,40.270371641326236
1.0,48.173299617462675,112.85988747059156,119.3500817697215,49.94629576704254,79.35286718229186,124.3390761579227
