time,s1,s2,s3,s4,s5,s6
0.0,2.6208313575475266,20.339552186321512,15.385814328452827,39.662682032602675,6.6582842511379265,15.371714424326948
1.0,39.73821435306739,94.82123621275807,123.7479042795353,54.23670062088843,112.72041456242991,122.24116316403439
