time,s1,s2,s3,s4,s5,s6
0.0,40.53117256803166,17.58101094864463,21.86269873994726,24.26944003540758,14.335789637451986,15.48694604411727
1.0,62.37615084535254,98.02914627385664,116.56451969570259,76.0392016460128,75.91287939659202,114.22586262394178
