time,s1,s2,s3,s4,s5,s6
0.0,28.766190167067748,29.294701061705744,28.48550826888841,7.519546155083127,4.708347630616764,14.570063064880197
1.0,36.940348228909606,95.41179421349864,130.07848238055317,61.57566227236429,91.06189372827549,132.94921481407542
