time,s1,s2,s3,s4,s5,s6
0.0,16.37052536284729,27.11105220058443,13.110199820479643,30.453245552315842,8.123726357591611,32.08182105365634
1.0,39.99375436606822,93.35320966432899,114.53138440441329,51.11305552328001,85.99564428752018,119.57749144073475
