time,s1,s2,s3,s4,s5,s6
0.0,40.932347617106586,19.873763802844117,17.14453032486331,41.761562215030445,15.556518874874929,12.555551319736372
1.0,65.82436580576123,76.69746025292544,114.76651536726112,34.90869899983005,65.95834585708259,110.24450013865193
