time,s1,s2,s3,s4,s5,s6
0.0,34.24869044302949,36.99448073402325,16.217336602733027,9.12233197032655,18.999990808368793,11.703634827991754
1.0,75.7224456517884,108.10200252436509,121.66279421730152,49.70414096443113,80.6535781836564,126.86120405603397
