time,s1,s2,s3,s4,s5,s6
0.0,15.349622045414169,18.92298771919403,23.822886144753074,16.423567350193814,11.220546290958524,14.462057266109454
1.0,74.73279822383454,87.37874639542832,117.72982241763454,42.0253817278589,74.8721160371568,135.58643608859845
