time,s1,s2,s3,s4,s5,s6
0.0,30.152578033834235,19.471072506073575,33.93649565684392,17.152073947702856,23.04041442600555,17.05643211759607
1.0,56.72460607226973,92.26626635825838,139.8906797001335,58.09083312253309,83.89600951184822,116.1270099232667
