time,s1,s2,s3,s4,s5,s6
0.0,25.836888649741564,24.171318022681533,36.38196952620896,32.211821947418265,17.711657756777477,20.820784635620832
1.0,52.70838931205548,76.03676817379333,145.9808849519846,56.51564250940068,80.71739822246629,114.99520600775705
