time,s1,s2,s3,s4,s5,s6
0.0,36.00286216389501,32.842694667176154,-7.39176659132124,34.44243969460107,12.712186244087398,27.819680309054036
1.0,71.50657361111985,89.7673305034249,121.25754083304977,52.27204243767364,95.83768495489906,97.69996830347216
