time,s1,s2,s3,s4,s5,s6
0.0,7.508903938119765,18.032985844810458,35.748000840923325,8.653073437645613,10.91856109978642,22.107003406333888
1.0,54.02404629122474,78.36110159426063,121.97852280907883,67.65875868759089,76.93323719546059,128.97516575901903
