time,s1,s2,s3,s4,s5,s6
0.0,19.685199839738388,20.338655275413522,16.94216990206436,38.907825911452754,29.432714983510458,28.538898468060395
1.0,55.587281649842765,86.6774249918929,131.39382235646568,45.36789471329598,92.17532406003171,110.84160727152182
