time,s1,s2,s3,s4,s5,s6
0.0,25.631678750022612,29.56494701662473,35.19217656244104,34.798218598657584,21.23421867153294,23.340668616347152
1.0,47.74519226533015,84.00874362025903,103.36888792677836,40.873535783261715,87.12252061443087,121.38648251386
