time,s1,s2,s3,s4,s5,s6
0.0,19.344280212501964,38.248450655106836,11.898998501253445,3.1461019519495963,11.908297111180465,18.02625290665894
1.0,53.313943373510526,87.74059834841654,129.8520976963699,37.14608745619529,87.9860296064,146.17811724494723
