time,s1,s2,s3,s4,s5,s6
0.0,33.1706099964969,15.106473981257727,39.13671132143918,26.64502297861151,22.651513716831737,20.619637670559054
1.0,53.79256943016573,78.71538625545584,113.61613896476155,54.97177317997167,92.66672617745982,121.0156872442334
