time,s1,s2,s3,s4,s5,s6
0.0,31.089457315652076,28.13015452857963,37.770085872813645,26.302228527746525,26.893144248672645,21.468425199001004
1.0,68.34648017968931,87.16794414751762,121.61805113421343,69.79047410254326,97.97844535864681,122.78272951535635
