time,s1,s2,s3,s4,s5,s6
0.0,13.269894202661508,31.79949082966165,14.294529197387345,30.658138099109404,8.529041840890068,14.461986352006754
1.0,47.33486951717212,87.55142037604082,122.02525291260658,70.8047383910907,72.93227154383972,105.87128098772466
