time,s1,s2,s3,s4,s5,s6
0.0,28.564698519534222,4.234725638689952,21.387897894259222,15.21541113358273,27.1033047999248,19.00783091563944
1.0,62.93116313971805,99.72718134923993,115.05929094918548,47.583587599490784,101.89987306818803,129.0081080967626
