time,s1,s2,s3,s4,s5,s6
0.0,4.77706367879456,12.315350316298431,24.484951626858138,38.695107205992855,15.599437290594267,19.940091362203827
1.0,58.37487567611305,85.88304767278554,110.16426077507244,47.37684114519163,92.71073246461197,108.14706583181831
