time,s1,s2,s3,s4,s5,s6
0.0,14.896924417113286,27.845465289139888,11.895673326891485,34.48188888970976,21.284864846473525,14.882830031155258
1.0,55.1744190210539,95.46059151528291,139.1722911044033,55.31026646836867,75.47582539224226,118.2592606954342
