time,s1,s2,s3,s4,s5,s6
0.0,16.16336459837717,1.1319026851227285,29.093173473033595,1.6995190930965869,12.941280792245962,6.605230525450116
1.0,64.04542094823894,95.77008689491446,110.90568358475855,63.173489675365964,94.60432786214756,137.5925914982161
