time,s1,s2,s3,s4,s5,s6
0.0,35.98863878955433,-0.2282022091749134,22.552603366927155,10.743912072537505,18.38236836015399,38.84586080005653
1.0,50.2783311985975,82.68784837554352,121.30112267989186,55.67506032664553,85.84311184790916,119.61909240442219
