time,s1,s2,s3,s4,s5,s6
0.0,27.388507522750324,31.425763934866623,20.301050894710283,29.996244950476772,18.75420573089797,19.319468498631156
1.0,55.522169318782126,112.94772176808594,119.35126674844126,52.12426969826343,72.8657991664007,115.89750468285682
