time,s1,s2,s3,s4,s5,s6
0.0,27.521895122761865,12.292208687211382,14.008448529439033,18.68428210831021,-5.107118385867469,21.91639550338731
1.0,69.21162135567225,73.07564479992934,125.6022811298136,72.16488512123776,93.1099407607038,100.15028098595533
