time,s1,s2,s3,s4,s5,s6
0.0,17.48100548302875,15.07204441289661,22.40867978169983,22.090650961860067,16.160248449339065,18.92501782645213
1.0,66.37123181221001,86.16190701617435,118.97969332913264,55.31649843509613,91.62439345334224,121.86928551711966
