time,s1,s2,s3,s4,s5,s6
0.0,35.15308486695588,27.715593542379725,31.438470364748312,39.4092920732339,13.33840667123097,20.278639888987797
1.0,54.85559985780351,85.75645604865106,124.40361980478188,49.16808089862448,111.53397194847662,119.56990659670181
