time,s1,s2,s3,s4,s5,s6
0.0,34.08128043517557,33.69634565840795,26.19329628428293,30.235250757529347,15.999983933243495,35.24061381327352
1.0,58.52848016446194,95.61284020561513,136.41883291722945,76.56971400304487,91.9723069870885,138.13668324099584
