time,s1,s2,s3,s4,s5,s6
0.0,11.98854279718305,34.65575704106781,26.835383002665285,26.29114461233112,12.599521019661266,14.587224581235656
1.0,61.95036697109879,73.59870595299394,110.44472151835971,53.860426749910474,90.6942553817323,122.22289628776993
