time,s1,s2,s3,s4,s5,s6
0.0,8.699289191994147,0.4993667032684854,19.279155873854496,25.291607607339277,20.908160826409787,4.225747310879054
1.0,57.85221728133325,83.02399111422726,107.30555249637636,50.32516030476745,91.79117316248029,98.76141729237222
