time,s1,s2,s3,s4,s5,s6
0.0,-5.322106940497953,24.28844640116347,10.608943953551025,25.10565648007115,12.902687835609479,31.38207676297824
1.0,51.099055322411346,76.10619923463138,124.18217615391133,48.129947787390286,91.08107489756753,134.1320534429893
