time,s1,s2,s3,s4,s5,s6
0.0,38.893466668585475,21.30590836325232,13.133699629923596,24.42474502783955,19.549232643720124,0.4164262731342454
1.0,64.64372656685873,93.51546917792567,112.27078611395797,47.76054684289923,91.4600162887693,120.02034153545549
