time,s1,s2,s3,s4,s5,s6
0.0,16.515182572921862,13.610555814319696,30.230195791596344,25.16095652056279,10.055665079952664,27.52891794055852
1.0,50.21045579368186,100.97570210056057,113.73511937261043,57.784354568059015,78.01426440587994,122.5821348866495
