time,s1,s2,s3,s4,s5,s6
0.0,9.364699114851845,22.86394483887855,25.45450320450379,32.24212938902136,25.363473053675545,29.538653337980136
1.0,38.03117405289686,90.74862388900812,127.3647964691423,58.70077517834812,97.54953547490656,111.84921209724271
