time,s1,s2,s3,s4,s5,s6
0.0,27.57722003680939,26.227079283712516,31.53113589893271,34.251420152048425,21.451422977880366,4.26493921869114
1.0,65.38917196527082,98.13594377864325,144.52522106759207,66.25742502249983,85.55384796585379,112.56908291169091
