time,s1,s2,s3,s4,s5,s6
0.0,14.328246579341531,22.276893402941553,8.85578444390312,23.34027875038569,26.716383578645246,37.06206108603436
1.0,64.02846196528002,87.73033398991197,129.45903921572665,36.27167770589565,94.04080555787445,98.11246350378782
