time,s1,s2,s3,s4,s5,s6
0.0,18.543654168621575,21.30799270508445,29.29990955987151,31.63363749461807,38.10015300638689,32.37462861115156
1.0,72.07273561745416,103.21210153859052,106.47894179971973,63.25939084282534,95.53565821977566,111.29934191631052
