time,s1,s2,s3,s4,s5,s6
0.0,15.97946599377068,42.61269431091351,27.351608773526976,7.8018667467099,34.0298869990755,24.825292959924816
1.0,54.867308026449535,84.07386497577882,121.44560748850779,47.16532009354181,94.48646962237555,129.1509300613792
