time,s1,s2,s3,s4,s5,s6
0.0,11.768978484168388,13.032750418856983,37.89096149357874,28.741689151976644,16.20633448628068,23.16760610373734
1.0,59.94353172878761,74.50782005115326,119.81407049160573,55.957312397223525,90.66409652137067,110.27922644111379
