time,s1,s2,s3,s4,s5,s6
0.0,16.375148381688458,16.511638634114618,22.53101369370682,26.8136558904938,13.22641141964629,12.260132676830663
1.0,55.577412016740666,87.54030811788493,120.92359191172817,36.74382310527524,78.01998561655329,115.12915888355472
