time,s1,s2,s3,s4,s5,s6
0.0,18.117436414058588,27.89799164693104,23.06505632461397,28.136237767903296,9.324828329693062,34.374942853785925
1.0,59.56567451746045,102.63501405627525,111.79830660482081,54.71730944861998,89.43278555262383,116.76793200508955
