time,s1,s2,s3,s4,s5,s6
0.0,24.733759928775964,25.148985094317183,4.742459004169886,30.21609078798049,26.766195088242714,8.760922303578765
1.0,44.7873513864408,101.66011498279225,130.69851209880508,54.029025471609174,83.42033287213319,127.74524968696662
