time,s1,s2,s3,s4,s5,s6
0.0,21.150830644902882,19.907336618136032,9.151631598472957,21.805513769009007,5.917291622192524,3.3771059848671605
1.0,63.96525986336927,83.90481157343385,127.1398172288898,55.56761841044787,79.70424521775657,110.11855193776384
