time,s1,s2,s3,s4,s5,s6
0.0,4.813987296108564,21.864425688769646,22.2859617234031,15.645058514472208,24.957557948537467,25.44172575225378
1.0,55.068401000351976,100.34419670236267,121.9870118426726,54.94087792559972,70.95373451920733,111.20575952885497
