time,s1,s2,s3,s4,s5,s6
0.0,8.87127659548701,19.21367889441377,25.087960156215676,33.71384043653664,6.975337363427407,24.886592558704972
1.0,49.85423697691165,83.37813075668706,123.6643155333391,81.7365521118024,87.92269611120219,137.98154927565756
