time,s1,s2,s3,s4,s5,s6
0.0,15.521581504614584,20.640600498632605,13.376459245271533,13.101131504643977,20.359068989478235,17.582633657023266
1.0,69.36087574177627,81.9606025268637,128.41729338048103,48.56089923604295,101.19568077941197,129.36264515878915
