time,s1,s2,s3,s4,s5,s6
0.0,36.53049640823137,19.86053351330289,30.28130369127389,47.23834863340218,35.165461026285556,4.925756377448199
1.0,60.6809457374699,98.2751858583407,111.01968098756572,48.65072099277863,95.6963498900661,110.690086135703
