time,s1,s2,s3,s4,s5,s6
0.0,30.131464371620474,18.56212375412309,21.983262472616257,11.57199918768151,29.61413723021792,31.65532942379654
1.0,38.217600105291396,84.18865746970314,125.33167636687993,59.035088051425085,81.61386219492216,118.05875261246462
