time,s1,s2,s3,s4,s5,s6
0.0,14.218872186439224,21.313606874060284,26.16266183158309,32.878268290900294,-1.5745792642666316,11.350732443414307
1.0,57.808637875695645,71.40341180059112,115.59931389981804,71.35633049280464,77.38427204712075,127.44537565608832
