time,s1,s2,s3,s4,s5,s6
0.0,5.210628070900567,5.362198324275312,1.2281678263458744,28.188335365738304,20.589289030142695,30.549086789681194
1.0,52.36107595734054,84.62167931206567,131.56879078377705,58.600727157606535,81.33961265939412,128.88040543930785
