time,s1,s2,s3,s4,s5,s6
0.0,15.748986749272131,12.217362695656853,-0.5143286349583818,7.816473406418087,17.895177489656945,14.334522498995028
1.0,57.12194978078734,106.31353121497722,133.74045959661774,41.839635152031256,109.743603792294,109.40882719571415
