time,s1,s2,s3,s4,s5,s6
0.0,14.568697437885884,5.039912049719746,25.424183801459048,37.68158165025652,0.7516301246231407,12.446626970400395
1.0,55.5851329841668,87.61458107550244,121.13779126011053,66.46926307082197,94.4566008675088,115.57416034917793
