time,s1,s2,s3,s4,s5,s6
0.0,24.61720849412556,18.76257328309918,35.7806385672441,20.439753683385483,24.482814690391532,17.06460916426761
1.0,68.913542971237,81.54847109114311,125.00756407798178,55.362510281918475,84.41415931534567,129.0303646948175
