time,s1,s2,s3,s4,s5,s6
0.0,8.152552005446292,46.95999410699861,30.65640377243022,33.954079162200266,1.8675867728792603,23.009187111670514
1.0,72.38961404299367,81.96351790676958,113.26400731946904,50.82376906560958,89.05740296995344,109.39422769382
