time,s1,s2,s3,s4,s5,s6
0.0,15.647722252755864,27.86599545439264,25.811805859492104,17.494944415694516,19.791109460153123,7.926191615355652
1.0,53.71393232789686,81.34112826389017,115.45760161176335,61.94117293801085,91.0491137984052,133.07461006588446
