time,s1,s2,s3,s4,s5,s6
0.0,21.656196686929047,26.3082569120743,31.057858808090792,23.39048704911691,19.99546557941071,17.3945067732682
1.0,57.82861686631013,77.3632833201097,127.93024264937137,57.437764030937934,99.3557213179837,108.94706312722548
