time,s1,s2,s3,s4,s5,s6
0.0,-2.1476154072649294,25.038594334372533,24.618973049794725,-0.8450315963913191,22.734671517885403,18.399870381688043
1.0,47.9748965573435,81.19852064960914,116.61634815729376,54.30338804270302,97.00456186523597,111.95385225932966
