time,s1,s2,s3,s4,s5,s6
0.0,17.889628391781326,22.6633827033221,34.697255720787616,12.118246773859806,20.187177978427943,21.040102236215194
1.0,55.76528016770079,86.45850106230883,116.52137675235271,63.98960202090736,94.16251114405483,120.1323665159334
