time,s1,s2,s3,s4,s5,s6
0.0,19.254152747457745,23.43669955493924,21.19274756978072,5.931754584581551,16.454980961855608,31.446726591561102
1.0,69.96499672404087,89.24892427656017,119.14443599262995,58.60204891394121,72.85559118025603,137.25498870245832
