time,s1,s2,s3,s4,s5,s6
0.0,18.9053845017415,26.56155382614555,13.313625332478708,28.334065603724266,13.995745482415646,26.57664969917735
1.0,67.58514654090125,84.26938046204279,123.80298478567501,58.0775180503632,76.03566055422183,129.76890411777256
