time,s1,s2,s3,s4,s5,s6
0.0,26.55588606263291,21.37388282678092,14.925740908993031,1.946068682934726,30.29084147132442,11.580973812229246
1.0,71.42469380082491,81.95895326400795,113.83175387558981,46.92104027424416,108.98664065549272,132.12620611905015
