time,s1,s2,s3,s4,s5,s6
0.0,19.76188274503602,23.883911401423898,27.012346955258522,16.42590611713176,12.120673152056167,6.193669381150951
1.0,65.89501369009577,82.36030176949869,124.43982996905706,55.410682876759886,72.5303970272382,125.18351429305076
