time,s1,s2,s3,s4,s5,s6
0.0,14.48905203761659,16.17572772271712,21.859146223956067,23.039337132185405,17.486604668707084,25.67090870805462
1.0,66.65446953921054,90.00666459131205,122.10902884735549,53.830190976077404,87.86885537603287,132.7633021092965
