time,s1,s2,s3,s4,s5,s6
0.0,8.991414401323016,19.31334415620644,8.83425959643128,24.68709801313005,24.527874459385934,8.803321944979333
1.0,50.04094114948348,86.29242524933312,113.47395279966517,64.89627574367121,87.66384647036722,128.29506209214588
