time,s1,s2,s3,s4,s5,s6
0.0,31.35581314422607,11.249505713685263,19.289745942654783,44.42714938745259,8.79500281317675,15.677478230801269
1.0,50.9639768995487,85.34852114506279,142.8087765006341,68.68471254084493,84.19358673991682,119.87671388623752
