time,s1,s2,s3,s4,s5,s6
0.0,32.480711971051505,17.083574037946857,17.46627208779045,13.602773923693592,19.90187973189593,-2.3637763326607484
1.0,59.76562190458703,89.65499594274726,121.94444161085656,62.06782106048076,83.34315818547934,114.99802127182502
