time,s1,s2,s3,s4,s5,s6
0.0,20.814026435778935,17.90304732525111,26.140060204875084,26.307777352630147,36.941119863264035,11.269766270524968
1.0,51.938993852888174,90.89118223344495,123.28929358674765,53.51162957046102,73.23236348584751,120.67821711300589
