time,s1,s2,s3,s4,s5,s6
0.0,-4.1601480082786,11.940292517477507,31.489760657519035,22.46069845282151,14.175995049022415,19.590822088786226
1.0,33.519163206000165,96.02880584699926,128.6010198642231,56.67208792214237,81.26486406214157,120.77815032760529
