time,s1,s2,s3,s4,s5,s6
0.0,-8.324166574523247,29.931752613138503,0.4492919547828471,17.34371059862149,24.792912034647927,25.01625238074682
1.0,65.45051040271436,96.22884681635463,114.70500704199353,78.96381124411468,73.57085073525003,121.49184534429612
