time,s1,s2,s3,s4,s5,s6
0.0,17.86144748426067,20.87946610657634,19.93604198282503,12.25123891935836,20.559709661351558,21.299044409050598
1.0,58.787667094377696,87.41021809800228,110.2401834498951,61.76025702820276,77.09646822441154,113.07240510906733
