time,s1,s2,s3,s4,s5,s6
0.0,23.98078547174262,12.413645296265106,24.873347204380853,27.26849731670394,20.41622062628448,26.77282712721548
1.0,33.780831455596406,82.78677836689168,112.02963140863747,61.67690876424607,69.61613368973133,119.4136951804446
