time,s1,s2,s3,s4,s5,s6
0.0,21.22760820946821,18.59510421637913,24.35616299485928,39.11069465631604,33.51715556927201,18.99033743584393
1.0,45.90993020581235,81.18659603947307,118.52127352790238,53.43897987758833,86.83918520891083,104.05767878448785
