time,s1,s2,s3,s4,s5,s6
0.0,17.575899794977612,23.22715935304788,22.5337228774172,22.209248231917623,21.802187412237956,2.882446167801344
1.0,42.635047802450295,76.4095801242714,103.03135501930691,44.40412873707153,94.73030041012117,107.46172404818051
