time,s1,s2,s3,s4,s5,s6
0.0,32.53881897779794,4.751629415191335,30.725527338270854,2.211686934586222,8.459505731355954,31.084097670196286
1.0,64.93283114320354,96.97789092502164,106.75706134866314,61.04864733337787,86.32714710584371,116.10936719070094
