time,s1,s2,s3,s4,s5,s6
0.0,34.60510915128778,16.227538485692126,22.123481998219763,18.083264801189024,19.455158551193367,16.95526387786073
1.0,50.56880415915741,74.03930173793505,131.23532273971216,58.07233666593604,79.10859657651312,127.55152311735056
