time,s1,s2,s3,s4,s5,s6
0.0,12.836779485091826,23.902531233727206,30.844365306207997,20.57150403130318,31.050019210317668,30.20742793489549
1.0,45.37087945431128,89.72889940775049,113.6422878803338,65.03254217996275,88.98881798033291,109.18450198633597
