time,s1,s2,s3,s4,s5,s6
0.0,7.552479645186052,4.99777441272418,20.836677045581254,21.224499181666175,28.226462951544335,11.10280778530255
1.0,48.130826515559015,101.66543553039766,111.97755087845503,63.93426497715609,98.69454956720897,128.71869889838558
