time,s1,s2,s3,s4,s5,s6
0.0,22.084461353238805,22.464127293099292,9.072245719830093,12.979634133103637,27.894883925468463,26.69747695593933
1.0,67.44249097237245,95.1071550903549,111.30080232348546,56.13826691061379,100.6756181162383,114.60848090192232
