time,s1,s2,s3,s4,s5,s6
0.0,23.786258899840025,39.254414882400106,26.53721319099723,6.037783529922368,17.28626595771307,11.870083727420088
1.0,50.942627368310795,89.99047790594435,127.97399257425617,62.46871882089608,92.42118344009651,115.69247611175214
