time,s1,s2,s3,s4,s5,s6
0.0,18.809480263208663,29.490052617603155,16.972072678108944,28.89493823451535,30.749408258763268,11.705376221230816
1.0,58.10617836032933,93.731079844806,119.7911131278478,82.16119773142549,87.22519284282716,113.58092969607544
