time,s1,s2,s3,s4,s5,s6
0.0,11.575401180427974,27.145772927783426,12.708235487149857,31.977039803201066,16.362103919388037,24.30307194379425
1.0,51.907501393935966,106.54171499639455,117.06372890469994,44.8337998844579,87.16223839676339,102.87694399219288
