time,s1,s2,s3,s4,s5,s6
0.0,19.394840155693846,12.899246176063123,27.372084183168802,6.607248515948102,9.13178279070598,25.617230371911166
1.0,52.567094423240796,99.18864343637674,138.91506966819273,75.59043222110574,92.97145673413736,108.93311358410077
