time,s1,s2,s3,s4,s5,s6
0.0,20.248788265029035,12.992337975343865,28.321704170470202,23.185082093449058,17.596450526919362,34.85116908721098
1.0,67.34630822645077,86.33922604931345,129.91191836992766,54.42516571633866,88.8046135022492,116.06418450088348
