time,s1,s2,s3,s4,s5,s6
0.0,2.0276601256664755,30.145228882733495,24.46247150004701,29.255743623848453,12.06663373452504,25.55820032231177
1.0,69.30094324156539,103.98043628946942,144.8609851911987,74.54717458550596,82.4226171713835,126.31533733056169
