time,s1,s2,s3,s4,s5,s6
0.0,13.256636251307722,38.67714767489948,10.930027421733092,9.124552318697445,38.0944450518461,31.525313071173194
1.0,65.7611749055492,96.58269726378306,136.4358474679963,82.32399100258044,89.8714008762711,103.63287573891694
