time,s1,s2,s3,s4,s5,s6
0.0,25.437726027888083,14.642393566373332,23.914303546021024,28.034767874024155,9.66960004434366,30.917292666930084
1.0,55.48162225858573,79.76428697315683,110.78862270949736,55.31988939859368,94.57375913421825,91.787987226109
