time,s1,s2,s3,s4,s5,s6
0.0,28.93184401328606,33.74168958253784,23.446928973288397,32.256816386230355,17.906792663895438,23.334421283291952
1.0,59.82432327181466,74.90983010680691,132.0010113975,63.11529525682938,70.67910136387229,117.25979424612422
