time,s1,s2,s3,s4,s5,s6
0.0,3.2342665272386206,16.152375770829146,24.604927965457307,14.662102219780554,17.060554828962815,0.44071321931737373
1.0,63.528910094923184,93.28783566905898,130.01731970754645,41.1171793460465,79.90937985972832,105.89794104129898
