time,s1,s2,s3,s4,s5,s6
0.0,29.05594376791869,20.889345638929072,24.114736451619038,16.05682298691452,20.203570317560818,14.48685846669196
1.0,67.7652731325853,102.73074394717969,113.87078391178837,37.09557077522187,68.30158171378446,110.07262260267372
