time,s1,s2,s3,s4,s5,s6
0.0,18.73803791822727,39.77799020444493,13.880500284483325,18.56723219108078,6.832636936909541,10.06874578931844
1.0,63.22702769670383,71.13021282551742,116.95971333092982,51.96083985995229,95.22882652850085,96.96927566497017
