time,s1,s2,s3,s4,s5,s6
0.0,16.980815036108773,31.300652669922897,5.1861690476569535,26.696365130535973,20.960671922707526,21.71273807819891
1.0,81.40987944603803,71.28065769314503,127.49484079606171,64.10512108143278,80.77956503597085,118.20219244674661
