time,s1,s2,s3,s4,s5,s6
0.0,29.067887996145323,24.872784884786114,15.395590201765316,37.29927845291486,23.818053437734683,8.15993283006651
1.0,45.95576132770574,87.11667406674866,116.86646644236995,39.66880718417286,103.11295707727862,111.31646835203246
