time,s1,s2,s3,s4,s5,s6
0.0,21.005221373976237,46.10646814304116,19.24967486193301,29.153899019780553,32.062569953413316,16.419258880136688
1.0,49.74005833044525,71.02917461929141,129.7821051802844,70.89366497583174,99.59576969669202,129.61839569745143
