time,s1,s2,s3,s4,s5,s6
0.0,23.824600852768906,31.1672095819647,24.80456029615565,16.617909222243796,24.954405893961244,22.0880206969683
1.0,49.43297936597057,80.86076217205755,115.14455534322406,55.490355386975224,93.40991380068233,128.66426327549763
