time,s1,s2,s3,s4,s5,s6
0.0,13.867217371464196,28.349494904926576,16.059711368240404,16.816261687160214,30.13527967965189,34.23373306202699
1.0,51.221954676387355,84.50115596504854,120.33960597031586,52.99082506288069,77.92338928194033,122.062954361817
