time,s1,s2,s3,s4,s5,s6
0.0,2.4159216649596225,21.794815764064516,20.569329013090705,18.74142999228441,7.198284119253577,15.822555302327377
1.0,71.60093202785839,103.60472531313155,118.10263174497847,60.443142774941506,86.68747771158846,125.17359046820292
