time,s1,s2,s3,s4,s5,s6
0.0,4.779157349539588,8.132896633832411,3.2658969232354806,10.725543422639527,13.600302695294992,37.27581371048543
1.0,53.626281219302406,88.37140538790871,128.91609382889064,57.82546920582245,85.0240150312661,125.5740611194087
