time,s1,s2,s3,s4,s5,s6
0.0,17.4161592967801,29.107398435201375,15.221061412125906,18.114160421551816,18.77781029039164,12.287659449586439
1.0,71.65228455026094,79.67269346663787,120.11482459725816,58.59711549111311,86.42082932105751,112.00808097809909
