time,s1,s2,s3,s4,s5,s6
0.0,25.53081192126618,18.77432019006128,24.022519358496968,34.1423866631261,25.867653867486375,19.796632916113293
1.0,63.87404735427399,84.9608688016487,115.01434576641344,46.617557187294736,85.8688107466273,110.43001044375882
