time,s1,s2,s3,s4,s5,s6
0.0,23.32644010853699,22.47167735393121,30.847815437926613,8.599058591899507,14.615486032773868,8.595001499486052
1.0,43.22798540888337,88.77366780803845,120.19964179167916,63.94308107490456,93.32732860575165,111.77670228164104
