time,s1,s2,s3,s4,s5,s6
0.0,3.6017443867273435,-10.1431617257305,4.459831773874278,13.045950753760192,3.8549199874627575,19.996742951968443
1.0,55.09939685704508,72.2881217013037,127.38282028158518,42.82648120714062,84.51954229121716,128.87762353905484
