time,s1,s2,s3,s4,s5,s6
0.0,31.99093261306532,28.239186645121702,17.488382052415766,22.616527596410975,0.42057477130047616,33.18829110139782
1.0,28.296006597840165,91.22173958504374,116.07791251323972,69.879315540653,55.03216875136783,121.76458421767414
