time,s1,s2,s3,s4,s5,s6
0.0,16.257585802819676,24.325737181677372,13.676535718373565,14.99605633903116,26.992263422744962,17.691991502299977
1.0,71.77122523477081,69.32404066071321,123.99539962539751,44.65297485691355,95.74334253005068,131.3128695481079
