time,s1,s2,s3,s4,s5,s6
0.0,23.2394693934026,3.5489967571300554,10.87507526761967,-4.036191384967939,15.070680586966013,8.546170293181357
1.0,46.317072031629166,86.10731664238698,128.56552892503112,81.90206142614362,96.80591337862684,133.16863816305948
