time,s1,s2,s3,s4,s5,s6
0.0,13.041526872542915,22.045599454792992,16.565445404613694,21.98037342584808,30.65341158111004,23.174309950820987
1.0,57.75476972501619,98.40832438131147,127.66103271798583,62.41349435642879,98.61426880315791,149.97858252700274
