time,s1,s2,s3,s4,s5,s6
0.0,10.610378601262267,21.900474165235128,28.119625399456034,8.81687194366339,23.477688860527056,22.886226058118027
1.0,59.27027672495117,100.18546357158448,133.76787042163122,43.60184402534824,93.47554534397057,116.37388296871585
