time,s1,s2,s3,s4,s5,s6
0.0,18.97878586997377,21.388549690335026,42.43982117149268,23.903288295527737,13.244118303377704,4.44279686477077
1.0,59.40004867831879,93.44683227207459,115.26248910523113,54.46995266358758,104.47751954454684,114.38649128489234
