time,s1,s2,s3,s4,s5,s6
0.0,20.190406686746737,8.820467568942249,22.26361399796171,31.57487101148267,35.80881906718656,37.730591084238995
1.0,46.03741616847264,89.58807964797184,123.89039176198932,42.78420930524207,101.59486245220205,122.15943382457179
