time,s1,s2,s3,s4,s5,s6
0.0,36.303755983185354,25.125237536154017,30.887268430522155,10.910085848552221,11.696851297621949,9.798091916458029
1.0,56.22814017812388,84.88319449836321,128.44997672075885,47.91013382861526,81.98836593077047,131.46554665090184
