time,s1,s2,s3,s4,s5,s6
0.0,37.08225557565917,5.106898058784148,-1.3433142954101776,25.208880153377013,5.566007312971239,33.531104173715526
1.0,47.473441584284274,75.27952763799047,115.24313046301613,65.82012872294231,100.62249794486239,126.80629922028756
