time,s1,s2,s3,s4,s5,s6
0.0,17.67478989854266,27.68709283174787,-11.984019768139081,14.147517705632424,30.314202494460567,20.836117085260277
1.0,76.73488699865435,80.59566385296665,123.30628748970743,34.65813272834901,82.78614749822655,126.62107487617334
