time,s1,s2,s3,s4,s5,s6
0.0,10.776887775036757,15.831171267090273,16.72000896205781,22.6611253675944,16.223379662720077,19.1364969741271
1.0,45.051849608823616,85.12066042614724,102.66155990461579,44.455545189012014,84.34933604815966,131.86912430029307
