time,s1,s2,s3,s4,s5,s6
0.0,20.667471332093704,20.446525954376632,19.46104425616913,14.877204215230112,2.827738656794981,-6.410494169624581
1.0,57.152645754231905,88.33295187788266,120.87730129121738,81.52466010953557,77.25195820425871,124.71475120279962
