time,s1,s2,s3,s4,s5,s6
0.0,30.109980283291794,21.070797160787404,17.22546740815001,31.667149643953692,20.462876784550794,18.092465577604358
1.0,59.3738116854248,82.05696262755308,116.70757975924116,48.74456488064223,81.32448676070841,111.83587102164915
