time,s1,s2,s3,s4,s5,s6
0.0,19.41053021727159,22.965152395527667,20.456064475879334,12.77144770662716,16.52331614429282,16.444831717473562
1.0,64.21670665494578,74.51269999474403,106.40170809656,50.92555577835897,86.7718249772763,112.3302943882351
