time,s1,s2,s3,s4,s5,s6
0.0,19.296833683830375,13.952836520802823,26.682639363671974,22.42134732822143,14.833532286194995,21.43543508195091
1.0,62.702424348978134,92.51646781954369,127.68158206946833,65.30727621239427,100.8386546752294,125.22086382503626
