time,s1,s2,s3,s4,s5,s6
0.0,13.879073775497703,22.3192767838205,18.258068866021695,25.102250635147904,15.346072494473212,21.14180840242245
1.0,50.42677905679022,113.62975233674554,146.8697123985174,63.49020239458325,104.45966142148114,140.33109845490893
