time,s1,s2,s3,s4,s5,s6
0.0,18.555687111216592,18.27873009532042,17.13061464173298,18.333374529794256,27.102235375546947,14.65271530927344
1.0,58.977452057714736,76.47414081632814,107.73791026668344,54.23222657042828,81.5311667238259,112.43419212240785
