time,s1,s2,s3,s4,s5,s6
0.0,22.132477038170563,19.13441562826074,8.140619107771139,15.476543900492342,11.003794387624756,31.77156024567316
1.0,52.498656315831866,92.06985310202808,128.84337032447777,64.94444396366102,88.67281058471573,125.4789160440685
