time,s1,s2,s3,s4,s5,s6
0.0,19.72017588299858,21.56693671549392,21.014628855129626,22.096732841982465,26.32196107537514,15.004346218120798
1.0,72.44752192450045,91.12403609561457,115.51137743192741,55.6216722379306,85.79240453822077,113.59345798345589
