time,s1,s2,s3,s4,s5,s6
0.0,21.183315072167456,22.96157872596532,13.642912931954584,14.085415270979833,20.106965930827275,19.400150190372422
1.0,56.87045628972654,94.20549963320046,120.84684785414862,53.654142318727615,86.12622256089963,127.18850620143527
