time,s1,s2,s3,s4,s5,s6
0.0,18.29988809260139,20.109268680041883,20.466216134469548,24.479975897675263,27.916447225194887,24.967988320117776
1.0,62.96722378656847,80.67568074259302,117.72154943787626,60.42345684319828,85.8760800715804,117.16829392597677
