time,s1,s2,s3,s4,s5,s6
0.0,24.4225792527917,26.190958479682582,22.482636138180744,20.638450467139364,19.671962349178592,27.761664877858088
1.0,53.68491445673927,87.88370005844034,117.47054469069332,51.76443614720848,84.81879498501237,114.14851969262736
