time,s1,s2,s3,s4,s5,s6
0.0,20.699284385360443,23.14337808236257,22.29750469934962,19.001415461847138,27.791414975490387,27.787513871413932
1.0,65.17839159887427,106.04425245870428,127.46058321812657,67.14355922222686,94.23830747271478,134.34390178879104
