time,s1,s2,s3,s4,s5,s6
0.0,30.691174889393068,22.64081662914245,16.531825595098294,10.224387494338858,14.789192473148582,22.641691802055785
1.0,54.83383655833329,88.97665484305259,121.57425939173481,55.47971358480704,92.36297036442497,120.18929880613963
