time,s1,s2,s3,s4,s5,s6
0.0,10.875954618014523,20.82484383289699,18.50398873204722,22.95889010480864,20.8724773348584,15.6256979455383
1.0,61.28443241939038,87.62949791644033,131.5458450987013,60.2042200649914,88.82083330824898,124.91082088276305
