time,s1,s2,s3,s4,s5,s6
0.0,19.082420830895693,10.227054810613076,26.651850462390307,13.688675491386594,11.561484151730662,13.859774743988204
1.0,53.81057937253591,77.12445627921869,111.42827631991847,52.690920384362286,79.04831146800272,98.48025181026624
