time,s1,s2,s3,s4,s5,s6
0.0,15.885610930248626,17.744236097650848,20.19215672865846,19.972682267356298,25.978516998513243,20.700090730741874
1.0,57.17866064665694,110.36370898260326,150.15708352552818,78.13663759946628,109.22099519661064,145.23531898392665
