time,s1,s2,s3,s4,s5,s6
0.0,15.809853839837622,12.601501378634051,22.294789998897123,28.573645980057357,15.72003913574444,24.162251845315147
1.0,68.87988920048872,101.03095543851892,153.80430633585857,65.08255344193914,101.83651796438677,139.53428401645365
