time,s1,s2,s3,s4,s5,s6
0.0,17.483448316931536,16.25376104695186,21.016241050176447,25.941416009191574,22.697336908535217,28.055163406625976
1.0,57.32446591751928,81.4895224542751,109.42586951614872,62.0954410661763,88.20037065791662,114.57985392177532
