time,s1,s2,s3,s4,s5,s6
0.0,26.409448370610043,16.044917417348863,14.027434230030115,21.980435707531377,21.285169744884804,16.67341597682686
1.0,59.8928294467417,87.62105074111523,125.53371851081678,53.438856453248704,85.82457643073876,122.01640959540947
