time,s1,s2,s3,s4,s5,s6
0.0,31.04789805437041,20.6312687689589,25.06608699677673,18.589945070693542,21.058859078565852,24.83660889260075
1.0,58.4943088497808,95.58702553737841,140.97569572367308,60.331475264562236,92.68235565608686,135.9578915441639
