time,s1,s2,s3,s4,s5,s6
0.0,18.238021841412642,22.397851831160303,22.761694741785043,25.66113696517862,25.677880452077776,13.456881853628511
1.0,58.80163631471039,101.54275942702141,121.38488920150638,60.38118845608844,88.86308091780144,134.6443735330128
