time,s1,s2,s3,s4,s5,s6
0.0,19.91672094396045,14.08813308589908,16.75451765090981,16.204578150744478,12.383544873595024,12.861211693126346
1.0,58.328365149491276,95.65305490255629,123.28253810986077,58.6413997847618,94.95119417215206,137.40947038345132
