time,s1,s2,s3,s4,s5,s6
0.0,26.65920507748199,19.048183317659912,18.40149727042117,18.667273776902636,9.42415616169469,19.199711158439264
1.0,70.55798352690152,97.09500894998797,130.59846244453217,54.24852079846997,95.49850338884472,132.89312839419512
