time,s1,s2,s3,s4,s5,s6
0.0,22.672653056001945,16.948992431860763,19.408994513492704,18.611181494240284,25.00915694241032,18.428579881611466
1.0,53.99112898960165,93.79233301845949,117.40718860180033,47.001439124443706,90.4649010217643,116.82981398065445
