time,s1,s2,s3,s4,s5,s6
0.0,21.245347876311136,22.178746515492058,27.4056241085175,22.147021337033053,12.630010577894069,20.042850772520662
1.0,55.26109064227625,91.67441574423063,113.92188140124652,69.21041963961537,84.09397841242792,120.69270417693868
