time,s1,s2,s3,s4,s5,s6
0.0,20.32356442387207,10.790142982412828,10.107732959264613,17.00662153274564,25.012040959208623,15.841541401625584
1.0,58.75634309369076,82.32813424946376,131.5311760302039,52.647334548516056,85.94256230724699,105.31647097215574
