time,s1,s2,s3,s4,s5,s6
0.0,17.69257424428152,18.2479337933775,18.785235504490128,19.619186978550836,26.772768966219786,19.621780835077654
1.0,60.94813765057482,95.32275303690547,121.4564299566768,53.62389224192843,85.11803515018734,127.70162866426496
