time,s1,s2,s3,s4,s5,s6
0.0,21.020593810353514,19.873583634991405,15.108492600924153,13.761601689682855,30.257562770016584,20.350637358965102
1.0,63.62202243430749,116.38272646209904,141.99727463860347,58.95144480733708,103.5451931867583,144.05616156739202
