time,s1,s2,s3,s4,s5,s6
0.0,21.40137857732602,16.73851038019351,20.625210730974636,19.524899054376412,17.375378560501538,13.755669382369277
1.0,51.461205374443814,92.093813606578,131.2833978013753,57.012992012659424,80.43070585301672,125.21915999291797
