time,s1,s2,s3,s4,s5,s6
0.0,18.963933780191198,18.01971647717407,13.926188501195838,27.49149302105936,25.397222260065284,13.724798101883977
1.0,57.56158368575034,93.05704126313812,121.19042484110508,60.905287060839434,99.28259219909717,135.36338956901974
