time,s1,s2,s3,s4,s5,s6
0.0,12.764700079941367,17.83820208438804,19.024189121378843,10.61344964790036,17.971301329602834,18.291104088077244
1.0,52.77695447741294,98.46625600362418,119.49760996460316,57.21930943964625,93.9634929040656,126.36906693308205
