time,s1,s2,s3,s4,s5,s6
0.0,15.173478711585984,15.206252513442198,20.188255471728894,14.211249437063737,23.963214457592432,15.709014337348307
1.0,59.01172049368816,89.44152174913047,115.72325872085338,43.84113755313468,84.98772991522429,120.2100307186401
