time,s1,s2,s3,s4,s5,s6
0.0,17.470691632774006,17.88649864660244,23.583457279055974,28.7135546431942,23.092740765406738,30.629268239347276
1.0,57.25894077655575,89.82727824607589,121.88881434260117,55.862192015925054,84.49721876273657,114.88204076435585
