time,s1,s2,s3,s4,s5,s6
0.0,19.17683545753002,13.339022122742023,21.001713280767763,20.054678657564203,21.777354748823868,15.769948558319495
1.0,72.6793781914474,98.2583226125358,140.16197258984096,66.79631207749871,88.00247512297956,137.4760034080386
