time,s1,s2,s3,s4,s5,s6
0.0,19.07554437676182,30.91798961707444,26.126693179716746,21.676845671088124,25.13070804163056,24.192686290112874
1.0,56.99128918098626,88.02878543188153,133.51871151559152,58.48816442489111,83.88418996350126,122.6363286421873
