time,s1,s2,s3,s4,s5,s6
0.0,14.434677507940005,19.24614246934239,18.33673914457261,20.018524630455524,13.19468067806256,16.126572739042352
1.0,42.46507330711356,91.5223676165696,146.02520602356094,64.11872948431031,86.59371223874284,121.57439428968648
