time,s1,s2,s3,s4,s5,s6
0.0,13.65973203585406,23.558952772683963,20.103965753322246,29.02868420549532,26.24534129322943,16.55856119934272
1.0,58.6574900555586,76.24265740278987,114.00333638055731,48.72803243834709,91.5676587891009,110.63413428944668
