time,s1,s2,s3,s4,s5,s6
0.0,17.80089624427369,16.507821606051394,19.505923696145317,19.682485258932406,28.232942214619804,19.693590855038593
1.0,53.28022358484665,103.74923606616662,134.86753997580738,66.9391502288566,109.17505711281845,154.1000698275113
