time,s1,s2,s3,s4,s5,s6
0.0,21.227983543430458,15.563122238947326,27.316854789454762,13.962366085319164,11.897565361885238,26.70367238284313
1.0,54.9806996636123,76.71906139994101,110.55966059527506,55.663345001805126,77.09916802218936,114.75256582492594
