time,s1,s2,s3,s4,s5,s6
0.0,14.975920787396067,16.769845615140795,19.4525966360769,29.812933264290848,9.549132706341382,27.71442556071414
1.0,67.36070406442214,84.00319762030304,108.94370910486954,59.156765596371606,77.72393095140508,132.2203805125138
