time,s1,s2,s3,s4,s5,s6
0.0,14.065978861528102,22.07757327548569,11.578332007657428,34.824330289119885,16.296733987656832,23.796660273469122
1.0,48.2061231162458,86.83799300821867,125.0033618903276,55.844608909996296,78.92036248104193,128.0733884525317
