time,s1,s2,s3,s4,s5,s6
0.0,21.08376480110381,22.834887777249943,18.49008804123185,12.753217830022418,26.396223733951967,25.169855108726583
1.0,56.55951071810129,94.23111572242561,113.17752520241174,52.86584865995213,94.09894095440089,124.65569141729023
