time,s1,s2,s3,s4,s5,s6
0.0,14.196413878663229,22.771636352050326,20.443945161992943,22.5623290198168,20.314206337183606,15.288797973840753
1.0,61.01399874338086,101.86248168214232,116.5603411652344,40.54627676941999,82.3223326063062,117.11021532663626
