time,s1,s2,s3,s4,s5,s6
0.0,27.2962251594062,19.979940439602473,16.391879200924397,33.631193075660846,20.93812230047331,11.116567365259977
1.0,56.27239403135104,72.93284225826449,117.78542595128276,45.47257075121925,77.68622321153946,110.41378498345263
