time,s1,s2,s3,s4,s5,s6
0.0,23.592078683286978,14.151671095180546,9.726600084928084,23.4298231674095,22.320531069022973,18.995767662453602
1.0,44.391147133845514,87.87312044730034,119.61381634490013,59.131931001994396,88.11738095871122,124.77391037418701
