time,s1,s2,s3,s4,s5,s6
0.0,13.641419268599055,18.833450087306037,18.82185296259462,16.025879109188956,20.076337648794933,9.74965123050896
1.0,42.74254489219234,88.94705946282552,132.29077365630945,51.37291761450444,90.72211418181979,128.57014370283468
