time,s1,s2,s3,s4,s5,s6
0.0,19.083784406115967,20.434019846591966,17.71133012277727,23.57376513782975,13.922748051173823,16.016143504251875
1.0,49.84665932859577,88.95747299860663,106.90277139140478,61.08321792800257,78.85150500063287,115.97380009870699
