time,s1,s2,s3,s4,s5,s6
0.0,25.04707465301447,12.538457593344475,22.28921447349194,7.124671888462792,5.0294062489445786,27.004832892046444
1.0,57.22145684754594,89.73505533932783,120.2845162387607,57.85284788489563,93.08230572091225,128.07698304254325
