time,s1,s2,s3,s4,s5,s6
0.0,10.982367512646205,9.5866920526547,19.415437415943348,20.581093357539885,23.23971610517772,17.512294397620114
1.0,62.565027067302466,97.16073681651378,142.4882113615811,67.55658202742974,104.82524394490031,141.49791311308292
