time,s1,s2,s3,s4,s5,s6
0.0,22.918111368208997,22.910474134385247,22.446545603515066,23.41108170578514,25.91588235543969,22.113243654875223
1.0,56.24168679055683,100.36986247927491,129.53129147579668,61.20018870830622,97.93857347250794,127.33360239076288
