time,s1,s2,s3,s4,s5,s6
0.0,31.686623714739056,16.906011247282006,9.98828603384081,13.224689287175433,17.38014059104546,22.90098820989889
1.0,68.87806963823832,93.91205385442049,118.52217943952729,59.0042813553915,97.87565316961556,137.13848059074778
