time,s1,s2,s3,s4,s5,s6
0.0,21.739568253758137,20.425575667496794,16.5705594734569,31.34122502842239,24.329671988967267,25.01891542087435
1.0,68.31261909984183,90.89424551744432,136.46023281137442,64.51977362966312,92.63485952223601,133.15172666508724
