time,s1,s2,s3,s4,s5,s6
0.0,16.66084438440165,22.414338051872747,25.572548652792918,22.984366098143,22.064421225862894,17.45756432436146
1.0,52.86635308292312,83.77964646573025,121.60766548974405,57.118174836074914,87.16061784416097,130.4526206767869
