time,s1,s2,s3,s4,s5,s6
0.0,38.31745017489983,14.634487288214842,34.26175085588167,22.519032645306858,11.715967252347953,23.108068027260384
1.0,61.52645497713258,92.22587425505641,138.67635346583356,61.62453751969246,99.02759987803982,122.84035022227582
