time,s1,s2,s3,s4,s5,s6
0.0,23.314676328597617,16.741404379673387,22.12543553544046,17.190235905468867,16.760768230460492,21.606120437901637
1.0,54.96573333810299,91.52031860342103,130.63168745533739,58.51886534905791,92.0347346633359,121.35805130787023
