time,s1,s2,s3,s4,s5,s6
0.0,20.217043829063048,12.75908366215861,12.089523551735342,19.62315262312071,27.60334114055305,22.287728234808455
1.0,59.31143420161263,73.17175543564801,121.0813413289344,47.95049598174852,94.46507455077551,126.28395419672896
