time,s1,s2,s3,s4,s5,s6
0.0,11.634436751046639,23.768179890689215,17.34086352647632,24.675585324364352,20.99842424442271,18.37802620347314
1.0,54.94725254328203,102.21617677207882,125.55395815795038,63.42402642546855,108.76163449009903,146.41877511805913
