time,s1,s2,s3,s4,s5,s6
0.0,24.445050225135166,29.431242079699558,19.11822895579084,15.94478107856234,20.326750695801785,18.04232643060167
1.0,53.641963113817525,75.88045124845138,118.29618856739174,51.6253096553352,90.80433175631394,122.17720372485257
