time,s1,s2,s3,s4,s5,s6
0.0,30.265942837267218,25.569057908154857,12.860955090453114,17.30007791314899,16.597629746434727,10.371035959310168
1.0,72.38686613756249,114.79925663145917,147.22901633335258,76.93823059384941,109.2479739217087,147.48652575292954
