time,s1,s2,s3,s4,s5,s6
0.0,20.599909832176905,10.559395050084195,16.491175739686014,13.216272024349237,12.815513265244899,19.365257139147733
1.0,59.68152977598415,89.06217756239224,119.28935315234735,49.72731739370447,88.52333935033792,123.97365222453577
