time,s1,s2,s3,s4,s5,s6
0.0,29.601876798356344,21.41313318987823,15.55204557778941,9.473611734292483,5.628246322906161,22.14601374839695
1.0,62.184906333190604,97.7799407133245,140.05840861986772,45.73237417417492,95.89819177487773,137.48229046032418
