time,s1,s2,s3,s4,s5,s6
0.0,23.716747891045838,22.854772702208066,19.630274973352087,17.424430177531427,18.437906024657398,25.712180313375967
1.0,56.23052273348106,76.51499551748755,112.06769941463166,59.63799335158565,69.90765257623427,115.91024332470231
