time,s1,s2,s3,s4,s5,s6
0.0,9.083246427395107,15.849289216826797,29.186912882354505,25.703866938880438,13.195834181958812,19.151934772929934
1.0,57.614391302786174,95.90201098723337,143.11785035601682,55.874762329148965,105.34933117060453,139.43321999175768
