time,s1,s2,s3,s4,s5,s6
0.0,12.589184727588076,19.164020650593773,26.52503219452483,15.284619805362844,18.21381674008581,17.70226782618948
1.0,67.59164525879969,118.01161346585317,169.15992396707585,73.73812540861746,112.64873721464404,144.92922688650947
