time,s1,s2,s3,s4,s5,s6
0.0,20.759584463954926,10.488512048084589,21.04742802274259,28.54319481590902,19.75344662239478,19.493882912383782
1.0,45.4250192616073,83.58751776484412,109.81114407171059,63.36797171700334,85.27754565363094,115.46698933807991
