time,s1,s2,s3,s4,s5,s6
0.0,16.417000425749976,25.17697052379139,20.862881021128953,21.959583694461465,24.553440993830367,19.97231735215975
1.0,52.47541263091773,76.58399174002788,118.63108616908188,57.77000646590993,84.78345158602033,112.04886429378251
