time,s1,s2,s3,s4,s5,s6
0.0,33.41382607357147,32.279379122648386,12.320434584486879,23.16026364285191,15.041451989844953,22.779073166598902
1.0,55.85511512454426,86.8068433514522,116.71092903104258,60.910592416173046,82.83948301392115,117.35474004862535
