time,s1,s2,s3,s4,s5,s6
0.0,13.995905413429954,19.90334060402642,19.622600624238494,20.663739272093903,22.564242348903946,15.964233448168612
1.0,59.36426464971325,89.59321932296218,120.83690638100047,52.07324251836981,89.52332006944347,109.05446807101458
