time,s1,s2,s3,s4,s5,s6
0.0,24.494574609579395,22.056824817094228,12.263325741661527,26.254488920702766,12.097080745882185,25.854708867888167
1.0,52.15465110513814,84.28870243840794,121.66715956403765,45.51295945325716,83.40216363460492,113.32437949540507
