time,s1,s2,s3,s4,s5,s6
0.0,17.258463516329478,28.12154095898459,30.164918969422438,28.509525997586202,24.432579920037643,24.408848473552226
1.0,68.59493632812833,88.82654969733676,124.44539055834686,63.57442410241599,89.77640675908563,125.21755442222693
