time,s1,s2,s3,s4,s5,s6
0.0,15.0667094140046,9.91923769383471,19.675418552581355,19.59858358848126,9.461041325374756,25.554917697068127
1.0,42.65203458848977,96.41284839885205,116.40078395903845,51.93838568500072,92.80370852241353,124.17230848204038
