time,s1,s2,s3,s4,s5,s6
0.0,24.134459042006174,28.218399691369108,21.2697912503791,13.429560403998671,28.69122487056311,15.015518168757893
1.0,60.78603392087629,86.14734921639267,110.31828155677101,52.94867040171845,84.12346281269052,116.86544672815975
