time,s1,s2,s3,s4,s5,s6
0.0,31.221116197811103,21.371247640667594,21.072794070468564,19.995492675680936,17.16644364092174,28.695465196650964
1.0,62.22860376610552,83.74647859116148,108.27783245524768,51.72246213987804,93.32022315693911,122.98841869084086
