time,s1,s2,s3,s4,s5,s6
0.0,24.94990389953758,22.238157319188844,24.46631257952801,19.74478383048582,29.350982201388348,27.83499264052103
1.0,59.67759320254067,101.73742412304298,135.10815134968578,45.37804139867306,94.83054898198893,131.6396856394735
