time,s1,s2,s3,s4,s5,s6
0.0,24.95469178604903,20.023967702237925,20.26120010299854,18.25518751359883,15.937482498346789,30.08596235280466
1.0,62.27817924886196,87.5319307461394,124.05256871797272,59.272048847433496,96.43047853199567,132.29930835889252
