time,s1,s2,s3,s4,s5,s6
0.0,20.348638799800298,11.27321294827163,16.958342197530012,27.735155146386596,17.329875738236748,24.920910408128265
1.0,58.47257484215099,87.33139466868913,125.24597116150998,64.95046289533711,91.41949024571908,116.39658259335826
