time,s1,s2,s3,s4,s5,s6
0.0,16.42293366334649,18.80032883765033,20.834533283952013,21.134583357603585,22.7160267117048,17.113477849264896
1.0,42.3634681397561,86.55002585007584,105.88025139114372,55.91864450843464,74.19028642497476,109.21339420904923
