time,s1,s2,s3,s4,s5,s6
0.0,19.26616670471062,10.906463634170313,17.91488776061862,25.259660011491693,28.97756183735587,13.650130007988825
1.0,64.42404874883253,92.18214089302309,117.45988795707567,56.70063087481257,79.49815232917038,114.93532649899302
