time,s1,s2,s3,s4,s5,s6
0.0,17.981649608323895,22.48945390076877,18.062940393413413,20.823334845968986,24.992653040989268,25.793900648825
1.0,66.46542217068752,99.02224636239106,133.76691644111565,62.75197009938449,111.16095277963187,142.93719680853405
