time,s1,s2,s3,s4,s5,s6
0.0,17.64743276198771,19.321059026341782,23.77710346617995,22.105962990905798,27.78348817071562,20.712911291051793
1.0,51.36394646640508,86.65872798571286,121.81573141965295,62.50291180073959,80.10191090447678,122.83659033011114
