time,s1,s2,s3,s4,s5,s6
0.0,28.24759450040718,18.866997355386836,23.18275748472619,8.727984962353048,26.817340427115898,30.735519925504086
1.0,61.383335858531375,95.57365538727517,136.88151452049962,52.83277243659187,101.60367921879094,138.74947921512234
