time,s1,s2,s3,s4,s5,s6
0.0,20.782052488611104,18.15603082474606,9.467475825398468,25.774994104766755,23.064805793013104,16.670388796165817
1.0,53.517273068373584,92.65822848316071,116.1530872405998,51.488665651142654,88.37583030729513,123.71194185767426
