time,s1,s2,s3,s4,s5,s6
0.0,23.806603876617384,23.532912264692907,14.31496420990724,17.78146441126524,24.97478032954117,28.726159100259103
1.0,56.82398561234559,88.57813205792287,124.88150325813335,50.117980180954476,100.15363139886662,117.8404709929865
