time,s1,s2,s3,s4,s5,s6
0.0,22.169566306845073,24.49241052926199,17.62885865268553,17.415889466899614,29.855836227841852,30.116868780594995
1.0,63.2163535973373,90.04426480266406,120.59379318302615,47.86865031871893,83.45483142202556,118.07558737052307
