time,s1,s2,s3,s4,s5,s6
0.0,8.719334036604138,21.0641312336869,26.73170821770711,17.365668908080185,21.960265558290633,20.962114435190262
1.0,55.28098896015179,93.15300403541752,112.22044586633633,58.03662046317958,77.87120916405766,119.73689579136901
