time,s1,s2,s3,s4,s5,s6
0.0,19.795848283652564,25.25752291453158,23.10386004397029,18.588398171024966,20.472106773291788,11.54698770992433
1.0,54.19663221034381,97.56282130999756,128.26943005346322,53.06925082351815,83.78595440333069,126.9514886955547
