time,s1,s2,s3,s4,s5,s6
0.0,17.09858620808614,17.242759000776964,20.73777330646554,28.410348327757767,16.69045835462303,17.463525620464342
1.0,69.97893851322857,86.85662062751017,125.99118039998947,69.23401257630752,97.67596369878689,127.49546310668246
