time,s1,s2,s3,s4,s5,s6
0.0,17.534024197307428,21.175084746715626,22.45460270119027,14.449033497753602,22.510382937135777,34.61066146643031
1.0,62.588635321432974,107.72779073178964,142.8832307417429,61.93145828054264,102.88399438154912,137.22064610053764
