time,s1,s2,s3,s4,s5,s6
0.0,25.561092515971787,16.77549149553782,21.53135073688377,17.112845928881633,31.773498532469148,25.47983288284161
1.0,49.2283589707945,91.31761854746458,120.45443428093422,58.146778690544004,91.06906745521565,109.83924608262879
