time,s1,s2,s3,s4,s5,s6
0.0,24.44922796903121,24.824091802341968,26.413389979958893,3.5115332188168704,25.197940475373752,16.799645421304188
1.0,66.95763496967916,99.24032199258008,133.53331703908225,58.54239431492755,100.4015222942248,152.31279017143865
