time,s1,s2,s3,s4,s5,s6
0.0,15.88427570903481,18.31058624420925,19.51742730236921,19.124433749503563,18.241329622437128,20.726315389273637
1.0,44.9780735341589,78.33016368127777,94.55634827284037,50.887398719863704,73.92825899178676,103.10510306266613
