time,s1,s2,s3,s4,s5,s6
0.0,13.227860079548115,18.943462529501165,15.269046905850066,6.280768867735651,17.489961799237978,22.492600066233997
1.0,58.67181122745635,86.07365883795933,113.23020539021289,54.13247025647505,84.05204585777255,113.59877577856307
