time,s1,s2,s3,s4,s5,s6
0.0,28.113619301634955,11.68013376897045,32.09046931349838,26.511552038097616,27.412733865824432,22.84533628692196
1.0,48.51917847668028,97.85793980599664,131.54437051843516,64.38739518990529,100.86254897883803,138.48941690143306
