time,s1,s2,s3,s4,s5,s6
0.0,14.029783734393938,23.142164560777037,22.87359186342585,29.79770189767791,17.782201592742204,10.729625059644595
1.0,55.951778913818444,85.9296890388876,120.06464206390689,59.08731433631927,88.93312007878363,112.88633695951565
