time,s1,s2,s3,s4,s5,s6
0.0,19.754905572102167,25.102111339399762,18.437884792501723,19.318326719861826,25.804395536174393,13.517509272918762
1.0,57.54630567266581,94.48331513051782,120.64410388641572,59.628200953062105,83.70190967512038,116.89540765209827
