time,s1,s2,s3,s4,s5,s6
0.0,20.02894172307951,21.60297698943427,16.76106373159265,12.431081880408238,15.755340030274526,10.998954121689408
1.0,67.63078317037812,100.34903351932353,139.56600648014677,62.82520677193472,104.23330598042094,134.85205872698592
