time,s1,s2,s3,s4,s5,s6
0.0,13.51283463503633,12.41264711953906,11.983780377987504,14.257589381390401,16.031405775426784,17.554273955187593
1.0,61.23827466300762,100.68459229782262,135.52151455543463,49.85446280258545,105.71527038895219,128.25169768155848
