time,s1,s2,s3,s4,s5,s6
0.0,27.572296097219358,26.23376718040297,23.16549812411969,27.626076917014686,29.07892695771595,10.30357435528652
1.0,58.17285603100607,89.06178719447882,118.6786419340237,56.13166175518581,81.79976394227941,106.64464468978296
