time,s1,s2,s3,s4,s5,s6
0.0,21.515940363801008,21.67072256491065,22.749070108985403,19.098177541216128,19.060541694661026,19.783221029809123
1.0,49.54901591113144,94.02222909396455,112.4366103429819,61.11290319951169,90.40428621590877,112.35572655973805
