time,s1,s2,s3,s4,s5,s6
0.0,21.318373919011574,27.59197077056262,15.730331024255296,25.453525891515426,16.986602512412396,19.21901739965318
1.0,55.10132108073154,86.1565617418493,108.23685243825211,56.623283137171626,80.03799131524543,112.1583539835258
