time,s1,s2,s3,s4,s5,s6
0.0,21.81512428192474,27.071543945626082,22.868294105112362,18.37257507644942,14.760864049973005,19.617224243450213
1.0,57.20592716881667,75.61292168350693,109.85647731519312,56.915990967570856,70.57455598133889,107.60292277631417
