time,s1,s2,s3,s4,s5,s6
0.0,14.362806496459704,7.9068600161878795,24.261757464176174,29.074216365493314,9.735432693974197,10.578791528405219
1.0,55.86576693674331,87.69080001246705,117.87242557955221,52.984390279832326,79.6760344558353,106.68961096843569
