time,s1,s2,s3,s4,s5,s6
0.0,18.355682922871548,21.280401979769774,18.47917032463214,21.00776510004493,15.972942008283086,32.24370422041757
1.0,63.20025397024464,95.31278670408878,140.30119014816606,49.66973036623742,92.03124506948632,131.76966894185028
