time,s1,s2,s3,s4,s5,s6
0.0,18.845490023545814,26.620389226321304,16.344485300951032,18.424662459501757,10.434748703938148,16.357987418970602
1.0,59.04645335995228,68.5691911594948,104.38784108707135,53.84947026658999,88.12016078773881,114.45079388783508
