time,s1,s2,s3,s4,s5,s6
0.0,8.73446239782638,17.326957803180818,24.17163999973508,21.79336119777947,27.042228417559897,20.348074862587993
1.0,48.60634953365448,79.39707737223301,122.2199986290001,53.97800426762889,86.62553560671968,99.93375687953593
