time,s1,s2,s3,s4,s5,s6
0.0,28.159710445903094,19.24545522807337,25.476314306496043,16.02533768880399,17.849346099745613,32.152732617899204
1.0,71.146841641702,89.30897072002547,143.230843430968,70.13464450262508,97.75770705695739,138.45709407762575
