time,s1,s2,s3,s4,s5,s6
0.0,20.989886811979513,25.987249137608615,20.15251620599078,20.87365094324204,23.67966074549176,30.458964619533578
1.0,52.41870539883298,94.13672536841085,123.94098221235618,60.96279199819615,76.76549442040476,123.13015409789742
