time,s1,s2,s3,s4,s5,s6
0.0,28.892700536109547,18.45160257790286,15.258027448365183,18.1749394700304,25.92631769231218,22.716169184984714
1.0,63.13866771754619,78.24051694469165,110.15794730510129,54.391379334281126,97.43725725255885,111.81926070664426
