time,s1,s2,s3,s4,s5,s6
0.0,28.00774556573942,19.71351815414447,19.168384910161862,12.953821406824883,14.139951901138204,17.518469740283706
1.0,59.37018984815258,94.5548512939898,122.83345874872377,53.20817694204998,91.73190530239326,119.31715234384225
