time,s1,s2,s3,s4,s5,s6
0.0,22.167992386806297,19.53123179277318,18.056613221596564,15.781708254587897,19.545055372527102,17.976275598956494
1.0,62.496155841281116,74.56143996534553,108.16170265591654,53.56009464500905,82.95173882640125,114.99151871022805
