time,s1,s2,s3,s4,s5,s6
0.0,11.958535489258491,24.17149097807519,21.034436730760312,28.962953263037928,24.310172356447513,10.128898653461953
1.0,66.57830544103248,106.55752251602209,133.14955058861966,60.00558833059721,111.47827188837917,130.6357379613732
