time,s1,s2,s3,s4,s5,s6
0.0,17.23546672651558,27.518430873358273,20.815884344418095,13.902816292506646,12.189403023531161,13.286595356771013
1.0,63.011932114383406,78.89143628348684,114.82736169489068,49.442926626152165,82.71790292221317,110.91256790171245
