time,s1,s2,s3,s4,s5,s6
0.0,23.3986790263218,23.079951867834765,31.175355825210566,18.76181999505902,24.699214258435312,16.421756994415457
1.0,56.7330235761739,91.68092248998892,126.82957535570446,57.509801700995475,84.73202692774004,116.20987913509082
