time,s1,s2,s3,s4,s5,s6
0.0,9.808162262766695,16.476300234996426,15.40949722704167,29.829796691141162,22.03575336250629,19.17492141241455
1.0,46.864709398772426,80.29134214913105,119.0617901851419,52.706475943868,81.769104122168,114.85999034940599
