time,s1,s2,s3,s4,s5,s6
0.0,22.288663068479398,28.99284371168483,19.172315264231123,18.2724075425126,20.83129912583513,22.378444772087605
1.0,52.978390743839434,88.77319943901844,133.14032917289111,68.35888384070014,92.50703053966427,122.67571112019911
