time,s1,s2,s3,s4,s5,s6
0.0,26.618456730773733,13.495732964279265,18.429004069426682,22.99653287410123,15.951039462935295,21.709677555573254
1.0,57.086833925900855,93.53569428108501,124.31168810772424,61.797547455485606,91.06197264475975,125.63400249231547
