time,s1,s2,s3,s4,s5,s6
0.0,9.106548771189857,21.89323605467786,8.06770222580222,15.581801191568346,10.901532053507196,18.337180182456834
1.0,54.64441302863723,91.95070808647698,108.15930187297162,46.55068866585623,96.82089292037155,119.56226171839951
