time,s1,s2,s3,s4,s5,s6
0.0,21.518669516350307,22.32486261149119,16.460948752985296,14.25060901499134,22.64104947227154,19.618670611643115
1.0,50.78158744242316,79.72980505553727,130.73238975240596,57.6709900619433,83.05872752625362,114.09111293013906
