time,s1,s2,s3,s4,s5,s6
0.0,21.11548845235457,17.982461135679102,22.564780080814877,22.007232930697846,20.84090656293454,27.702177244807196
1.0,54.20639702944784,80.45885581963033,106.14200516382148,55.88486226042368,83.02983704206086,114.46195333503385
