time,s1,s2,s3,s4,s5,s6
0.0,14.700331366418444,23.089333601577664,23.782707512965807,23.584413340275756,17.771046568870247,13.952035530064755
1.0,62.130308160473454,88.62294222785526,139.31717050601063,60.24502147362919,104.94489220153831,136.70415175557733
