time,s1,s2,s3,s4,s5,s6
0.0,20.66936119734277,23.074676528284975,15.191242216384387,17.7798603536404,24.32093128928376,14.267011464480591
1.0,58.36378212046154,86.51057682449918,112.76433888971516,54.2370235367346,91.55739355662219,119.24159259214504
