time,s1,s2,s3,s4,s5,s6
0.0,25.978601706645506,28.698797943224577,18.219756463133432,28.593747532445242,20.148730529685842,20.232416182062536
1.0,53.007476921323075,102.9508801739694,116.50305222225744,49.102039515876044,95.06093059092386,125.9650198976099
