time,s1,s2,s3,s4,s5,s6
0.0,26.895491243202088,29.159049940420914,30.269939627843783,19.079215658833867,10.610597825490585,18.498622449184
1.0,64.61596899990855,101.21205489258773,137.8811912132258,64.65969483712446,105.71786358853734,126.00831219137253
