time,s1,s2,s3,s4,s5,s6
0.0,21.31447977820864,15.558326161501688,26.562811748433802,12.569435919843993,28.55125784910376,22.95543089366915
1.0,63.56148169786266,99.90872023345676,129.358966319077,55.12175672568777,94.85255640099724,127.48010196606998
