time,s1,s2,s3,s4,s5,s6
0.0,33.95602360238078,28.691206298964403,14.78770570289506,12.075490101018037,11.684593540857893,19.87160043212695
1.0,59.93811153688013,84.80919144256747,117.29994651913971,57.377848191795046,81.232256579728,116.09973334101666
