time,s1,s2,s3,s4,s5,s6
0.0,17.307720950656158,19.87374062434777,14.907363392348675,14.017279957482474,19.992540124663314,24.4029151787688
1.0,64.82720719464315,74.26428979205917,112.69845062606679,54.608162222995965,90.19731926586769,131.5724135421808
