time,s1,s2,s3,s4,s5,s6
0.0,19.65570417882821,13.992844413724583,25.23869028305291,16.429196896307268,17.384907405194646,9.767483718931702
1.0,56.190295576891124,94.18166818132592,131.6595701846996,75.27223077187266,86.44096529676375,135.68561401014674
