time,s1,s2,s3,s4,s5,s6
0.0,26.3625966079347,9.792695863336496,22.127561697043056,19.664965201398946,15.926808785779095,16.004622948636815
1.0,41.260193470862525,92.94180867160493,114.07937411218747,44.3429427691689,90.343349496849,116.66236388261856
