time,s1,s2,s3,s4,s5,s6
0.0,22.20768675503676,15.137040080941963,23.135309324233397,19.95126747694017,28.96568245668344,23.930746503530447
1.0,56.76411691634469,86.87618945249605,123.69853469925884,50.718063327907636,96.22340063609845,123.3468302574466
