time,s1,s2,s3,s4,s5,s6
0.0,22.278056944392183,16.186739177696193,17.617816228642244,25.84646839080735,13.789945027224375,10.681001546461243
1.0,58.681565090729066,84.56914279836558,121.90313113956375,50.657141970715536,88.77048116472196,113.21085843571865
