time,s1,s2,s3,s4,s5,s6
0.0,11.98692828821825,23.629658811884664,25.44339273779535,20.534416230328617,22.052641668515758,14.044472707763903
1.0,52.95628847609839,87.2369598600462,125.77133871058301,60.36193876663492,81.78725952587031,111.73956701401733
