time,s1,s2,s3,s4,s5,s6
0.0,24.468453304258208,17.866564287264964,19.085681752890817,8.962638138342745,20.549843249672822,25.859309157342942
1.0,54.35819009534443,72.41516787254554,94.52939945554719,42.65935735280038,76.2238099213481,106.27235096121458
