time,s1,s2,s3,s4,s5,s6
0.0,22.37344746444889,20.789839012616824,21.163343390848063,21.894143639073157,18.652125668394948,16.33048540059857
1.0,55.18600360654975,81.28512757542987,115.93950727062244,65.18050390663318,91.05228492371079,113.47213231684593
