time,s1,s2,s3,s4,s5,s6
0.0,21.663652973023478,25.80768874512873,25.124407874691613,11.168693217501788,17.394124456561556,27.702225135175894
1.0,62.99604630260727,86.36959155365304,119.90768542364273,51.252620758013734,86.42468291289137,118.95902851094507
