time,s1,s2,s3,s4,s5,s6
0.0,16.555857584789322,20.34801761519884,26.98165613926318,26.479457139406236,20.1181708027464,22.937565455972447
1.0,59.36268977737993,87.51816113982025,118.21584128860138,56.61234928001222,91.42511798333948,117.33345041868284
