time,s1,s2,s3,s4,s5,s6
0.0,15.942813505003738,14.9525468183387,21.606934581164374,19.690561039166145,20.099738964578112,20.67216538494228
1.0,51.50803207687151,77.30058543831268,105.01569016546665,57.23939340086689,70.90713407290337,92.8022286965931
