time,s1,s2,s3,s4,s5,s6
0.0,27.472186315593593,21.280802770417665,34.17768763811266,21.002444766418424,32.504257746966786,17.67231588513554
1.0,57.95098635349201,91.20295339760406,140.15101178902066,57.55967468650373,94.47962868510251,130.81989837075034
