time,s1,s2,s3,s4,s5,s6
0.0,16.243704760705878,8.84874386249629,22.515501785251992,14.273519199623843,12.168559923527962,16.754964610456774
1.0,56.63266024122089,94.01130539709949,118.95171438111045,62.27379266398039,92.06380864444337,121.95710819981238
