time,s1,s2,s3,s4,s5,s6
0.0,11.227034153051994,14.88857954771291,22.45743608199547,25.83155069823919,14.742089620231718,19.08525665851693
1.0,53.57115538581137,93.24395502327876,117.9509047444749,66.52050005034779,77.41878008372362,113.41343115880498
