time,s1,s2,s3,s4,s5,s6
0.0,28.902582913731642,16.57522585024716,28.788682126952587,10.028895881103729,17.351481321510807,18.664251307356214
1.0,58.45102377563683,93.03738166374903,126.83150328877117,58.452959637382996,95.95367650890024,127.86851676067742
