time,s1,s2,s3,s4,s5,s6
0.0,15.05745711583571,17.9494169073439,19.217454674639654,17.400886793742007,24.775089773371484,11.420866089733332
1.0,44.30807407382497,81.7407778333268,107.29923103580961,56.592343616513055,82.53108254439985,111.61147675681609
