time,s1,s2,s3,s4,s5,s6
0.0,14.18642936186226,23.042388995035708,11.642236937929079,13.494287791829912,7.632630247985675,23.947413549624052
1.0,59.62928738001924,85.14057733811673,127.25899628567058,52.519049178670805,95.75389532840848,131.1424865269228
