time,s1,s2,s3,s4,s5,s6
0.0,28.582951060944062,29.108805384411767,14.251139597541545,23.862689619682,18.76678838018942,17.485624461324843
1.0,59.77550830701455,97.30205706459417,118.51036306411788,57.028665632042284,88.05163394732585,118.48970960483022
