time,s1,s2,s3,s4,s5,s6
0.0,22.64626305372429,18.950194588304416,26.556039693852597,13.651493910812043,12.578614771346288,19.4992105971151
1.0,46.51759809980764,84.85775691409862,112.16647594910587,51.73440913951538,80.54412277542379,105.6393260992427
