time,s1,s2,s3,s4,s5,s6
0.0,22.96381349233927,17.69183223555399,9.046707618342879,10.812476147026054,17.936034346557562,23.602358251697474
1.0,54.458048590865424,85.39231958141345,113.33756232968199,51.43407929938421,76.31606337470774,107.3757056789375
