time,s1,s2,s3,s4,s5,s6
0.0,14.592571020058367,24.115766088669552,19.238235125839175,10.97794301700819,21.38863819248385,11.243595657934442
1.0,64.24214337775156,98.2624644723287,125.05328410038825,60.05297551324782,93.22666856671626,131.36165706047487
