time,s1,s2,s3,s4,s5,s6
0.0,24.00222579892819,18.00557974728282,15.465432163692569,22.470678862768093,9.214110681682548,28.721569899034986
1.0,62.90432516714277,101.91651217602572,127.48484860500115,73.27976125650733,93.11679401449722,137.80964548359736
