time,s1,s2,s3,s4,s5,s6
0.0,6.607700246017185,29.47518506811209,10.576731882625245,14.895395788794838,13.277287773385272,22.901010397358764
1.0,42.99788402884668,97.37381852849396,119.82003904823665,58.18053724983114,86.8975160127333,120.97506898850416
