time,s1,s2,s3,s4,s5,s6
0.0,20.972178225150284,15.521283918801355,17.183509428219047,16.1154521333026,21.24154556871578,12.985686447145351
1.0,51.50006816296174,87.48507192471901,122.63394090708478,58.81598863853528,103.71990754107286,122.83262629924695
