time,s1,s2,s3,s4,s5,s6
0.0,18.06212941410635,26.901155104972325,24.765736601198313,25.50256734751521,23.631168374430807,18.52654497607315
1.0,49.208814524364016,89.90489702191029,111.73484395526185,53.39683451824496,84.32296997042724,120.1594910059906
