time,s1,s2,s3,s4,s5,s6
0.0,16.438091872764275,27.18716668324096,18.034650883215544,9.225662921297609,15.694502996368577,26.40014278553224
1.0,65.54406295529475,91.5492305828424,124.90688205635382,55.48330236362231,81.30880234053015,122.47841039683485
