time,s1,s2,s3,s4,s5,s6
0.0,18.708203616363345,23.218221895356628,22.282176624332962,22.609921621499137,25.78593393762464,15.523850947906764
1.0,57.495131886099585,78.702804122695,110.34439738578838,47.037994044987165,81.5620083809136,112.64634083461749
