time,s1,s2,s3,s4,s5,s6
0.0,14.910666853514611,16.877391037613595,16.078302214165852,9.045743307731389,11.010880135709316,26.90580856889264
1.0,54.02376364911011,91.57166783868679,113.43961889855507,45.753055263634465,83.76732759400934,119.46179072085309
