time,s1,s2,s3,s4,s5,s6
0.0,34.182844276199795,17.458179863762744,12.644856654758692,14.91674600651673,11.211668804587628,19.031016428848222
1.0,76.74317780980327,102.77524623553057,149.44823998803625,63.47934935449177,104.21452574685172,157.3577328991463
