time,s1,s2,s3,s4,s5,s6
0.0,24.996448098503492,18.3902559455657,18.38820153106349,12.673900374608367,19.085003860290904,27.802084565191496
1.0,62.565020372221014,79.33638386566253,117.28298556942362,43.010464683207154,89.81210888910842,114.3284856925275
