time,s1,s2,s3,s4,s5,s6
0.0,21.138529995522997,8.491795060594722,30.11008865522578,22.37711242643656,21.5396439895998,22.86788963006959
1.0,54.29144320645463,84.69730249433589,124.65057754804042,63.04006332485157,85.07169282883558,122.54103799737217
