time,s1,s2,s3,s4,s5,s6
0.0,25.66952787681581,38.02340573658536,22.139398609659327,15.287598856439072,20.698783070315397,18.808853505169285
1.0,55.94931828892067,91.7142226920318,128.69567822672204,58.887378347739826,100.77581703860048,117.48805385840156
