time,s1,s2,s3,s4,s5,s6
0.0,20.225308115704443,22.304519101396192,33.038066577986754,30.24408866699634,22.072947759884634,19.721728498526204
1.0,40.890151790056684,88.00268023920368,121.24104369097064,60.25156804786937,82.15527609172659,112.66822085646899
