time,s1,s2,s3,s4,s5,s6
0.0,21.663630479347187,3.9667716740516177,22.070453525843515,13.773795467893727,22.317680377686866,14.254526680005846
1.0,59.36876132524478,85.55965070396275,119.28215835043157,44.22992339049027,93.14657481406354,115.51496877140718
