time,s1,s2,s3,s4,s5,s6
0.0,21.273345250301677,29.48915497961258,22.228377283727866,16.41124955095057,19.625684598181167,17.440189854225174
1.0,60.19081166529822,99.77000165286557,148.91850622578934,53.183754091322484,104.85953924288991,143.5810147782268
