time,s1,s2,s3,s4,s5,s6
0.0,12.773614304773911,36.06534358716966,20.325386711052776,16.28218208575187,20.653371864247845,15.202813296132089
1.0,56.28202063832612,94.44449274320263,132.11018238971738,63.05927817826555,94.17044944513519,140.41945005147653
