time,s1,s2,s3,s4,s5,s6
0.0,17.31636920726024,17.49790841648241,16.536762343020417,18.93503648030514,14.967264258723434,26.591204578193665
1.0,51.31691326437685,101.07761453863934,127.98261032279638,43.7064656354083,88.80650619138436,128.6680836225141
