time,s1,s2,s3,s4,s5,s6
0.0,22.653066434667508,12.911746471967698,12.279691321636763,18.710804290933865,17.99404299962366,26.3256700822895
1.0,59.69719884946952,102.06991821337868,135.61651623195831,56.487935443448706,90.14856405828404,123.20394596618195
