time,s1,s2,s3,s4,s5,s6
0.0,14.116339756005559,13.98097753494455,28.55626160934826,24.833687944449252,12.177428572983967,11.589592294679417
1.0,52.179328347094675,90.79127271244234,138.994265338538,80.75258269932098,102.798502175104,125.68205713875446
