time,s1,s2,s3,s4,s5,s6
0.0,23.8681302994462,18.38505403994214,14.527151711829019,21.547511298854516,0.9188721531441857,20.246801521318336
1.0,64.47849595082388,91.33712968371916,118.23851033325037,50.97078442782458,86.23380171230185,121.67764804754016
