time,s1,s2,s3,s4,s5,s6
0.0,20.942089453081895,11.98906886909482,20.372101053674758,11.926014188586269,11.26984439664696,19.654338985953228
1.0,47.86457893052252,82.07631056299378,115.17874696550822,60.19998110294763,75.16903168339704,113.32056503759853
