time,s1,s2,s3,s4,s5,s6
0.0,22.001298523434635,16.12337565506467,19.752378394833684,22.95169588985577,17.236114925882884,28.514622950773127
1.0,50.742972215130216,84.21341595901198,116.19096125274082,51.215785133917194,79.53754039694584,125.25617894619141
