time,s1,s2,s3,s4,s5,s6
0.0,11.536584217772774,23.94439224970487,27.043036689026714,16.95999540779187,15.97426583522066,10.957932295617091
1.0,52.96375488587292,85.32018503406344,127.12411454512818,59.146746291965556,79.18093588430806,108.51180321241826
