time,s1,s2,s3,s4,s5,s6
0.0,14.103853576684978,14.755758607765092,21.26345572771269,23.368088241339013,33.27610098080323,19.85751684585125
1.0,64.27373596494944,101.9156282760636,142.2367202966294,68.2323845236281,106.34383529724697,145.50753316813808
