time,s1,s2,s3,s4,s5,s6
0.0,20.081310724699364,20.81223302294275,28.212062490711617,6.501116759506688,20.054048113869985,31.64728783198992
1.0,47.39953701233049,89.44983992694662,110.72084474937786,50.53522558610347,84.68384340611911,114.0437017257116
