time,s1,s2,s3,s4,s5,s6
0.0,20.355508798290316,23.077250211643197,23.145230714612477,14.679969814494939,19.908767666721708,14.80029896867406
1.0,45.33920027487058,89.84001549160902,115.61176962799462,56.14841503039661,84.29012556537347,116.02714199970384
