time,s1,s2,s3,s4,s5,s6
0.0,21.16833202596972,14.161137410868406,12.856837621385441,27.555593727113546,18.17950388323616,25.158079734592892
1.0,62.57829921156491,100.89523954360469,139.26169711541328,54.5834594948068,99.75838834089468,136.5020172826384
