time,s1,s2,s3,s4,s5,s6
0.0,26.877548549512667,24.50146318991806,17.95222684218186,21.983579461065368,19.156448638418947,19.227906764555083
1.0,58.12005748217979,79.68553511914165,110.4662803732544,53.795441832104366,84.65986103363416,110.90306099275489
