time,s1,s2,s3,s4,s5,s6
0.0,20.334962848579387,18.132576348288982,22.312104591867655,8.942202855013358,16.918217431950758,26.89263395542232
1.0,59.03470467399652,93.53137692109354,131.29714935706627,50.96755465639953,101.85802347433582,142.50214276849113
