time,s1,s2,s3,s4,s5,s6
0.0,29.43360798590134,16.547001504239518,23.821929650262533,19.29025579975223,23.654018550697938,21.18591410453847
1.0,48.945735365076104,85.9261332104787,116.16589492727844,51.1600609661799,84.96990369005086,108.20142949300936
