time,s1,s2,s3,s4,s5,s6
0.0,27.124499622865045,12.599411446444336,3.848569377786344,13.885465260284999,19.882605049080126,23.059334418302853
1.0,48.30682519131799,70.94718987464196,111.56263420070333,46.64095392610597,75.8632748766052,126.00139749022848
