time,s1,s2,s3,s4,s5,s6
0.0,25.770251500415856,14.912291222239382,28.883119278683978,22.72728015958214,16.59231840770329,26.504314253231122
1.0,50.671121700797585,88.20842943809859,116.52404768681129,55.8564498353942,92.48977242281255,123.99487024061501
