time,s1,s2,s3,s4,s5,s6
0.0,10.329474273989263,20.594269418269644,24.580131097521498,14.430370464612942,19.371079587667502,15.044119279027825
1.0,63.00910690446672,87.73291903081397,140.23572020613844,48.09050548558001,103.88155496887927,130.23552647525236
