time,s1,s2,s3,s4,s5,s6
0.0,22.388858625165383,23.122468047505933,21.90949936968796,9.125330183230945,21.887107366788985,21.329302509090606
1.0,51.31741862462447,79.06616802981284,123.63638859014516,50.824244238219926,98.26694222483019,132.47981497271851
