time,s1,s2,s3,s4,s5,s6
0.0,16.255912231201908,16.60056344577606,25.011542671780244,17.82349383388185,18.076309551163703,18.827998160629566
1.0,62.76071461452561,87.84520485905536,121.18808682081983,62.452559545795985,85.30645862199509,121.7796024261645
