time,s1,s2,s3,s4,s5,s6
0.0,19.655307126301743,27.14845936207225,20.97089410550628,29.833109879694803,22.39406813353237,22.32525466169431
1.0,53.26752471017891,88.73781223961078,123.99350492669586,50.49428950531051,83.32731710284907,118.36020536029504
