time,s1,s2,s3,s4,s5,s6
0.0,22.044624152755286,20.198462941134036,29.584791230629584,35.90849255685002,20.901997154489308,13.509708644710104
1.0,66.64591789173618,115.13534597807855,149.81687067186022,68.8951116528856,99.91527514832944,144.29673530712122
