time,s1,s2,s3,s4,s5,s6
0.0,31.69212188272504,29.119688484945947,20.36540301230595,23.561513438401448,24.241736979778764,24.209051078685956
1.0,53.125520572534455,91.02800033098099,109.47102362658597,50.85876220968197,77.10345088695081,108.11861226470216
