time,s1,s2,s3,s4,s5,s6
0.0,13.493321196440185,14.858412245367408,8.569481665819355,16.197509846329677,20.755053150266313,29.010531799992812
1.0,63.893476997818375,102.2952508264463,133.9236351913302,66.57386289113416,104.17334160788194,134.3830907160187
