time,s1,s2,s3,s4,s5,s6
0.0,11.354074712007554,13.710766347278138,19.186273495300423,15.507133096898327,15.531280305836951,21.61923341316338
1.0,47.7249377871422,84.82506443315233,116.3818340243569,59.721512139869006,91.54339708351779,126.10489112870513
