time,s1,s2,s3,s4,s5,s6
0.0,5.435589637936571,24.41589467239461,24.859928645611014,9.517951107911461,19.156771637131918,13.715128942558232
1.0,57.25461754150853,93.35542932816676,128.7459406098014,55.29000028193759,96.23723149247995,121.71643541520841
