time,s1,s2,s3,s4,s5,s6
0.0,12.355191455525032,26.965233046165324,14.916017360671388,13.424392808398103,31.867084924428315,24.635581631505747
1.0,55.33477093885801,78.61849747412745,104.43550461146482,55.893776900668364,78.3233148958457,104.58713142791537
