time,s1,s2,s3,s4,s5,s6
0.0,23.917141170330808,20.69810255212382,18.274668829584446,16.663265198818596,19.93803723202039,22.80777551565402
1.0,58.555868918002695,95.66311317200667,128.73721596641937,59.512753054124374,90.31128098889683,114.34342742324057
