time,s1,s2,s3,s4,s5,s6
0.0,21.154158972262746,17.346776568480376,23.247006266245197,18.373645508513462,27.678088261910876,17.55403164780453
1.0,61.43514386473617,87.49160461708756,118.00825237998592,66.04166090232385,73.30181610460907,100.89994418904921
