time,s1,s2,s3,s4,s5,s6
0.0,15.330574116046822,33.82017517181542,23.43235204127905,17.12857822048824,18.30700953264721,18.338140188645063
1.0,51.689701274584905,91.99578715014674,119.4362764823806,51.84567208108416,81.39512824837281,110.10683747295539
