time,s1,s2,s3,s4,s5,s6
0.0,20.090870518284007,22.68630997871589,18.152017093698205,18.62486009021338,17.45170940788865,20.21012442752995
1.0,52.916854024885446,96.5653919674815,118.8612195913423,59.60408728641311,92.20357133866615,129.29781070224075
