time,s1,s2,s3,s4,s5,s6
0.0,29.140919484629713,10.974771548269498,12.656029162585101,28.0094590581341,22.266411093482656,23.88786157388855
1.0,70.75122521029364,95.95251680066856,143.88790705580823,64.70705723990653,101.55128041072143,141.77191013837015
