time,s1,s2,s3,s4,s5,s6
0.0,17.167310703790015,24.95345017495386,13.230110187534134,20.386683371922278,20.131697230763127,12.576348632073067
1.0,64.22707798709477,80.71592850880266,121.75413411768443,53.530332430706906,84.32778909320746,110.37599821032167
