time,s1,s2,s3,s4,s5,s6
0.0,23.205961275608118,10.926147718288465,19.903296134077205,19.18522702677467,5.3401227560728355,17.483339357563615
1.0,46.62999686458367,94.21913454654421,98.29678462342721,48.03768075300221,69.72855223522133,105.76240754763928
