time,s1,s2,s3,s4,s5,s6
0.0,11.331495711772657,22.89267634624244,20.442246636893767,22.952428780814465,14.097560850746932,20.592907427816524
1.0,51.430821941128876,77.98460630088962,118.61233824021326,52.811563808756944,94.36413498882484,110.268581519663
