time,s1,s2,s3,s4,s5,s6
0.0,28.33285910547162,20.42441745667356,16.513937298264192,13.720878097001648,26.32775823686736,23.129942353612158
1.0,50.14238683915859,84.47730016654623,119.52783320492136,57.351873596749066,88.253758364213,120.34334000397303
