time,s1,s2,s3,s4,s5,s6
0.0,24.907434000156005,21.173144472264077,22.663048381285723,27.068910037798393,13.119206174034604,21.081228304188162
1.0,59.205724850978996,80.89385768350832,127.75967020913902,61.698178410123106,86.74510019691327,124.1785232775378
