time,s1,s2,s3,s4,s5,s6
0.0,20.13011003930269,25.328995718170145,19.296074332662474,16.579681761196277,17.977031569286428,15.397988969316732
1.0,55.124182077794565,113.58272253563108,162.02692015201762,67.64591419662217,119.07171880695107,158.94704091931513
