time,s1,s2,s3,s4,s5,s6
0.0,15.59244271379091,10.202930062867683,20.61558883174204,10.960039369478121,15.550345728344272,6.057265624007563
1.0,66.51299013341516,105.60347528239501,146.04065231032448,60.06307000886767,105.33220769701946,136.29676032249023
