time,s1,s2,s3,s4,s5,s6
0.0,29.097034568717458,24.709448347720524,28.20914022039617,24.297115922155367,19.46394642412902,16.526190682681456
1.0,71.5833825696028,95.67051940798171,132.50736591055076,65.39818098461396,97.58378205213394,140.04580242685515
