time,s1,s2,s3,s4,s5,s6
0.0,16.113457000051614,21.233892408705735,22.128153354942956,19.124470547207004,10.91895488337927,17.161006499998344
1.0,49.24530970606014,96.90596173854705,121.85234241703273,55.75109441317397,91.08271890867454,126.16427454460613
