time,s1,s2,s3,s4,s5,s6
0.0,17.39676138607046,14.779763305942824,14.06615132552437,28.136638988639646,17.737863932119616,17.07141506955827
1.0,66.76846105823199,95.43190325653885,131.91271571795326,58.8138660535002,104.37475310384994,143.01112122591033
