time,s1,s2,s3,s4,s5,s6
0.0,23.622558395438492,7.590908091050849,25.03965324062699,13.542306745330604,19.007369010762808,11.928702348370052
1.0,70.19958401061378,103.3954191676623,139.38763599558482,54.64994673172353,107.14886046168141,128.7638400222281
