time,s1,s2,s3,s4,s5,s6
0.0,18.448228123301096,23.99709987383835,12.440738727735852,14.608491473896578,15.965455503542376,21.861904189439212
1.0,62.6053552046422,75.89239804933473,114.80518603578746,51.01715460269502,104.06498562298489,111.81367436489052
