time,s1,s2,s3,s4,s5,s6
0.0,21.355235039289013,17.528681842912285,29.95642860282791,27.36513699480944,24.73398839852792,31.748781899845994
1.0,53.50096490275579,79.70899470247132,113.77450902688904,52.61621328910881,89.09506068078261,121.19942702109725
