time,s1,s2,s3,s4,s5,s6
0.0,25.55704617491756,20.83103356584269,23.18891887888792,17.083506304125656,19.82646606301327,22.33933618315964
1.0,63.68229410308226,101.96960854024812,128.55313823645832,59.72828973270728,91.27798134606756,132.2769228536966
