time,s1,s2,s3,s4,s5,s6
0.0,30.99209902537605,23.721709351803554,23.810000247044396,8.07642976216221,23.15620346792516,23.11880508435287
1.0,64.70544974886921,90.9404285712306,128.21077612659872,60.92671233537097,89.46115377896346,115.70100238293142
