time,s1,s2,s3,s4,s5,s6
0.0,21.45482178618668,17.893012622517837,32.832198146976395,11.497614372564584,19.63398970282106,11.716548792788885
1.0,53.799176675657726,83.90551798973796,114.3622019365398,47.94188075785935,73.70566287792636,102.26885219168045
