time,s1,s2,s3,s4,s5,s6
0.0,12.641364382251044,23.185526974915035,22.671747637917775,22.069452034457054,10.519553570277079,16.61406437330424
1.0,51.17888130320401,88.56334665486214,114.07381180342679,51.26402866887988,93.0124287129067,127.46214580829017
