time,s1,s2,s3,s4,s5,s6
0.0,21.40114764100466,16.7967513529566,18.6482223455964,19.980743870426807,16.217492987171752,13.186538053440998
1.0,53.528210908611975,90.18850163380202,122.10739943041196,63.193423182304045,82.99296144572405,118.12139577892765
