time,s1,s2,s3,s4,s5,s6
0.0,11.376760698290052,16.425914491315833,24.163229006259453,28.67876853667253,21.52855737392084,20.633843554129882
1.0,52.91067806242641,88.81666365169588,121.76393245177951,63.218469197863,98.45005214023972,123.69923958117687
