time,s1,s2,s3,s4,s5,s6
0.0,25.08241558695572,26.294787142699874,14.103279530621073,25.928662821541344,28.521956219948976,31.936936639808792
1.0,66.57011815198193,94.44483367936586,126.5364082489962,66.9448697123392,84.09974209039277,129.68182713481747
