time,s1,s2,s3,s4,s5,s6
0.0,22.64374244842301,16.456390285473635,13.285275263671913,21.392907202793396,19.521579465880453,15.80411860194599
1.0,47.23136246839401,78.58766498434977,130.5704606094488,54.94724981614939,89.64013477887785,120.10660015974887
