time,s1,s2,s3,s4,s5,s6
0.0,18.61438541871255,16.28834479375837,15.586955762018103,24.56132808325878,18.64499249529327,23.16512731965287
1.0,55.72988794518334,97.20489474683296,130.24608859807037,58.96981354650181,95.35988097143668,126.41991581764294
