time,s1,s2,s3,s4,s5,s6
0.0,24.105213657955453,22.65590022655968,26.010299451461872,8.26761138929773,17.26854046496189,18.0948590595257
1.0,59.919944756948496,95.59374377747201,131.73764124373045,57.620310024697524,98.83858528338672,127.58016085047409
