time,s1,s2,s3,s4,s5,s6
0.0,26.002233026507763,15.169172992782507,15.101857874169863,28.50297083634269,20.77507220956238,15.202937257451755
1.0,56.15002850016785,93.83571322577565,125.68346207255618,67.30960487644906,90.45116243351781,128.00653740807016
