time,s1,s2,s3,s4,s5,s6
0.0,14.875758355345823,11.409698094505114,24.733474630060797,11.167362192836212,15.922508275977561,11.296228799448269
1.0,48.11255076086843,85.76572398102022,128.5134216967629,59.30330710929432,83.88324138687383,121.7627657803819
