time,s1,s2,s3,s4,s5,s6
0.0,20.55617876321553,23.791335482670664,23.388770557176308,19.726450389936293,23.208251486196602,21.657823403213182
1.0,65.96011180742066,97.37769553418221,125.65132166472713,68.26918240598516,102.37923925075248,127.13152970884971
