time,s1,s2,s3,s4,s5,s6
0.0,9.969471718769478,22.888726951108815,23.719012736235104,24.631862353099944,17.517316959274613,7.191554922429261
1.0,49.678564741823095,91.74988179094481,107.05210550584844,46.94065517659242,81.59846641896323,113.38546583625826
