time,s1,s2,s3,s4,s5,s6
0.0,10.958158940240057,18.884940239299542,25.63007154797236,21.913115712340584,11.21750809268342,28.74904440784637
1.0,47.22460855728325,84.18216034083899,115.94567491468612,63.374593201019024,100.92163619648888,126.89107941351196
