time,s1,s2,s3,s4,s5,s6
0.0,19.801081996960896,28.989365271173035,24.36042872605476,10.506984923923808,24.70336356383968,13.481959221285868
1.0,50.48883320500299,77.508751073312,93.82705038430065,56.49236090271037,84.5983357486938,104.68566731987076
