time,s1,s2,s3,s4,s5,s6
0.0,27.60872672825647,18.575347526775026,16.910386522021426,18.86019627633928,19.73771945587362,26.370307853193605
1.0,51.45574887927969,93.18895442292556,113.79126731263088,52.38248261780364,87.43699807282225,124.3477903391132
