time,s1,s2,s3,s4,s5,s6
0.0,19.79215461943727,17.56651422986017,23.016236857018434,8.7687584432457,22.542552338023402,27.291075013542603
1.0,45.83834473579013,79.94511817319722,113.86248052332024,54.958222530689305,84.59628189190096,118.24366962672882
