time,s1,s2,s3,s4,s5,s6
0.0,24.618464451135726,20.254492658639315,17.670188109273703,16.674462833369763,14.876940394027258,19.346189253268516
1.0,46.21140390329995,70.15957812036018,101.58347181099006,45.55623264415226,81.69078494712917,109.58782499057043
