time,s1,s2,s3,s4,s5,s6
0.0,19.94915771195524,18.266008689073075,30.538655116613693,14.97384092274756,16.636797870013783,23.642617468509876
1.0,53.829474966920834,80.81705650678133,112.64339730389776,52.85715251745616,80.95895508466336,125.99071526813552
