time,s1,s2,s3,s4,s5,s6
0.0,14.565254765526273,20.495455117390627,21.38529579330204,14.410713232052643,30.731838090636668,20.07994100311818
1.0,53.11647444099024,80.92245416365148,115.96121462473077,43.81159644870522,89.16546116288087,112.40977091103517
