time,s1,s2,s3,s4,s5,s6
0.0,19.45323621982735,21.62669014006294,23.939256571396477,20.92546642189304,19.566792806366813,19.819175750707444
1.0,61.825382322459596,90.96179090533286,110.75652269400385,50.867322066829686,77.05798114480322,109.9534539819143
