time,s1,s2,s3,s4,s5,s6
0.0,17.18762309424826,10.763252068560487,18.370997752651977,24.490613937396937,20.284616907156025,23.04401300663072
1.0,60.35507148016811,77.20898027300832,109.82272922047075,55.437353144329975,97.85867821966798,126.94503076193828
