time,s1,s2,s3,s4,s5,s6
0.0,24.165024663727728,16.542462416749736,25.316432918056794,22.723967440469174,21.607843676159035,20.84014372494685
1.0,56.63731679247273,80.78047615986989,125.94461350544452,56.262673606415724,83.69619500898052,121.95861701746618
