time,s1,s2,s3,s4,s5,s6
0.0,9.046717422649307,20.625556361998164,16.120095831466372,20.21929764194824,19.435612380453968,23.866527311460594
1.0,45.95722779281081,76.55292203827128,114.32152342496691,45.19126091164041,82.8415197861685,116.76593726078183
