time,s1,s2,s3,s4,s5,s6
0.0,12.43638303251495,22.25671124794129,27.974061802310526,11.987380180814556,19.357146206344254,23.364317498275405
1.0,50.40102106489634,100.75447694404846,129.21502325040493,46.74016880388787,89.0734124536356,128.38371367790464
