time,s1,s2,s3,s4,s5,s6
0.0,10.860088119091138,11.46912799349599,18.351937554369137,18.67802960093536,12.225848301684561,17.38857556506684
1.0,53.747226127961106,82.40080978385559,136.39580867521676,49.12246778173362,92.17878557828995,116.60591757358233
