time,s1,s2,s3,s4,s5,s6
0.0,21.96987771685933,11.263414273632613,18.322472858537118,24.193494171725046,26.382785558399043,16.002947485436348
1.0,55.94314527522132,92.42395549104528,118.67952710219542,57.036537661930446,91.79500415230663,116.15330555477664
