time,s1,s2,s3,s4,s5,s6
0.0,26.476994291301406,21.93364432215038,22.6280902332699,19.944838453430243,25.900122046088498,28.06732489557353
1.0,56.06846014821006,89.01585311508173,121.86062543853345,49.03472063025558,86.97426460526029,108.60378190149092
