time,s1,s2,s3,s4,s5,s6
0.0,24.204092451217026,16.013631591026837,11.59542499400871,21.36770761259748,25.030090695716606,20.00320869757458
1.0,59.81725075059013,79.51253831967456,109.68301574974514,52.70963158615237,80.51344495096401,111.61441706519935
