time,s1,s2,s3,s4,s5,s6
0.0,17.888789551129147,18.830872418347486,24.623810964556036,13.952366405450691,15.7846169370084,24.345812030398793
1.0,55.84578199038025,73.94468472262449,112.76840855726002,48.1205626289447,72.74932156351426,108.84930584989702
