time,s1,s2,s3,s4,s5,s6
0.0,12.895291282813414,12.558073873223346,22.422908554678564,22.332078176866485,23.311860364930848,27.870296259616076
1.0,45.0628774206214,80.62964364563113,124.54020560188884,45.435263459485185,88.91458732120222,132.17407964428074
