time,s1,s2,s3,s4,s5,s6
0.0,15.412222693483546,12.632974945250023,20.07023990089352,17.488494619902237,23.776638940832175,26.7384703709796
1.0,57.183791474616015,89.01065545089527,131.7051961885567,52.123390810503615,91.11344057747316,127.71974141739595
