time,s1,s2,s3,s4,s5,s6
0.0,16.124216005661424,17.981083140757793,20.40251276007255,21.274851776127008,21.54656038796637,26.120209292611754
1.0,57.852008356344086,80.09461219687498,103.50299134261289,58.13447394554897,80.33132295536583,108.63887866309456
