time,s1,s2,s3,s4,s5,s6
0.0,16.166636980400412,25.82666930482044,21.181011392826797,24.189352952286374,25.349909280821045,22.53382735708292
1.0,72.87892414446368,108.34821468633237,126.13127186965863,65.6349088509491,94.75758020604387,134.7168320618784
