time,s1,s2,s3,s4,s5,s6
0.0,18.129223603706887,19.631901817213034,26.543876408328334,17.173939848132722,21.585816238340644,20.728932262589833
1.0,56.83027600375584,89.8261527562623,127.60590737388122,57.2356797184128,84.21711426641782,126.43616922823773
