time,s1,s2,s3,s4,s5,s6
0.0,12.379557136747103,24.026822967584565,10.940620876109524,7.313824911812549,19.11517088680441,11.095482708998905
1.0,58.76457402098447,88.27494220052967,135.83514637870184,50.81483069497161,87.05634994365859,113.59055220049123
