time,s1,s2,s3,s4,s5,s6
0.0,21.425363281775198,22.537104586999085,19.929446781487,17.29909344653128,19.053753172783704,22.210315848566466
1.0,63.48170517832737,91.03105720469036,116.49042672270602,59.819383418669034,94.02770897892641,121.54855719412289
