time,s1,s2,s3,s4,s5,s6
0.0,12.451132264593053,28.99463637228671,23.510649082948987,12.20538334223708,21.18651353086436,29.56705209085927
1.0,53.13985294752676,91.08678996736283,135.43143284249328,54.02208042699182,92.55460471242101,126.8584060208399
