time,s1,s2,s3,s4,s5,s6
0.0,21.153986609160683,12.834805992761346,29.22611804952612,19.68014333966735,14.769495495749405,30.016622368449262
1.0,56.2230875858322,82.37566890716889,132.10259359056823,57.6206404497547,87.23745655045477,118.19076936179707
