time,s1,s2,s3,s4,s5,s6
0.0,18.381707009340083,18.27028276128564,11.31185900385002,15.884455315583256,24.25818945785838,26.733458076285636
1.0,57.130560627191514,89.16263145336781,120.39092908680503,54.692239446756304,98.50957304430142,131.3988556360669
