time,s1,s2,s3,s4,s5,s6
0.0,12.928758774795973,27.050692482743536,26.081310650802973,13.177470585046072,12.106452012439153,14.095041316303378
1.0,47.812435907008926,99.46860606863429,134.68421008872636,53.85946172728227,90.38318721811946,125.46155623035364
