time,s1,s2,s3,s4,s5,s6
0.0,22.56196697698236,18.445778626608522,16.292572118629543,13.85508244352122,23.367449529148978,26.549384018931637
1.0,48.9682213168861,81.62442141486645,105.2729939015349,45.41043461385761,67.68102565029587,110.38333975889873
