time,s1,s2,s3,s4,s5,s6
0.0,14.887617372404605,13.95802829512915,19.815809783564124,13.752951238008919,21.14412576119388,29.00121694847313
1.0,58.52346601007726,93.78825066120343,129.93684950533128,64.98169530403305,88.59999222203659,127.31708443882542
