time,s1,s2,s3,s4,s5,s6
0.0,27.483836510616314,20.00277178564843,26.824672917312594,3.713174700459236,14.246108412923206,29.510989222138804
1.0,54.316709296474905,75.52149710601527,122.31135558377635,54.30676322216879,81.15756459941085,109.50714892626821
