time,s1,s2,s3,s4,s5,s6
0.0,19.588682299354204,19.403898897657136,29.27355104717121,29.35794481515757,16.010668070358967,21.46908228271432
1.0,53.76788809368616,92.31576147712737,123.77820859953658,61.65866315028417,92.10528052075487,125.51320465807227
