time,s1,s2,s3,s4,s5,s6
0.0,18.75390477391077,22.334193267514387,16.30918739652766,21.86989173390321,18.79472643774285,23.304590234361562
1.0,47.231913411607565,104.65856334248778,124.88635335497999,45.119681346343185,96.32631743280564,131.55420944216874
