time,s1,s2,s3,s4,s5,s6
0.0,20.76268917226742,21.293199566402517,21.444808364008253,23.345125220056584,13.374860328184784,36.960292662224035
1.0,65.33538318739294,95.79492023958338,115.33522139199697,60.077923077562055,83.80338003997625,125.31324143052107
