time,s1,s2,s3,s4,s5,s6
0.0,19.096152611320537,25.809991435883557,20.6978265098252,21.913936539349706,25.922763548076656,17.69256895517271
1.0,44.047812251073054,81.92761999320112,127.43478712973783,60.60302449828411,85.98573155994886,122.459477654363
