time,s1,s2,s3,s4,s5,s6
0.0,19.162655763770633,27.645618500251082,19.099303708616908,19.31448761609033,13.882351361796783,21.53049004273608
1.0,68.81621819282707,88.10127796881964,125.46602923558872,53.460278178909306,97.59072661774987,123.18913994255905
