time,s1,s2,s3,s4,s5,s6
0.0,23.554694638446925,3.8079520722617968,20.779579227391363,16.862096421059764,25.791925533547655,12.450831885290324
1.0,59.95017601450379,73.5377553563401,129.92382906758638,54.27426847641189,89.25923059520957,112.4361625899231
