time,s1,s2,s3,s4,s5,s6
0.0,17.093102816685416,26.81142710740901,23.048294982029507,16.14012869848829,19.75045993893768,16.587869295291544
1.0,45.38821704444824,90.1262999079219,116.3780515524166,59.902049361319946,99.10676930161199,125.64381296635838
