time,s1,s2,s3,s4,s5,s6
0.0,33.51002036342105,26.68865191186864,35.31404849872108,12.509254711820358,21.667495870197033,23.247242918882534
1.0,54.476682931626854,98.86271817262833,139.39243029372022,64.6481598267601,89.96911939720927,125.07153998890102
