time,s1,s2,s3,s4,s5,s6
0.0,10.856950999560528,25.305793478768194,17.8970279794912,22.19932381787207,12.662826725717204,17.43900012878324
1.0,53.52527486740004,92.48906425930092,105.55925810918868,49.29225495105594,83.55962282659682,111.25405252185995
