time,s1,s2,s3,s4,s5,s6
0.0,24.42833162551393,14.919025294499857,18.39166825181848,16.742358172552127,17.543684833000185,16.849668592510863
1.0,60.41078151570766,81.99964709933164,113.9063582056228,48.57480501537626,77.01974309974436,112.10337943764773
