time,s1,s2,s3,s4,s5,s6
0.0,17.795858140160096,14.631401365419258,18.921783958988726,32.73412890172881,24.823821924648062,24.278605334587944
1.0,53.11835908915343,98.07089396472541,124.81507078775073,57.79858219112909,96.12127493787399,134.27359735604716
