time,s1,s2,s3,s4,s5,s6
0.0,18.60493827881928,15.809785339811741,25.853892901760414,23.941079298141812,22.561698021527214,15.221459487701715
1.0,57.76944788534412,79.69756494784777,117.34102705777278,58.472803363347,79.980254712097,109.36965568776587
