time,s1,s2,s3,s4,s5,s6
0.0,20.430648593783086,20.78555518299723,20.101472003255882,26.36633770649206,8.465002940728034,22.946629343405032
1.0,52.496930836790206,87.46111775798938,122.07392968799786,53.89389920581651,92.01557784403818,111.56574885720556
