time,s1,s2,s3,s4,s5,s6
0.0,10.196521690997702,25.132042336740678,25.56249565666988,20.339339073900362,34.65815725102928,16.95494188156574
1.0,51.45748530869112,79.95476131524403,119.35101590019674,62.160863498017115,93.94762141457102,127.5906679819842
