time,s1,s2,s3,s4,s5,s6
0.0,16.789302420229884,14.093796096154461,4.970948588936643,24.58192012113155,13.62081530286314,21.933689305524645
1.0,59.45266649024012,87.67365918817318,129.53385305980638,63.10239251802712,95.67681775951695,128.53439344761355
