time,s1,s2,s3,s4,s5,s6
0.0,21.24010699145369,18.96768537165334,13.224030895430435,18.47101199450488,29.40530169204043,30.91227212348918
1.0,52.028738688981456,90.01520980708537,126.67543014411967,64.06522111073387,91.44954471774432,135.5372266364802
