time,s1,s2,s3,s4,s5,s6
0.0,24.25936584314456,28.956276762723284,17.603320451621766,11.527513267201222,18.929905817529058,8.51254313364031
1.0,65.21442167822396,82.22785539793009,123.89975936064734,57.53134212102755,82.51887907143151,107.11107835344774
