time,s1,s2,s3,s4,s5,s6
0.0,7.385624197770433,21.44479035018911,20.541448143498855,16.041145457579255,20.91201226784014,18.76106423908982
1.0,52.87739469498771,82.73498127748627,111.24011917811895,62.51346935073512,77.93540447661081,118.29384977274204
