time,s1,s2,s3,s4,s5,s6
0.0,22.539462528088123,16.44313730082671,15.168078634264942,13.90915071738651,24.32408319520229,32.44290482868458
1.0,50.78208532116108,96.0736306468273,124.01628465107474,62.28223960005636,89.38509306170863,115.33577530259862
