time,s1,s2,s3,s4,s5,s6
0.0,14.157952800549838,19.006391987313485,24.941091369207307,22.65351671246918,13.586604583892687,24.046041036103254
1.0,64.06497956726375,96.70317798032904,126.41787566594213,59.69672718275753,95.28140358782267,134.58113828944983
