time,s1,s2,s3,s4,s5,s6
0.0,15.956227722345423,17.506521080798827,19.99841377407141,24.8169960209062,22.59063302940826,26.81260871831966
1.0,56.9461864393382,91.39648245705496,129.04813707300727,55.21617168828895,83.41277929153047,125.98882271788356
