time,s1,s2,s3,s4,s5,s6
0.0,17.565473433211224,23.970729105483393,8.43916933929099,24.455453566119978,29.337926269872046,24.54166293807055
1.0,51.8329628507008,97.53799153551745,119.98432739067854,55.634495388838225,97.371264204342,124.16847361244318
