time,s1,s2,s3,s4,s5,s6
0.0,14.922218288268446,27.21624278765547,19.8157255937548,15.076914045889398,25.076042102596325,20.739898208825636
1.0,58.04624058321249,87.14762059899333,101.23918944684033,57.38947439831362,79.57916642038083,111.44394607569531
