time,s1,s2,s3,s4,s5,s6
0.0,17.43062779009429,10.593692453835885,22.79754957048312,20.315476328723086,20.06737588972901,15.302616525540932
1.0,43.46668436847168,84.953126228888,112.74551430596057,53.242305240321336,98.73176949582364,110.72459719585231
