time,s1,s2,s3,s4,s5,s6
0.0,24.6544396096634,19.11195822658988,17.432776340015696,11.364489154631823,12.399396267310134,23.570396457918246
1.0,56.52142974137522,68.26816325784263,118.59012176238114,49.369522964909464,83.15807280386717,118.38555073897497
