time,s1,s2,s3,s4,s5,s6
0.0,24.845618585442526,23.7822694041563,27.274829186763718,17.95040767420656,25.36669557017243,10.939315536561654
1.0,58.46118005379183,93.08172332477885,131.56330984618708,66.14750536026727,95.1807488103521,127.27430374037861
