time,s1,s2,s3,s4,s5,s6
0.0,28.34902673548632,22.19342517188697,28.318904905331753,13.74485028377845,13.281312415299046,26.31657612081885
1.0,67.60084724335627,88.97293909073314,124.04066158947323,55.65421640045786,92.35478554856847,130.60930613756736
