time,s1,s2,s3,s4,s5,s6
0.0,24.90212104070307,27.103549990353056,23.472788001662114,9.426588533659245,13.264766012591704,16.203134447195175
1.0,50.81914346328211,78.91652556376884,89.82488454608499,51.8620398017467,69.19638509938541,96.59935036405045
