time,s1,s2,s3,s4,s5,s6
0.0,30.115346224671843,16.37132623089222,19.608698949874857,21.03669451476008,26.06666181125173,16.958005798928216
1.0,60.80809176906097,94.77030234676108,116.15636739573628,58.43550711790792,97.69385487443736,126.58566234463201
