time,s1,s2,s3,s4,s5,s6
0.0,18.193862919369803,19.45348624793855,22.716622821743382,21.75726029083354,20.319365617340043,17.847942641720834
1.0,53.536869321233155,78.1586542639891,98.63738997084903,48.23331721816991,77.27804814654546,103.75909130470133
