time,s1,s2,s3,s4,s5,s6
0.0,9.041826615710885,24.158252951204524,25.77206353622022,25.691948776849948,28.5277856431753,17.92731580835079
1.0,63.166469310770715,92.87010373345751,138.92628011283585,66.76916984008766,103.25034319128314,132.6394590818953
