time,s1,s2,s3,s4,s5,s6
0.0,17.393455002320135,28.06864048111509,8.830778627766243,17.6091653382859,26.208516776864048,31.80490897883692
1.0,55.80049179365997,84.45327782377746,105.82753498736596,53.52882148051919,84.43967660150982,115.840101850028
