time,s1,s2,s3,s4,s5,s6
0.0,14.336899411643937,17.056857032640007,25.149552950259647,17.451504533756886,21.387604870492524,15.575282850306225
1.0,46.58167630246722,83.06898575615361,110.36232531078004,54.49201016901501,81.96707852361928,116.63237156518986
