time,s1,s2,s3,s4,s5,s6
0.0,20.92489154074606,12.283596105095238,25.5387962044761,21.382514747902107,21.95194165222481,21.64741939241884
1.0,59.15414308347144,84.02760398048258,125.84614185790076,66.39922470204428,85.68741735592988,124.85177148483544
