time,s1,s2,s3,s4,s5,s6
0.0,17.583000993142214,12.592529552601784,22.706519371021304,18.786684530726273,28.602637719829776,24.721481113318976
1.0,60.29436781961347,98.99414933014533,151.54994213795587,66.57901762971247,101.26773966039745,146.94207560712977
