time,s1,s2,s3,s4,s5,s6
0.0,21.713333849019097,21.303001963123382,27.61288747021314,17.82123685641939,17.136919307014377,24.611373931253564
1.0,42.784072562787905,84.55689519387862,106.70456031568382,50.531232707359834,65.99421151825486,104.52393262649379
