time,s1,s2,s3,s4,s5,s6
0.0,23.848077276820046,16.42828089448459,28.793875743598313,14.207553151335453,22.91031858474616,13.728908529627788
1.0,55.756876054466765,94.40306624607746,131.02871084685222,73.60041715601855,94.07705339751942,142.60993755390052
