time,s1,s2,s3,s4,s5,s6
0.0,21.96719559465865,18.616374864113034,28.627212525156896,19.30547452338758,14.858501205932614,32.467419496609814
1.0,65.10297219542629,95.204468495551,142.21925406700728,60.22132913868014,95.66498882570451,147.5453102896437
