time,s1,s2,s3,s4,s5,s6
0.0,19.324787605566986,17.341227076845094,19.278319307076508,28.440803525385036,20.01440367990248,15.281659354943745
1.0,69.46442866892974,108.6645605860526,151.26583386451145,76.15175013957311,100.18018495790032,134.66995143819713
