time,s1,s2,s3,s4,s5,s6
0.0,13.05122388272896,24.400568029897446,19.500607154135533,13.183172770418778,20.15393026259527,21.833478383688718
1.0,63.95191756594574,90.65148140469756,133.6093084435541,53.92804018376442,89.10040248409662,118.7521297715696
