time,s1,s2,s3,s4,s5,s6
0.0,11.846404918780914,21.503812954980194,13.454252121619405,19.834699086429264,17.113728902539265,21.85625999793661
1.0,51.543175194504244,98.26289922789077,129.05940836906055,56.6308787132474,94.21733085728508,126.4574063299688
