time,s1,s2,s3,s4,s5,s6
0.0,30.23071000969261,20.007542806331138,24.01141323632691,34.92721196866013,16.055705094878398,15.676807863015576
1.0,62.762211240599115,99.3874616524107,124.01005148620268,71.0071720991007,83.22886604814576,114.55059788474662
