time,s1,s2,s3,s4,s5,s6
0.0,22.95218398210666,22.203139151497663,7.065951598438295,12.730880874457867,19.73398680507552,25.929003645536326
1.0,56.84569170703792,96.96143483939717,126.11508855994899,52.7824437252825,82.5067672379179,126.54363891470656
