time,s1,s2,s3,s4,s5,s6
0.0,22.41421235223566,20.189006932415207,25.371668211476365,21.3183339556666,21.168135765496395,15.060937046228023
1.0,67.49647338363029,94.99750828969391,135.1215353747923,55.71391159098953,92.75750484200702,140.60290811089695
