time,s1,s2,s3,s4,s5,s6
0.0,6.071209903379566,25.903893164144886,30.167432010006326,16.700187484109605,25.714626928805252,25.966575292122197
1.0,43.27983716232357,77.7863960211475,110.06245433938645,43.33119564056021,79.9998973123955,110.62059415281199
