time,s1,s2,s3,s4,s5,s6
0.0,17.301876992641194,9.040538573009442,16.546745757193875,10.312427373954376,7.003028521425321,21.81416999463748
1.0,61.32832483230228,85.34241986874173,126.88971733024611,53.20330792065963,86.78952688220468,131.6998229026023
