time,s1,s2,s3,s4,s5,s6
0.0,30.30980348914362,17.551648109354293,31.7829320158596,10.386390201935601,15.633193517791005,14.243066710006563
1.0,68.41022831990287,91.37614462217846,114.80885133914003,46.13427565550933,75.20275870657115,121.46758771677506
