time,s1,s2,s3,s4,s5,s6
0.0,32.38578027628711,26.650473032606534,22.67230820061701,18.262050856284393,10.905246008143553,24.138336315650992
1.0,65.33009988129987,91.69831133380805,124.568137666496,59.288417657661306,83.21460150897468,128.30542468368628
