time,s1,s2,s3,s4,s5,s6
0.0,26.48204239976829,24.10250088196664,16.130738429398047,20.700029574292525,16.91199436988731,23.46324965302009
1.0,54.3489514058836,85.22696912755916,105.32982134929465,52.34078507595644,79.96425160502159,123.68399871764224
