time,s1,s2,s3,s4,s5,s6
0.0,16.643161443379544,12.413417213008275,11.773235431904276,13.46615394369967,29.2561487043466,21.516412467958247
1.0,56.47855224954078,81.56089937459602,111.02926785896656,60.95089962547514,90.88282900331146,115.57546256370624
