time,s1,s2,s3,s4,s5,s6
0.0,16.996766275498835,19.687483396761497,24.21047378893991,15.644174629681714,25.350004114995336,30.75100518811078
1.0,52.46143460297771,74.73945061336917,124.72858181253098,56.854411848757,82.21482922937216,117.93029093162133
