time,s1,s2,s3,s4,s5,s6
0.0,20.12650661317981,12.226722669060596,14.802755875996406,17.308724352598436,22.347195994759584,23.127637934962664
1.0,54.098128989516866,80.92155352634477,103.70829181893,43.77341941093225,71.07117897934262,108.60477171978096
