time,s1,s2,s3,s4,s5,s6
0.0,18.249460666603323,21.937982638209235,23.67690194581921,21.012360554290055,29.61017356014118,17.88050336985206
1.0,64.22812384010359,89.31408839583486,117.09786141764664,38.63583908394352,88.07500061842319,110.0200147212065
