time,s1,s2,s3,s4,s5,s6
0.0,13.106347358603397,18.34165571564462,16.238378593866962,15.464225644219558,18.331377295452203,25.12697479606603
1.0,56.8356942574218,96.10135034377488,123.88858549392042,57.62080113281992,85.1251690462738,138.01428449975782
