time,s1,s2,s3,s4,s5,s6
0.0,27.818647739689524,29.831531574171823,19.294980658054186,16.79860913545467,14.46258662829258,22.69001747428514
1.0,61.82548972045512,91.57113075277954,126.24632992759976,55.93311127009654,87.34482906680792,126.46911934892371
