time,s1,s2,s3,s4,s5,s6
0.0,16.26420363297071,15.037331789514255,20.773942249365664,35.18140368317636,15.194248907164807,19.802520572703095
1.0,52.098727442419964,93.5733521568126,128.90261196540763,63.34200398366701,87.54344331163864,127.41004155181193
