time,s1,s2,s3,s4,s5,s6
0.0,10.056523969292325,17.13796609280255,21.84175042729872,23.581112167013988,10.705293748883644,26.90512548358881
1.0,65.89430186751882,83.14828719400305,129.1950304504591,55.037036936097685,94.66333322625552,116.1183534489691
