time,s1,s2,s3,s4,s5,s6
0.0,12.185787562299662,19.673706365350675,21.59629038297204,29.497802935291475,17.581227394450444,29.19934446399947
1.0,48.75202778462494,82.96367107341938,126.52611400076519,55.13511118693316,98.99720006435791,115.37882007898236
