time,s1,s2,s3,s4,s5,s6
0.0,23.087993788843207,26.468269000351953,17.743999241405582,18.867526160003457,25.95443658275503,27.743356624258
1.0,60.360228077697336,96.20268796388335,107.33923294981847,54.2656168653564,92.89456932332817,128.5122826035426
