time,s1,s2,s3,s4,s5,s6
0.0,25.29204986347935,17.113832855019332,25.943847744709053,14.65007249280024,13.53998367387956,15.988422111302066
1.0,60.91367019240381,99.18756912266723,112.04408967654497,55.65545798240616,91.33958887414221,118.34872529707684
