time,s1,s2,s3,s4,s5,s6
0.0,21.320617317167162,12.709406337832597,17.116524374041727,21.357066521604395,13.142508340305723,23.606815881565282
1.0,71.12784272938046,115.64356076713572,145.51423063273947,71.54870227531227,113.84474306438713,148.96978515061602
