time,s1,s2,s3,s4,s5,s6
0.0,21.14768978097176,14.70764450837786,17.078329452791127,15.617489277724548,18.80714701271628,20.658446356113437
1.0,55.51657112100631,82.14294999044775,112.76651948412473,48.29720904458174,87.2914829343012,112.22000276155549
