time,s1,s2,s3,s4,s5,s6
0.0,23.161597696974972,18.23201853212591,20.707934411398064,21.919804436091468,20.81643113470483,19.307690776684222
1.0,56.19614022448635,74.27823519792992,121.72773745929115,64.84066307395032,84.08742645501592,116.8671756119178
