time,s1,s2,s3,s4,s5,s6
0.0,21.24632718604698,20.049610459491564,18.44009399523839,22.630904925199676,26.162893796758503,29.701765048154183
1.0,57.44835118916506,95.13346752052139,121.52791828852918,62.02869034695134,90.1738782762654,126.94988243330768
