time,s1,s2,s3,s4,s5,s6
0.0,13.506156955051098,25.751727424360944,17.698790050633974,11.110278021344396,24.262811127581053,31.848175291426394
1.0,60.96483289611451,84.23065798550152,119.8573228745986,44.52610916744889,81.60230418180669,128.13516461932514
