time,s1,s2,s3,s4,s5,s6
0.0,14.118936983229366,20.194784030282225,27.512334490636896,12.395536425005204,18.424149122133873,22.302909018062394
1.0,48.05878175603359,93.85911207643359,120.99325668007613,46.13985419881406,87.0337888863646,124.45446358270476
