time,s1,s2,s3,s4,s5,s6
0.0,20.497969439312612,18.88300249144152,12.670618713958298,22.527811725891443,8.447248969267019,12.30442879135529
1.0,53.3361374947735,91.37579045863858,125.65574083997026,59.48500447025945,89.78223410445759,121.82861836761896
