time,s1,s2,s3,s4,s5,s6
0.0,23.97664299853969,21.1518869837134,29.00361718468453,10.636507599818213,15.709152385775248,19.393655282906533
1.0,48.43309293869363,78.9738243554763,118.84382980281929,43.2029326969216,74.40989753244959,110.1036798599206
