time,s1,s2,s3,s4,s5,s6
0.0,29.11208737564913,23.236981576264455,29.39517692056683,19.49385372964143,15.335761807942793,15.510578586683595
1.0,60.13778887538054,102.8144211259196,134.96668875209573,65.09436793726123,96.85140244028898,136.75801293294595
