time,s1,s2,s3,s4,s5,s6
0.0,27.474808303808203,21.154352441406502,15.13835039488007,14.794695869619641,14.49057615663556,21.43488316844497
1.0,57.582230213357825,90.31370353053937,124.65536615414449,49.47822604200474,87.49856747902979,131.36211273902165
