time,s1,s2,s3,s4,s5,s6
0.0,15.645656673030118,28.830985622795126,27.480441328047235,27.066208289511653,16.328883359036894,27.404895586790186
1.0,60.39998136850214,89.07293610820578,127.63784579754268,59.343281577128735,100.43584730101239,123.06781157384492
