time,s1,s2,s3,s4,s5,s6
0.0,20.126215926358753,17.710276326217897,13.978225524432126,30.44417965112518,18.103342076669872,16.04047140997826
1.0,57.149159310350846,88.25006505249286,117.55694142255275,54.13375048670606,85.84126013951993,113.8318205564928
