time,s1,s2,s3,s4,s5,s6
0.0,36.555773153524484,28.444742442234325,15.676088869091897,14.403554163395263,19.12835726239928,21.136416912314143
1.0,59.260230339479804,97.9518569129157,138.25714167362608,62.27871101951403,94.46005397555,124.01457388941627
