time,s1,s2,s3,s4,s5,s6
0.0,22.644920681565463,20.126674175694703,17.44543659219081,23.549648965842806,10.673038516588077,21.13058751566015
1.0,67.72055181241458,103.04815090735717,147.53404634315095,70.85042111482635,89.44620151911748,143.3725879943134
