time,s1,s2,s3,s4,s5,s6
0.0,16.227708687903405,13.671493255219747,19.761057372062623,16.996990882674893,22.195955751516344,22.319703795778796
1.0,62.67219131154167,100.24371950714578,133.36734980617135,52.160177767592884,97.18041393537354,114.45603394347799
