time,s1,s2,s3,s4,s5,s6
0.0,27.68777532642198,20.145077300545424,25.413547423369636,16.809818115356226,15.793345577657734,10.152543696010259
1.0,48.563762218544476,73.86894150650596,120.27954298257437,50.056194041597664,89.75027988794783,111.1555916232157
