time,s1,s2,s3,s4,s5,s6
0.0,8.715586273999913,24.202582924107332,24.236064926968332,19.541017312279283,17.047548900086486,16.284628170616813
1.0,53.991246936845364,81.89136375856721,132.3850156009093,59.39477940680526,85.13683453948863,125.94473049417272
