time,s1,s2,s3,s4,s5,s6
0.0,18.902788442997963,26.04598714166754,14.839950852753283,21.65897002290014,16.087009977366705,29.21966965433651
1.0,51.237461643702986,86.71235710025788,119.70582898213861,53.56392876230955,88.51228526765102,122.00054591731045
