time,s1,s2,s3,s4,s5,s6
0.0,20.10814008256501,11.473005822922667,17.059565027064227,14.0641011189829,21.95851040984012,28.587659568898665
1.0,53.847246092079914,65.93704066909545,107.69366621264454,46.37163753463581,89.00138295482603,112.39125425497507
