time,s1,s2,s3,s4,s5,s6
0.0,16.849776769816394,24.581596703453958,16.592770258466306,10.012009261376784,7.193599162221368,22.754689932601178
1.0,52.77675209272768,98.52046293606232,125.18279715191298,50.007635784081344,98.96443963099952,122.99092806905122
