time,s1,s2,s3,s4,s5,s6
0.0,24.9883190439645,29.35466991227173,11.985911671251001,17.380283206002957,22.743958710317,12.574656843989997
1.0,58.2286417779115,83.58859713776067,105.05409086740387,55.38861541661209,83.83379176985389,119.43238378485265
