time,s1,s2,s3,s4,s5,s6
0.0,24.773493787087872,23.421292776975612,14.63652389372221,21.33528940989855,14.235155063573028,16.297771166297444
1.0,49.64917009005134,82.61666615057173,101.55897899451575,45.29986336465208,74.23033585324664,97.34895028390497
