time,s1,s2,s3,s4,s5,s6
0.0,30.689437675977352,7.635348037426157,5.287103377437278,20.670618048205398,12.202541549898857,23.685198768788215
1.0,69.55205898279665,77.10698992953468,116.74974988344042,61.84219774934642,101.08026241942395,116.92305494587985
