time,s1,s2,s3,s4,s5,s6
0.0,19.240842099953504,21.019879225735988,20.91848986251098,15.770603532026078,16.44426062938101,21.58849717764604
1.0,49.00596557000193,96.12448317790012,118.06518469100367,55.384450462143064,76.74271739005866,109.80727417809138
