time,s1,s2,s3,s4,s5,s6
0.0,16.6914477338172,23.20138455977997,24.933787723733793,16.576364251537562,27.191941386261007,12.838288215100501
1.0,51.70970019795315,88.64891239692571,128.78062426955958,80.49546568277343,91.68120046481384,129.55265796897112
