time,s1,s2,s3,s4,s5,s6
0.0,26.047051438583246,16.707519525489083,21.342225026033848,18.47083271095529,11.1662745742798,8.137720118160626
1.0,53.16826595381637,81.54499831651043,117.47552570833605,57.729718237178325,85.31399659103698,114.85052779018508
