time,s1,s2,s3,s4,s5,s6
0.0,24.43797502171298,11.131379469201176,4.925886516241089,11.771009331552944,20.009816004875592,28.1388820118908
1.0,61.918707930301245,101.09593335814868,123.31075256163919,58.67550747451113,101.18698298850587,122.06423305715447
