time,s1,s2,s3,s4,s5,s6
0.0,30.398918147328484,16.55350161252036,28.798316890023294,22.715581331364792,20.33687379954283,13.674196173128088
1.0,63.520177558087006,88.94294522127012,142.17969911621833,71.32272353333367,104.16605850810195,137.13524036130937
