time,s1,s2,s3,s4,s5,s6
0.0,27.953249173018698,23.525945392306426,26.387927439531918,6.933087633200541,15.207276164451295,16.01014193828218
1.0,55.14684823065906,90.13519326053918,118.35198075301292,52.058821260112865,79.37747971586431,128.8716081924674
