time,s1,s2,s3,s4,s5,s6
0.0,24.592168005109716,18.71735283796805,25.306177024182354,27.39257727993824,26.70642779700561,13.816835501848281
1.0,88.0427650688128,125.37506805060325,187.02718682831974,88.07040256303955,129.13451918707042,174.477420002589
