time,s1,s2,s3,s4,s5,s6
0.0,16.878583191347545,20.692147876453987,21.491614051752393,22.864233344050536,24.005261095089363,15.361624663534386
1.0,53.444342878640526,96.9797953787292,122.02500489525187,67.92271095706968,91.63025428109157,113.16979979379708
