time,s1,s2,s3,s4,s5,s6
0.0,22.807769741086002,12.892131897858,13.874701021745217,19.25318031712938,13.231501643608713,22.24705647278736
1.0,63.28172567319379,85.35975253529958,118.74115964555766,53.39864532131426,81.38180481328261,110.56373113046693
