time,s1,s2,s3,s4,s5,s6
0.0,27.443720440518497,26.042480081601504,14.501918244982791,27.223842829133716,16.216627983596375,16.49054493908306
1.0,49.80237798411131,83.34091564661718,109.97942822444114,51.80354942597199,80.43422463460708,107.47424882870271
