time,s1,s2,s3,s4,s5,s6
0.0,29.13865946612723,16.861276777187136,27.80594601428791,23.13427543998279,15.450521234115014,13.89455478915021
1.0,62.495510436050054,84.05085372912905,121.66466761329922,51.176121410985715,96.6580100564656,112.28453743485579
