time,s1,s2,s3,s4,s5,s6
0.0,25.375023435596983,15.048397394600595,18.72410156962633,20.98168062064659,26.186679403670013,11.372456761350618
1.0,62.520218161485104,80.38580906681813,129.43889143045698,54.51132117932904,93.65961825970415,120.93102449618102
