time,s1,s2,s3,s4,s5,s6
0.0,21.16011844265226,19.800588228957587,27.91685700423919,19.580275350652453,20.587024744680395,17.325178177195337
1.0,57.27270394483075,80.8537676876067,118.7585357705712,45.4426709236944,88.71376748510367,110.97978700421855
