time,s1,s2,s3,s4,s5,s6
0.0,20.433843372439036,21.03005355668632,10.084550538256336,24.032587889550037,28.42144807087869,23.326479385086756
1.0,71.44359934703314,113.65988995568709,160.9419466148624,68.74192431026773,119.94787769716797,149.09061726834406
