time,s1,s2,s3,s4,s5,s6
0.0,20.27969049148516,11.360159801028804,25.501594513392146,17.03272400490635,10.156215763343026,9.70332110584726
1.0,46.201970578402126,78.62970881982847,127.52741887307478,42.240934285305556,81.00796136609364,117.87363725806183
