time,s1,s2,s3,s4,s5,s6
0.0,17.718166604438142,13.008511404234431,21.100182325997736,8.993788608649126,10.37311001227208,26.03333564471357
1.0,66.67080414000942,89.58411728645885,126.57434712015036,55.80822856246941,91.77130684250112,133.68255858833712
