time,s1,s2,s3,s4,s5,s6
0.0,18.009106606487133,16.383685083363407,21.576060056380747,21.115451565631997,25.127854237650556,22.34597027834289
1.0,67.52624154055192,93.98148408981181,142.44944943467644,62.88652679632956,92.98063403885854,133.35802012082314
