time,s1,s2,s3,s4,s5,s6
0.0,24.633314541036317,12.963102426882875,18.3900301673645,25.457799588148983,24.00184100312504,18.28686337732787
1.0,58.26514712917954,79.46396944371125,128.4755565903022,56.3163217171278,90.32266276910336,139.64387475481303
