time,s1,s2,s3,s4,s5,s6
0.0,7.803473154466443,11.980055980621419,15.172945182540383,16.34790790629835,12.23568564613541,17.645110194040974
1.0,56.83869655544308,91.02445158770915,128.4708049795313,56.372081606051864,102.92416582745933,131.1792196018022
