time,s1,s2,s3,s4,s5,s6
0.0,18.05031966863128,24.16243091495847,22.360142112780615,17.05797094858142,15.603449836836983,18.867875959003385
1.0,59.41598397190935,85.74858389873472,106.91803616402065,52.72406245687655,78.31629142569497,106.60633306181163
