time,s1,s2,s3,s4,s5,s6
0.0,18.962800113468386,20.195888638754376,18.154477110732195,11.968202383569874,26.530974478894947,28.937275958624006
1.0,60.28783418045293,90.06095525137113,131.7843632543196,59.50996147539291,91.24704901076083,122.84173437710184
