time,s1,s2,s3,s4,s5,s6
0.0,25.18892497397007,26.784630466575805,14.41621931760817,31.630524033423583,16.945983469129953,23.023616681235183
1.0,54.80472199235908,78.06180486336976,116.0192290191726,55.651769247349876,89.00885920759674,114.39180880839183
