time,s1,s2,s3,s4,s5,s6
0.0,13.052934410918917,18.67345628748424,20.461750375948334,26.206058390165552,22.570611029344665,27.01237786090924
1.0,49.017917325490345,93.01514561434298,136.39523833249208,60.097068171216556,91.55793133045306,134.95784377155175
