time,s1,s2,s3,s4,s5,s6
0.0,18.616425180397652,19.692031537761057,24.28391757874716,21.761671179407198,12.77307129660917,24.414007732667905
1.0,44.09924439840934,81.96266046996811,121.17504676552184,47.9923348548615,87.39728727424489,107.91340809869219
