time,s1,s2,s3,s4,s5,s6
0.0,29.961573630948724,15.76455360849013,16.893202080784,14.399413001347757,26.3681132920377,16.95394306966845
1.0,54.96188207561525,87.9346491801084,118.80646257813132,58.66262431141594,90.11231270682036,109.34645147318254
