time,s1,s2,s3,s4,s5,s6
0.0,13.597792858437089,19.603106686410328,17.113169549236858,20.366444105894686,11.747439631815364,19.720480726552978
1.0,53.71713631907876,84.7000541700383,114.41609030174878,53.61809056675157,75.7943067608361,109.27226542013587
