time,s1,s2,s3,s4,s5,s6
0.0,18.974010874644083,20.944428214345976,18.9598199232166,25.839896456515365,20.591914133428407,13.939736335566066
1.0,56.49209732606439,82.03548847805926,117.75118917885453,59.41778906979852,79.88065782603613,111.08748381329988
