time,s1,s2,s3,s4,s5,s6
0.0,17.361897754675077,23.8667474881632,21.585265760107898,15.409692728232583,23.62030423466055,24.12773279711361
1.0,56.90293392744267,93.82164727757994,130.08219850456618,52.036011475983486,89.1713919203052,114.81959757530409
