time,s1,s2,s3,s4,s5,s6
0.0,28.276374310592633,13.226641334151587,13.950692306360054,17.45728075259927,19.811223447407826,18.241138853937887
1.0,56.433850275232686,103.54398877976288,138.06469199363258,54.523852465472636,92.126846669552,141.19177133834543
