time,s1,s2,s3,s4,s5,s6
0.0,18.798050647126505,25.143350481569428,17.95969019426398,20.796129314022185,15.486107757183776,15.314798408854573
1.0,59.97942541110483,81.79948357162596,120.3320722288289,51.82651012991483,78.78570659334021,101.00481668832069
