time,s1,s2,s3,s4,s5,s6
0.0,12.579445377248387,14.923470928067493,8.86902117144646,14.811727051592744,18.392069357937327,26.145299123794747
1.0,67.08886840472239,106.20033702553175,142.38454031614756,68.00093551142926,99.14993605512076,138.0676007847993
