time,s1,s2,s3,s4,s5,s6
0.0,13.261479135343853,24.14088192862443,21.92577373680047,14.283846176928188,22.935528876983774,19.55786320702535
1.0,52.065735282455506,95.58042391682645,128.05784103166548,54.23327936971731,86.64818684216209,128.07286360904612
