time,s1,s2,s3,s4,s5,s6
0.0,28.653055622642675,5.566672000895251,16.41856396182146,20.36441823294631,19.57702496821736,27.71282388199144
1.0,66.2633035176928,92.80927637444123,135.59613830211933,56.98576681436895,105.66388462625508,141.7746512465957
