time,s1,s2,s3,s4,s5,s6
0.0,25.040752891694883,14.424376384924027,19.906508987687424,16.779163174305687,25.83686813354119,28.76993515923744
1.0,57.126013236667475,89.5961004871902,117.9926008973871,55.643963345380996,91.9972590432685,116.34279864187506
