time,s1,s2,s3,s4,s5,s6
0.0,23.25411860636542,15.008012242272518,36.81931182843653,16.01439446674282,24.859017461344283,22.14495271987968
1.0,64.33075503020783,91.94912736027784,132.46271391477143,52.69695137995653,91.42109135308851,124.05831261779662
