time,s1,s2,s3,s4,s5,s6
0.0,25.780523394155427,21.5176304855367,21.046165913185575,19.516498590485728,26.114532850526672,20.67024135947818
1.0,61.661038671132644,91.61464859759599,119.17067734362482,58.219841928961124,90.04045887975137,124.52835713733256
