time,s1,s2,s3,s4,s5,s6
0.0,22.709337275690032,15.443043926012075,6.0905762683527715,2.0129546119217885,18.44983780724049,17.65349714036451
1.0,63.39689416602659,98.0215891376256,119.02147085658544,53.110048916235385,93.05272838123277,130.88960956799914
