time,s1,s2,s3,s4,s5,s6
0.0,11.165462800979345,24.286331517256354,14.853290579705124,16.6171177834359,21.042927627406264,12.946847020696438
1.0,56.19593776435324,95.05554197005185,128.78816320396282,51.84745051617117,90.73640104008084,121.77851871743358
