time,s1,s2,s3,s4,s5,s6
0.0,20.332801978627185,19.683043968415248,22.1189272219979,16.908507212390088,19.32073585864328,23.724694008231534
1.0,56.75358598405707,84.73495259049487,106.5962349103586,48.44145677679064,84.05156702878001,110.8199118785377
