time,s1,s2,s3,s4,s5,s6
0.0,17.79224772867314,21.74897384729538,23.582337856121036,21.12574264992595,14.786218157604019,24.806974463315477
1.0,53.657516504030426,81.48943265310093,133.11464390290942,63.63502454742781,93.95888365521581,130.9163641771531
