time,s1,s2,s3,s4,s5,s6
0.0,19.960535219562352,38.25049042740229,25.354800560626533,19.222304694702352,29.340930263049813,20.136974910196134
1.0,62.05924310865782,103.01977702828937,124.79192795721741,53.781319169535834,101.14618436559422,124.92241171762134
