time,s1,s2,s3,s4,s5,s6
0.0,20.32352640657583,15.241039055766473,23.82324586455768,16.692209412216613,27.30413862324624,10.612021765478069
1.0,59.92996578546497,99.94235150327964,128.82946301434973,61.33116689884359,99.61486548006795,141.88819160844994
