time,s1,s2,s3,s4,s5,s6
0.0,17.24198722139382,20.01368477329993,26.497821793250242,24.03178237516465,14.096707352533954,19.656409051508533
1.0,62.30686889769571,77.95783425878511,120.68773727004003,52.40789637565209,80.56953385967124,114.5041573198725
