time,s1,s2,s3,s4,s5,s6
0.0,29.56529766808515,30.63379256229247,9.978778937993635,20.21593938928137,13.037210293469313,16.437307539205168
1.0,61.46669270199763,90.76169281985644,122.57371085861917,54.03903258429941,94.19178132837617,133.0586803008787
