time,s1,s2,s3,s4,s5,s6
0.0,16.2855568665239,18.350491748414267,25.445560086078963,17.24466406480618,25.893852800108004,19.51685122504478
1.0,50.30090701571452,78.12910882252518,120.33171487323276,56.30013168699679,86.14835881228146,113.12729537188227
