time,s1,s2,s3,s4,s5,s6
0.0,20.219186313963608,17.803315402993423,12.206522418885712,25.242510377983546,21.488269128301148,11.317059173301109
1.0,66.3934517026588,103.14580513963396,143.79154415457646,50.740949527083515,107.86017257265641,139.80237414210018
