time,s1,s2,s3,s4,s5,s6
0.0,21.275468257693046,16.08579186595036,29.071529930600974,30.36969379901131,22.586141542483762,16.893731134507522
1.0,57.53055869617679,98.78504263245232,138.99489773081004,69.9421713158519,100.79657734355106,124.35004932280872
