time,s1,s2,s3,s4,s5,s6
0.0,27.01919840878367,25.23747532865032,25.97759467396358,10.921297154936791,21.58375772304232,30.50063374423592
1.0,56.45035994687983,72.82169791241314,110.23402056458325,50.71546886681199,81.12779527229527,108.23915213714642
