time,s1,s2,s3,s4,s5,s6
0.0,20.35793970540418,19.17887596275122,15.179737298269343,26.200729254519104,20.566969152315732,18.78643963243203
1.0,48.145230210879326,86.4959857376619,113.65298119755626,61.70570780170345,77.61666431781796,108.15844319486088
