time,s1,s2,s3,s4,s5,s6
0.0,15.6138228797319,24.451287572279206,28.970532004706293,7.1122239523359205,18.318310625084774,10.17183035927376
1.0,52.44449413239618,94.76573665374438,121.8171232589774,59.31482419506851,87.5578932642708,128.13570837233814
