time,s1,s2,s3,s4,s5,s6
0.0,21.656767507063957,15.052174071317504,20.05515593223521,25.822279406669622,26.000032493627945,17.974078312223664
1.0,63.67427616432121,84.61018704142286,105.93441869094703,50.14738131065161,84.41690381240842,119.18112985399802
