time,s1,s2,s3,s4,s5,s6
0.0,35.21666874396482,12.420693098698834,18.00032090595365,8.788616434186986,22.38962453140184,28.200780138854363
1.0,73.9412722434704,82.69417498006254,124.26502107069776,56.61352759454253,90.00183328774563,124.97964421287934
