time,s1,s2,s3,s4,s5,s6
0.0,10.8235062717124,18.898092867505518,21.93822450655066,16.135080286178162,22.697359544945993,20.583328238613696
1.0,42.18222059766288,90.62282084317692,120.86482011096852,56.0407012749169,90.48223816879819,115.16751525748
