time,s1,s2,s3,s4,s5,s6
0.0,18.972777812493632,21.125595779546824,5.426801469565433,22.329770582149404,20.52224253231732,22.636423413442543
1.0,64.23311778539752,103.14674283828194,120.7965944019917,67.5499818093968,92.19983488375985,138.3836410582311
