time,s1,s2,s3,s4,s5,s6
0.0,26.35414795406869,22.80757622177267,17.167261546063195,8.248190250356876,20.57599645007237,30.82183310837236
1.0,59.82158991664691,93.1594122997843,114.28612750081041,63.8336986842857,79.58557189102741,116.02809956932481
