time,s1,s2,s3,s4,s5,s6
0.0,11.710575841950245,13.516311693295123,22.376190663868122,13.435141445749837,22.100114999659606,21.226871538024838
1.0,62.377616953866024,84.59438609675618,130.59829476538087,59.36186375956331,89.59550874775235,121.72919755221326
