time,s1,s2,s3,s4,s5,s6
0.0,20.969944660722412,20.184791239613954,18.37796265254137,14.005141041796987,25.901905567389278,7.557050711716011
1.0,60.977571603263485,80.47301924500991,102.06761910428115,53.14937014210463,85.86768516913192,117.39018511901644
