time,s1,s2,s3,s4,s5,s6
0.0,1.818080873170624,13.987745496121397,8.964539853709542,24.309532288877488,16.8129457566764,25.643639904921198
1.0,50.94301246219075,86.16915107900083,107.8738439209182,54.880839873271285,94.90646602617849,116.09776713240669
