time,s1,s2,s3,s4,s5,s6
0.0,13.871915832018257,24.738362939443853,25.011248092400535,28.4523377443441,25.11144569450356,16.812076742988257
1.0,54.91150542269695,85.28241260281646,120.48400895358385,53.393823649436584,77.59190165074492,116.1126514225534
