time,s1,s2,s3,s4,s5,s6
0.0,19.804548843400145,26.18858454102624,19.92263885966491,15.899718104338259,17.332086079878618,12.761153752623262
1.0,62.49929598223431,92.78832908591708,121.80125113756515,55.551101529643475,92.85450113943575,115.314234352661
