time,s1,s2,s3,s4,s5,s6
0.0,18.777799693255044,17.528569389800644,21.531619999937504,18.843818499906362,19.422572393850373,12.766806523155392
1.0,53.142509425198156,80.76127515869055,116.0310954164199,60.31228843197594,75.74547071430423,98.21812004137739
