time,s1,s2,s3,s4,s5,s6
0.0,18.81274472203355,16.100934731010593,21.45452886668615,10.468643854417486,15.609289616361165,26.73704041069038
1.0,38.73524962166555,85.92804516513678,100.92132087154383,51.06519196797502,71.44511261671444,115.57927326004831
