time,s1,s2,s3,s4,s5,s6
0.0,19.88061193400272,20.124541994331302,22.49323230734501,25.76347781095518,21.284900113852803,13.035474620338062
1.0,57.82053524527349,95.88724472581701,126.98171558235137,59.52312372535249,89.25313646662765,129.49432517041487
