time,s1,s2,s3,s4,s5,s6
0.0,19.939915874391954,30.5379818911175,18.198588231573886,15.659896443122685,21.34825660950506,11.550888514350088
1.0,54.42976813427043,92.99884565300181,125.14338134329894,45.59868222650637,85.37426735761358,110.18855822770243
