time,s1,s2,s3,s4,s5,s6
0.0,29.56823188538207,26.14303994038975,11.873723849637646,19.29751972966396,17.899322136488863,10.411899656102477
1.0,54.94646622236656,85.38901523932554,119.82315993490042,65.236561524623,81.98937087680791,104.25787776266542
