time,s1,s2,s3,s4,s5,s6
0.0,12.115893098345847,22.925268298478464,28.301083689826775,21.27141083973405,21.23069470263483,13.55026910129973
1.0,55.591619843079336,93.0009382364083,128.4034695566971,65.21879886762818,95.5040600218101,138.49457560163705
