time,s1,s2,s3,s4,s5,s6
0.0,17.638169865380018,26.516171779331913,19.235310470371626,29.93861248850909,26.0007281766405,11.332868222964777
1.0,55.851600991727494,106.80352381631802,142.6066474001281,72.43708747714868,98.23963010920512,147.1982139964275
