time,s1,s2,s3,s4,s5,s6
0.0,13.357662048694928,22.987619450425694,24.037264388458453,7.197050463139506,14.148342079073986,21.507941944524806
1.0,67.78906942144086,107.73123820863368,153.432544847416,66.62739676140073,105.79253072871991,148.3230170787652
