time,s1,s2,s3,s4,s5,s6
0.0,22.494419474043653,7.733367772823467,13.342210149910981,20.866350694698387,17.18934888012894,16.682750285411498
1.0,51.01064112831348,98.81449418160939,138.4046013625785,68.65527178077204,85.68564259595202,135.75754859291683
