time,s1,s2,s3,s4,s5,s6
0.0,18.88299758216418,25.97210614223443,23.261105360813374,13.767726962600424,25.95611858735798,22.37705097336311
1.0,63.206727200341724,98.4366449510862,141.35039381076916,50.94396242753628,99.28566570539299,132.4165388860616
