time,s1,s2,s3,s4,s5,s6
0.0,19.41617092448243,22.241703538009325,15.815661101829189,24.324203958797415,21.073199320497697,14.295634881597756
1.0,68.43060085579559,96.49251873862363,128.11073730837455,59.97655485703331,95.2443538565159,133.49712453461294
