time,s1,s2,s3,s4,s5,s6
0.0,22.99979436569468,15.498668522989515,27.031001083196152,15.242614289994865,22.01159251935983,23.30518994420543
1.0,62.89466257714858,73.94872330890047,112.38176499984914,50.10950739068309,77.78056612191111,109.22529523251261
