time,s1,s2,s3,s4,s5,s6
0.0,23.039891758729333,12.079539359581418,31.495501902946614,27.359200881162366,23.173883726343576,8.309695961323284
1.0,61.14014511972519,98.12330901123799,144.0774643997484,62.206355782057784,97.67167041516274,139.10553522765073
