time,s1,s2,s3,s4,s5,s6
0.0,14.152052983009638,16.80987284657485,21.86937603587336,27.350240777103856,16.057606843916187,19.014599418320174
1.0,71.3742709559442,105.28546209422481,164.67610769131,59.18336326937158,107.46293459567035,153.3203399112398
