time,s1,s2,s3,s4,s5,s6
0.0,33.384719457491656,20.15413888379517,19.37004742302776,22.080313104537844,14.830217850207356,22.20727612240177
1.0,56.56903865262965,89.79197317309595,111.4704486259582,68.83200013443422,86.33066259761762,118.32319790417533
