time,s1,s2,s3,s4,s5,s6
0.0,19.959520869005196,21.60847606934336,21.258285585999776,24.929205004071534,19.76371643144377,10.09571282360385
1.0,66.36865724455576,105.08159918834305,144.6068609260062,69.89143834923797,101.73612476838375,144.10708523587934
