time,s1,s2,s3,s4,s5,s6
0.0,26.347319853462892,24.446746027293173,25.55711480768318,24.16975840298671,22.092422932668686,12.585064936570063
1.0,57.36766512891246,77.2590833608341,121.2107849195429,62.219351605631545,86.3897269337258,118.8417264361873
