time,s1,s2,s3,s4,s5,s6
0.0,14.002317418316043,21.613589104423315,18.906830654383732,16.803060750309406,28.07008386576969,23.824502778910546
1.0,61.05727533748966,87.88867719509621,117.09445775740582,52.77426135430551,87.40480814878991,107.76395674983321
