time,s1,s2,s3,s4,s5,s6
0.0,16.804459416318643,17.26671547275813,22.900101598544182,17.19833579830437,33.54557144627175,13.967764866705707
1.0,55.57730206607202,96.5321935136109,139.07375058180213,62.06269871924842,101.26131438589128,131.00286220451034
