time,s1,s2,s3,s4,s5,s6
0.0,13.986322050778075,23.440904502797807,28.87393859673781,12.836563016340724,27.473743915641464,19.87064341859438
1.0,64.0877236150864,93.11185930402225,133.54646194289353,45.38998218052289,87.91973846551295,128.698535351385
