time,s1,s2,s3,s4,s5,s6
0.0,24.437806328953585,13.300515644342358,33.00689285769809,20.96228962837592,17.998611134175288,24.19065626380585
1.0,51.59660857814086,88.07044785762746,117.50167601696826,52.16940531020021,83.25309937016156,122.42633469335077
