time,s1,s2,s3,s4,s5,s6
0.0,23.95567240430079,31.25871494641528,26.213690484782248,16.117740130214138,16.461154538444582,10.936472623888806
1.0,63.33684385472169,88.63570829390368,115.98081429087442,39.70720610499675,87.94239439324981,115.65686025889582
