time,s1,s2,s3,s4,s5,s6
0.0,20.33069744179154,18.366688082620517,27.237754939531452,19.969178441058652,10.199396255798053,19.661955371053075
1.0,55.199479723044995,90.4597355202556,131.45824642392643,57.479940354828614,78.58468510557353,116.25084745515576
