time,s1,s2,s3,s4,s5,s6
0.0,16.31529602935648,20.84043304833015,15.88575909960046,18.128878902125035,21.42930002261619,26.98580308729001
1.0,55.358389467819705,83.79671299699197,105.18169517938269,45.75467354085854,87.37935950875175,113.0158337257987
