time,s1,s2,s3,s4,s5,s6
0.0,19.912687798762537,21.16322992451996,21.59606739411718,10.258318823434285,13.586204759758251,18.502419965053775
1.0,57.60989670078015,89.0129128603816,125.56276227328034,54.171159597122845,88.87873097077906,129.6834898646311
