time,s1,s2,s3,s4,s5,s6
0.0,21.657047460082286,21.11458975609493,27.709530502082323,22.41427754096331,18.16606845116941,17.294251779714703
1.0,65.7596281798092,91.29619012087365,128.85450869738176,56.009819208505476,96.62654255045622,135.39143687666262
