time,s1,s2,s3,s4,s5,s6
0.0,15.038603638468974,23.683669705945206,22.952211201287945,15.242703272259122,20.40030397814753,17.473675339203375
1.0,56.641221286708365,91.1000522232793,111.38889531891243,55.36473820542083,81.80744067003016,102.75398640717007
