time,s1,s2,s3,s4,s5,s6
0.0,28.207393860040526,25.841990095548134,26.60934995541961,21.752190413792324,17.937871789854974,18.25447762755747
1.0,59.818769360058404,90.6142344767798,126.1135534185467,63.92706336380252,96.03330929415135,130.51731447239132
