time,s1,s2,s3,s4,s5,s6
0.0,11.09889211239928,16.841478045674425,22.76395878840521,17.146851150895305,7.760596701411165,27.90296927211679
1.0,60.1618258548711,92.35770023956941,127.33890120696536,56.38416655195421,91.53129939434876,134.844218249171
