time,s1,s2,s3,s4,s5,s6
0.0,14.712810580291517,6.905722634672365,24.179762819077766,19.85033016457251,23.723284310098446,22.44856047581732
1.0,51.9079873328333,97.82436550766568,129.42704708893498,52.378327399362675,99.25515004259128,133.013219472739
