time,s1,s2,s3,s4,s5,s6
0.0,34.32750539981242,16.35926776571659,10.29780196709665,18.218662649866182,20.386226652076115,21.287539736354894
1.0,49.9802579569009,70.12501821696601,106.12971835867583,51.33320644301581,75.43648884403653,116.69595021206416
