time,s1,s2,s3,s4,s5,s6
0.0,19.814875546052892,20.355641582730318,22.68556819863804,18.887479292467905,22.473956544399933,18.820153962497194
1.0,57.61141875451271,89.25216092153724,110.171226303146,50.26963502068977,85.44463260418954,105.97829954941919
