time,s1,s2,s3,s4,s5,s6
0.0,21.278787071139313,19.656917590179503,17.31682178835418,11.704587298106242,19.563586812605777,17.927285598589368
1.0,51.25979325111148,93.29218933353502,122.07760632912613,55.07808379673104,89.14999942968645,118.32009108958133
