time,s1,s2,s3,s4,s5,s6
0.0,15.442313126156908,25.82764441031202,19.114730648502444,16.29739588269919,17.330781069060613,19.71310006273412
1.0,61.4367595877943,100.81226563596863,139.01298816534708,59.30172395852052,93.19410432117643,139.886536322465
