time,s1,s2,s3,s4,s5,s6
0.0,17.79344874122623,11.19233481009896,2.437289369244441,9.725023860481516,7.834275476490614,18.842478374277263
1.0,44.20635480225936,80.19352278591067,102.63725053891268,52.76008600572034,63.99537128125464,109.73661722992973
