time,s1,s2,s3,s4,s5,s6
0.0,18.709281773298194,20.357416630108208,21.705868476325445,23.89617035281049,27.07773264809832,25.309044000257302
1.0,71.05155418442412,103.50709145385397,129.63339053420776,59.0974610204711,93.9105747798536,138.0729020120826
