time,s1,s2,s3,s4,s5,s6
0.0,29.408403340040213,12.767681383819973,13.534164607428163,23.74978434457667,22.233173065816114,19.84990070814441
1.0,60.92050482050966,76.19393712180344,127.27850645299195,60.28772326718146,92.37599102979593,125.02807051894138
