time,s1,s2,s3,s4,s5,s6
0.0,22.99396742393155,23.23871103433462,22.072119464156337,23.493639505374748,14.932322042271743,25.496524513355354
1.0,53.116340872782665,84.66526815521458,124.6940063724072,68.92011922140726,79.71764681716489,123.04389512952298
