time,s1,s2,s3,s4,s5,s6
0.0,28.364338791967622,13.629548439340471,16.885942823679706,24.550469929687072,13.258756075137429,30.736322564732966
1.0,58.54686352181141,92.16567706244264,130.87546074304646,55.049203246906416,103.51204401964098,138.8932971898786
