time,s1,s2,s3,s4,s5,s6
0.0,21.017069447758598,22.7761934016045,28.277928064607163,13.391243360632126,33.74707939937567,16.331177761193395
1.0,50.188816992168526,95.38040345533079,135.39459476668574,58.42007745965664,98.6250341094224,135.41132324391805
