time,s1,s2,s3,s4,s5,s6
0.0,25.589691776441242,29.31111549612726,30.61047141471429,8.39012440909335,10.778618319555084,20.07063301322256
1.0,57.015331888714016,96.06313677076984,128.29449997694857,64.91546911832592,93.12409911702204,126.431968671554
