time,s1,s2,s3,s4,s5,s6
0.0,21.781568861226887,27.428547118341584,25.383638318571688,4.944751679715711,16.09796280829874,19.216161412265976
1.0,54.33219056775472,94.83717944361145,131.69192620035145,47.38385246871907,98.41359922052962,119.74021170644862
