time,s1,s2,s3,s4,s5,s6
0.0,10.744573573956362,14.501162499726776,25.378124542654383,22.0800601567852,10.983366948300358,16.930499488210543
1.0,49.4686283801633,88.80176402394918,118.10266265109387,60.760635187013655,83.66365272274506,127.81093229517037
