time,s1,s2,s3,s4,s5,s6
0.0,17.02468887714474,31.62005388676149,16.306016962285156,22.764696763541135,14.304243824100617,22.382446562766706
1.0,63.59693070479242,95.80352673034943,135.1427882704346,65.46065460167706,97.3576936011767,134.4359517018905
