time,s1,s2,s3,s4,s5,s6
0.0,21.713597508941618,24.10285170679896,15.87259425877387,21.46682415078059,10.496441128330769,28.810583529805733
1.0,58.23723139015678,109.96497034580587,141.35423824854394,64.4009072156281,88.89303855589307,142.70751538629713
