time,s1,s2,s3,s4,s5,s6
0.0,17.866836381609247,15.340148251477352,28.691321617170836,26.05930623640256,20.403263449412627,19.64287343084375
1.0,60.53384397591944,93.4105268955039,121.9898657729499,55.71400926549901,104.02026533136755,126.91434960558375
