time,s1,s2,s3,s4,s5,s6
0.0,10.468697964952266,24.95339759627225,20.308313626667694,15.729338629139598,26.98867781645599,22.9733684402428
1.0,53.14344796380205,88.17690623248956,126.24347320027738,55.16263698035813,94.34954904784782,127.81009146673165
