time,s1,s2,s3,s4,s5,s6
0.0,24.661443994604962,22.262216755325678,13.006276864146724,18.00276923915659,8.479915869365296,18.010653137315575
1.0,61.3731531404598,99.63062810385487,126.73926302005162,61.370974106330486,94.71879606375977,136.03278182661415
