time,s1,s2,s3,s4,s5,s6
0.0,22.082971160048142,20.956505885663965,24.956016976405195,20.552851060184558,12.080589467946993,12.425750055489745
1.0,53.23867606320285,88.4132190368551,126.65591096479757,61.1361317999439,80.48145815158807,107.06042446963212
