time,s1,s2,s3,s4,s5,s6
0.0,23.348002628378147,20.36292323239499,22.853336400213877,19.801041022528572,19.110165776242038,12.399212028641074
1.0,50.23983043531043,92.32290770088993,120.46524754601066,76.21883205003844,94.5559418188978,117.3970461500925
