time,s1,s2,s3,s4,s5,s6
0.0,5.707816018024186,23.241037828337397,14.587320989495984,23.71875490083281,12.518691871824856,23.75705793811555
1.0,49.91404113695867,97.38848783301817,113.0336575525152,49.08169597394921,72.80895496694356,111.4644499960658
