time,s1,s2,s3,s4,s5,s6
0.0,18.396073671989754,26.186418456960695,15.487753697920258,26.47483056718053,23.60285826967414,2.4727631689506904
1.0,57.17007349382816,84.01311252289895,108.71282393872833,58.763772806685644,81.30217699499771,101.26396740036743
