time,s1,s2,s3,s4,s5,s6
0.0,20.39936056955441,19.26430491753873,17.174416103954144,24.585333563126305,10.800004122569295,18.89511686997799
1.0,57.197562746012274,87.26714323712802,123.19911428355401,57.91479030920671,98.16908340507503,123.45288282862184
