time,s1,s2,s3,s4,s5,s6
0.0,14.15780017243231,15.089415552980451,16.63321706501871,15.674460972335158,22.518082910011103,21.857867394366014
1.0,54.546464208682075,88.56177955309705,134.02234264703446,58.56351669054179,80.79500900211495,116.0271146880323
