time,s1,s2,s3,s4,s5,s6
0.0,14.373085573410211,18.458282051566066,36.51144769653965,31.343262712458575,10.075207610963181,25.651643087206864
1.0,50.63327394171003,76.5481299321149,123.13128679499836,56.43793507785628,88.41266900799299,119.4559601629969
