time,s1,s2,s3,s4,s5,s6
0.0,17.383186862117824,8.876914302328391,14.870100111021486,22.14737957975664,14.518210423240346,14.360188837446195
1.0,63.765357203199855,91.98104485434509,124.89467527912845,58.67361192528389,94.04307242475295,130.42468344138027
