time,s1,s2,s3,s4,s5,s6
0.0,20.82951686377768,22.569609107100298,20.22529709112272,27.871180455988345,21.65933876487718,22.3012573037142
1.0,68.08303070497516,87.02119534221589,124.18701008086279,57.59247449222085,91.66397505832299,122.93026711065288
