time,s1,s2,s3,s4,s5,s6
0.0,15.36452179433204,28.69716698671796,27.67878037708631,19.018370825219932,20.355577512781977,10.163806837358242
1.0,62.401887152133185,88.37464883896725,114.6734384684248,53.61860673843178,84.18926384533391,109.71114806419278
