time,s1,s2,s3,s4,s5,s6
0.0,11.903814386320107,22.616679349361988,15.716382402452851,16.34850341718284,19.642137633800537,23.166416622656794
1.0,43.92448187743044,89.09578588817975,107.49920185145888,61.67176560283813,96.3441342096477,126.31680141453994
