time,s1,s2,s3,s4,s5,s6
0.0,8.905723582600517,24.10329995539944,19.819870013604973,18.763654409160132,15.005880475970493,19.211384466483125
1.0,60.02866752099029,116.17443564019052,151.9542177283052,72.65582755832438,111.63265821457014,147.21212278424744
