time,s1,s2,s3,s4,s5,s6
0.0,4.863139847168471,15.898926128345257,6.4771945856518,21.17920860315746,14.075946247116702,26.030757371774392
1.0,47.07454836733966,84.76111158096637,111.37311368465848,51.72013089798762,91.44934491323443,123.2235153631306
