time,s1,s2,s3,s4,s5,s6
0.0,25.87847702535627,17.105848012018793,11.088972891039631,15.08621254706155,18.269361066401725,37.14206024378492
1.0,55.73538404407995,94.75159918248224,122.00613259803725,56.646920492897195,81.34362136186394,128.149905143722
