time,s1,s2,s3,s4,s5,s6
0.0,24.230586060185736,22.87503807631087,21.64585992611159,14.843294938825194,9.103318799076526,19.973679807144183
1.0,66.2522790614135,90.69742367711805,129.66986124603778,55.39456176836345,84.67709046350939,113.99311581277395
