time,s1,s2,s3,s4,s5,s6
0.0,19.539747960291812,21.162492085734232,16.042262286628457,28.198841200869794,29.00711546652743,22.230956043131098
1.0,53.67363499951963,91.46996848436233,124.94461765395012,56.44610581520329,94.35028322958006,127.97189290128212
