time,s1,s2,s3,s4,s5,s6
0.0,19.624520517008968,19.230279822224336,22.899398052694274,27.192504327707766,31.63080434461817,16.681727620211642
1.0,54.971191306964386,100.90759285561813,123.25860044656872,58.18471199377423,97.68355059239482,127.85842121371851
