time,s1,s2,s3,s4,s5,s6
0.0,17.29551588734339,16.495829830797458,18.696795656242735,16.953443986215138,27.141763009315945,17.575063116807485
1.0,49.20137984642461,86.37904123143707,120.1305299431321,51.68122537451596,94.49089605167532,123.11867781230686
