time,s1,s2,s3,s4,s5,s6
0.0,24.46468422512971,12.903176448953092,23.349941179545553,22.21805283092745,23.224655865557363,12.09646124721268
1.0,58.17022972804428,103.14298940308777,142.8597381833435,61.504584649227304,94.14012236242122,150.4260128266762
