time,s1,s2,s3,s4,s5,s6
0.0,29.533131984720146,26.166231568420663,19.42482660405198,24.01509536245639,16.456578001010055,10.950488837642954
1.0,60.50976953470169,107.67261208519372,126.58532897888905,67.43712289227963,91.52625008539911,128.85070368325992
