time,s1,s2,s3,s4,s5,s6
0.0,18.19283122330963,17.988789455941077,7.060454342054097,27.01393829635236,16.126629569198272,22.634082347230667
1.0,61.34358609530694,90.42064278289479,121.78697585014082,72.59977949205347,98.29790222499908,128.6029365071393
