time,s1,s2,s3,s4,s5,s6
0.0,19.27455271594504,13.068032275343173,15.577648241831877,15.674893282974793,9.613092307202148,17.556310630252707
1.0,63.53414512839253,79.93449333983244,119.72021647183216,51.81830330860928,79.29097720640462,109.68860949186433
