time,s1,s2,s3,s4,s5,s6
0.0,25.173339451154956,22.82835675272303,28.27794207562254,18.145594266893056,8.710519845932426,14.73286486206263
1.0,58.75901712953717,83.94621967949921,112.9761347685021,53.46511807932812,77.42143526342959,109.17488856626233
