time,s1,s2,s3,s4,s5,s6
0.0,23.96024186530885,29.275659510704013,13.920904994256079,11.822802238990985,15.552735318267334,18.37024773073787
1.0,49.39315251000492,81.21981050249812,105.18755523523629,52.6224529202546,71.37254190112553,98.3187886192085
