time,s1,s2,s3,s4,s5,s6
0.0,23.41345496696145,21.054837772141248,22.26665243309627,31.36117144564028,18.997344408381373,27.26751348927909
1.0,67.83450499110202,106.79824398579132,136.2860107852782,61.027124977964284,96.03022855925718,137.34110925698235
