time,s1,s2,s3,s4,s5,s6
0.0,16.067821517117043,22.264430199017355,26.107968843809008,19.595220819709063,30.138310920051588,13.986206738462815
1.0,46.814390294009755,89.80660390374132,113.16053592886588,49.801903341793924,90.79137543724157,117.61668469970517
