time,s1,s2,s3,s4,s5,s6
0.0,30.433213215931396,10.667762320554372,22.55815186675155,32.39746215249502,29.26580633416298,9.849927350263354
1.0,48.51409887545147,74.88710037162248,96.8132991327903,56.39763476860568,89.93606442163683,104.29389510730614
