time,s1,s2,s3,s4,s5,s6
0.0,25.88890521819772,23.32406901794162,22.398578812169298,16.822845711062023,19.54407424605703,21.553082220254755
1.0,50.33203731713439,90.41653710874034,103.03541809536776,44.63977765447924,78.83142990822964,116.10814043991357
