time,s1,s2,s3,s4,s5,s6
0.0,17.51381680586507,21.834839096140396,24.3327542700535,22.922301705809264,20.099061033315888,20.893177583240384
1.0,54.467837002811606,88.42105035255389,161.73450868641183,70.97406135020134,107.2995738419174,144.34023271888333
