time,s1,s2,s3,s4,s5,s6
0.0,27.09757399687482,20.43397233206326,15.719476713188797,29.095279610082965,20.062480753727733,19.140188474856433
1.0,62.055536915216216,85.11863737697614,128.64848714950554,60.27603036614776,87.09686764471337,125.91277743585151
