time,s1,s2,s3,s4,s5,s6
0.0,20.55593619096768,19.401417351479846,20.043021854207748,17.44236588164276,19.437707402583946,17.68682137220017
1.0,66.93566346794883,86.01317431323282,127.22194051834029,58.85665684531556,84.67513833391506,124.72557939092752
