time,s1,s2,s3,s4,s5,s6
0.0,29.541935490511058,18.1512057963543,13.99410096013025,12.077499368612983,20.14814083144302,30.63409814776648
1.0,58.16753200461245,95.60011382054685,121.51377200942657,64.99802772657858,100.65756608310714,129.3762845340969
