time,s1,s2,s3,s4,s5,s6
0.0,21.72276021490558,19.33876765345408,24.750598280371964,22.620118860543688,25.992460587591403,26.405987708942693
1.0,56.39720497970503,86.85250150731399,112.3376903064617,54.66117035575207,85.34587341760793,117.31343979551369
