time,s1,s2,s3,s4,s5,s6
0.0,17.949102294997715,23.62637515477061,23.497209126787435,18.957500378154013,19.55245203470205,12.011309764141735
1.0,64.22659856702919,87.63078121034808,124.14427498162863,55.91206637898058,87.67911566950815,120.07197549996313
