time,s1,s2,s3,s4,s5,s6
0.0,19.837518398870678,19.300820817913742,14.855750305919415,19.109611764292467,31.342574380039252,19.112998616588165
1.0,58.79831182380288,93.73342101773359,118.10115406373248,55.45642281308125,93.65643779271355,109.98050281972945
