time,s1,s2,s3,s4,s5,s6
0.0,15.700364539446298,15.209263353800036,18.308323742251808,21.868242962152678,27.328497225235214,19.426832211657448
1.0,62.08261832404588,90.11274133807146,113.47176675436216,47.06197343520035,94.68792860798717,122.30740445577756
