time,s1,s2,s3,s4,s5,s6
0.0,24.154451478392794,15.71452865430126,25.744182963956227,28.031628805751367,15.03909405485338,22.25689461839131
1.0,60.53323977548576,97.99154496971343,128.89039613502123,63.271159826996396,92.5635699956344,132.35765240531762
