time,s1,s2,s3,s4,s5,s6
0.0,7.61562254152356,21.65106083210791,31.009866443982183,25.914949471132044,14.98981466019624,14.68912723349201
1.0,59.94573697192392,89.27934435352087,130.02613335907003,59.12212745275733,89.25560428203565,115.58006300847728
