time,s1,s2,s3,s4,s5,s6
0.0,21.777622568478897,16.91062565576558,30.480995040323613,23.047004441921185,23.65673696064777,13.107102222022794
1.0,51.712089665519585,75.06826827808403,108.41236205245232,56.768529970570185,75.00188426844299,114.47125020939278
