time,s1,s2,s3,s4,s5,s6
0.0,18.42396853429432,22.462791172480287,25.01909746090308,25.437940115218957,21.503567742973836,29.56944392703218
1.0,46.24784703127352,76.10927322012378,113.3735800371484,55.37186024346851,83.33741642066003,115.5313692174749
