time,s1,s2,s3,s4,s5,s6
0.0,12.167061171946525,25.75371415778648,23.751872518451357,22.451745714026398,25.41513840090229,23.41338564869075
1.0,53.857562867540445,88.30499342209254,125.66384928552219,58.36833052845453,85.38146853461511,113.51009139011289
