time,s1,s2,s3,s4,s5,s6
0.0,19.404405161808377,19.63558072923165,26.002598116092727,13.877779037335545,29.850536391670055,21.549146085295224
1.0,41.58696366202368,81.80236189491183,94.67419809115358,40.67021970104085,78.75066344456636,100.90026194498874
