time,s1,s2,s3,s4,s5,s6
0.0,24.914888737155582,27.433014062579375,21.82632737678596,31.231295441174755,23.895370446142707,24.845962006654673
1.0,59.79602016943226,91.44725247876173,118.29091925863827,55.427960966924154,86.90902651252362,118.25347205481947
