time,s1,s2,s3,s4,s5,s6
0.0,19.787884291089334,24.225758710572467,23.137344123501258,11.447506816630458,19.070841331867676,13.186125010209164
1.0,39.211877419875734,72.81017448506962,102.89973516132706,49.41552257406663,80.50599261467093,107.09679471190995
