time,s1,s2,s3,s4,s5,s6
0.0,17.764798201443824,19.64277855964129,21.0344180717688,21.228788371599144,28.673567047202262,20.901103712164353
1.0,64.96926302067675,102.54481888308905,136.5600487633178,53.08545506628859,102.16841361976432,136.4136539911913
