time,s1,s2,s3,s4,s5,s6
0.0,15.536377712518544,27.460328465888065,14.403881174698508,23.629782716564723,9.992633979059619,25.348410983660493
1.0,62.28591542097578,96.76440993893206,135.10782641999484,66.40589933932719,100.14413627154602,136.30407801344103
