time,s1,s2,s3,s4,s5,s6
0.0,14.41458492341036,26.925971957400137,10.912966824102483,17.879034429719027,15.065870947610762,14.851799013670194
1.0,47.92399671141742,80.13827201955459,101.99502492036663,56.360957295244226,69.75510312109733,120.94179531952729
