time,s1,s2,s3,s4,s5,s6
0.0,14.166064856990342,19.680860704544678,21.59077665449136,15.673489454119366,30.861664283993182,14.919295459383104
1.0,59.05685779595564,88.76237321353294,126.654074173612,56.84554220187477,94.18951890148341,121.56917526520174
