time,s1,s2,s3,s4,s5,s6
0.0,21.91127869114088,18.89669500414103,20.504376510658588,21.215953034869436,14.12901636673665,15.687649744580728
1.0,61.06253912151758,91.79069242093574,118.91825285168478,47.76965972547634,90.67973675591723,125.85726091875541
