time,s1,s2,s3,s4,s5,s6
0.0,21.993190055249244,13.55457111986247,22.431908673152755,28.89312314787169,3.414562431515158,15.949107444927145
1.0,57.11071311085677,75.89374356045569,124.37301068169756,49.78449067431446,82.13457510115352,110.52424044547773
