time,s1,s2,s3,s4,s5,s6
0.0,14.183041468794261,22.59039592607428,24.93255015250974,18.773424937053925,25.150706942770743,11.064068422149418
1.0,57.55809776971558,88.16163573524668,109.5116650471092,56.100320836510654,84.29667846612064,113.7632486452976
