time,s1,s2,s3,s4,s5,s6
0.0,19.54609689666995,8.357125788893725,19.685247296564505,18.557502205742935,25.644007118267155,21.163275783866638
1.0,58.24800842068782,77.86242782994526,111.43045000558232,57.601055366027126,94.03515176114657,110.06466579909407
