time,s1,s2,s3,s4,s5,s6
0.0,31.001349786625674,5.444754793110436,23.185513644209017,27.516140415471206,18.000091130606723,20.724857929056903
1.0,59.78826134034816,80.83569591316447,138.39449745233074,58.701921453718036,84.03742983893423,125.6738153672787
