time,s1,s2,s3,s4,s5,s6
0.0,20.44218290523993,12.72814653543067,15.081127435791387,38.03403624158459,11.003404467851997,18.9317187807804
1.0,46.80010998572722,72.46949768148545,102.22970413361243,59.056979936385,79.13501051187916,119.24914202229385
