time,s1,s2,s3,s4,s5,s6
0.0,27.11128416945914,4.169133460981776,24.657193290660572,20.21845010983242,22.689738034972386,20.848742735276513
1.0,66.84143826914203,101.5580802113755,147.42183311857963,59.2999418282537,92.43989400401108,138.70191712975668
