time,s1,s2,s3,s4,s5,s6
0.0,23.227515985656893,8.633776804745283,29.121151766712593,25.258356319869876,26.030449429654382,10.125429388236201
1.0,63.283343620041265,76.54252444165064,131.51834850016587,55.310025991165006,86.5510309734255,115.43888323785862
