time,s1,s2,s3,s4,s5,s6
0.0,18.077203812706895,26.747100225298606,15.973967350196537,19.514896972478088,26.85337534317904,24.101229662425624
1.0,54.48764810386952,92.36771674208013,114.71316722849653,56.97618090473879,86.05519574359857,124.52849899957491
