time,s1,s2,s3,s4,s5,s6
0.0,26.72061345029671,22.220035408629972,27.19523619296251,10.222963579144999,22.067236985828657,28.891578742737643
1.0,63.80901696441988,79.20277414442931,132.49990637716607,60.34414783432796,87.67612189509063,133.79040705780227
