time,s1,s2,s3,s4,s5,s6
0.0,23.814681140347904,19.31011165791321,9.450017163543343,11.0709890032947,28.776680604518127,20.268733894698947
1.0,64.13971206455562,98.0043643937457,128.0091510533463,55.88931577960099,98.75373846351366,141.40337706416452
