time,s1,s2,s3,s4,s5,s6
0.0,6.920601549974334,19.301169266205786,18.062459104254188,14.624137855849344,21.769980777877755,17.140834256020554
1.0,49.22287470740507,80.33153736489047,131.55645004968528,54.106167611682416,80.77963558236847,118.41694791044884
