time,s1,s2,s3,s4,s5,s6
0.0,17.68078661212546,33.332997783468294,22.36121412497006,16.636622489219405,30.898231124850327,28.536248186725018
1.0,55.0074831809656,87.44024365034558,125.69492329663578,61.56148835579234,86.402771882392,125.93322583102947
