time,s1,s2,s3,s4,s5,s6
0.0,24.79254590771667,18.23624564660675,22.547290461023497,32.31005603108289,22.862595839623374,20.57654947192386
1.0,62.43405686388579,85.06353652040119,112.34784946800562,51.14547582356834,71.83966255380322,111.92837432884104
