time,s1,s2,s3,s4,s5,s6
0.0,22.583191776655838,24.700173262062613,24.814491337390542,21.73355759748631,20.37624570773806,11.60122398839291
1.0,56.27088056944986,102.21632296792866,135.20259637380855,70.63652053176075,96.35544038695141,120.60793558186887
