time,s1,s2,s3,s4,s5,s6
0.0,25.75711141529377,13.670077414670246,23.85546619422953,23.85364049488353,13.521937243623036,19.647335546441226
1.0,58.635807234097506,84.97196405954165,126.94491731613792,62.61592425639221,88.66381914379937,118.08201768037651
