time,s1,s2,s3,s4,s5,s6
0.0,17.632466311714765,15.395540490296122,21.305987341381755,16.94205270463896,20.641635195667803,10.065342457497692
1.0,53.74337303947607,80.94258757017599,120.66652008953902,54.62815960387365,91.47339459797904,119.95964590466927
