time,s1,s2,s3,s4,s5,s6
0.0,23.533015631841455,18.88184777189263,17.792474258895634,28.180454341763664,16.861313142419654,18.77060489913713
1.0,56.29524892065649,88.12562892405724,122.263631505968,59.3527014557137,74.85920814312888,120.70728347553286
