time,s1,s2,s3,s4,s5,s6
0.0,21.294632039698904,30.096974482915282,15.884234242585904,16.303879208148995,21.01212410242911,26.81426366401057
1.0,74.86213808283746,98.62826946175316,146.83401983302764,64.25769535498176,106.60028710995735,149.57586910288322
