time,s1,s2,s3,s4,s5,s6
0.0,20.01482116758944,19.790337008270864,21.86185201763751,15.7316191241562,16.312836951764915,25.876183687060653
1.0,45.194459946422704,84.41684288966104,116.43060972368681,52.27666060421756,89.18124482618005,112.5612039296539
