time,s1,s2,s3,s4,s5,s6
0.0,16.649272686319833,20.149881078187835,18.778635328548493,17.05995174912346,15.967758692509051,20.21659154298193
1.0,64.38189710866068,88.85405784785031,137.25654368930557,60.022641269248034,99.28737217300394,127.4496302998923
