time,s1,s2,s3,s4,s5,s6
0.0,21.44530641301418,16.551572213878313,18.16194476804018,18.481810844890095,25.745412278752333,18.10923616928292
1.0,62.584360649314675,95.9727585777582,128.8452472888808,56.86776402382542,89.08956869532136,124.68077383767799
