time,s1,s2,s3,s4,s5,s6
0.0,25.25923124138657,19.294218693645448,17.879097640084762,25.561713300785577,15.106690154709966,21.47576715435011
1.0,57.18445657266679,94.88026909555477,136.45443282518494,62.22444238605008,94.29888729705566,136.00069108609327
