time,s1,s2,s3,s4,s5,s6
0.0,14.872951375522142,15.886402414834745,18.307227000174414,23.84227645831707,18.849774532097477,18.90517777372336
1.0,53.87454237930928,91.28703152122294,125.65828647568439,61.629710749362026,92.33514404422112,123.13975527431286
