time,s1,s2,s3,s4,s5,s6
0.0,13.455027384677413,13.99660027047372,22.85912695516578,24.795188929763277,22.98220084492074,23.793052983244596
1.0,58.56138248303395,108.40364707828925,150.45384292422705,68.05793547929885,99.34784145804784,142.94844135926198
