time,s1,s2,s3,s4,s5,s6
0.0,14.725204653461166,19.702359753238994,15.55463332726336,18.6152396558213,23.495923807782503,24.422477608166783
1.0,54.35014063839288,90.67368777795826,101.36638516992193,56.68860937423568,81.87767020918375,110.08515645196181
