time,s1,s2,s3,s4,s5,s6
0.0,19.37655631512191,17.730999499025998,22.898069848247538,18.071265331892317,13.440549711837772,15.825775576057179
1.0,55.453861305365585,95.0668565364401,128.29276887111132,64.67120536180211,89.30196345165932,134.9167723092141
