time,s1,s2,s3,s4,s5,s6
0.0,23.837602314130066,30.922667921651882,16.745376761432812,28.041937308260984,18.176331602494958,20.76169208956665
1.0,54.25843274722193,87.73612422231402,111.57936652572943,50.38323508414605,80.25843020900011,115.27264923633433
