time,s1,s2,s3,s4,s5,s6
0.0,19.274093247361375,12.586425468561757,33.22984999321022,23.93874556308143,15.308406280069228,21.183727945435194
1.0,57.91672294189048,81.83213494182141,107.82314771773382,61.717650205152495,77.16851472893998,111.72613065298347
