time,s1,s2,s3,s4,s5,s6
0.0,17.95741520474159,19.90289705481645,11.195036585092518,30.073438360488655,27.25344577304484,22.26820463690415
1.0,43.92076693225088,92.06457375657648,105.99124957009732,66.22866906636142,89.50520503405224,125.02203377080437
