time,s1,s2,s3,s4,s5,s6
0.0,17.567881939072528,18.85348729283679,24.008706132804413,25.355908988677474,24.085981408883818,34.01076615959783
1.0,50.19992566132688,89.98760619434195,136.06917290526025,58.73439594757427,102.98223498030032,134.653699171966
