time,s1,s2,s3,s4,s5,s6
0.0,18.03549405472775,26.89905290178293,12.867330960854305,19.005383374609842,19.032809862450648,27.619013873634376
1.0,52.450751370322145,86.9524886103108,120.38960932720346,50.36676513894191,85.0067381027659,103.54679621489642
