time,s1,s2,s3,s4,s5,s6
0.0,22.846939738369183,33.965583194023,21.10452765081216,22.526775221072338,15.471854755846046,12.611859568970878
1.0,62.358177593069826,89.87241861216509,137.56694169509083,58.54567008341441,95.2887812115033,128.95482459144566
