time,s1,s2,s3,s4,s5,s6
0.0,19.317097890796415,12.970340818507514,17.049982204872727,16.455140183735875,25.19077783688897,20.32992179079354
1.0,62.94694897436493,85.93620036558681,98.56414106210862,57.90752041555916,85.39548467958785,105.59078087445353
