time,s1,s2,s3,s4,s5,s6
0.0,25.515418504547306,28.683361377804367,27.40344911966489,20.670286001009178,11.477486465545125,20.126823292518292
1.0,67.56059655485299,114.79065788364746,146.41608395531847,56.77527922372742,104.51908009644023,152.8901616969561
