time,s1,s2,s3,s4,s5,s6
0.0,13.021939070254014,13.558106834080881,29.426118385265113,25.87212307496992,24.212017532756015,20.604079890595404
1.0,52.56094115928756,79.6850896322236,117.42851124693662,64.18037432686597,87.07619883356907,112.58044527330422
