time,s1,s2,s3,s4,s5,s6
0.0,22.451101943309357,23.077695759941818,14.214514238784055,23.951439736671094,18.941750566984304,25.845908148745142
1.0,47.78008617553074,94.92806808767051,121.06941587528713,57.14212594502722,67.41676882879563,120.92290232691856
