time,s1,s2,s3,s4,s5,s6
0.0,20.456470246350918,13.483680825293954,10.666055120463769,10.38703974213622,12.104050897085687,25.40814064132321
1.0,55.36899831610832,76.62770376012264,112.47489133149448,59.08463620166026,83.47206694714944,113.77039086236478
