time,s1,s2,s3,s4,s5,s6
0.0,8.351580797371332,9.519848495724,17.381299610195683,15.162569396262427,17.318563009791188,28.271080071728964
1.0,61.68966870795653,84.52228923926741,129.99127027511287,62.26941470946997,83.67513048362768,137.00851509036787
