time,s1,s2,s3,s4,s5,s6
0.0,6.959029003662545,22.100845783423658,31.852030246549447,17.47221562281045,20.0883714777589,29.333723698935565
1.0,52.917524532676865,90.56561207085103,107.75044662814511,46.72432136225058,79.80611741416797,114.90042753641981
