time,s1,s2,s3,s4,s5,s6
0.0,17.20318745126217,18.58700158772143,25.596876244588195,16.615143013735015,24.875483172099973,15.94637177465346
1.0,59.60348154879003,90.51887562874549,116.93888638989256,55.883182245877016,88.37430647941618,123.4975977970494
