time,s1,s2,s3,s4,s5,s6
0.0,24.89383253786319,9.057549850149126,12.824861970649955,23.97598589550101,15.71298121945483,15.530625709781903
1.0,50.3558428101032,75.21807751037396,100.64103658966226,61.61862822865729,73.17925023148729,100.73034829182778
