time,s1,s2,s3,s4,s5,s6
0.0,24.452665591657414,24.535852625840445,15.79114902811641,21.97484571088977,23.15772923449985,19.167929372934132
1.0,58.35609531820625,89.80927625847708,123.26873853254241,52.60384416301827,99.8002292999822,128.24202233367598
