time,s1,s2,s3,s4,s5,s6
0.0,24.410080052130844,14.490216383162,25.10225542244349,24.247341134232624,25.407926236120574,17.241435931460014
1.0,52.40217417332067,102.26236439014379,138.33547595304336,65.07224155365621,102.25430345239634,139.54336469924823
