time,s1,s2,s3,s4,s5,s6
0.0,14.086436947095791,18.563745976365247,18.471793064938556,22.918267008610567,21.58999637295218,15.440005385098976
1.0,56.53259062731909,93.318059959568,113.43502357005141,55.14140476833547,77.99828717000285,123.42370174647189
