time,s1,s2,s3,s4,s5,s6
0.0,19.383013929884715,16.81447160413977,9.329973969099347,15.038196266806391,16.05932085111531,27.969401309032317
1.0,63.45789913366444,95.11064370411577,125.63149930800147,62.10701345094251,88.16759729625916,129.5953518574059
