time,s1,s2,s3,s4,s5,s6
0.0,22.11539860329158,11.344844433901649,20.50178552251697,15.73102448065477,15.087044112106836,22.546972313475376
1.0,58.77960505131923,91.19299067698341,132.20186604210866,62.18265287122345,87.32733389411516,116.0221846263285
