time,s1,s2,s3,s4,s5,s6
0.0,15.830343221978467,22.79300755413926,32.08974761802726,29.090414240346192,16.14096220891247,28.637659146759653
1.0,54.14412588991518,89.2422852077035,118.76514111097745,56.09324722050263,81.05716173972144,125.95554623148068
