time,s1,s2,s3,s4,s5,s6
0.0,20.41457899571473,28.78461957310621,20.29440171128192,18.313971445517055,19.81101843985187,14.16323673707081
1.0,50.89324282214697,101.44805744744055,132.26227202922894,63.79545344989892,93.81886238332952,138.70387223419033
