time,s1,s2,s3,s4,s5,s6
0.0,12.205401327365887,23.87341177642127,20.462256091201255,26.288676329297044,17.71225243158141,22.625354983071734
1.0,56.703661886351455,101.43545399544576,139.60554524989078,66.22933395811279,101.34782267768276,137.79558693415115
