time,s1,s2,s3,s4,s5,s6
0.0,16.78219377326984,13.480072050842713,20.47765487662311,17.16899610510801,27.953608945554837,34.5299319808321
1.0,50.43778061258721,88.70522088704983,119.32962841176779,49.229231463547535,89.34278596746172,127.68639785002028
