time,s1,s2,s3,s4,s5,s6
0.0,24.25818134006633,17.637437479120216,13.968592709482722,24.651615033414387,12.51633309367978,15.605017911809593
1.0,57.348005228325,91.6338775161965,113.05788937677426,52.80706770170353,86.72677875588754,122.30614565849973
