time,s1,s2,s3,s4,s5,s6
0.0,21.139086200548928,17.376444703672302,19.25877521643524,18.771675126841966,10.731539976212291,23.077403709073053
1.0,56.576940351819786,85.08885577381521,113.9903121583671,52.23379282477133,76.12946978792749,126.06149025217336
