time,s1,s2,s3,s4,s5,s6
0.0,17.128488427047177,20.103393122575106,20.141631963107173,14.165984259616192,10.37619011969744,21.2611747623626
1.0,46.98240616513022,84.4181025062287,103.18237717022768,57.48191842617576,70.41166094373989,114.30315226630358
