time,s1,s2,s3,s4,s5,s6
0.0,25.861629958186583,14.828774959344292,3.3993267656975927,23.23765656707695,16.690236569700414,24.146208324977117
1.0,50.803717071932994,82.33606695200868,115.00011884735623,57.49254069906239,86.84885969821362,117.00058956009414
