time,s1,s2,s3,s4,s5,s6
0.0,16.165015288180914,17.65121126115916,21.05201083671509,26.85714315742545,24.46323657821106,21.050663080130146
1.0,53.78180409604889,97.99377419526513,138.83347544954924,68.93132563260083,99.73693605530863,136.151673544914
