time,s1,s2,s3,s4,s5,s6
0.0,20.0146897126198,26.88136628909169,11.440225122451384,13.347026492855257,22.61848143735811,11.418002919678337
1.0,51.781309387467275,91.03892135450823,109.97936039349919,51.00512497372079,81.44555558101847,109.4854702496295
