time,s1,s2,s3,s4,s5,s6
0.0,29.110219808412545,27.541798499795952,14.35860654884323,12.320040389248526,20.496023654046496,12.867290368287858
1.0,55.354430837064875,94.41435167468698,127.74994020767205,46.64788922685603,94.99258583019788,131.69270312713667
