time,s1,s2,s3,s4,s5,s6
0.0,10.71636067228543,18.689337331666444,13.301511726275592,9.499353571111833,16.823039261227027,17.401344525960642
1.0,63.82384182579872,92.9085620558351,117.48213642909916,53.873264780743874,85.13898779101226,113.28963546277852
