time,s1,s2,s3,s4,s5,s6
0.0,20.57173930311617,17.646322662374914,19.7222445380444,23.78907208214083,23.992416752189683,14.119055511132633
1.0,54.980783723494575,82.2150212192773,130.33544559463036,54.317229433385016,85.95706354990112,126.80843471635718
