time,s1,s2,s3,s4,s5,s6
0.0,10.960051599186082,33.71034093434069,16.688709722371257,22.743513307854627,16.446930531829068,10.930779996541604
1.0,58.52831586746008,84.22049973114845,121.45678072196489,45.59931162902938,90.05911967283089,126.42806845156764
