time,s1,s2,s3,s4,s5,s6
0.0,22.360647971322987,19.089602232696706,18.409927532102948,21.304534652094418,22.539127669526682,20.496555182063766
1.0,69.41192539681231,101.8846487643084,138.4790018422721,63.88979046240523,102.39119734779877,150.87964598560418
