time,s1,s2,s3,s4,s5,s6
0.0,25.050014125881134,19.25827848999171,17.788707071286407,28.418745763063093,12.874540046469901,15.845752155464728
1.0,58.62804638643573,89.54318445527319,130.5462456693159,54.409790627753274,86.5003657296486,120.44781043909352
