time,s1,s2,s3,s4,s5,s6
0.0,35.31674796972053,24.998102505874357,10.686792083301821,19.242778211112288,13.81320732019059,20.19019274347236
1.0,61.83535475959659,103.45605993648658,130.0696095955147,53.27210855562244,96.81423756499282,146.20808148059098
