time,s1,s2,s3,s4,s5,s6
0.0,19.56669640749096,14.293014910551353,27.482729901389945,20.264580543839543,31.1812669918995,34.83695874552346
1.0,58.941166209583756,89.30966906505067,132.81120616622547,57.24116175913551,95.31380663937647,125.10629920644013
