time,s1,s2,s3,s4,s5,s6
0.0,16.2287824522044,28.564269241577183,17.018854889322387,25.993765296301127,15.960619873653975,25.246438561198005
1.0,57.43512043811148,106.11375668781037,128.5508989053037,66.61070909454371,92.45495220672571,137.30725213904
