time,s1,s2,s3,s4,s5,s6
0.0,12.887942301103134,25.442253581942502,25.863113217943813,20.870596350784524,23.669993910245733,28.613639237671094
1.0,43.01965380198059,89.75459765479738,118.86265050713426,56.48557186300946,86.09680932591037,122.39444724232962
