time,s1,s2,s3,s4,s5,s6
0.0,20.861048541865674,17.37015676879933,10.736310838263828,18.57697613609063,24.1423924953592,14.493873765660245
1.0,57.353491176031426,93.73316515625625,126.76170267658792,52.108226215501425,100.03862330134118,125.98994095676815
