time,s1,s2,s3,s4,s5,s6
0.0,24.869087296379618,23.037327695180664,24.416392385733257,6.5088059607266135,21.98655584438198,29.429351107282244
1.0,63.826978140303176,91.54594203275036,136.1806153289043,54.59007696396334,93.75827677751298,138.15911095603417
