time,s1,s2,s3,s4,s5,s6
0.0,12.428476910294929,7.971144536619999,9.782565670515684,19.221239265708675,13.154754164824595,21.453617824107205
1.0,68.02409853782294,81.80751293167444,108.20265850122318,56.96672784912546,80.63559201210384,112.89760342817536
