time,s1,s2,s3,s4,s5,s6
0.0,23.157979759655973,16.14351898675363,12.828546975029582,14.206334883341427,18.214276274471423,21.76938281315731
1.0,68.30124090815039,98.5380699463457,135.4728016275414,59.492683621950526,90.83059361680756,138.14640275517928
