time,s1,s2,s3,s4,s5,s6
0.0,28.575782874646247,16.457067442703384,13.826653101940122,28.956185480202738,20.1907740275348,26.983846729552745
1.0,61.98427862036614,92.8740314517352,138.3217328534349,66.66302434398415,100.76114416692222,126.80723718996182
