time,s1,s2,s3,s4,s5,s6
0.0,24.235281003625104,15.88081557884398,17.918423529240584,28.087954350652087,12.667293635342677,12.711826198454954
1.0,65.66768746489308,97.07649560629825,130.09592212113012,64.03844266213747,87.75028485330313,125.75214627220923
