time,s1,s2,s3,s4,s5,s6
0.0,19.61634880761499,16.79899516780713,18.394995276689016,24.192423559280023,19.091922148754538,24.80723905439186
1.0,51.07569639207266,84.59608825194043,121.10737179918917,60.70472460532691,97.5998791779231,121.25435806564917
