time,s1,s2,s3,s4,s5,s6
0.0,19.99419476131764,12.904718117919632,9.116002610945236,27.988711701670915,27.72403634037988,17.61983380050414
1.0,53.81709780608499,79.14337400766254,121.3713983534589,55.10330160030743,82.20294083600986,124.64461798673898
