time,s1,s2,s3,s4,s5,s6
0.0,15.925723574132082,21.978482084413336,15.637281803313615,32.47434267251787,21.1852813927425,30.918424398421433
1.0,66.10413533200928,93.03161613976016,131.9488363197748,66.7704258849376,97.82621404969656,135.16108895774644
