time,s1,s2,s3,s4,s5,s6
0.0,17.834736673566407,22.83983130220647,19.00464765543533,17.04623021131048,21.86281150894021,26.106342685173303
1.0,64.30009090976178,91.82903117759845,126.48914139256087,53.80068866970773,89.35074025223116,110.80972874044184
