time,s1,s2,s3,s4,s5,s6
0.0,17.083215905756056,14.962526429832831,28.568463069229225,22.45373512974938,10.483335478664007,11.391600057599952
1.0,52.206373884584316,85.7194936630556,122.67666859189816,59.62157154249596,84.2745575308278,115.35957485893539
