time,s1,s2,s3,s4,s5,s6
0.0,7.5608348230696425,13.81324325553799,18.867171246643856,20.000253154371507,12.13587236067137,24.632668982826136
1.0,65.55142585990498,88.96337157710985,118.0162775264662,46.981902881178854,77.23843832426232,122.76469430398168
