time,s1,s2,s3,s4,s5,s6
0.0,17.24795410896672,18.719189459974228,17.196014548652393,24.93319748223159,21.25947377463122,26.95726685453254
1.0,54.92159857362904,81.64864016708222,112.23163004164407,58.25365188039097,80.70798453031139,111.38316703189712
