time,s1,s2,s3,s4,s5,s6
0.0,18.78114072368708,18.098225798916566,15.376580224098113,20.65225569245707,21.58766784036935,14.512832114556783
1.0,48.990400207472746,79.12683929462487,109.3814929315261,57.56420508211147,81.98696779318232,106.47515325785794
