time,s1,s2,s3,s4,s5,s6
0.0,25.44660674590877,20.405251350120217,17.112785489719034,15.477272679250635,19.88373148632577,26.901560313340624
1.0,48.73604516238029,78.99810243847857,102.85607917184802,51.900609062337054,83.82395192670225,108.57060348018511
