time,s1,s2,s3,s4,s5,s6
0.0,23.872466805389617,26.206322471964178,28.09384065777152,17.049130943772084,19.950957179508052,25.29043122627336
1.0,52.67200959500005,79.4748279871605,110.48079476839911,58.38968398924781,70.94729376749773,110.22671568299464
