time,s1,s2,s3,s4,s5,s6
0.0,19.787177877488155,17.129305007176207,26.634782713246246,25.499476406147842,18.14679372026053,16.67323025027076
1.0,77.64476400953106,126.40886661575713,162.01841741091476,82.24956635843992,114.03324137289243,168.85416562566445
