time,s1,s2,s3,s4,s5,s6
0.0,22.239612149501806,24.03549177413954,23.07045523492055,15.962478707230352,21.484948690761676,22.753781290176057
1.0,57.05786865268097,92.94681214323738,123.72523381164311,48.052189127904946,84.93454055566119,112.25229891471176
