time,s1,s2,s3,s4,s5,s6
0.0,11.860823933545479,16.580138563984224,26.33531730801961,17.425668437441374,19.80308208299038,10.223426668938714
1.0,60.935967334130844,92.62947577552882,127.92337931608891,59.213060693398454,98.91359453015593,122.42543548733613
