time,s1,s2,s3,s4,s5,s6
0.0,15.645423516803614,25.00252187754813,1.813340595741895,24.480113000494452,12.09565282212049,22.125800981097516
1.0,61.575802630209544,103.53898384232207,116.37539256964027,63.11718455033875,88.56110970692798,126.8877039685119
