time,s1,s2,s3,s4,s5,s6
0.0,23.276314329584086,21.891115371300696,10.789713448880114,6.100775020725617,18.118095397685174,9.859636372018107
1.0,60.59775229329695,81.12570176587381,116.11318771714822,54.941741391579434,93.79834301861342,118.0439452265612
