time,s1,s2,s3,s4,s5,s6
0.0,15.54690326971545,14.400275754324058,20.009143939167497,11.016915556272812,23.66357864693095,13.370143918512442
1.0,68.42902990996211,92.10679771420104,137.64854914792295,59.80017233553269,92.31513584935401,128.04055222970467
