time,s1,s2,s3,s4,s5,s6
0.0,22.073303094728914,26.06669582146758,18.94280140099345,21.227344477627682,24.85178263380171,22.49099813870383
1.0,64.10256771399993,109.74074449561068,155.59475534237677,65.6320657996589,118.53358184134201,148.33988006932094
