time,s1,s2,s3,s4,s5,s6
0.0,12.043987021343934,20.623518754632624,25.13136714655018,27.04004849503977,28.697621883122974,31.864797350608868
1.0,49.81602748018826,89.90222222706365,113.85872894902724,60.7585425957588,85.69953413801116,121.10809066129816
