time,s1,s2,s3,s4,s5,s6
0.0,20.8265228989097,21.151035613254347,21.56983399853047,22.37249385797446,19.86961849600226,28.827468015394622
1.0,41.27521378917754,87.66038477886119,121.9816508314551,52.3539956458398,82.2167148757226,124.1928116299753
