time,s1,s2,s3,s4,s5,s6
0.0,19.98625658681552,14.157446879126418,16.068324226080744,28.2915090813284,18.702209609769163,20.841515291746852
1.0,48.03528982798126,94.22642810248504,118.64471801944997,52.83629274826686,86.89530553008115,108.22004945707404
