time,s1,s2,s3,s4,s5,s6
0.0,26.02355391373893,27.50997981696071,20.44096305723954,15.289168340902338,12.59392492080904,20.02774298452868
1.0,64.63245622659474,96.4176544715155,128.9920109777736,55.50465498224689,89.04854310757183,131.38019775574998
