time,s1,s2,s3,s4,s5,s6
0.0,19.137691387815458,30.227306993947195,18.56415513368772,25.83250794307924,23.481898806136684,30.061042044810403
1.0,62.8646430192707,83.79748239585808,119.34502481278888,58.35472124125923,89.37380093024292,119.11481707165397
