time,s1,s2,s3,s4,s5,s6
0.0,23.364483363975022,20.791384677405798,24.241519855366803,31.637041353105175,23.91045580929656,21.285324592355078
1.0,57.7002187552194,76.84877557262985,124.85684379324019,58.507010761441336,86.2432911280581,111.05070464548639
