time,s1,s2,s3,s4,s5,s6
0.0,17.091897597643676,16.41992807804293,27.646769036972884,23.69402209663612,28.51626759189211,12.398230109696577
1.0,71.81733168010041,92.85527471696868,133.64180819917354,55.90869538127918,95.06480581978768,127.78778029005882
