time,s1,s2,s3,s4,s5,s6
0.0,21.265970501147873,16.7774108184798,27.04771422727717,17.0106459424741,13.00783395687732,24.55877847582261
1.0,47.61741968261145,84.82229100724831,104.5735265539937,51.348617979869374,86.064025219152,114.65333645871496
