time,s1,s2,s3,s4,s5,s6
0.0,25.11402287563796,24.23000948120614,25.29431420632534,26.312288344306005,22.65233188294934,20.088205907991277
1.0,46.47923466106101,83.28846029323772,123.2644467095789,55.29641268278459,79.90948331060257,110.69960656171139
