time,s1,s2,s3,s4,s5,s6
0.0,17.751469153207328,36.94530511674332,26.76533402756287,24.492584958587393,16.381361149085933,19.629754501966858
1.0,61.527784154798745,92.17523949601024,136.99408298497718,70.88970153248611,93.72483630673983,127.19396372253931
