time,s1,s2,s3,s4,s5,s6
0.0,36.09091308379143,29.30355044237318,9.604741596508386,24.110113081367235,26.095876653731743,24.28255154430264
1.0,71.79283341290123,80.84350233890822,115.40414617224074,50.74218356052788,92.98923287638085,126.78407147866912
