time,s1,s2,s3,s4,s5,s6
0.0,13.245691219640367,23.386348988045242,25.822711850125163,19.3360665340229,13.176784046397417,15.170124640189464
1.0,49.55199205204443,90.55546772164804,121.32153097121113,52.84007014861411,88.8174893869144,123.64812697913581
