time,s1,s2,s3,s4,s5,s6
0.0,22.595582032086895,26.16755791098593,25.615100595781573,17.639406578657677,23.359151398760815,15.125100150839584
1.0,75.7335528386072,114.82892601257147,160.217047864689,67.68835940970321,115.77570204270138,150.33906902708523
