time,s1,s2,s3,s4,s5,s6
0.0,15.86535088206748,15.3908190477201,13.64096038428109,22.60755725963654,22.883512348991573,14.326681090016798
1.0,67.69987251599103,110.07424002275411,143.72710403758092,70.91951727323459,106.85269576093268,138.64634816080792
