time,s1,s2,s3,s4,s5,s6
0.0,17.901681322450088,16.16407866770824,30.90334868494903,28.72141760116584,24.653770290108938,6.340434333457317
1.0,59.862813743018016,101.31542950320267,134.83369959474422,63.006980202333,94.55377137717181,132.2959599042062
