time,s1,s2,s3,s4,s5,s6
0.0,14.845894250904513,21.564052291338143,31.384470973006188,22.998877606308255,29.493654442847518,24.263006797630172
1.0,57.59402388135178,114.03905488651615,143.95883507853588,63.66081023519431,105.7852825183077,133.88479018297426
