time,s1,s2,s3,s4,s5,s6
0.0,14.521004598879522,14.542829977563635,17.543927499003193,21.5525793829186,15.969149041003492,16.707179703217772
1.0,60.038793399052295,89.5354451350685,115.48639348910874,54.840163226969956,83.70724414310217,123.38441237760883
