time,s1,s2,s3,s4,s5,s6
0.0,15.89388812306467,20.67945167372707,24.38061396336824,22.39596918009397,13.331879686546028,18.272556833856363
1.0,60.564015728836566,93.01548979634008,122.05462640765882,55.50121690671941,80.7131001399525,131.82016896324123
