time,s1,s2,s3,s4,s5,s6
0.0,24.194132013562477,29.980035486760798,18.781032982481314,17.910640748938015,22.19910832759486,12.34571207610636
1.0,59.17259416214254,81.57459461757692,107.11835290362909,50.05168971831075,86.94642796588944,110.1642750459498
