time,s1,s2,s3,s4,s5,s6
0.0,24.96900316538647,21.091716675491547,11.909517428272048,9.584586784800138,14.236355992153152,26.209693672346567
1.0,57.71098338396845,82.12151223297201,115.54288835385795,57.52884904523768,94.05451234159075,117.22913905171166
