time,s1,s2,s3,s4,s5,s6
0.0,23.435699546737478,19.561032079873005,9.309541078905253,17.18589240680645,23.08578270626885,34.022121681403064
1.0,61.73796229216459,101.38169906056486,127.44125509414935,57.54406753934104,103.8487315207816,146.5798421392507
