time,s1,s2,s3,s4,s5,s6
0.0,31.902660899844054,19.930778531639298,22.723266429755604,21.574484303833458,20.639303955230314,26.215666593906082
1.0,56.71347925011451,84.57470703276827,116.54592975922625,62.23114742595723,82.56019191682314,117.19644763324841
