time,s1,s2,s3,s4,s5,s6
0.0,15.057621077809383,26.316794850603756,17.836945973984836,14.73852371612559,13.866372357242948,17.796802672285725
1.0,55.01344633643262,94.48925005224538,123.88582722155923,55.750086153080325,89.64618032466095,131.3081990380751
