time,s1,s2,s3,s4,s5,s6
0.0,19.068386618042215,13.579857908458173,21.812189221215984,10.587706567975497,21.761830616757667,22.97558567502685
1.0,57.41851803278307,78.3760530037721,115.72017032810679,55.095166743047514,85.05046114188548,134.05378203114364
