time,s1,s2,s3,s4,s5,s6
0.0,14.413496149830431,26.371969020461236,20.5423709336996,20.8167790633089,17.90049611291069,14.269240533368928
1.0,59.93181735662184,94.18528541686047,114.82843574848543,53.24262779025392,90.08477775345338,117.82192535148393
