time,s1,s2,s3,s4,s5,s6
0.0,12.188495292818253,12.038757397083238,11.38023463303255,25.866558930764825,19.08261576549936,27.94150420276292
1.0,58.60986705685149,97.5477039237083,129.9464602584693,64.20639733458933,98.47523520789582,136.19968917009695
