time,s1,s2,s3,s4,s5,s6
0.0,29.038248798051512,12.612876915779731,18.410699476935488,21.99780573816315,22.712527270909302,19.01491321353728
1.0,60.08739520973355,96.69875094935163,127.07431742021335,60.23741402582984,97.140994884459,126.48663770536025
