time,s1,s2,s3,s4,s5,s6
0.0,14.648606844792765,18.38629796935884,15.565742360114207,30.36466467332035,30.582235244189867,28.164910750497164
1.0,58.40223904528378,98.90663149678842,133.6548454120358,66.33954302445233,101.82327265719746,124.75160758026473
