time,s1,s2,s3,s4,s5,s6
0.0,11.651455536556373,9.825222901842709,13.920460468514257,23.071190882346034,27.54591499514309,29.365447565213817
1.0,52.11595394279251,84.95196303340306,113.6241371127427,58.087517439909554,88.51633953009845,115.64868235711229
