time,s1,s2,s3,s4,s5,s6
0.0,3.3238679108446494,17.01225802716639,30.93106586228746,23.358006192644922,23.299731981158942,25.461840853296284
1.0,57.54789712476537,88.74579311645986,104.52640521330189,65.44436928182645,94.14415662855893,125.77425869308053
