time,s1,s2,s3,s4,s5,s6
0.0,27.685602417492785,24.455042976906526,17.940682576574307,20.806450181525722,19.302717391259197,9.179676905412872
1.0,75.21557384925525,102.43874267345782,126.0173659594067,62.917265012384796,99.89882237816771,139.0697490968073
