time,s1,s2,s3,s4,s5,s6
0.0,12.709206802227072,19.07726238527478,15.056378693349716,3.550723996528111,25.488492082494034,21.612949146308214
1.0,51.868481142787424,94.90937128376316,113.5686036701579,53.75099574919284,85.55758704599654,104.26794809195957
