time,s1,s2,s3,s4,s5,s6
0.0,23.66141358870571,16.51528657564714,29.562615232047897,15.728824375010777,26.2424065181328,29.686508899256886
1.0,58.60798176844483,78.1704959669179,120.95213897991981,57.517842599566634,90.86461336977267,121.19493378957458
