time,s1,s2,s3,s4,s5,s6
0.0,22.065409598906523,22.631570357020937,26.905420601666524,16.34056953331534,19.71816267824785,18.827876915415384
1.0,62.68899504414591,84.6408446603125,118.35867397352253,45.691095445820245,78.11824052804212,112.37234846135902
