time,s1,s2,s3,s4,s5,s6
0.0,15.633687070771867,27.925301936628824,26.691076382417524,15.265136034480689,17.22083155211217,28.03169126926965
1.0,59.675246402463756,88.2407966273865,109.63250101127824,48.57565461767639,84.41153001677807,115.26249502193289
