time,s1,s2,s3,s4,s5,s6
0.0,21.62751745987111,24.732896923370145,18.113979686404367,26.468657536096135,14.797997927328154,15.418249956429747
1.0,56.450834324540935,95.73711609357109,131.93699865345013,63.63687892374648,103.15282194474653,140.7006585350097
