time,s1,s2,s3,s4,s5,s6
0.0,27.95580107596841,11.138184358905484,17.957814658700634,27.69752794614481,17.563859852650328,15.655058548493006
1.0,60.51013954572454,100.17702509486229,134.90981619938904,70.93947968647791,98.97355615465169,138.183870530953
