time,s1,s2,s3,s4,s5,s6
0.0,18.842851459911163,19.735852510713475,20.36802209732069,13.084326410109727,23.86294137460417,22.398921126825947
1.0,61.525151554568254,89.11237023568533,113.33770351450018,56.187096882786086,78.38176501170294,123.16108545123343
