time,s1,s2,s3,s4,s5,s6
0.0,16.784037625715474,19.054541705245523,29.08438128290248,21.07216329750743,15.320568322957095,19.74873926340667
1.0,49.92080830073145,89.70467664841078,114.49661371398255,44.97220151307439,80.00740309993965,111.79850565953657
