time,s1,s2,s3,s4,s5,s6
0.0,25.14309944503054,9.85160223752167,19.36777975818091,10.666957425333742,16.90365395717668,19.81275676206989
1.0,57.24490167919277,90.0373514725146,123.85659565988138,67.96754639403882,80.84187513563889,123.92475202259418
