time,s1,s2,s3,s4,s5,s6
0.0,18.605012892986394,16.335312659716852,13.999225370109363,23.420052617620247,13.642272759647216,19.055533101204627
1.0,50.12146117998174,87.59531167323131,118.90588383010068,62.12558667862687,89.754284647578,120.503952459715
