time,s1,s2,s3,s4,s5,s6
0.0,17.0225054035926,12.887016933220291,20.224631941898934,16.8473807506492,23.70575384535562,19.80194873566697
1.0,52.44051692987916,103.60046959120845,140.799941829665,66.10406646823728,110.30822288895597,154.69934357459212
