time,s1,s2,s3,s4,s5,s6
0.0,19.610740230221136,20.516004304504904,27.59926489008757,14.132086767754956,15.7786180391982,13.99450980199098
1.0,51.13151718878447,97.13257520051232,139.46182635414053,58.50145184640377,95.39948289513644,138.27389445621813
