time,s1,s2,s3,s4,s5,s6
0.0,17.045555899646196,20.76373757523961,21.338727606977283,28.4064474964427,25.267923840536007,31.256966955876848
1.0,55.801408431902054,86.55796572800526,104.6301267487862,52.23430778713378,78.86336345036706,121.6808013845038
