time,s1,s2,s3,s4,s5,s6
0.0,23.743158086799763,23.240530501231277,20.999242960301643,13.817922120745532,11.174728461417475,24.729032707025272
1.0,58.19767250353476,77.36022368764309,117.95672689700149,47.55520059567197,89.42591748869563,124.05764547874149
