time,s1,s2,s3,s4,s5,s6
0.0,19.979334799580748,18.694940386901617,19.182111803314,19.629754980944547,20.86658774650074,13.42812391899692
1.0,51.08606081836567,94.34929007892516,123.32907374685855,57.49467562416918,93.59039097808608,122.61840256270449
