time,s1,s2,s3,s4,s5,s6
0.0,23.37354930986139,21.129292827661786,21.00358483445191,17.123958310686447,14.644015196940817,14.032951005668467
1.0,55.706456063147236,85.3499556414361,105.9471604880929,55.504450714026525,90.24058085364646,115.18246415635225
