time,s1,s2,s3,s4,s5,s6
0.0,14.646930118623896,20.87266531525267,32.72068237573029,24.886013923143054,18.913620922878373,18.78993489131428
1.0,65.085828878474,113.18601920514902,146.59883268839693,73.20607121840666,107.78251647691614,143.6281269486609
