time,s1,s2,s3,s4,s5,s6
0.0,12.563814405926015,8.983080643803738,14.237227613332678,32.812795212353706,23.264229898821753,19.085563101580405
1.0,59.26085656350642,92.57938418171082,131.17838741478548,46.393216115453036,92.66232152318739,127.99718338205231
