time,s1,s2,s3,s4,s5,s6
0.0,26.604356418057783,20.272478194190576,21.75286081569185,22.19996230886767,30.161871808391314,18.92836491156223
1.0,63.704892728706106,88.03385841363308,110.5482575586132,59.31892452039697,81.72941007516869,92.58732810272275
