time,s1,s2,s3,s4,s5,s6
0.0,20.860292308550072,13.923780152489764,24.294068141485624,24.153680182248042,32.814303274216655,13.255314521159807
1.0,59.068237837133886,88.56973283686676,122.51261198223382,51.720224821222786,92.123761566137,122.61344864340886
