time,s1,s2,s3,s4,s5,s6
0.0,17.590253187757845,20.47894772559118,25.218945158514792,28.659178715411134,12.971707697104568,22.614484156530555
1.0,55.43027549060697,93.53020500405279,126.93623220583483,62.27000294964235,77.9182848011234,116.67130324526747
