time,s1,s2,s3,s4,s5,s6
0.0,20.158479746754487,12.460208265512223,22.714623205843377,24.162528540899253,25.70110781614317,11.69806989386635
1.0,71.75081652803152,94.2284534482478,143.5686845594186,56.97795056427276,106.13293705692011,127.32619912188905
