time,s1,s2,s3,s4,s5,s6
0.0,19.480187031124935,11.221724303793687,23.108206048012512,15.711295697251298,23.443376077943057,21.590283338134586
1.0,47.91614465214062,86.71289642851572,108.45531098380903,49.93514609333878,74.66630784656219,104.30258039906816
