time,s1,s2,s3,s4,s5,s6
0.0,14.041030907055983,21.822836613606363,25.073505834174483,18.785656129679936,15.662822052758987,25.209671686494715
1.0,52.10951563752626,99.6949742984529,127.51340433432703,56.276376680225724,92.28120242385091,127.16149721318001
