time,s1,s2,s3,s4,s5,s6
0.0,23.346058974670377,13.270536986511795,23.809366416994912,19.17788575450538,25.914133057923802,21.53002648127785
1.0,58.65430163002602,89.49115949267633,123.55479598721902,57.34561004422562,87.8241216561432,115.25725853681372
