time,s1,s2,s3,s4,s5,s6
0.0,8.42309936128548,5.760856967843061,26.49213843053682,16.797331232825677,21.254027865982138,18.21824940702779
1.0,56.659711567947696,85.1310578693234,125.62836007800553,64.27990299979601,89.14576797119426,117.7191836385217
