time,s1,s2,s3,s4,s5,s6
0.0,22.023287019901417,21.190152876628865,29.204166087622816,21.873949500782444,15.09400475826595,19.688013455334058
1.0,52.53145104294201,102.80631627086693,124.03863902311514,62.828577755076736,91.66721514049858,130.67863311999056
