time,s1,s2,s3,s4,s5,s6
0.0,11.004079876755819,26.022062940085114,21.70988201269948,18.04672075831766,12.986975010015675,26.78297209251008
1.0,50.88998902704171,97.14736070511705,125.12262292509793,51.81883927990312,93.21814370205435,123.54264059269386
