time,s1,s2,s3,s4,s5,s6
0.0,28.136892359451792,20.493296417973045,16.81903489706019,22.971319081175306,19.263055989248418,28.071861883317897
1.0,64.74281308841294,85.30044628704259,120.13339104304706,58.39763319694561,84.7739607864971,121.53322706207375
