time,s1,s2,s3,s4,s5,s6
0.0,26.326934986134916,24.044268731100185,16.455413303833556,15.039869437331278,23.905204247926452,11.173279163529823
1.0,55.122340449031995,94.73463615768637,112.54072317731598,55.641321224448376,76.63458515838605,114.42166988899105
