time,s1,s2,s3,s4,s5,s6
0.0,9.981678029682618,22.207655083533957,16.95580691915266,23.855233076386178,11.278701603860732,28.021515480266963
1.0,53.00931299556932,92.1360544667318,129.3779602148493,62.99058129191923,84.00356694693815,119.62067710208902
