time,s1,s2,s3,s4,s5,s6
0.0,16.009073347240918,12.878107584513012,35.41403248558661,20.011698176431715,8.179390864498503,21.537627849400067
1.0,44.50149654764686,82.64597381207972,123.08717736638975,60.679840306241445,91.14975769776649,113.1483037304011
