time,s1,s2,s3,s4,s5,s6
0.0,20.179976137064827,8.585547653420793,13.792323969612262,24.51501302656053,16.510859754571754,17.85197366532055
1.0,57.36860025289875,62.17140581640079,112.57826900953084,53.22420876583592,77.62148991706347,104.28673239193446
