time,s1,s2,s3,s4,s5,s6
0.0,28.841686172222285,8.17300549335415,13.552625994207009,20.81112838545459,14.390849403386667,18.29591876702031
1.0,70.61067287209153,77.72463707830845,120.54947348653123,57.075999307782055,91.65989919377662,134.16700761520886
