time,s1,s2,s3,s4,s5,s6
0.0,18.8253436322351,15.14070590808336,13.735188897794849,16.256543556121173,16.668090722096327,16.363557456039054
1.0,55.07644621247862,94.50806224034162,120.51229250982102,64.57778597383775,90.11718635857522,120.25079683976895
