time,s1,s2,s3,s4,s5,s6
0.0,12.626613750168751,19.94354864000992,17.41702054031454,8.960553579056064,7.459968942594644,33.476711708404245
1.0,44.2832923041071,85.09417944973053,115.85414604240661,53.52196081641583,83.5404889647184,110.34644952107664
