time,s1,s2,s3,s4,s5,s6
0.0,18.852275131077533,22.269697537903003,22.088021819657644,27.143607147339047,21.105289713507453,18.239618959081348
1.0,54.11510145905845,76.62515703372874,97.76767784742457,62.59257105846559,86.07030838996717,111.73377407308232
