time,s1,s2,s3,s4,s5,s6
0.0,15.576649466574445,22.334181558070014,18.084409150102154,25.81611059904718,19.847272365439913,17.624616869114384
1.0,56.726784319691866,81.53103682674165,118.71715586883238,57.13222060017713,86.6250101808314,116.84370139423261
