time,s1,s2,s3,s4,s5,s6
0.0,27.410801734611404,20.245492037551948,14.213246592438853,15.9192120704383,28.39151271131999,10.866040719129167
1.0,61.224669274556554,85.17388812631825,121.96558989567511,58.16648757538257,85.01632208498151,112.97031619583277
