time,s1,s2,s3,s4,s5,s6
0.0,29.07572299631047,20.31475688387573,23.640147781488785,15.405171252532504,23.127000898453325,13.530845190959193
1.0,65.40497244772472,91.66892233999928,134.13012499612995,70.13191908425813,97.74591007047171,131.16370070927394
