time,s1,s2,s3,s4,s5,s6
0.0,31.14259664660697,21.134156123485017,10.523316734263991,9.724688992290625,14.338451738130766,23.12229815028016
1.0,57.24995063285139,84.38795978219899,108.27969087814446,56.98111035379392,94.11048872416215,123.03006598938084
