time,s1,s2,s3,s4,s5,s6
0.0,19.038086929969847,18.008831063093083,20.31776110875121,20.20696041582423,14.205084169869535,19.971544271277967
1.0,55.030619379962204,87.66299012297065,116.69176669865735,59.56555868457318,87.23382658318056,115.61178843945352
