time,s1,s2,s3,s4,s5,s6
0.0,19.22990695776504,24.306354742191413,18.593063616644567,12.076254521015537,23.80221811956064,17.688187336883853
1.0,52.0226143091941,97.05589201085756,134.21499037179134,40.60617513376289,97.3761440594175,128.01176913365217
