time,s1,s2,s3,s4,s5,s6
0.0,11.924644330199905,19.372498544536615,15.750829121316613,32.667429982650674,20.484313438250357,7.682080917341141
1.0,46.1457560323837,77.48098286381598,121.832812975194,62.18814844435957,85.1286350529068,127.6935163750212
