time,s1,s2,s3,s4,s5,s6
0.0,24.203076869302517,16.45535445668061,19.837406595480292,23.026819637905806,19.700972603558384,16.484617623207434
1.0,64.90951065637972,93.54836258838944,133.17077661831559,53.056876137307476,92.72028407993656,120.46041991114646
