time,s1,s2,s3,s4,s5,s6
0.0,9.565910569296866,21.145812459538924,12.713298387363192,19.508754802761455,20.000466691971663,12.6419437710562
1.0,58.04955324166857,102.79700383262,143.49556653033704,63.79086513717417,93.60802408883742,140.11004771298462
