time,s1,s2,s3,s4,s5,s6
0.0,27.75195302816389,22.69345540510674,17.69188641671363,27.706322486974248,20.36780448130239,14.007325989454644
1.0,58.00005033411896,81.24466441704651,124.72454909626383,55.707772430544125,82.55447025738472,109.39894834496846
