time,s1,s2,s3,s4,s5,s6
0.0,22.49678541071695,20.434006958635287,13.745523027652577,18.34999425580488,19.13976925008737,19.14807448052685
1.0,51.34228028172926,98.64130581326256,117.04797398315104,42.414774422906376,81.72040961951151,119.16491549995618
