time,s1,s2,s3,s4,s5,s6
0.0,20.4511455135189,19.958242994222296,23.240021884017366,19.481602076386217,15.244998846830782,16.279664848106172
1.0,63.93438148504021,114.59667583038618,144.6390003615886,63.49019821218317,110.72871110413062,145.21357908895996
