time,s1,s2,s3,s4,s5,s6
0.0,14.32087804855277,29.23170307135667,17.696730385841764,24.44845748021517,15.620621971550387,12.510460372416983
1.0,63.5576672097321,106.37809074957575,142.98794087961036,60.63190613112974,98.25272367073009,141.27861136810853
