time,s1,s2,s3,s4,s5,s6
0.0,17.74879963035321,26.79866205927432,15.761759856544096,28.01416548973671,19.816489240184747,24.759143283178915
1.0,51.79837805882435,74.52485702955583,81.59567798199257,43.08786040404306,64.43764423035908,95.70128602444105
