time,s1,s2,s3,s4,s5,s6
0.0,23.767343973444707,18.820834515438776,15.205535041300557,22.483735859859515,17.873193970863177,18.675461777327033
1.0,56.14972834575979,98.47198576061976,118.41620093701574,59.46834772225441,90.51330681403677,122.10776775387204
