time,s1,s2,s3,s4,s5,s6
0.0,24.765685342603987,29.437099283740547,23.3087735759714,24.33960786150606,24.294766534087305,23.247678753645772
1.0,58.75606850226668,93.65700585184352,124.85234532272194,45.01415439005005,89.64668626627632,110.85440437104188
