time,s1,s2,s3,s4,s5,s6
0.0,16.644053035394826,19.09597124309314,26.85827414384443,32.3500060854645,13.831838327235346,22.346516901841458
1.0,51.74957738626233,81.99689938229058,120.17953108147348,59.083342793604366,92.47519233773976,122.00823791408915
