time,s1,s2,s3,s4,s5,s6
0.0,11.944272900323089,25.62524213456165,17.977871357779833,25.67958450880869,18.060408277507047,16.633536975038442
1.0,50.483185999302236,82.31672827310356,116.09175105809119,55.40402772723006,88.92641633468664,125.63475571878115
