time,s1,s2,s3,s4,s5,s6
0.0,11.52958443463358,10.949066208201039,26.780173664044497,14.925094442026273,12.703811668919425,36.964133403848834
1.0,59.06264239924301,90.10255228036854,132.12803578462487,57.17966650603834,83.19272203855793,132.3330412332024
