time,s1,s2,s3,s4,s5,s6
0.0,20.14863655461497,18.49703597522843,23.327203846200618,6.981837958720952,22.33848212249937,15.589868615703741
1.0,67.21899595573254,90.2685022678396,129.40691373533934,61.58709813191099,80.44813310064282,120.55893093886922
