time,s1,s2,s3,s4,s5,s6
0.0,21.461514985224532,14.54459593177853,23.579174754971152,16.435835463621103,25.94464883816309,24.664573944058034
1.0,64.27294199136512,77.6760424111996,121.00039806061001,58.6286298293314,89.85374821217529,107.8849361924852
