time,s1,s2,s3,s4,s5,s6
0.0,19.298414318941365,19.58775726698947,23.43481576498058,24.70637542613177,27.40050447484026,25.79502038207849
1.0,55.836308852965715,89.61889455093022,106.9559332071201,65.23691940655785,85.55086042101787,120.53474149620756
