time,s1,s2,s3,s4,s5,s6
0.0,30.243630832978212,24.494911829429025,27.061583535848264,16.646747378433652,20.75821916187195,22.93644451931437
1.0,62.092481500712125,89.1314615828328,127.29577863979218,58.10008986889077,92.58602233150287,124.84085353379234
