time,s1,s2,s3,s4,s5,s6
0.0,20.51297083222009,21.370759962973114,20.340302752342378,12.588489333085182,19.608113468722713,25.333969169205655
1.0,44.27556514489582,80.2976811289435,110.9851370763716,44.748131816185165,77.58823172375102,106.21042396529178
