time,s1,s2,s3,s4,s5,s6
0.0,31.43319724400789,22.697649888011224,15.160983837666393,8.324735498065033,18.87510550324712,16.48833373834524
1.0,59.08692618437344,96.02595970062214,130.29534183317676,49.70960497511416,94.17471878712581,136.72123540756374
