time,s1,s2,s3,s4,s5,s6
0.0,25.008125434774698,18.298716220519758,20.29947865642364,24.249199962497077,22.26075764892733,18.121107078216887
1.0,57.663908356790536,83.91817719904576,120.78106415039952,51.51307711623704,83.62933321469276,124.51707501088946
