time,s1,s2,s3,s4,s5,s6
0.0,17.093511415570745,23.042278202067557,16.444219694734198,28.14277145038761,21.20607260633279,20.752329719739155
1.0,50.363799277524876,92.64903898498142,116.07541328409184,53.001529920241175,75.038146288245,113.03859128813278
