time,s1,s2,s3,s4,s5,s6
0.0,12.242050713340772,25.796152732321424,21.96269740274709,23.77697069145979,21.47849506945483,29.21591039377251
1.0,59.75339506574011,95.41702419358853,136.46567009157667,54.30748219917895,94.50600891778473,130.24541939921258
