time,s1,s2,s3,s4,s5,s6
0.0,16.34795304905169,26.261610401072534,17.874788720180057,21.212790459087856,23.8399863781053,9.867261891177838
1.0,68.87633647819949,115.27253557251204,156.6511500944989,71.72916375450315,117.9334286152304,155.90592071098624
