time,s1,s2,s3,s4,s5,s6
0.0,20.198369015558256,12.825600598273576,22.83609897910348,21.379467842355787,18.920658171883645,23.282786712751346
1.0,53.72244298078462,82.28150058815524,122.71833935371338,58.50932675096144,82.06840303691112,111.41991339241488
