time,s1,s2,s3,s4,s5,s6
0.0,11.104968949922814,18.038078531392884,14.823962037011448,14.675086426975255,17.454643918666086,16.943173381830327
1.0,51.062777404838165,84.33330730595073,118.05379753533882,51.89225875990635,86.0638638333403,121.11824813171371
