time,s1,s2,s3,s4,s5,s6
0.0,26.947901726461485,15.33094273950908,15.880319920720499,7.772659856294499,21.92817603573385,18.23955687141453
1.0,66.98598658388835,103.3831704140208,136.3701020943512,63.8029124717576,100.11132359474927,137.97696422110056
