time,s1,s2,s3,s4,s5,s6
0.0,17.585615604232366,15.313709849040979,20.035874015972897,26.989192396224833,25.054759209294772,28.811856330853487
1.0,57.38090839038192,81.33051944008736,130.91514684421014,48.20260499210423,101.85862641406723,130.916463159323
