time,s1,s2,s3,s4,s5,s6
0.0,27.989795083618738,15.333112239925786,19.924551815446883,17.099208900905268,29.399583478053014,14.16116426886564
1.0,63.85282793545726,99.80417510143938,137.99213245740495,60.09820896093501,107.57003659344083,145.96613224467168
