time,s1,s2,s3,s4,s5,s6
0.0,14.112823067144193,19.876144486325177,16.584151280518245,18.80841863610826,20.97728678538392,30.011954927840847
1.0,51.375331758726986,93.81543313896134,123.66284990716687,49.46509570380103,89.45242828343414,128.28712598507735
