time,s1,s2,s3,s4,s5,s6
0.0,9.87729674186529,18.33900770027683,17.304065631623246,31.162858254115577,20.62210821914965,18.766303349218948
1.0,54.39466235248375,91.36842403127653,124.69252758600439,51.768905922361874,88.1926285157253,115.28431780420975
