time,s1,s2,s3,s4,s5,s6
0.0,26.050518635981952,12.84960425488633,33.69566712075889,31.963587046473855,25.98542978432077,25.945816921001633
1.0,56.354250433029755,75.40040840492794,136.4377201301018,70.90324011224726,95.43594241943595,126.31273893146277
