time,s1,s2,s3,s4,s5,s6
0.0,28.642456056145015,12.124554475438588,18.659068993897254,22.995459265115276,15.759361050334952,19.78811996141502
1.0,59.92611301030461,87.08132167399378,135.89864908391277,68.17827072357603,96.63875549739906,129.67841468246866
