time,s1,s2,s3,s4,s5,s6
0.0,21.289901087758867,18.93262015799432,10.667212432075463,19.07728482365465,20.388642667246614,20.52535550288792
1.0,61.61988142235935,101.31291830203384,116.84698575461587,58.7654399352273,90.07709169423129,127.39931354831972
