time,s1,s2,s3,s4,s5,s6
0.0,12.544755355211112,27.220431532613862,20.69726896814558,19.568625253029555,15.188292618229859,19.126939388671406
1.0,48.51279664741706,80.37662000368346,102.03364132425654,46.43461067683757,86.33807818387413,112.53983894686323
