time,s1,s2,s3,s4,s5,s6
0.0,15.204905481189057,15.473230669595758,21.860977610094473,21.678349963675736,25.1486702922939,19.532745209876516
1.0,66.54874564416787,82.87954795742037,134.05856481859928,55.592960036367124,105.58403883508393,130.0245971549083
