time,s1,s2,s3,s4,s5,s6
0.0,15.934613123524132,30.848054880506446,8.997729887044681,25.119843761796574,22.76413701215507,28.755729774683715
1.0,58.88887546167113,98.32298940356426,120.49286120167976,59.15729238305519,91.48915058413475,135.23167799602095
