time,s1,s2,s3,s4,s5,s6
0.0,32.555443139737946,20.444961719463894,24.353421035142006,11.893563509162316,24.91640573265591,13.568502639687104
1.0,65.624327164956,95.27984277282044,113.67116962142101,50.482728630071385,88.61858024264467,123.81263081288533
