time,s1,s2,s3,s4,s5,s6
0.0,9.518974994230769,21.37141126987757,22.93884487340429,28.332557982224664,20.111167482540054,25.826324521452186
1.0,68.75011273670754,98.37038035086688,131.84067304602564,57.58075807562321,100.47668904393343,138.14925781365255
