time,s1,s2,s3,s4,s5,s6
0.0,29.11548846984423,25.93004055094392,16.064474188953717,21.488054455934797,17.369584612350412,16.910553620763345
1.0,60.36740121132747,85.57392270597393,123.3022927612182,62.16352777507934,87.87818817941827,130.3618849089816
