time,s1,s2,s3,s4,s5,s6
0.0,9.951334156179128,22.715119528377766,17.15293621880594,23.910590295080517,17.08253106975703,22.787813784547748
1.0,60.50291032474284,95.85469359274855,105.9242719164524,54.87165236155761,78.05054332115276,117.46905694847554
