time,s1,s2,s3,s4,s5,s6
0.0,21.397937230948457,18.459948476688368,20.662593956950293,25.421407838223633,19.336703607144788,13.182109400974795
1.0,58.96856188791766,90.35790943638519,123.58574224096633,63.255597661082994,87.33647545283414,116.49585097183915
