time,s1,s2,s3,s4,s5,s6
0.0,28.646366747089598,18.143123544983055,24.03126606830097,29.649342382547065,16.294795191226466,22.34585083419267
1.0,56.057747824205975,91.03875034585313,110.04289594264483,53.62332957601239,80.58713682482954,115.19122598226463
