time,s1,s2,s3,s4,s5,s6
0.0,31.835579974903645,20.32257054487015,20.243687698164894,24.039062193069537,18.462430136170777,18.026243918851453
1.0,62.3294888438091,97.52250696598362,128.7353585720599,50.813116758313704,104.30262955139878,128.9116131497713
