time,s1,s2,s3,s4,s5,s6
0.0,16.705941759934337,22.28075004222011,5.800499185307132,23.24151006233643,10.5272849425962,10.09091834809512
1.0,55.65656313323534,93.75307667570976,117.6794092621495,60.15625419103091,90.18117693595246,123.70919878299732
