time,s1,s2,s3,s4,s5,s6
0.0,25.380100834260702,17.537358011741595,16.51389384199924,12.879359902682198,14.763043000221362,27.79794588904665
1.0,62.793218733720686,94.1246437212394,108.02567017832835,52.99347454175606,79.84819304987894,114.40049250722848
