time,s1,s2,s3,s4,s5,s6
0.0,17.574165124802136,13.355999797433054,19.685237101682933,23.0213914038207,17.80784497652834,16.393346872962983
1.0,57.03775410767112,79.84170024342399,120.90740930955533,52.28337408351351,89.47499033049046,110.25105201320814
