time,s1,s2,s3,s4,s5,s6
0.0,11.215783046343258,15.687836136812226,23.343480422951757,26.711295828190348,25.4740955097811,15.064404293360475
1.0,65.8645423372343,108.12323922342216,131.2604836828651,56.87287112187661,96.52670647705962,119.55295023113348
