time,s1,s2,s3,s4,s5,s6
0.0,20.629082048275208,24.35648691351274,28.01546027347093,11.088190752632894,16.19477613436601,19.3761694403391
1.0,57.79386790146507,90.42080156837059,123.3193337204303,61.69049034951539,95.71744425002979,120.67326218914994
