time,s1,s2,s3,s4,s5,s6
0.0,14.260217455636003,25.1236320510967,6.462477156901997,14.603551609539508,17.678467184583802,28.005422385604838
1.0,69.61654070860514,94.32747662828277,125.65882711233839,58.75521885114547,87.42794376809722,131.33851652571468
