time,s1,s2,s3,s4,s5,s6
0.0,19.265013870779534,10.71312740413157,21.88564960590694,28.088694439713347,20.441206576639797,23.420948704686275
1.0,57.0366571201314,67.30930129651587,102.31196881264472,58.19829663299177,64.42436466488638,105.93233631666003
