time,s1,s2,s3,s4,s5,s6
0.0,18.286753467906262,31.01280052057456,31.97184898234573,13.101722799687714,8.835377751590487,28.918212848748738
1.0,56.26750539792142,94.39309752292365,116.27006996114534,53.58796334809026,88.00500870271728,120.66630405552712
