time,s1,s2,s3,s4,s5,s6
0.0,22.154924218175356,20.44040181049842,16.753207735642846,15.926562489497396,22.914232932739093,18.32868247544396
1.0,69.82542713050024,88.55835449067436,128.20866587917732,62.07601204141983,97.78755177003768,117.24214153280832
