time,s1,s2,s3,s4,s5,s6
0.0,9.076711125799763,15.684279300480636,20.634183473965003,27.895100727421873,27.97064948676126,19.94962137284448
1.0,56.10075229944918,94.0790094990837,116.39847182319197,59.75103039167371,91.61740752748479,113.68495632883963
