time,s1,s2,s3,s4,s5,s6
0.0,19.150243012638537,23.422376689953268,23.228591601822792,22.048542757140307,26.4344864904748,14.159246829552039
1.0,70.96077952534276,93.11480283819793,119.76333240184893,50.30693288172193,95.57045664526575,131.17720418457466
