time,s1,s2,s3,s4,s5,s6
0.0,22.159545215178795,25.383274594800778,16.443205263800344,26.631827599794114,15.101427436735241,26.422236584241098
1.0,62.73013334176985,87.98758955802158,120.0443655210036,74.09342329908526,98.01297440460081,139.02024570220263
