time,s1,s2,s3,s4,s5,s6
0.0,26.512453950072885,13.885350571298495,18.33116516786575,14.927072199393903,19.892553281795244,19.963062112915015
1.0,49.44273591768018,79.7259658120209,120.36537326996768,57.47802595528708,94.08984554481862,118.86714741428699
