time,s1,s2,s3,s4,s5,s6
0.0,18.452064692533874,21.74972145258828,14.716909406698512,25.758174382000174,21.41780437538709,14.77257877047444
1.0,49.8659720225026,102.31315335450532,131.8167181031549,55.913870006364625,93.53592423024408,121.38683697629548
