time,s1,s2,s3,s4,s5,s6
0.0,14.082075885499384,25.57655368395245,24.785977174169943,31.310901451996024,31.07419829787048,23.26306669755341
1.0,68.53701364583668,105.262500048209,139.35615703551716,74.93930274851131,102.09320659467365,132.17717905604022
