time,s1,s2,s3,s4,s5,s6
0.0,22.04990914557472,18.781677364439886,10.109861316976826,13.84142018143673,23.481659727826074,29.677142897434422
1.0,66.31468396573712,96.32179769215301,135.8967251349692,63.81796315843483,102.37705126139463,136.46308389433804
