time,s1,s2,s3,s4,s5,s6
0.0,21.809005072237873,21.817158944646984,24.76386516480436,12.096740363656561,18.515971794312033,24.360963646135634
1.0,50.180420080376706,84.80379274460708,114.31811922201828,42.61320200710392,77.95169349681053,114.3009224985213
