time,s1,s2,s3,s4,s5,s6
0.0,13.911477109307452,27.12646441795404,27.01062273485052,20.37290072911777,23.221618363074416,19.77268230714938
1.0,48.18865951990995,94.814851648571,128.48266183293208,61.6986071037112,97.81871414421634,120.14209578253723
