time,s1,s2,s3,s4,s5,s6
0.0,15.55093262533384,11.146965982278942,11.251536128099453,17.93719120451206,25.40773373243659,22.230951629047496
1.0,50.17394006767544,77.58874441453902,112.91030728952171,47.58033787097663,82.32828845338767,102.89019243665763
