time,s1,s2,s3,s4,s5,s6
0.0,24.007128972458414,10.734491896735314,25.974081138834396,11.764775595199907,26.51682687497064,19.706965417679932
1.0,78.84174059122523,97.65058757098214,152.34357271180107,62.617908989535415,114.85187799488638,146.68518845827572
