time,s1,s2,s3,s4,s5,s6
0.0,3.23648311434118,28.02109107809554,10.313508439349047,24.835752712608905,18.846298055125924,14.168864346262
1.0,58.657313213935446,93.5011012769641,121.12555374842444,64.07029886165068,98.58109868757445,125.96574157732671
