time,s1,s2,s3,s4,s5,s6
0.0,20.939795168271534,13.286525215441932,22.106796660459295,24.65809379546029,21.533303564110913,16.42419299601189
1.0,48.975888516063506,81.44365013734118,115.86592825127748,53.818787175387186,89.1782339193771,112.83824796544721
