time,s1,s2,s3,s4,s5,s6
0.0,19.149815823043124,22.15330416686205,22.695440289500542,26.77003216714992,13.795271004903372,18.988373340529193
1.0,45.138557566411606,87.99457492570775,129.1750596060472,60.06024779087624,90.04242286372056,118.79307604688447
