time,s1,s2,s3,s4,s5,s6
0.0,22.6296324772422,22.94717201443013,20.713685701171652,20.85158518041739,26.581131127784197,28.010353616910123
1.0,49.045436681772586,72.8139940441822,101.75752559193144,42.23306077057091,76.95712305606975,111.45094998425195
