time,s1,s2,s3,s4,s5,s6
0.0,23.737568975805818,15.194091318276975,12.995591054264004,30.384002157959536,11.741344672014712,21.76812753710919
1.0,52.251255986311875,70.05127603725292,104.82785903353799,47.430345750408144,78.51170420317129,119.31297742761123
