time,s1,s2,s3,s4,s5,s6
0.0,18.20526671008867,20.412272862124585,23.84632565847699,25.851909489638267,14.14968413769931,17.422686150637777
1.0,66.53419159299176,91.51726614723668,123.8275772210713,62.859754880706895,91.10044211971122,122.18414434699379
