time,s1,s2,s3,s4,s5,s6
0.0,18.858539649269925,20.73738696432509,17.917678477016555,26.077431261081585,25.892901984463794,26.184760867750292
1.0,63.34169723919025,118.0240659205533,142.76624613881216,55.017508343369855,111.29337232258287,144.0706632358258
