time,s1,s2,s3,s4,s5,s6
0.0,12.877147393587125,23.758580938918964,14.129493913084254,28.10534502191325,16.583594561555383,15.6826998113729
1.0,59.87477098781359,97.92653222517197,115.62272680116521,61.64595201622783,86.14567612140009,121.80488550238039
