time,s1,s2,s3,s4,s5,s6
0.0,30.796763718419296,26.997183819390514,23.056903702508496,24.75364812526201,29.397117350867564,25.702626495915123
1.0,61.02635719946473,80.05318230969431,106.65216351182842,52.14228874131463,80.89650950222769,124.77441358961103
