time,s1,s2,s3,s4,s5,s6
0.0,12.654620544296503,15.698474411143241,21.127137348381783,24.498587815453536,13.506761072216218,17.51462593085684
1.0,48.029051030007736,86.8658489279694,127.20878738871532,58.93333990908941,82.39170219353744,117.78658850715023
