time,s1,s2,s3,s4,s5,s6
0.0,23.587677349422673,11.057961744310862,9.2399210581674,20.836057116935002,14.091632759685416,17.434397556318835
1.0,64.64377895323543,72.01156356484927,110.11562795760693,57.05238553439332,79.60905790348379,116.98182135889344
