time,s1,s2,s3,s4,s5,s6
0.0,19.051911062891374,16.9240196499396,20.44230103840898,21.649980190742568,23.916427167302583,10.846977746424614
1.0,55.48034102296079,78.95295425549469,115.96475507813224,56.34531946518282,102.77505829736671,122.03412949239875
