time,s1,s2,s3,s4,s5,s6
0.0,11.152666055709508,23.97589145467846,25.19582865031566,10.013831234559522,19.918334031152277,13.272942966208271
1.0,56.730036780557825,95.54543787690652,125.0359945162211,67.19899748549926,95.27386356648617,124.58570474838271
