time,s1,s2,s3,s4,s5,s6
0.0,14.62167902571435,22.73917010097429,23.319439575072142,18.787643340472435,23.193896294488113,19.065738460611758
1.0,49.666605980750425,74.73948732953033,115.21362993614154,57.20752339853726,93.30798760744956,98.81827894137463
