time,s1,s2,s3,s4,s5,s6
0.0,21.029676052965222,25.25133372440608,20.229959473656635,16.589478927243622,13.30560851576754,14.234210851964676
1.0,58.71124640932458,97.7313479655003,115.99665906653266,57.9079088042109,102.62332463461868,116.2004017037328
