time,s1,s2,s3,s4,s5,s6
0.0,18.88789836899899,24.271437352070993,18.37288484690196,25.801038114286328,26.559550429753784,22.240303454541138
1.0,55.24328180210607,88.0424516156914,117.05377662282118,51.29473035039902,79.14996540924611,108.51480814658858
