time,s1,s2,s3,s4,s5,s6
0.0,17.409576815230665,26.782318933820214,16.9004012301884,19.653749579881403,18.942040417562133,19.740152152372204
1.0,43.25875739465633,92.34967809109439,122.2372002855829,54.51026687481197,86.17396901571954,119.50865217390339
