time,s1,s2,s3,s4,s5,s6
0.0,13.369473909708434,24.79226936753167,26.5352556902593,30.049378136541716,21.217310838659568,22.779324859582676
1.0,56.00973778216217,86.19594632966607,110.7421307670309,58.22141778443311,80.21938243978398,110.14207259969835
