time,s1,s2,s3,s4,s5,s6
0.0,12.195862432481126,12.344037790183112,20.87723545867295,20.655272659551592,24.02228836888632,11.983176421331219
1.0,56.688827205523985,97.55789709819094,116.83129410632601,63.056899555307616,89.18116494741473,121.90672582717391
