time,s1,s2,s3,s4,s5,s6
0.0,16.22515714258785,36.32943212436726,22.990207701766582,24.420334500930622,24.756938323453003,27.009963379334856
1.0,52.67667338825155,84.46815821468185,115.2936257420642,46.199848079329875,82.61769404750646,110.34063908881133
