time,s1,s2,s3,s4,s5,s6
0.0,22.13051871207007,14.502011359915658,10.258400655406964,12.100295128281303,18.87828048631058,21.777200588141056
1.0,56.953274244556766,99.10325052345986,112.19680137994932,60.69877541152557,92.79880957438006,117.99141015578424
