time,s1,s2,s3,s4,s5,s6
0.0,20.84226278490706,22.032354144486973,32.40340827151386,21.29844366379239,15.959266613984385,16.785087125700045
1.0,48.94688164020086,84.12407265805535,117.34414097212756,49.684053026398544,75.01168858103513,112.48705572262692
