time,s1,s2,s3,s4,s5,s6
0.0,18.112559257087554,17.759432754699635,12.97249818996412,21.590771829457633,29.02206202747091,23.82237540508738
1.0,45.40471215375338,83.68703861043484,113.96495924976757,53.174614517558965,97.33637150253236,121.02058542884785
