time,s1,s2,s3,s4,s5,s6
0.0,15.728011917007157,18.686709592067867,18.44319034374048,26.932794658985184,33.817691609058265,24.666305308696675
1.0,61.25116783243222,92.6495635029158,138.02455473886505,58.61762914889332,106.08328490136567,156.5122771292402
