time,s1,s2,s3,s4,s5,s6
0.0,21.93922159445811,14.438984699135982,22.542623158025894,16.92998662430236,15.714245491296566,30.035704451317834
1.0,49.68708043783848,75.65992613488775,104.49553771449152,61.03924562306865,79.77046604081355,100.09268303323982
