time,s1,s2,s3,s4,s5,s6
0.0,14.429494464459236,23.56513769141168,24.190640328369128,21.20340385268925,18.106258010795635,30.61850656542135
1.0,54.28310631233135,95.8263625930207,121.7360775473857,59.35000668918455,93.35371322190002,130.76788159949282
