time,s1,s2,s3,s4,s5,s6
0.0,19.81024611717745,13.521048042650602,15.239576067250997,7.135241569715383,20.47247506378048,17.334527973809102
1.0,61.58834824670609,91.23889974737503,115.96981360563298,49.06611875590359,94.76589083977628,123.39238575774097
