time,s1,s2,s3,s4,s5,s6
0.0,24.737390500288576,27.94786120997825,14.984203366231352,28.34777439845795,29.12710806161484,13.491574539578865
1.0,59.88304414499857,76.693840584971,109.90107344706237,60.6335954317762,73.4148445947465,114.92515047570808
