time,s1,s2,s3,s4,s5,s6
0.0,17.699191457857616,11.197628866405507,17.546607199639862,21.228412562318397,27.87952412420409,13.771381686117387
1.0,56.030478822397235,88.53419970002861,117.12907254725367,55.76735370620216,100.26057231069765,117.7216592244307
