time,s1,s2,s3,s4,s5,s6
0.0,22.279845399334906,22.665732925443496,21.923963576466022,30.685706632261336,15.819129808388102,25.285777740160057
1.0,57.075999527405244,67.26678025137637,101.00082282669449,47.38889929188338,75.34057646756149,99.09531666487872
