time,s1,s2,s3,s4,s5,s6
0.0,18.028902036402748,18.264928449731013,19.448647471311933,24.425340882949477,26.628781143017488,17.140894858369705
1.0,54.29056290175917,89.2631737926785,132.2930610762492,71.09193812136155,86.03859769846585,122.83104536202535
