time,s1,s2,s3,s4,s5,s6
0.0,25.649057352812996,15.92808843888476,21.286635358025634,14.913787745891405,26.516422631168613,17.196502237458063
1.0,60.34644953559088,78.24888571749224,118.1518707801533,56.847111773257126,80.07569856462766,111.19771387323964
