time,s1,s2,s3,s4,s5,s6
0.0,24.317883180154315,17.754840219217808,16.702146408962413,8.417295030582299,24.72133764550566,15.424450590238717
1.0,58.186820279183245,66.25437342316067,99.31959515923384,34.08050076300417,87.34835523191765,106.92173494852429
