time,s1,s2,s3,s4,s5,s6
0.0,21.83600037544029,5.588522153111221,10.961911418742332,21.778519334377012,16.942708061325575,12.711081399540937
1.0,56.77056671042695,93.38422772770758,118.72053699943085,63.192129387035166,93.42664843162802,136.36184099023444
