time,s1,s2,s3,s4,s5,s6
0.0,9.614845153559669,21.17906086552405,18.52022874057225,13.716646835072854,20.85905896470257,19.184992306173395
1.0,47.461935532562286,81.0230252440114,115.72568990553675,52.988395235308076,86.1162552086201,123.52471318860965
