time,s1,s2,s3,s4,s5,s6
0.0,21.399043873637147,25.880393933227452,25.12560592141336,13.69670304729965,16.723988268686853,17.576217586254458
1.0,66.08678320391073,93.57068669646301,142.39341234286337,50.444010869652736,92.52766445106128,145.67330401550691
