time,s1,s2,s3,s4,s5,s6
0.0,24.156863500130818,15.811433429113027,27.048292230079653,19.32873903438874,19.579413610215394,10.049165730875915
1.0,62.849404205520116,95.29601216832764,131.45113889106395,60.566741158130306,97.3747828459042,135.68172633872229
