time,s1,s2,s3,s4,s5,s6
0.0,29.398173554669683,23.45502036418869,15.379945612109607,26.50838837572656,8.871676072475625,12.193209573500798
1.0,66.89661737447892,91.90059345014829,109.88410562969476,56.48681964787418,83.28761128972666,108.36919581736282
