time,s1,s2,s3,s4,s5,s6
0.0,22.53294816711871,21.596721996455972,14.133758299319169,19.292017938625523,10.79794400499369,20.369658222600393
1.0,67.69305734926265,85.00487691942163,108.7817893739941,58.34983248324809,81.21543549899712,113.91029886527689
