time,s1,s2,s3,s4,s5,s6
0.0,22.57447720222715,18.2443186103185,15.290595300016992,13.276461600840042,16.058795021381236,17.779379919546262
1.0,58.94149682485105,93.93440850774265,116.85267728734834,46.642365197810584,83.65446403581363,115.88415861823253
