time,s1,s2,s3,s4,s5,s6
0.0,8.984868197406197,20.818536384478648,24.513024080671848,19.122917542868784,14.204613023007106,17.31700561167203
1.0,60.01021454669652,80.21577255120991,123.43930639793962,62.25292103382764,90.60902930218342,102.1971652831366
