time,s1,s2,s3,s4,s5,s6
0.0,21.897473389323107,25.145584123864374,21.728909123906234,20.98205893508719,20.488349702497505,31.733836738860475
1.0,65.01409655357477,85.15924512754657,121.42855302937392,64.77872965670406,89.36865412633715,127.85551840375547
