time,s1,s2,s3,s4,s5,s6
0.0,21.107246321991987,27.229825303431433,10.598142141759363,26.34893742345274,11.63877447022667,23.12934394325956
1.0,66.71010459596587,99.40363688782645,124.83081582721717,62.50335957498399,91.51063959581796,139.36397874110898
