time,s1,s2,s3,s4,s5,s6
0.0,20.442669101673594,20.380131372093665,11.315727988684701,19.238319029474702,14.233445823804159,20.13013386345633
1.0,56.78867560831076,86.49270915080766,131.00722605558695,56.9608742350342,90.3311310852488,112.92676175580836
