time,s1,s2,s3,s4,s5,s6
0.0,19.848652625583362,19.923277236932137,25.29744194383774,22.173887745100302,25.865343116145148,10.482702905354447
1.0,56.917278685860815,79.50333518205302,104.64404507940944,60.74076962097283,94.21252779263222,108.64634303533977
