time,s1,s2,s3,s4,s5,s6
0.0,17.54396096770732,26.370162631047144,21.131671185900384,13.217256090282618,20.14576581629404,25.297063055300363
1.0,66.7879418607398,95.06286254951289,131.33204746724468,47.179692293234375,78.8084649735118,122.70468194881099
