time,s1,s2,s3,s4,s5,s6
0.0,18.552131564620257,20.093127770978477,19.525989493626447,31.99029838026242,28.949372307864756,16.697440178104557
1.0,54.074116978656015,87.10740568371435,109.85111095528924,68.00653864879159,89.43210312247079,123.96120446989215
