time,s1,s2,s3,s4,s5,s6
0.0,19.875757941974214,12.094102502381798,21.676455530899883,29.94781080625813,22.62805719997876,16.330467816991767
1.0,69.76712825016189,96.60576253781068,122.60337096472246,54.59044676055433,91.64100705462334,129.74645273236862
