time,s1,s2,s3,s4,s5,s6
0.0,19.331773052239274,28.08748991343885,15.784475362022912,21.031189533772448,22.219423629548675,12.318298108323084
1.0,66.00046839071264,94.15383689895961,116.29025114375057,52.80128228321554,85.37208593678774,109.08262595755524
