time,s1,s2,s3,s4,s5,s6
0.0,18.221143649499155,20.44836889603452,11.397790936490464,34.486356014143155,22.9214205815456,29.637497721699702
1.0,45.96344583987901,89.70624318617493,128.33007002847273,67.60906676906396,90.01123487912383,132.18938488323988
