time,s1,s2,s3,s4,s5,s6
0.0,20.046596455762685,21.825527867133044,27.17038814406885,18.19835776342481,14.840831326548441,20.05151971952263
1.0,66.44992138686348,100.51192039816266,126.29411248690646,57.208915499820066,90.77389801566454,123.40757123331133
