time,s1,s2,s3,s4,s5,s6
0.0,15.934256999524617,23.753511706430455,16.138406303208644,20.306866353230973,20.51209167284898,17.94269249931148
1.0,56.15931488840317,87.65607519601853,116.22469589684516,46.67444882368762,91.22103244772522,111.00216031124216
