time,s1,s2,s3,s4,s5,s6
0.0,23.38651522998259,17.382595454175522,18.44083754767408,14.66841603101544,25.531403687897143,11.330109765767546
1.0,44.93302395677556,77.67794135578418,106.78704659484112,43.986011171506384,85.64648949893196,115.6290600183437
