time,s1,s2,s3,s4,s5,s6
0.0,18.35642049359108,17.756494179134652,11.235853657340067,18.458456051737926,33.00595249140992,21.379890396789154
1.0,50.83609484884286,86.4826644844096,105.19254277071335,46.26788566464935,92.88238359995896,120.27625369475706
