time,s1,s2,s3,s4,s5,s6
0.0,9.453134086268069,25.025370119120993,25.377458301139125,23.09090837890704,15.365808672443588,23.537943309906847
1.0,50.68123133501775,79.04339425418354,117.15468866185155,58.23221643460408,82.81712932520159,106.46581899388231
