time,s1,s2,s3,s4,s5,s6
0.0,17.624227339483202,26.670000137738146,23.025746955337606,21.920526015168456,19.266769060966315,13.692375219718404
1.0,64.27230888345902,103.5873814781423,132.08044715522672,58.20545430115061,107.07749373646008,128.15738141326685
