time,s1,s2,s3,s4,s5,s6
0.0,11.28147000761633,23.2939001210411,16.871243646904873,26.552839722283096,22.09317753151128,17.023403925441457
1.0,56.30404416940904,89.80320949945776,127.15390741860382,58.99065651289921,84.5863952344683,118.87390579267962
