time,s1,s2,s3,s4,s5,s6
0.0,16.142802826564267,28.15872521433831,18.5184964840232,25.36725359027613,27.898728843789886,31.330353227517236
1.0,54.25342653334243,94.78669658678282,131.8511340335377,61.60462117898472,94.39064997290652,134.3605708989544
