time,s1,s2,s3,s4,s5,s6
0.0,23.045880656122712,21.296948815099274,26.230391566614976,29.302031248509707,19.658410962202712,22.497130321341423
1.0,50.762652116647494,100.49956625427865,143.31083746249953,64.0531069339059,103.50022376532432,132.26040095259287
