time,s1,s2,s3,s4,s5,s6
0.0,23.404490570510823,19.67173325769441,21.26291363195436,26.58347242624554,27.343343511801464,23.482391138252694
1.0,46.45287177153875,72.42021778686606,97.6863740445027,59.01957704526608,71.49819321194101,97.4860564450125
