time,s1,s2,s3,s4,s5,s6
0.0,21.229517972699334,14.249492783593702,26.447132767627377,24.90479221853646,13.638446958910631,18.204101357462708
1.0,46.3802775217033,68.152404843515,109.40035386626896,51.21713337298901,86.57246500801219,117.07982144114962
