time,s1,s2,s3,s4,s5,s6
0.0,26.056219080166372,19.592613111981112,23.07979655168366,20.30355899990325,18.54598370010871,8.083468191516491
1.0,58.580808326960614,94.57375044528575,120.48261579906402,54.80948223427134,88.04949636881264,111.97947299266903
