time,s1,s2,s3,s4,s5,s6
0.0,17.827153120088912,18.54815217443789,15.508144870206259,5.2633594688158425,3.730889211615832,20.02318109193689
1.0,65.51820878164804,113.24076583171319,147.31245397549085,60.259521574840605,109.01766236021044,136.38981210520066
