time,s1,s2,s3,s4,s5,s6
0.0,16.467513022660018,27.0921857624126,15.200812569980261,27.456223929127535,19.593978749289175,19.111922790328038
1.0,61.844986939713316,92.28217091736086,130.19274493072925,65.12660694294252,102.30092640475637,128.82833137158602
