time,s1,s2,s3,s4,s5,s6
0.0,18.917998066757367,10.011990585618683,31.409731948888496,14.77241261403988,16.83598579209577,17.525340188908288
1.0,46.001987069279934,77.48179201603472,124.34543364829541,60.418319911328894,88.80769709717613,120.44713387002344
