time,s1,s2,s3,s4,s5,s6
0.0,12.104841530671898,27.741220084927928,7.705281032395362,25.4067797404835,19.802787534907782,19.436819218904237
1.0,45.853925482062444,92.27156210365135,117.96156204268337,52.562174771688504,81.46982323040231,123.03722283284766
