time,s1,s2,s3,s4,s5,s6
0.0,21.338914428856835,12.19220420794871,21.98890089661517,16.395236995103875,26.14866571243658,25.09115990734898
1.0,62.7776614543173,79.82136198496589,109.05674358813474,53.73509028624377,80.20343967963468,112.9591293125103
