time,s1,s2,s3,s4,s5,s6
0.0,20.453429713405463,14.371119871241973,33.51503834619741,26.778692564017323,21.958929253690588,20.030479710798588
1.0,63.15031124421688,101.07351547680028,131.92083199699286,68.77534285850646,98.04389084774795,134.50896001349147
