time,s1,s2,s3,s4,s5,s6
0.0,31.209384703865815,26.80996470714612,18.07203948700744,17.49146610546741,21.137891486134773,20.889548426098216
1.0,52.966253564135584,102.63005227990547,142.0640668789197,55.721763144447685,97.88726830464935,144.84314552803318
