time,s1,s2,s3,s4,s5,s6
0.0,20.80742656246605,21.334903624543756,20.108972107550102,19.858961877958762,23.378172843979062,23.33638352081453
1.0,51.391603756168436,76.85933960828521,108.08724374854494,54.44060321263479,81.18096379627232,121.1737606273602
