time,s1,s2,s3,s4,s5,s6
0.0,17.21918959688876,19.6192705428999,19.114520882056325,20.2758549769439,21.375032133266465,20.78898394600748
1.0,57.65795016756444,81.62716715572839,119.15137215075755,50.27981207838573,87.76930687313009,118.25282161090465
