time,s1,s2,s3,s4,s5,s6
0.0,27.79915304298046,19.372870112696376,12.418931468541055,17.580646238598444,17.57276119405788,25.248323518754848
1.0,72.39843452600155,101.4265901090255,137.34670859052704,66.6165032316083,105.74669997881126,136.294233285954
