time,s1,s2,s3,s4,s5,s6
0.0,2.8595055214364713,17.817866625636604,21.477872667508606,27.26590186450824,20.27386615422405,26.31249183219667
1.0,54.95608306823736,81.10301176171278,123.64879785899316,65.80156835086085,92.15438733190624,127.09892762676458
