time,s1,s2,s3,s4,s5,s6
0.0,17.703557376203555,29.690232446848125,22.17134787256292,25.51025873108169,20.635292032099752,28.048931603060357
1.0,49.69073917483009,94.68639732206047,117.28026388800231,62.9340463756653,89.83301819464535,142.83815290723206
