time,s1,s2,s3,s4,s5,s6
0.0,22.11420759918831,18.413639215620567,19.431889193375557,6.354835166587089,21.45725998958536,17.647883513411365
1.0,67.5792796197884,75.85237947277457,117.49476619471459,52.19313806210706,78.79271350879519,116.52987144675888
