time,s1,s2,s3,s4,s5,s6
0.0,34.611280350364964,21.464717466482572,22.863420250429616,34.06332663483382,22.61215040791942,19.549288173420805
1.0,61.77354717232393,85.41840169332272,125.08534087005364,58.035518803472904,88.28684868915055,119.51866420135354
