time,s1,s2,s3,s4,s5,s6
0.0,14.62302866651503,14.039895626989969,21.861283354131583,16.626421033548194,16.91119009320568,19.981506902648547
1.0,57.2575446460327,87.77120105127455,134.6009418491378,60.00789329228784,87.21651158720842,134.16721264220914
