time,s1,s2,s3,s4,s5,s6
0.0,20.452492977903887,12.097501106197392,29.450283734048355,21.219864953337677,10.928126024259123,25.080338545373355
1.0,63.35395924701359,87.79081320320407,127.23847329743735,58.489316001346786,79.97707099329575,123.37053394805483
