time,s1,s2,s3,s4,s5,s6
0.0,19.348716213180097,23.156549352780814,16.373271208455478,17.469457626727273,25.966165556513502,13.935249931067025
1.0,50.15035636611986,67.50593542437385,101.92326681294823,47.5301103091806,74.63743324123321,107.47420865399607
