time,s1,s2,s3,s4,s5,s6
0.0,19.416773318398786,19.6285096574753,25.242755848839014,26.99684460978405,30.92881903782384,22.2926376797224
1.0,61.946601416368296,78.59012634337273,112.30816675388236,58.52364570470624,77.43776799285989,116.56732007740369
