time,s1,s2,s3,s4,s5,s6
0.0,20.67756009687583,25.818019307256982,18.39313349503974,17.212710966237008,16.95158971210758,12.739313988715642
1.0,43.79160258719907,87.413831572726,107.53387729910133,57.71928554599145,84.50762212200752,105.26256343275956
