time,s1,s2,s3,s4,s5,s6
0.0,23.001285047329233,23.313468977329784,18.631308107504186,30.992298293345215,26.959596854696816,21.262395379006644
1.0,54.2788272123663,94.16868901691369,110.23318416981606,65.33364321371472,87.5740818122274,99.9416607698615
