time,s1,s2,s3,s4,s5,s6
0.0,16.750777997373525,0.69861752413156,20.013037045306262,14.227435364480455,13.56929037581371,19.969014648553163
1.0,56.44905219973922,89.86338215905567,132.96793931226128,56.9007558300247,89.44953212159675,128.39768672949168
