time,s1,s2,s3,s4,s5,s6
0.0,20.62510522101354,23.639501902127147,26.455350519596642,16.12672432361458,28.032174789954404,10.117193719125726
1.0,51.67636014564859,78.53820669199371,125.20637528304694,46.8897596220725,87.71012944812222,114.06939754956964
