time,s1,s2,s3,s4,s5,s6
0.0,24.404039120898396,17.240049759419783,11.553246249018624,16.134442341152784,16.49690469451655,13.735256384854575
1.0,48.36417878457655,89.34207570659623,120.75607437660699,61.62317351221564,82.0790281200329,110.04245228728202
