time,s1,s2,s3,s4,s5,s6
0.0,28.731033653611846,22.893815975964205,27.889039800693187,30.871478241580014,23.425218803429466,18.8654549013723
1.0,64.86900628350588,71.43304861210177,108.79712630899796,49.182023365398045,79.87375186829014,105.34262585864126
