time,s1,s2,s3,s4,s5,s6
0.0,16.445695348331206,19.71543585901895,16.64688584357301,5.052498256000511,20.801921910763955,11.3340912317264
1.0,68.12238130474199,86.45471008580365,127.7231911412181,55.46476674594704,102.09926984228062,127.80992779722085
