time,s1,s2,s3,s4,s5,s6
0.0,15.392916801358394,26.268964660892067,18.659664872306383,14.601264192533689,25.513834661427317,18.595416915339644
1.0,50.716453310633256,81.67795002009596,113.89552905969441,55.67883347359106,85.95427057931705,117.1698934704499
