time,s1,s2,s3,s4,s5,s6
0.0,27.95649010833492,28.39338964333865,18.622885777669584,21.80931035154674,20.980014781433294,21.381366213091056
1.0,66.7861195435909,94.89047269887232,120.4396849006781,62.40892510767366,95.25450512985289,123.13155030436491
