time,s1,s2,s3,s4,s5,s6
0.0,26.671957539936585,24.000263442825293,14.542932236799839,24.667061862305317,20.265752863719115,18.38590337251984
1.0,52.23680501118919,78.30823980461686,91.32065280055585,49.13395691496974,80.84856989071382,100.41272714746063
