time,s1,s2,s3,s4,s5,s6
0.0,4.725884788999039,23.21153935301703,18.667629072086577,11.933050174876197,26.558337812839163,14.020916533676106
1.0,67.15936212965306,90.63186211917107,145.89294510798425,55.089130751028186,102.65832983216718,143.4634536345151
