time,s1,s2,s3,s4,s5,s6
0.0,21.612544303576033,18.462093879526346,20.403733842998278,18.482405813061973,21.810120684769263,15.486981856907711
1.0,63.087969407001594,94.45674038332919,138.81202446558007,58.61328603423339,103.57599408010144,132.08591811089457
