time,s1,s2,s3,s4,s5,s6
0.0,12.954652748640555,14.492339816374326,24.75632782783572,21.208954650376185,22.208926854982195,17.0200716634954
1.0,58.93025516641413,84.81778501500499,121.55211377983692,37.29208665825639,90.44950125890796,119.33697958094493
