time,s1,s2,s3,s4,s5,s6
0.0,27.274750743966166,24.95012499120591,14.189424785165851,21.594352118548997,22.278589930225337,24.151464082341523
1.0,59.260287331521866,93.71817188523606,133.29105278186654,56.68471762209462,94.68233278489143,123.48513671811357
