time,s1,s2,s3,s4,s5,s6
0.0,34.03980809108819,20.034357093621217,13.637925460677813,24.628454383613196,19.747933398820397,9.690308798594048
1.0,58.13841455497965,96.53376385261599,129.25893317057157,61.347921068716346,92.06784297316281,136.28048419242796
