time,s1,s2,s3,s4,s5,s6
0.0,16.819515467963335,14.988534792702314,21.533049772532,19.880813593362497,22.53805743009334,17.927970935224977
1.0,53.69322933915424,86.01808698827311,124.6860786937673,64.95261326162475,91.59049724858784,129.76204825769267
