time,s1,s2,s3,s4,s5,s6
0.0,13.956467607956622,20.601908124567306,17.316375488442034,17.74187691545636,18.426612959996017,25.02799507356543
1.0,54.21619608455668,86.28208783073568,117.30231767478719,53.630598432994276,89.48877326175408,118.26024757629274
