time,s1,s2,s3,s4,s5,s6
0.0,16.400889401658336,13.000979131517951,26.56673436129278,16.205347769519175,20.45287318902094,15.539171394628998
1.0,56.916312132201796,87.64995240078841,124.66784123783412,66.0957153580331,83.57170501480111,119.70131297401706
