time,s1,s2,s3,s4,s5,s6
0.0,13.381585722470435,32.02637881634268,23.617757075197122,5.655351648898781,17.571902727525853,19.319945088908803
1.0,46.07171277134401,91.38537864117377,125.24776644091166,53.411081924135765,88.53769476826973,115.8250903093088
