time,s1,s2,s3,s4,s5,s6
0.0,13.778493242707672,19.393279117641672,22.614817630313347,21.476199349974912,24.91757221678521,22.993426236496678
1.0,67.08221952539046,100.5669711982209,138.7876726392716,69.23963614091743,97.45111530194806,134.71274776451102
