time,s1,s2,s3,s4,s5,s6
0.0,20.768133545476587,17.053580436798214,19.79734947063638,20.624446097456065,12.39698920358202,19.917491500845905
1.0,54.144554791958186,93.73398499346534,141.94550539788133,66.86032839082226,91.0473289034383,129.83966464991133
