time,s1,s2,s3,s4,s5,s6
0.0,16.390049284770452,17.959039364784335,32.077181285203565,21.478429065767344,17.439371275799672,22.930423298227378
1.0,52.756032451240905,87.08948746997275,116.97300865212881,50.70335724775451,85.232800186938,107.42811405337918
