time,s1,s2,s3,s4,s5,s6
0.0,14.728751247113108,15.867126700483919,31.782479774130238,21.03059727674589,15.891633443676994,9.321650156043145
1.0,55.819932296154505,86.89520474336783,123.8860428075105,61.34700207515276,97.7517178258168,124.98692356929986
