time,s1,s2,s3,s4,s5,s6
0.0,24.535451650202777,17.594272905713098,20.718499325997104,16.128756395014825,21.7734324311966,22.438027036057935
1.0,52.38909970617836,96.82807512718688,128.8659376531881,56.69357430130398,87.3727341575152,117.94896359392172
