time,s1,s2,s3,s4,s5,s6
0.0,14.017825360568946,26.505601917203542,3.2511560035844447,20.415709854717626,5.108669853990202,18.92455060969027
1.0,49.11944314236714,79.2432452764643,101.75665124846559,48.605367639330645,58.67093110916972,92.00805506920875
