time,s1,s2,s3,s4,s5,s6
0.0,24.224317511705088,12.586843619361439,32.44648880761331,21.975293761372683,23.750746008473264,9.996831713403513
1.0,57.16188438832567,84.58419072146513,117.04549100420056,48.76353958769095,84.62400073840858,117.7143232231888
