time,s1,s2,s3,s4,s5,s6
0.0,25.8252929576247,16.871534825847537,15.15200872568401,17.383194274680985,24.64099363014419,12.975786786132142
1.0,67.98470912516831,99.69427391851582,133.83635622724654,68.56965224522929,99.0892136537621,137.99100932548225
