time,s1,s2,s3,s4,s5,s6
0.0,21.141022785131433,25.56217793689005,13.81242809843996,26.414514573360904,14.19930662138963,11.947859765116217
1.0,54.956952535910155,105.37120033948918,128.9228813466584,60.424894882477716,95.90185229215083,131.986572956993
