time,s1,s2,s3,s4,s5,s6
0.0,19.847373326602153,15.310991596450679,21.73004745487273,22.20704619739352,15.34438278323802,28.006519835163967
1.0,59.60574904437976,91.29244581800964,123.77258678679716,59.43457317622373,84.20230248846931,123.65989943496731
