time,s1,s2,s3,s4,s5,s6
0.0,12.237172200508489,19.156625922568477,19.267505904575465,20.57107976990743,25.674255541348778,18.892029851236742
1.0,49.44263773666349,70.79453421549486,105.59159695569284,48.3056734923765,80.14374816147308,111.48029702936769
