time,s1,s2,s3,s4,s5,s6
0.0,20.63020265493018,25.28002817719974,19.261349704736443,23.608256638676227,16.431671832994734,6.139470516262348
1.0,64.03184678611674,80.93671922405694,125.26302122140766,54.773917624735645,96.83775684176142,114.24460830118252
