time,s1,s2,s3,s4,s5,s6
0.0,11.017596888839627,10.221556479375954,18.360973813372837,9.348204427522294,14.580440954492182,18.518363286313964
1.0,58.96510688280732,85.23157493423142,126.21511032994741,45.219525424808246,86.35768435951593,126.77536510461599
