time,s1,s2,s3,s4,s5,s6
0.0,32.224450072163044,18.00334865675565,15.929461841850204,15.363308673501704,18.146431224388696,21.27917181856396
1.0,57.45039057939813,92.19837165795546,127.84835626135882,55.852670910840885,97.79787519802353,115.9814634002488
