time,s1,s2,s3,s4,s5,s6
0.0,19.168823445917155,15.895248514159242,29.099053524722358,23.382573907682886,22.910541136308822,29.685869512599005
1.0,54.78493437974868,82.6101636135279,129.2117586058953,57.1527844650189,101.08562616251471,124.86419913873065
