time,s1,s2,s3,s4,s5,s6
0.0,23.724117932629802,14.514611653966938,25.73195383112632,23.386006602946615,22.148160239074073,14.37134378314486
1.0,63.49993951002252,87.15406244373611,143.94673155720034,56.03588094248214,98.83041323156608,123.82994766008069
