time,s1,s2,s3,s4,s5,s6
0.0,21.281337425592188,18.22668750338781,12.556664387665956,29.212003560857106,19.37297310867662,17.804390210778905
1.0,58.249100377147236,90.11448972870866,125.91985453517152,57.98582004400665,92.68627626479162,112.81391746129711
