time,s1,s2,s3,s4,s5,s6
0.0,20.448599793349253,17.136236037474124,21.016187074802644,20.551881376762697,22.41537287451124,20.39320945466521
1.0,55.829692065325325,89.43087810070392,131.42972575149997,57.29226929548679,87.26499511001536,123.03064458088718
