time,s1,s2,s3,s4,s5,s6
0.0,26.18025350345973,20.30274912549464,12.945848396340653,16.833349446802607,18.249956460581583,14.617668757968218
1.0,66.19197904141784,86.42689835870235,121.1550374658116,51.07453047395,92.95003305806327,116.14714012930833
