time,s1,s2,s3,s4,s5,s6
0.0,24.449459783413143,13.370359882617674,20.890409275657415,24.127035394461267,17.77418559663125,14.588221795191725
1.0,60.27978675310761,89.88644516878989,117.89265324962643,60.73686939935179,88.67892686033657,122.67741873218301
