time,s1,s2,s3,s4,s5,s6
0.0,11.364145640791808,26.120542409540572,18.577249838923052,20.75049809775019,25.188795662587133,5.967152009306668
1.0,47.799201123851454,84.60058456842327,128.5856745793908,56.4458347608967,86.255455282869,109.39376885211834
