time,s1,s2,s3,s4,s5,s6
0.0,17.30617729372914,15.084465962570032,18.184942348053266,19.235826738443794,20.290926245796815,10.737938211032544
1.0,60.32296423133385,97.01895419477792,130.8829244094312,55.224690610376456,93.71092234961445,118.52220914090069
