time,s1,s2,s3,s4,s5,s6
0.0,18.719102662844712,17.792339504191276,24.483668666721453,21.28902861444231,28.679931751278435,11.351720078965098
1.0,47.07190962540643,91.25648204504103,124.08540520430903,51.80628505750286,86.172290784498,121.3535539246885
