time,s1,s2,s3,s4,s5,s6
0.0,24.893318126932666,2.6086372478232036,19.967518064109676,26.224595521701154,20.681426151940773,21.60240444968049
1.0,58.11380326662262,83.59333194176098,125.25969720190639,58.09472784881533,90.83956502414158,130.57507601742572
