time,s1,s2,s3,s4,s5,s6
0.0,23.443883406018692,21.654447553188387,20.404896077483077,33.53640118139292,11.848909214605808,21.67254389272396
1.0,59.71655219027502,96.21492107131255,133.8128112769461,62.82605560422153,91.84470709784341,126.42030796715903
