time,s1,s2,s3,s4,s5,s6
0.0,26.461027435913365,26.180030653681833,20.53585219473782,19.717626092651223,20.413416976532215,25.269750404500275
1.0,49.91333771109382,104.62636580327704,118.56897550983672,60.49469587534417,94.18528038399626,125.24159715163889
