time,s1,s2,s3,s4,s5,s6
0.0,27.568313673843413,31.192513926168147,10.846122817804769,19.054995654679466,12.359476094999533,24.231666352103293
1.0,59.035818005214836,79.21416816530969,113.6048952402941,53.58056850458994,82.45698749349974,119.41605264974886
