time,s1,s2,s3,s4,s5,s6
0.0,16.96841500091627,16.131695648004975,16.58756136904263,28.293455287546337,17.27797322227682,21.592346006323783
1.0,55.453858915471336,88.45921135034595,131.48502343771415,64.17405289589969,90.49072524763523,128.20101982929754
