time,s1,s2,s3,s4,s5,s6
0.0,24.11823934671446,37.437395216088944,13.735940774066357,15.971883711969138,14.119645036094749,28.239253934565266
1.0,50.72293431822944,84.20490705148487,126.10207961363227,54.44061300034318,80.81000638061482,115.97680550687745
