time,s1,s2,s3,s4,s5,s6
0.0,17.807231768445853,19.602543140468196,19.147353325694212,21.771980047311967,28.843041033104694,19.63655381111225
1.0,48.42770937388334,86.92679444332096,121.21065086507298,59.86382442584561,97.33552100101394,112.76453057067275
