time,s1,s2,s3,s4,s5,s6
0.0,19.344899504245166,17.096106959301515,18.64645633629328,19.728539368964107,14.600598213047896,16.481578501791944
1.0,62.953509390493664,96.14796264941526,131.57218135467582,69.93541345528766,96.37320665935792,130.61512074480677
