time,s1,s2,s3,s4,s5,s6
0.0,21.300367431555806,20.143935019755837,12.726326026645737,17.19729607745267,25.16344868763778,17.848779510905935
1.0,62.949016403725544,99.3503027772417,128.69160900456197,60.29355206582861,88.59282472663627,129.59551191515325
