time,s1,s2,s3,s4,s5,s6
0.0,18.11051764018,25.38072464270398,26.358603083718233,11.31894544549695,19.329015006051236,29.448659256732988
1.0,58.04225711814328,84.87384650815396,109.95712992163472,57.02475063194912,92.10702085832234,110.85859641567785
