time,s1,s2,s3,s4,s5,s6
0.0,17.297312494559243,18.64210229897442,24.51913129629031,8.206803498858617,17.28587073214962,4.447242670761282
1.0,70.83703266860071,99.73381237903877,133.93370516573037,66.51807556596103,92.57606308450298,124.20564102815513
