time,s1,s2,s3,s4,s5,s6
0.0,20.62906988836508,16.175971381072152,17.35166539355941,27.274683819905665,14.479808928886388,26.68468607639469
1.0,57.59643963487129,91.43259681567164,113.28480311593468,63.63712779033056,82.0222333110267,107.97526772817449
