time,s1,s2,s3,s4,s5,s6
0.0,19.68714564546291,20.83548420555035,11.766177699515044,16.334074646890002,18.45732480442459,24.94439012295535
1.0,54.43823801332207,73.46468052010847,104.25238681814034,47.31351105427688,81.64680473129738,114.18329392062451
