time,s1,s2,s3,s4,s5,s6
0.0,22.755116673264897,24.856108410981186,17.464937776165737,22.30901771810883,32.03717773493051,26.405604299360014
1.0,68.26725346611654,96.10962104478315,144.46452405346864,72.28961939484557,102.87411242653842,136.36947743443878
