time,s1,s2,s3,s4,s5,s6
0.0,16.783642906290524,21.436891314736922,23.63306194028206,27.70270122008209,27.79855631140276,12.927629576193485
1.0,55.94392438523377,81.32748300705312,114.39737304800315,53.40688197784434,83.54630913215209,112.85419261893587
