time,s1,s2,s3,s4,s5,s6
0.0,27.547128821855754,22.545608621399502,26.81387449552515,21.859516077041448,19.571733736626694,32.83561350179963
1.0,53.78299977107451,92.47457926810532,136.3023120015415,66.29314239791036,98.62406111377862,136.0184125361996
