time,s1,s2,s3,s4,s5,s6
0.0,25.96520014086903,23.5123900469663,22.854020839787506,18.67482296132499,16.552624712163976,25.396695131906647
1.0,67.46180012711552,80.87941417352171,118.26875167081165,57.42629078886259,75.3501995371341,119.03249461152626
