time,s1,s2,s3,s4,s5,s6
0.0,20.591065893494992,10.143893945168442,16.226749450168988,20.01533487935073,12.32371839959119,13.707696153633053
1.0,51.28931869157581,97.72186652315538,116.26308516540054,63.7645137590926,91.43661465039212,113.54106387198914
