time,s1,s2,s3,s4,s5,s6
0.0,15.232946889399397,26.230688823554836,14.97135127737435,13.382408800147541,26.686911454721105,21.906762612165743
1.0,48.682912988526546,82.8345134572092,120.17087885820321,52.06109715091068,86.12418355942255,117.4965985666171
