time,s1,s2,s3,s4,s5,s6
0.0,28.792645211552504,23.24257020410183,14.249270485196956,24.264710944114164,16.53849086183353,11.441540834718376
1.0,62.14734690155707,89.89998021303639,125.22079845656489,58.72695335829826,86.78753658062871,130.64513369196322
