time,s1,s2,s3,s4,s5,s6
0.0,18.752659522766375,22.523117959017423,21.91679283360079,18.31320138510811,14.898569773859553,22.681654498903946
1.0,52.07239885198203,73.77398869900662,130.7132821902005,46.96607909208093,85.59742186408585,108.75056327194305
