time,s1,s2,s3,s4,s5,s6
0.0,31.767134683556144,12.337566283263591,16.874412208757054,20.088634378265695,13.394716609568423,20.264875658650073
1.0,55.880252638994264,87.83960872159776,113.96733825750462,43.74285966709015,77.71534585591121,115.49809851019306
