time,s1,s2,s3,s4,s5,s6
0.0,22.401805173092253,18.53440100072774,13.252194660278288,20.329817540458,14.983202602554222,19.86151930352128
1.0,53.004393990320565,97.24482008146327,131.6627440106892,64.18199677845672,96.11433550999539,129.8298412323286
