time,s1,s2,s3,s4,s5,s6
0.0,26.00946365547989,17.427368785671085,21.677832764456536,16.007281378471102,21.808461324486274,17.210839192071912
1.0,52.47449761172775,88.76613594583424,118.73589046490005,56.416074166903876,88.6585855511607,117.07638902073818
