time,s1,s2,s3,s4,s5,s6
0.0,21.19150092106939,18.682167497113177,9.3280083775607,16.161116936921037,15.08579591242756,26.38585229254478
1.0,46.1066433466588,91.22708932870975,111.89573922558463,55.83453960762137,81.04136313037179,119.00823914348473
