time,s1,s2,s3,s4,s5,s6
0.0,24.215462897419368,21.953918893653952,17.47117996296222,19.356542911436552,16.9208928062357,26.31054177542108
1.0,57.40029638469122,88.18358386263614,146.67811814052328,63.7411794187306,107.19635233998565,147.6788325377513
