time,s1,s2,s3,s4,s5,s6
0.0,20.34811790495869,19.54076515169781,29.341425621733354,26.563900142453274,17.901152497220213,19.02125056766911
1.0,59.57824091280554,81.86811020704404,125.5897762633691,55.00179021885217,91.94262150228127,128.8546550096604
