time,s1,s2,s3,s4,s5,s6
0.0,19.424903949754555,25.886937448123327,24.89772875562488,31.265982194080195,9.127899121317267,23.07858638901721
1.0,52.09201430815176,84.35611222027802,96.37761492560504,48.88049212245533,75.91855863380682,105.3727301447334
