time,s1,s2,s3,s4,s5,s6
0.0,18.315330934369882,10.596562245109771,15.08600722070069,26.86385212686663,12.755668400219776,23.78230776336214
1.0,48.25998958888769,93.64171804788046,111.8075753511537,61.270943200213054,74.41523966711785,113.38209777851293
