time,s1,s2,s3,s4,s5,s6
0.0,25.328231250497254,15.109394319983899,28.52402452784753,22.089942383984962,23.2443074083964,23.561527827261063
1.0,61.70091699763534,99.10340740131745,132.67699630932782,63.236849202029504,94.41726148297728,137.11698418267687
