time,s1,s2,s3,s4,s5,s6
0.0,23.140142571807452,15.594790378689273,21.373331061962556,18.590530773614958,21.32570925589542,17.217036209869814
1.0,69.65503675532595,86.94538130533685,150.04907854096612,54.94755636983547,104.87417118099597,139.5956665853049
