time,s1,s2,s3,s4,s5,s6
0.0,18.32518798991994,14.662014928406721,16.261233429444907,22.60282143681307,26.777102323557052,21.459971477103554
1.0,65.07016231249244,100.32229990305615,145.22756238225963,70.980875173686,104.08409445707719,150.51151427757912
