time,s1,s2,s3,s4,s5,s6
0.0,20.96994061866875,29.37684769758256,14.558433224907692,28.58921287073385,19.74174490711414,22.63806689492205
1.0,48.08187382069355,87.3959075288295,114.86058202954145,50.064033862261624,77.59410611600636,108.39784204471609
