time,s1,s2,s3,s4,s5,s6
0.0,20.01796567342521,26.94234725906727,8.581007284276719,17.097981302135572,10.279445052011036,15.506424409936853
1.0,62.24122919108328,93.10472168702896,124.77179256880768,58.99516104833308,79.10560498325584,119.95355445758466
