time,s1,s2,s3,s4,s5,s6
0.0,22.187419837214243,24.28027154798491,23.85981019923273,28.86694441882277,11.574384956406288,22.167580169935487
1.0,60.19205201312375,82.10560696476584,134.90095812964256,59.73865610941882,97.66818077039433,135.5194109858611
