time,s1,s2,s3,s4,s5,s6
0.0,25.91889472836702,24.0837034214047,15.851498260594044,9.052345389219619,31.217873960668598,16.504330696209713
1.0,45.89542472324646,77.33162201342628,115.10636530709326,52.40014425482545,86.60981823022084,127.16737484199017
