time,s1,s2,s3,s4,s5,s6
0.0,22.546029417211045,20.028772088227463,13.94747704920479,15.346430540844262,25.499239473213482,16.283017624372345
1.0,66.44921306066786,79.37441054881187,107.45488775791024,53.74034663382314,86.67012185207122,121.32523486829632
