time,s1,s2,s3,s4,s5,s6
0.0,24.325390598441313,18.708524742674257,26.31655314589942,30.48653045231717,22.28222969546079,20.01684279535416
1.0,63.1265831903665,103.6515874414581,149.71230765111602,68.22068589589749,105.91149844706229,137.80322081453016
