time,s1,s2,s3,s4,s5,s6
0.0,12.032043975948852,22.486821143793485,17.41457915165393,24.14474895012841,14.205278108314069,10.677447282668178
1.0,53.99188564230515,83.76422341868452,101.67730189439798,61.23588183961792,76.61348555888792,107.58231001802145
