time,s1,s2,s3,s4,s5,s6
0.0,14.299331560426637,16.14712349389263,14.38696365348308,22.173880217595794,19.17220003963247,11.366953270700883
1.0,49.87355480651023,91.00866909877054,133.40803750526683,59.364500156553476,81.18509878220864,119.23767936023519
