time,s1,s2,s3,s4,s5,s6
0.0,21.386733482589868,24.873766972650508,16.21878687395896,29.548947757722594,10.81998549951995,23.061775004991617
1.0,61.63961821344774,97.77057994631618,124.46488525272837,55.165381485415466,95.17501916291008,133.91637734869397
