time,s1,s2,s3,s4,s5,s6
0.0,13.016232436166176,24.98903466478842,10.194575370826204,13.343705577571857,14.197423271052045,22.01939273939492
1.0,50.16373412236899,63.47654228578654,116.16914681578302,50.146633006530905,90.28221955671819,105.14812106501273
