time,s1,s2,s3,s4,s5,s6
0.0,21.42727327431098,16.992865849553667,19.759957640268638,13.663364915873267,17.909821047429944,22.20303108382817
1.0,53.80348346996317,86.90643739608936,122.83813449053395,49.269295939376086,81.77121503641452,111.35747658813472
