time,s1,s2,s3,s4,s5,s6
0.0,20.14447929793392,17.199832637883027,20.574545150758073,30.348097256482284,20.231320091452492,15.000250287965684
1.0,51.46088339989042,86.1692176776364,124.33553672320183,53.0465012626634,78.59666715641534,119.18501650668951
