time,s1,s2,s3,s4,s5,s6
0.0,28.427393440848633,20.955699520236905,15.987856802325847,17.999679799736878,20.52756418623088,24.38240041931891
1.0,70.89835689842681,97.45000592585613,144.50760448330573,59.320931776416366,101.25611054390555,146.83884585751434
