time,s1,s2,s3,s4,s5,s6
0.0,23.67741916362126,20.805532826139984,21.60363722142643,23.099576803173633,20.766642389154132,23.355552984291247
1.0,58.142897947414305,103.33428327681364,127.0933089578587,67.34701561643445,94.69303996276287,131.65356391280037
