time,s1,s2,s3,s4,s5,s6
0.0,30.693186775421086,5.807326670722897,22.7893503816245,24.120533488418353,22.734991125935125,32.97730911546789
1.0,59.6641619462455,83.1695420657009,124.49896127050964,58.980614911597044,100.27806808684926,138.62780461535462
