time,s1,s2,s3,s4,s5,s6
0.0,8.068846772183162,18.355938805601674,29.941576815879706,26.72198017240783,18.271465314485972,27.140829654796335
1.0,50.49867743277727,79.75707173392111,113.2186755286161,46.54425721089669,79.19652884736142,108.83782649448463
