time,s1,s2,s3,s4,s5,s6
0.0,23.742357046441285,13.441827110450793,17.719595136575542,21.477413033823836,23.8747522240184,27.252665812807663
1.0,63.96993731964925,77.65516165544707,131.25275029607718,53.49447693977761,95.5071850079656,126.88523124733071
