time,s1,s2,s3,s4,s5,s6
0.0,13.061016434283587,29.377134816803284,12.718867497164918,24.73111694342103,18.46010408309449,10.144385535841483
1.0,55.388489932470925,85.58276055650992,114.7202720464837,53.0368887501742,88.29756334989601,103.61521742257821
