time,s1,s2,s3,s4,s5,s6
0.0,25.38448188807276,18.336204725177858,19.573576700618343,19.112548620210916,19.133062048146833,17.77594997030254
1.0,56.57075155171986,84.04603585506312,107.40178595027524,57.02262289244359,78.15855468667114,112.22869169493204
