time,s1,s2,s3,s4,s5,s6
0.0,18.597367783502385,33.400348781555245,17.413438637123335,24.769226533227442,20.418594588029784,16.28520861739301
1.0,60.13784708279397,83.14357628828354,130.09601903902146,59.77419217582269,89.03945724524446,117.7582005737622
