time,s1,s2,s3,s4,s5,s6
0.0,9.489620308732032,9.0564155487344,22.441527333173706,16.01105220410755,13.048853339189078,26.85877150998318
1.0,65.63432743762537,88.49063770360559,133.76021328129653,59.761543054201255,98.82052701454185,127.31699509156438
