time,s1,s2,s3,s4,s5,s6
0.0,18.790734262724094,28.748861890949783,9.870383342921214,21.47434946991715,18.772756099235284,22.76037054169976
1.0,62.370823776708235,95.31160339245598,130.85054987730592,69.49092182704341,93.98707947902872,129.19550328377167
