time,s1,s2,s3,s4,s5,s6
0.0,14.92270474651508,26.40960460341437,19.925635399418166,13.376151168947722,19.708558320801025,24.197987744431025
1.0,52.834340502488466,89.69612996100764,123.84429016688992,53.31441829190714,91.7835672373813,140.82106015124617
