time,s1,s2,s3,s4,s5,s6
0.0,24.052810253027484,12.454213410628373,17.607631326705338,32.00015260846405,19.660419526391827,20.417130604289543
1.0,67.1168251047301,85.52367412829916,114.20702126952423,62.00351811957163,76.49192392372665,131.29800426734536
