time,s1,s2,s3,s4,s5,s6
0.0,23.633505668776372,13.149615602554839,20.717351418529226,22.03879679510466,16.645699523837774,26.16671638394841
1.0,54.62377742154111,77.56355012831565,104.01408972888711,55.72011491922062,75.64493958634787,114.48984928989589
