time,s1,s2,s3,s4,s5,s6
0.0,22.311167825243952,25.16535115699964,22.859083325126704,27.828601496673162,21.341548794790068,19.13721048737071
1.0,57.467139348268724,79.75060850483257,113.51580490488493,49.95223534307165,75.02957736088514,116.42560615134504
