time,s1,s2,s3,s4,s5,s6
0.0,18.378955340662188,26.221504463661926,23.302167250101377,18.848405289203246,18.433594562150034,12.984063709518633
1.0,58.166800498260805,84.9198935422503,122.89434371569406,62.53878174161388,86.31416035329721,104.97183521725
