time,s1,s2,s3,s4,s5,s6
0.0,16.969037852898854,12.109031682111302,23.477142329077346,26.512575629887085,21.19801318493972,13.582252717451812
1.0,61.98922759703494,93.53876995594463,135.72446850858344,64.27862635006397,100.95642164681058,124.28481026393214
