time,s1,s2,s3,s4,s5,s6
0.0,24.927018725526224,26.186342107255115,13.92672913099165,20.487978972137455,17.08781303339067,23.57293588444418
1.0,60.993921579594534,83.20954483987626,118.99623972675434,61.768074755619566,93.4212078791711,124.7719982933541
