time,s1,s2,s3,s4,s5,s6
0.0,25.5435622970315,23.907683319536492,8.739901691893134,23.135320718454132,22.951875211853064,7.165109408161003
1.0,61.97713687280235,89.66580669040874,125.22431745424869,63.74866228400903,101.50902087143402,125.82010028817534
