time,s1,s2,s3,s4,s5,s6
0.0,24.308539724910766,22.786508162400267,18.755934167010565,21.173065663890426,11.058981114417648,11.245680347404303
1.0,69.38006953925307,88.75118046456191,120.5539552513157,64.44824656838473,84.46714197139947,119.20918109489901
