time,s1,s2,s3,s4,s5,s6
0.0,25.34419101109355,16.88777829269852,21.14389983477039,15.285691150442341,33.82611618742784,22.308218042080195
1.0,46.74669590784893,94.19298908090678,126.35589336200923,57.144988736855616,86.96073579383592,125.48670666934679
