time,s1,s2,s3,s4,s5,s6
0.0,34.514108391942884,17.394365071041022,9.532432739987826,13.972545065327344,18.030682780446032,27.163551708376414
1.0,62.69203425358517,93.28831895306394,120.9100596801705,61.75850519518925,80.68663100648297,117.49244575845684
