time,s1,s2,s3,s4,s5,s6
0.0,30.746302286092913,28.66317597925675,20.84084438850607,28.774737118560346,15.868042879450124,21.33842672650417
1.0,60.46956309132075,93.91539385247872,134.94630813802357,63.38195528255913,89.62958179172352,126.83788493029535
