time,s1,s2,s3,s4,s5,s6
0.0,18.67999099108604,16.669691894128082,22.756998450022813,13.908916166537619,30.30852860772579,15.079322169473409
1.0,55.46240196620246,87.90373061230726,108.46541283068062,49.022369021050984,74.50276664384324,106.17938827711653
