time,s1,s2,s3,s4,s5,s6
0.0,31.938811903963376,15.467135829417362,13.303758793503164,25.829604582390782,19.91995324086897,26.71266073681298
1.0,54.92450873594058,92.73560625343997,121.01501537791071,60.42116121373947,88.4753343319018,124.63142418088341
