time,s1,s2,s3,s4,s5,s6
0.0,20.232956193630308,26.06440675445051,34.171011464778495,23.999992516051222,18.010834459324936,25.113754615297815
1.0,58.333246519303984,97.35574489150225,125.30474856901587,58.482229518041606,88.30645149595875,128.0421039048361
