time,s1,s2,s3,s4,s5,s6
0.0,19.595608459423,21.693280780402382,15.765626228782287,13.148691440369333,19.34463358900978,22.402218041068625
1.0,58.01511605775214,86.22763535252889,114.53048069720892,58.45315157359972,80.06033067378817,120.12679627496769
