time,s1,s2,s3,s4,s5,s6
0.0,29.856635408215105,18.98601712399217,14.584873574560998,24.61528352035458,17.542738918646442,11.422373281636013
1.0,67.38183889838864,89.40777784465976,122.42283377123522,69.30002840125817,81.73108651919773,115.06498237676917
