time,s1,s2,s3,s4,s5,s6
0.0,24.252422721228232,10.755739350853421,26.717178689409746,23.289132463505346,15.961700667060894,15.213118864416453
1.0,59.67678222877477,78.1707283807378,112.57456532574398,51.32398372883998,73.51026725858313,109.2621489426417
