time,s1,s2,s3,s4,s5,s6
0.0,19.658537544051942,26.9212017086919,21.12394622936004,18.856769479810723,23.683487298389526,18.217484365130982
1.0,51.80883684052809,96.83249017156685,119.36745096034758,50.47819393048212,77.7377321708972,116.52328514343816
