time,s1,s2,s3,s4,s5,s6
0.0,24.421474155669102,20.808745878388173,22.479062358370722,24.013758978451897,14.5860270751306,10.70213427490338
1.0,60.6738656140236,98.48891484912286,131.00878767236398,58.484213241046334,89.21744362940304,111.22341965721706
