time,s1,s2,s3,s4,s5,s6
0.0,7.786403228479193,14.958328799912675,11.981170045218816,15.014198852575204,15.948465091658289,20.430702393808282
1.0,48.36956798348588,83.34838918563005,119.53987192378008,53.49217308214863,77.40762430013125,108.03285004363777
