time,s1,s2,s3,s4,s5,s6
0.0,25.964835576986754,27.113683818828246,12.522372721054044,27.232570707526108,26.42135560466651,22.195333145098218
1.0,68.08309378489515,106.05443530053032,126.62809672758405,66.07783993404126,76.9836805213181,118.41340621687024
