time,s1,s2,s3,s4,s5,s6
0.0,19.94679144345998,12.963537614683663,14.107584069173486,27.384869058658868,8.395396320655456,20.52247370374556
1.0,58.96097695868913,99.64274097404441,127.45911303125011,66.98321783455238,88.79567244072598,123.45162668555709
