time,s1,s2,s3,s4,s5,s6
0.0,21.947460156820764,7.777727277298907,19.31522048624203,10.045519128229182,20.071464128095585,23.588089528071134
1.0,58.0159978750972,79.6533481331334,112.8231065062506,50.64274382861699,76.96040799451774,111.47628366503248
