time,s1,s2,s3,s4,s5,s6
0.0,18.37047511901932,18.414974671626002,29.453092225692753,25.345650642556393,20.1870836550055,17.272922104622687
1.0,58.52002778407834,92.34590466875406,131.57729240808519,61.96865489626915,91.6842819704477,135.07484701417872
