time,s1,s2,s3,s4,s5,s6
0.0,24.681422287128747,10.226008529238669,6.984539518184464,27.029659589506807,29.25997648202223,27.845714039878484
1.0,50.781757885339736,86.20662508621032,113.96164227340523,58.528808993954144,90.130933408722,121.91577924233377
