time,s1,s2,s3,s4,s5,s6
0.0,24.788487691533863,11.963484648953875,25.260886140080082,17.60008712857444,24.744099823052437,14.530316939016991
1.0,55.443009541638745,86.63845380598637,128.64889060580643,55.11241756711753,94.86407541468337,126.71223030099124
