time,s1,s2,s3,s4,s5,s6
0.0,19.94169282889605,19.357063583019585,18.695315106755327,23.7435647081275,23.535989218897885,19.64382130199948
1.0,62.11882675276498,95.00672722315187,140.61637722651363,57.728092317210695,107.46731605121767,125.97042630614057
