time,s1,s2,s3,s4,s5,s6
0.0,24.723919936235532,23.368740693000035,29.142487160271486,15.927500813200991,24.29226708774923,23.273243482993973
1.0,68.14120784358542,92.76204591752634,139.34715446539832,51.23198108980591,96.31532126229858,123.56359557497358
