time,s1,s2,s3,s4,s5,s6
0.0,26.69692696925967,9.325071163055295,15.648572101354379,23.87314942840418,13.7984666126073,28.692856210948214
1.0,73.79465220098984,86.65359079635401,130.14034130966775,67.50167848543552,92.37303141628851,137.83456885568862
