time,s1,s2,s3,s4,s5,s6
0.0,21.496035183487894,22.28036551511592,23.58045693821504,13.317800552782064,5.122668645224747,15.430359740355154
1.0,54.299637063130874,81.78078687309723,127.78190347611842,55.11389211545837,96.82846750728922,122.06524140837695
