time,s1,s2,s3,s4,s5,s6
0.0,28.500239416842984,8.181110130979858,26.290362259703066,19.574743339061932,28.828228511361438,11.997075573401384
1.0,56.222577770832004,74.84414004665427,115.5659484833767,44.67230634333315,82.50968882381902,106.57612779359042
