time,s1,s2,s3,s4,s5,s6
0.0,25.17471417806452,30.17073532504329,28.314683762594807,29.264872981594806,20.03690345619968,27.51459746825684
1.0,61.65688703381943,105.33573450858967,132.45796186788664,69.82319851621821,85.3221756730151,136.30042137483483
