time,s1,s2,s3,s4,s5,s6
0.0,28.76337847643804,24.840512698914008,22.969794344247816,18.158668609798852,25.42138823047098,18.14801675647458
1.0,61.33752012604446,86.8383575034463,112.52330000261085,53.83236644315995,83.22812733983184,112.54849834632788
