time,s1,s2,s3,s4,s5,s6
0.0,13.776571058467162,20.500742240885845,16.59143607645788,20.66278233153366,17.322109934237908,14.83262576000028
1.0,62.346160491391906,82.13830448181582,123.64790632339138,53.46748241409137,90.4285990016498,125.04957414069466
