time,s1,s2,s3,s4,s5,s6
0.0,35.20533149018371,27.10257767514326,29.726728712096474,21.55526174489157,11.066800638112634,18.237499485166968
1.0,54.33180884001978,84.79543406524441,136.99604823922704,56.90601152782118,80.97456380359839,136.99770186966597
