time,s1,s2,s3,s4,s5,s6
0.0,22.032645503848425,20.103338177144305,7.992977432956442,18.269838974061486,19.85058503450469,17.13605878435308
1.0,59.53141967395972,99.70956137208282,129.67416573985622,67.16396989456561,109.90314782010944,149.82764391322365
