time,s1,s2,s3,s4,s5,s6
0.0,17.508950293470836,22.581510230578782,22.042960263581186,13.999586449811783,23.505059620437127,25.822217322381256
1.0,53.46360911591147,80.87358885783797,110.90127346912502,59.35665786129377,85.13759842037858,114.15308784157642
