time,s1,s2,s3,s4,s5,s6
0.0,29.74100253829776,24.742862852465656,20.39294064927209,13.69241195893047,15.106619049615736,7.654664316999867
1.0,60.29579326638715,95.58087246140566,135.09026614241677,63.39351002817015,100.9697537362184,130.23079669961973
