time,s1,s2,s3,s4,s5,s6
0.0,20.13295113590432,24.495421893410185,9.096589280504926,19.958509994493504,21.621113558209128,26.477652718117824
1.0,64.68945042019902,86.46980296279432,134.62999943383596,55.31728424371629,92.044818980584,137.03833203859836
