time,s1,s2,s3,s4,s5,s6
0.0,11.7162607986544,22.273009159970336,20.004388031094045,16.379081291702285,8.880323503473944,19.127132172067363
1.0,65.2041687770479,105.57095419361411,145.4454201047535,62.57516718775785,111.35310622486315,124.75906684146196
