time,s1,s2,s3,s4,s5,s6
0.0,19.2141705124444,13.286522894516805,23.17912093234042,13.961573369000396,16.233668379936002,23.26144905965194
1.0,65.18209222137504,115.66742704038973,173.16146222602646,57.30703522689236,123.50840361157185,153.10359924950447
