time,s1,s2,s3,s4,s5,s6
0.0,19.531852785265887,11.493189263840833,17.394401231821767,14.084424225440552,20.04912444580378,20.927399171313976
1.0,49.58272249605892,75.64152544048792,124.02189045667234,52.31058271309832,83.08032863308732,126.91827666220436
