time,s1,s2,s3,s4,s5,s6
0.0,20.063310017381525,17.338964264161802,19.62105232765908,25.706146473085777,29.57690650803504,14.982456399073332
1.0,59.04512170047876,88.55220366261776,113.06013657879025,67.00269499632697,95.39000403832844,117.69037553261361
