time,s1,s2,s3,s4,s5,s6
0.0,24.49398784561562,22.900227893869165,22.524696155130187,15.874092008917145,13.375391834420315,16.133159287237753
1.0,51.25073265417419,95.65501086319348,121.29485016862117,49.934588152235165,88.55921535751581,110.22110273126445
