time,s1,s2,s3,s4,s5,s6
0.0,19.86897376251841,18.32915839097848,23.793441679785417,23.029794139004892,24.80838204710203,20.321214193277598
1.0,59.58604771585544,89.25587290506301,113.4994958125457,56.49354282729618,82.50809183722265,121.39054314768784
