time,s1,s2,s3,s4,s5,s6
0.0,15.996102663569877,14.374569878382488,29.06783118272969,16.129485658630358,20.431025330861942,17.23972646480862
1.0,59.79475175817227,104.97956461055404,136.0642909968729,63.245079763921574,101.75019451588685,145.0778990430367
