time,s1,s2,s3,s4,s5,s6
0.0,18.544588409359676,23.99985345425396,20.10669949260405,12.950645117207113,25.80295140397679,19.007964040258535
1.0,56.148324653887926,102.20384483629992,125.22902265948315,51.53183740238951,98.48879413895968,121.10983146377455
