time,s1,s2,s3,s4,s5,s6
0.0,25.98450621784624,17.10693687703515,15.399287321737166,30.211415727500487,31.658704437591748,29.184192162029767
1.0,52.8869487964528,83.73496851310185,119.03312025571367,51.995946364258366,82.23048909895917,125.51139717999723
