time,s1,s2,s3,s4,s5,s6
0.0,10.47093551786586,28.773758330620986,30.908919537508154,20.97187681265328,20.33849043144813,19.78697623247348
1.0,57.061725272576815,95.32287297617917,141.22907209781894,53.58564350470824,99.30585785023281,119.4544023027019
