time,s1,s2,s3,s4,s5,s6
0.0,15.522487095705987,21.795850373319865,18.228023530170304,19.982608175624677,16.20236348999009,26.821955726676585
1.0,63.63790826304464,95.10051291963713,130.98818356337813,56.32604142165049,83.78942879847534,125.94970842403947
