time,s1,s2,s3,s4,s5,s6
0.0,15.420382916558044,25.724403095754056,29.14515161184623,22.829482934026462,19.556664415274316,9.718980913836576
1.0,64.12567852192511,94.69357600140697,129.19509564592866,57.207991660653526,96.93809991192012,142.34411150257495
