time,s1,s2,s3,s4,s5,s6
0.0,28.697773777173676,15.196682183965267,30.544111366633867,16.596138788659133,24.56860712433113,27.763724264461025
1.0,60.416873050717285,93.40700960130614,122.50219766378392,59.758777451544155,88.54730799015314,124.82144557069769
