time,s1,s2,s3,s4,s5,s6
0.0,18.83591679314633,13.18744698931027,25.756285170284777,26.743508783652743,15.286126554807426,13.916943522874451
1.0,53.55935516561273,71.85012632527025,114.59577560066388,49.908774570444145,80.90011308632056,104.8597079624689
