time,s1,s2,s3,s4,s5,s6
0.0,23.162525741663586,9.85116321223897,23.23752929092358,20.910359400088556,32.32536680042701,29.69818556156227
1.0,62.07986525461979,81.18532733357817,114.92009017121914,55.895682541847094,94.68846113016039,115.30984216349765
