time,s1,s2,s3,s4,s5,s6
0.0,20.259406586877507,28.394164739338077,17.72304665440818,20.782985226835294,16.163158653956792,12.423987124057314
1.0,58.09332152097677,116.00992153485959,149.979404806189,72.42901437236895,119.56889308310862,144.5746065214085
