time,s1,s2,s3,s4,s5,s6
0.0,20.724448165620817,25.26402641502004,12.560813111323288,20.234347547880407,19.99676342387362,13.592993763289488
1.0,56.29681298130531,78.08330314177098,120.51486475697344,49.3275293436564,88.81069218738041,115.52712107562917
