time,s1,s2,s3,s4,s5,s6
0.0,23.315043301853006,24.562199948336566,16.992571401660697,24.83557898126439,16.6134179693323,24.683983286765844
1.0,59.147196873943805,91.23114163534665,104.59650427110469,44.998032561052696,82.7859771496358,127.03960775088682
