time,s1,s2,s3,s4,s5,s6
0.0,19.692046951108082,21.69766967150974,22.91422327020139,10.295656418349122,25.061005153256687,20.264166919663115
1.0,65.29284439585128,90.46925198360455,135.59794624008586,70.40289065169958,100.58813285750264,121.06315895497191
