time,s1,s2,s3,s4,s5,s6
0.0,24.936554205900123,16.47825074336812,15.482756816443677,25.821495004839544,21.537732170437422,36.08884100135584
1.0,49.03458229454671,94.1086066595005,109.9068139755324,58.695799197053454,90.70686305401287,126.82256456935603
