time,s1,s2,s3,s4,s5,s6
0.0,16.59993362359249,19.723597659476418,12.41540727847048,26.052218014763767,18.142815118306675,23.238095303441348
1.0,60.90263762554335,94.985813104128,122.13338590128423,56.82523099593907,92.86355210240522,138.49422074568554
