time,s1,s2,s3,s4,s5,s6
0.0,27.57507802782898,25.764977306065113,21.14423103963406,16.260748084690402,19.189921634881795,15.96802341759256
1.0,46.71100256720831,82.93055128640373,110.70543522779853,55.30497709451236,88.97883384171274,114.59217343399493
