time,s1,s2,s3,s4,s5,s6
0.0,18.994762807575064,24.206549330644872,24.937982609881367,22.534022389500606,16.20571964673043,17.96552973908654
1.0,56.146387899444065,87.60525182225341,105.94872299702598,47.9302365219997,78.02583531758017,116.12792938106867
