time,s1,s2,s3,s4,s5,s6
0.0,21.777076926623856,18.554019934888117,27.166856282022003,19.47838126373243,18.595245446159247,29.41096095660131
1.0,53.72943037401783,103.43258056601195,120.79795652725109,58.78289098564281,86.59835904572368,123.04283923657069
