time,s1,s2,s3,s4,s5,s6
0.0,21.565283421214723,20.980112354044554,10.043770890941634,6.449392571446044,21.025753118241852,24.137396072834438
1.0,63.538585216773996,82.47785357901577,131.2063506258768,62.987650505481156,94.50426407406009,120.84883881545197
