time,s1,s2,s3,s4,s5,s6
0.0,17.252780067027313,28.46987806155028,25.73041940777575,27.414686282908242,23.865808010537062,26.177210240081358
1.0,62.073541570468244,94.90200964120882,132.89019380533804,60.34515259889451,93.41794719022865,127.4441855558354
