time,s1,s2,s3,s4,s5,s6
0.0,19.886284788426728,19.353677410723922,27.754476189776824,23.74944520311654,17.869467470148503,22.740227495072038
1.0,54.13925110462599,79.40903568357058,116.68054006250935,59.53687707184429,94.95049372913292,125.4894123011871
