time,s1,s2,s3,s4,s5,s6
0.0,18.230757946513222,21.228631012498404,19.939552881043593,21.154836894071025,27.353229703383484,22.929711997033337
1.0,62.02214852494013,78.28916135595816,122.28021980714591,53.409518553623265,96.59548463827481,118.19057542974839
