time,s1,s2,s3,s4,s5,s6
0.0,21.94317019928969,19.90497800833802,11.783706515859112,25.764476996391473,19.432759452346467,20.161771488418207
1.0,60.711839260802826,81.85571256983178,114.25677959716883,56.97625101774538,91.0616531224881,122.18001785265443
