time,s1,s2,s3,s4,s5,s6
0.0,26.031925658382065,20.812857782263272,12.982029419632212,17.47435423105199,16.705764734503084,17.729352691914137
1.0,54.320594607569056,78.26102719079128,111.30460875230435,59.207336473061325,87.75245925561492,117.5066045351194
