time,s1,s2,s3,s4,s5,s6
0.0,22.9255903461034,11.407964351338675,21.1027475163494,13.467497735675623,19.364732917458287,14.562983520482291
1.0,54.99894869907613,71.65620697896297,108.71247747144596,43.25008503864107,81.66030462446427,113.29237488699951
