time,s1,s2,s3,s4,s5,s6
0.0,26.394259358255194,20.155040621154072,18.457898527839916,23.777010596230326,10.683240234887833,28.164149191714372
1.0,63.21270025425729,83.75695860991026,113.31174783542448,48.48465773372451,85.95400361313229,106.80139946994618
