time,s1,s2,s3,s4,s5,s6
0.0,23.786523400217,34.619560923350996,9.804970236447954,18.638139161714,20.8146411110847,13.094895190572789
1.0,72.52033851635362,98.50472760343904,141.664023475931,62.76362232378236,104.88356958086733,146.8626495109958
