time,s1,s2,s3,s4,s5,s6
0.0,18.86356945343487,16.305176532012464,14.554607691805021,25.15029142184508,20.39337469452356,25.437913347987863
1.0,54.917278756677774,95.81436749198252,117.87287979775637,59.753867650967294,88.08013194564406,122.90789765206394
