time,s1,s2,s3,s4,s5,s6
0.0,15.703871590866527,18.39522696546281,12.948076930172684,32.2535743589729,22.218769301368855,14.677572541379224
1.0,53.45160222938281,89.4340620275763,115.70489775256962,48.26178321071791,88.66033988598792,119.5859429995357
