time,s1,s2,s3,s4,s5,s6
0.0,9.180924792959768,23.15760572486613,31.625681206053837,16.317919582997003,17.078726424609002,24.23526932332322
1.0,60.79995685135512,90.38565976571338,119.27511186536806,46.61417837962594,87.41606625450088,121.16354792633183
