time,s1,s2,s3,s4,s5,s6
0.0,27.915706015944107,24.555726449340682,15.438483314074109,7.330581235143349,25.458344256192106,15.06486158433506
1.0,54.72989256813443,90.19967899980239,109.14112086301486,52.587084526182984,92.76262171027604,126.11011804431888
