time,s1,s2,s3,s4,s5,s6
0.0,25.311825044686515,26.572001988898805,17.5154369450228,12.558480340423042,15.256781048261006,21.131587355147712
1.0,60.699299329562855,86.60407497656432,121.09569185252747,45.40881157740634,90.54184837927103,118.77527873506902
