time,s1,s2,s3,s4,s5,s6
0.0,27.340184324942626,18.61566015227244,9.816785501019961,32.63114952152417,13.921909911039531,14.743024918648155
1.0,51.78216272210562,81.51012302787838,100.51077593560707,49.08812324291297,87.51341725643132,97.83745458190972
