time,s1,s2,s3,s4,s5,s6
0.0,17.40182239072047,23.10248572440245,18.29358971451846,22.563724250175614,28.03514052847182,12.661271853618086
1.0,46.68467732373226,94.29720899659819,114.40568599961647,52.11079743979638,77.8810700656525,112.13163636159899
