time,s1,s2,s3,s4,s5,s6
0.0,16.40431950048184,24.46245263194171,23.699951939208685,22.910699117905764,17.079332393377076,29.39090950100944
1.0,52.49479979703437,95.25743026403566,118.59472049417438,66.58987242663818,81.03436983374807,125.09737292840859
