time,s1,s2,s3,s4,s5,s6
0.0,13.883077794254797,17.206768422887038,16.179708245063278,8.712421040948087,27.258546303146552,33.0990879916883
1.0,52.8408909656165,78.45294244335551,102.9696514939151,44.207544395714024,94.15791666105528,107.69021980168958
