time,s1,s2,s3,s4,s5,s6
0.0,27.699639523350843,15.275636471456771,9.248031373959194,18.9175442105399,25.5430657213546,23.973560744838636
1.0,55.08796000058444,90.56098774782339,117.34982734196818,46.8645912381715,90.71965097940401,122.09602976046705
