time,s1,s2,s3,s4,s5,s6
0.0,16.095952391074228,10.074994844136434,10.95924321163767,11.47921276370856,31.28942190479792,20.77374074169897
1.0,45.129608399589074,69.59241528884317,101.61819212063378,35.040819224198,83.56603979027098,112.06830601009844
