time,s1,s2,s3,s4,s5,s6
0.0,13.007782496093583,26.755487571401474,22.420311144007517,13.16419556591902,21.69556517838796,13.629383378330916
1.0,53.59418288725259,82.68279107456159,94.7834652069686,45.36356193450712,74.43609919717055,100.35520449855667
