time,s1,s2,s3,s4,s5,s6
0.0,20.538327064815313,20.007670886340883,15.283518006943844,19.607812573952945,21.405889336368965,18.348619391454967
1.0,51.840667149207334,84.41758133835566,124.4293564961607,57.119822812649765,84.90837311786726,118.90268219151027
