time,s1,s2,s3,s4,s5,s6
0.0,15.40301579019345,16.510565300901657,11.107661207090137,25.763108794315542,27.82030883806003,21.112864190112283
1.0,54.750300071879906,75.94828376023193,113.9114035247905,48.5979577356547,81.03882318207953,109.26151170458245
