time,s1,s2,s3,s4,s5,s6
0.0,21.05080092002801,22.492647411253884,15.03121105361793,11.589403894622947,19.742826844227963,12.30445023652772
1.0,54.79515188158674,81.57037106513789,115.32761689258298,46.18820586544724,93.86625229742893,103.77018750704946
