time,s1,s2,s3,s4,s5,s6
0.0,7.988504708000033,19.225054260265143,13.960720328512462,18.691326231483288,26.763081041924334,19.280221421212673
1.0,45.28439136638145,72.12060691814366,110.20324197995465,63.28300872951279,74.08983289724875,123.17198701363998
