time,s1,s2,s3,s4,s5,s6
0.0,23.94811735613921,29.21392578597614,20.733256115821852,18.406140246670823,19.46348025594714,26.72531455699938
1.0,54.26002475654016,105.84611822742693,125.70939205904916,55.954984598598145,91.76842912676835,127.91762414346599
