time,s1,s2,s3,s4,s5,s6
0.0,14.825104725406165,14.874291895828755,30.351720838230328,26.641730751793457,6.125800087632561,23.820023453283024
1.0,52.81471709171291,93.32402362681,138.168027186575,62.09262477716315,89.11058264280915,123.25596703071967
