time,s1,s2,s3,s4,s5,s6
0.0,18.992341211453752,16.104779277024754,26.739299145008278,24.482602083802252,21.302952970773276,16.53017837778285
1.0,60.09865400635317,101.56237534335645,135.80732177526224,67.34512888973798,101.21947894360251,133.2977352911969
