time,s1,s2,s3,s4,s5,s6
0.0,25.227138352381107,22.39963041535623,18.744569997326188,17.33838332376706,12.980521762609339,15.801390849581582
1.0,61.21829666499719,89.99553919255696,124.34618694954425,55.83115661656565,93.45947799484168,120.08050905818183
