time,s1,s2,s3,s4,s5,s6
0.0,26.868194039344743,11.317534077244915,13.495785044082215,16.85234964664245,27.30630481320253,13.850636795910269
1.0,53.31625907406933,86.0210107692142,111.65057101489047,48.35276679521454,82.1945522058307,116.46900171222974
