time,s1,s2,s3,s4,s5,s6
0.0,24.805951551897788,23.78644066038455,15.092888433278333,25.621432908360095,21.10396752847457,18.636739137938513
1.0,61.81369416076171,95.44020809214315,124.18253876236659,55.612558893266886,81.94368888359682,127.93162371689657
