time,s1,s2,s3,s4,s5,s6
0.0,25.59531543189884,15.407819370055254,15.30895298147442,12.12196850912552,19.476609473709647,26.732867231194312
1.0,59.22206028394746,95.98453180482348,133.08796972386946,54.449890243487985,105.03922509041747,135.15978169464725
