time,s1,s2,s3,s4,s5,s6
0.0,23.58437085626268,23.379788696606905,22.82425516224738,20.080085229318716,42.12988063898618,25.516618499644444
1.0,53.022977627340545,90.51527549820534,129.18423317343297,61.57567121863086,91.7229603591309,136.95910693743764
