time,s1,s2,s3,s4,s5,s6
0.0,18.09045782153987,20.96282576260096,31.811587816083673,20.261833527757236,20.195431130724398,28.715856192246868
1.0,55.51279779126876,95.77767289274989,134.81809718292612,62.04959872727276,88.57138039874884,134.7973800203077
