time,s1,s2,s3,s4,s5,s6
0.0,23.383768376865007,17.77336098782411,23.649863227468565,12.703254049085462,15.823567300095553,14.415331313511667
1.0,61.41871816863509,105.73364030874791,150.37926419196285,66.88747012704835,106.5198296517562,146.2266565124346
