time,s1,s2,s3,s4,s5,s6
0.0,13.864950532020547,13.296722308653898,19.07483035228423,15.898994749222261,26.176079439311135,22.86779858069883
1.0,60.84485678035272,104.82538125524144,151.22577208898866,70.7975935420384,107.39977904866636,158.2883466382322
