time,s1,s2,s3,s4,s5,s6
0.0,15.643166020738263,24.576093560084278,24.140340181443367,30.818111328002264,16.585159172496027,14.28670337090546
1.0,61.68562238615929,80.20060850563614,115.84782030700795,64.26340560759503,80.70672333289319,108.31295282616439
