time,s1,s2,s3,s4,s5,s6
0.0,24.309442850072962,18.156354246696814,22.365802587434374,26.72314525173176,16.040432773247137,27.621255218130838
1.0,48.04894030151064,89.68587974104777,114.6714573897959,43.744604491077716,77.16933885322831,117.13402620610738
