time,s1,s2,s3,s4,s5,s6
0.0,8.906568409950884,17.06750356536901,20.821293575962557,24.533092273451675,18.929953050995888,28.112735379953932
1.0,48.10501171051147,83.1307821789458,105.74726899354266,54.676385845156084,79.40239297598357,110.51160074929071
