time,s1,s2,s3,s4,s5,s6
0.0,13.219393490116243,25.360068105819852,10.383006544266271,23.468749224062748,12.162090789772392,22.36675447596584
1.0,57.02297873108594,97.01377953554707,131.94910824136554,64.76890641845749,98.68686236658168,130.29790911065678
