time,s1,s2,s3,s4,s5,s6
0.0,26.3513127454576,19.382418269373673,20.307675239253633,22.930038246046465,10.16480642349988,16.53337714789656
1.0,55.064703739952805,96.41018076264263,129.88298176476565,59.993906680940455,88.53699395956708,138.43044156113498
