time,s1,s2,s3,s4,s5,s6
0.0,18.79823203894472,24.373386796067877,25.372816673090448,13.73032599459998,20.802172479280205,15.41651610745219
1.0,54.865840416469695,91.2314827658973,118.72417677515973,57.41413036308314,89.50855423632964,127.54733098984825
