time,s1,s2,s3,s4,s5,s6
0.0,34.72169878804402,22.611243590184554,26.886037928389324,18.798325563815354,24.854580673990547,29.605447759150543
1.0,65.99852519330116,103.61426803485254,136.825888816682,55.40832633180435,96.31247470153941,129.05677222336473
