time,s1,s2,s3,s4,s5,s6
0.0,20.0,20.0,20.0,20.000000000000004,20.0,20.0
1.0,58.06941690086849,92.13883380176743,126.20825070264215,58.069416900877975,92.13883380177944,126.20825070264628
