time,s1,s2,s3,s4,s5,s6
0.0,20.0,20.0,20.0,20.000000000000004,20.0,20.0
1.0,54.156310359267465,84.31262071855488,114.46893107779987,54.156310359268375,84.31262071855815,114.4689310778068
