time,s1,s2,s3,s4,s5,s6
0.0,20.0,20.0,20.0,20.000000000000004,20.0,20.0
1.0,58.097808101289104,92.19561620261786,126.29342430390318,58.09780810131134,92.1956162026227,126.29342430389195
