time,s1,s2,s3,s4,s5,s6
0.0,20.0,20.0,20.0,20.000000000000004,20.0,20.0
1.0,63.28844058640361,102.57688117280935,141.86532175917623,63.288440586405045,102.57688117280802,141.86532175917023
