time,s1,s2,s3,s4,s5,s6
0.0,20.0,20.0,20.0,20.000000000000004,20.0,20.0
1.0,55.72858058188761,87.45716116379513,119.18574174567291,55.72858058190222,87.45716116380973,119.18574174567289
