time,s1,s2,s3,s4,s5,s6
0.0,20.0,20.0,20.0,20.000000000000004,20.0,20.0
1.0,61.50581034784213,99.01162069572433,136.51743104356086,61.505810347853995,99.01162069572847,136.51743104355444
