time,s1,s2,s3,s4,s5,s6
0.0,20.0,20.0,20.0,20.000000000000004,20.0,20.0
1.0,57.59450931214705,91.18901862431265,124.78352793642236,57.594509312151985,91.18901862430725,124.78352793641486
