time,s1,s2,s3,s4,s5,s6
0.0,20.0,20.0,20.0,20.000000000000004,20.0,20.0
1.0,57.53360116158369,91.06720232318821,124.60080348473832,57.53360116159586,91.06720232318655,124.60080348473403
