time,s1,s2,s3,s4,s5,s6
0.0,20.0,20.0,20.0,20.000000000000004,20.0,20.0
1.0,58.41448468402764,92.82896936807282,127.24345405208066,58.41448468403812,92.8289693680694,127.24345405207178
