time,s1,s2,s3,s4,s5,s6
0.0,20.0,20.0,20.0,20.000000000000004,20.0,20.0
1.0,55.754320942902325,87.50864188582469,119.26296282870034,55.754320942906304,87.50864188582878,119.26296282870135
