time,s1,s2,s3,s4,s5,s6
0.0,20.0,20.0,20.0,20.000000000000004,20.0,20.0
1.0,55.96294156945436,87.92588313893773,119.88882470836364,55.962941569461464,87.92588313893441,119.88882470836542
