time,s1,s2,s3,s4,s5,s6
0.0,20.0,20.0,20.0,20.000000000000004,20.0,20.0
1.0,54.77633076213846,85.55266152429469,116.32899228641435,54.77633076215324,85.55266152430026,116.32899228641865
