time,s1,s2,s3,s4,s5,s6
0.0,20.0,20.0,20.0,20.000000000000004,20.0,20.0
1.0,54.553664562789876,85.107329125592,115.66099368837999,54.55366456279962,85.10732912560466,115.66099368838395
