time,s1,s2,s3,s4,s5,s6
0.0,20.0,20.0,20.0,20.000000000000004,20.0,20.0
1.0,57.153693448019986,90.30738689606729,123.46108034407081,57.15369344802664,90.30738689606878,123.46108034406817
