time,s1,s2,s3,s4,s5,s6
0.0,20.0,20.0,20.0,20.000000000000004,20.0,20.0
1.0,56.80064311929254,89.60128623860557,122.4019293578549,56.80064311929836,89.60128623859987,122.40192935785338
