time,s1,s2,s3,s4,s5,s6
0.0,20.0,20.0,20.0,20.000000000000004,20.0,20.0
1.0,51.202057046335064,78.40411409268734,105.60617113900308,51.202057046346894,78.4041140926937,105.60617113899887
