time,s1,s2,s3,s4,s5,s6
0.0,20.0,20.0,20.0,20.000000000000004,20.0,20.0
1.0,56.58381600992249,89.16763201987307,121.75144802979062,56.58381600993506,89.16763201987834,121.75144802978683
