time,s1,s2,s3,s4,s5,s6
0.0,20.0,20.0,20.0,20.000000000000004,20.0,20.0
1.0,53.85616247262679,83.71232494527547,113.56848741788824,53.85616247263841,83.71232494527709,113.56848741789527
