time,s1,s2,s3,s4,s5,s6
0.0,20.0,20.0,20.0,20.000000000000004,20.0,20.0
1.0,60.554207416493185,97.10841483299228,133.66262224943497,60.55420741649676,97.10841483298577,133.66262224943065
