time,s1,s2,s3,s4,s5,s6
0.0,20.0,20.0,20.0,20.000000000000004,20.0,20.0
1.0,61.26980989395993,98.53961978792991,135.80942968184695,61.269809893966894,98.53961978793271,135.80942968183928
