time,s1,s2,s3,s4,s5,s6
0.0,20.0,20.0,20.0,20.000000000000004,20.0,20.0
1.0,63.5237718975621,103.0475437951122,142.5713156923267,63.523771897875584,103.04754379538332,142.57131569257425
