time,s1,s2,s3,s4,s5,s6
0.0,20.0,20.0,20.0,20.000000000000004,20.0,20.0
1.0,51.49738121485747,78.99476242974183,106.492143644591,51.497381214863324,78.99476242974279,106.49214364459297
