time,s1,s2,s3,s4,s5,s6
0.0,20.0,20.0,20.0,20.000000000000004,20.0,20.0
1.0,60.42475756716671,96.84951513434902,133.2742727014956,60.42475756717002,96.84951513434837,133.27427270148593
