time,s1,s2,s3,s4,s5,s6
0.0,20.0,20.0,20.0,20.000000000000004,20.0,20.0
1.0,59.648679598678385,95.29735919737672,130.94603879605302,59.648679598685355,95.29735919738336,130.946038796048
