time,s1,s2,s3,s4,s5,s6
0.0,20.0,20.0,20.0,20.000000000000004,20.0,20.0
1.0,61.983843749762784,99.96768749954356,137.95153124927896,61.9838437497753,99.96768749954742,137.95153124927356
