time,s1,s2,s3,s4,s5,s6
0.0,20.0,20.0,20.0,20.000000000000004,20.0,20.0
1.0,59.72238262435424,95.44476524873666,131.16714787308794,59.72238262435523,95.4447652487357,131.16714787308194
