time,s1,s2,s3,s4,s5,s6
0.0,20.0,20.0,20.0,20.000000000000004,20.0,20.0
1.0,54.1902658024201,84.38053160486128,114.57079740726641,54.1902658024263,84.3805316048648,114.57079740726743
