time,s1,s2,s3,s4,s5,s6
0.0,20.0,20.0,20.0,20.000000000000004,20.0,20.0
1.0,55.996389709899574,87.99277941980873,119.9891691296715,55.99638970990617,87.99277941981433,119.98916912967687
