time,s1,s2,s3,s4,s5,s6
0.0,20.0,20.0,20.0,20.000000000000004,20.0,20.0
1.0,56.19828918787975,88.39657837578615,120.59486756363688,56.19828918788672,88.39657837577917,120.59486756363067
