time,s1,s2,s3,s4,s5,s6
0.0,20.0,20.0,20.0,20.000000000000004,20.0,20.0
1.0,56.42563038917838,88.8512607783708,121.27689116751225,56.42563038918663,88.85126077836979,121.2768911675148
