time,s1,s2,s3,s4,s5,s6
0.0,20.0,20.0,20.0,20.000000000000004,20.0,20.0
1.0,51.01920363933892,78.03840727870674,105.05761091803633,51.01920363935159,78.03840727871014,105.0576109180306
