time,s1,s2,s3,s4,s5,s6
0.0,20.0,20.0,20.0,20.000000000000004,20.0,20.0
1.0,57.801526846387716,91.60305369279618,125.40458053916942,57.80152684639581,91.6030536927932,125.4045805391641
