time,s1,s2,s3,s4,s5,s6
0.0,20.0,20.0,20.0,20.000000000000004,20.0,20.0
1.0,56.96482042309093,89.92964084618662,122.89446126922584,56.964820423098764,89.92964084618302,122.89446126922336
