time,s1,s2,s3,s4,s5,s6
0.0,20.0,20.0,20.0,20.000000000000004,20.0,20.0
1.0,54.73583061060593,85.4716612212496,116.20749183183146,54.73583061061845,85.47166122124167,116.20749183182865
