time,s1,s2,s3,s4,s5,s6
0.0,20.0,20.0,20.0,20.000000000000004,20.0,20.0
1.0,56.011212305802445,88.02242461162234,120.0336369173958,56.0112123058166,88.0224246116336,120.03363691739028
