time,s1,s2,s3,s4,s5,s6
0.0,20.0,20.0,20.0,20.000000000000004,20.0,20.0
1.0,59.27044568284286,94.54089136569198,129.81133704850174,59.27044568284631,94.54089136568857,129.8113370484887
