time,s1,s2,s3,s4,s5,s6
0.0,20.0,20.0,20.0,20.000000000000004,20.0,20.0
1.0,49.47473010320904,74.94946020641936,100.42419030959334,49.474730103213375,74.94946020642263,100.42419030959124
