time,s1,s2,s3,s4,s5,s6
0.0,20.0,20.0,20.0,20.000000000000004,20.0,20.0
1.0,57.25549040333114,90.51098080666979,123.76647120996252,57.25549040333321,90.51098080666446,123.76647120995878
