time,s1,s2,s3,s4,s5,s6
0.0,20.0,20.0,20.0,20.000000000000004,20.0,20.0
1.0,60.62484140664829,97.24968281330277,133.8745242199151,60.62484140664703,97.24968281330368,133.8745242199187
