time,s1,s2,s3,s4,s5,s6
0.0,20.0,20.0,20.0,20.000000000000004,20.0,20.0
1.0,57.33520972174354,90.67041944349232,124.00562916519313,57.33520972174678,90.67041944348979,124.00562916519146
