time,s1,s2,s3,s4,s5,s6
0.0,20.0,20.0,20.0,20.000000000000004,20.0,20.0
1.0,54.41711758570294,84.83423517142357,115.25135275710606,54.417117585710244,84.83423517143007,115.25135275710632
