time,s1,s2,s3,s4,s5,s6
0.0,20.0,20.0,20.0,20.000000000000004,20.0,20.0
1.0,55.929951007943046,87.85990201590788,119.78985302383128,55.929951007957065,87.85990201591491,119.78985302383077
