time,s1,s2,s3,s4,s5,s6
0.0,20.0,20.0,20.0,20.000000000000004,20.0,20.0
1.0,63.201641496217405,102.40328299245473,141.6049244886658,63.20164149622149,102.40328299246232,141.60492448866188
