time,s1,s2,s3,s4,s5,s6
0.0,20.0,20.0,20.0,20.000000000000004,20.0,20.0
1.0,58.50110643256677,93.00221286515352,127.50331929771477,58.50110643258191,93.00221286516066,127.50331929772227
