time,s1,s2,s3,s4,s5,s6
0.0,20.0,20.0,20.0,20.000000000000004,20.0,20.0
1.0,57.92021566049604,91.84043132102617,125.76064698151472,57.920215660507466,91.84043132102784,125.76064698151274
