time,s1,s2,s3,s4,s5,s6
0.0,20.0,20.0,20.0,20.000000000000004,20.0,20.0
1.0,57.61492336342605,91.22984672686488,124.84477009025932,57.61492336343011,91.22984672686543,124.84477009025328
