time,s1,s2,s3,s4,s5,s6
0.0,20.0,20.0,20.0,20.000000000000004,20.0,20.0
1.0,56.96433568696304,89.92867137393429,122.8930070608458,56.964335686969434,89.92867137393016,122.89300706084003
