time,s1,s2,s3,s4,s5,s6
0.0,20.0,20.0,20.0,20.000000000000004,20.0,20.0
1.0,58.61356633424927,93.22713266851692,127.8406990027505,58.613566334251175,93.22713266851282,127.84069900274802
