time,s1,s2,s3,s4,s5,s6
0.0,20.0,20.0,20.0,20.000000000000004,20.0,20.0
1.0,59.46140771167835,94.92281542337504,130.3842231350314,59.46140771167648,94.92281542337254,130.38422313503156
