time,s1,s2,s3,s4,s5,s6
0.0,20.0,20.0,20.0,20.000000000000004,20.0,20.0
1.0,54.032665694281036,84.06533138858245,114.09799708285749,54.032665694299524,84.065331388598,114.09799708285502
