time,s1,s2,s3,s4,s5,s6
0.0,20.0,20.0,20.0,20.000000000000004,20.0,20.0
1.0,53.85841400368394,83.71682800738925,113.5752420110457,53.858414003688615,83.71682800738422,113.57524201104205
