time,s1,s2,s3,s4,s5,s6
0.0,20.0,20.0,20.0,20.000000000000004,20.0,20.0
1.0,52.65917103072109,81.31834206146604,109.97751309217226,52.6591710307311,81.3183420614763,109.97751309217797
