time,s1,s2,s3,s4,s5,s6
0.0,20.0,20.0,20.0,20.000000000000004,20.0,20.0
1.0,55.59414795913382,87.18829591829191,118.78244387743727,55.594147959135356,87.18829591830225,118.78244387744606
