time,s1,s2,s3,s4,s5,s6
0.0,20.0,20.0,20.0,20.000000000000004,20.0,20.0
1.0,60.703433453967335,97.40686690796139,134.1103003619105,60.703433453974455,97.40686690795837,134.11030036190667
