time,s1,s2,s3,s4,s5,s6
0.0,20.0,20.0,20.0,20.000000000000004,20.0,20.0
1.0,51.82302767248872,79.64605534500447,107.46908301746993,51.823027672496025,79.64605534500441,107.46908301746682
