time,s1,s2,s3,s4,s5,s6
0.0,20.0,20.0,20.0,20.000000000000004,20.0,20.0
1.0,55.580517893609525,87.16103578723533,118.74155368081753,55.58051789360819,87.1610357872317,118.74155368082232
