time,s1,s2,s3,s4,s5,s6
0.0,20.0,20.0,20.0,20.000000000000004,20.0,20.0
1.0,57.13709375323154,90.27418750648535,123.41128125969412,57.13709375324172,90.27418750648314,123.41128125968687
