time,s1,s2,s3,s4,s5,s6
0.0,20.0,20.0,20.0,20.000000000000004,20.0,20.0
1.0,57.46476298259499,90.92952596520234,124.39428894774579,57.46476298259683,90.92952596518818,124.39428894774528
