time,s1,s2,s3,s4,s5,s6
0.0,20.0,20.0,20.0,20.000000000000004,20.0,20.0
1.0,52.98886170082478,81.97772340166895,110.966585102474,52.988861700837596,81.97772340168076,110.96658510247323
