time,s1,s2,s3,s4,s5,s6
0.0,20.0,20.0,20.0,20.000000000000004,20.0,20.0
1.0,54.436266511065455,84.87253302214629,115.308799533186,54.43626651106841,84.87253302214265,115.30879953319018
