time,s1,s2,s3,s4,s5,s6
0.0,20.0,20.0,20.0,20.000000000000004,20.0,20.0
1.0,59.393664735259804,94.78732947053318,130.1809942057759,59.393664735262135,94.78732947053902,130.18099420577113
