time,s1,s2,s3,s4,s5,s6
0.0,20.0,20.0,20.0,20.000000000000004,20.0,20.0
1.0,61.31548448224267,98.6309689644869,135.94645344668825,61.315484482240336,98.63096896447962,135.9464534466851
