time,s1,s2,s3,s4,s5,s6
0.0,20.0,20.0,20.0,20.000000000000004,20.0,20.0
1.0,52.150408164944466,80.3008163299068,108.45122449482818,52.15040816495828,80.30081632991917,108.45122449482876
