time,s1,s2,s3,s4,s5,s6
0.0,20.0,20.0,20.0,20.000000000000004,20.0,20.0
1.0,58.300231507524664,92.60046301507231,126.90069452255915,58.300231507537184,92.60046301506691,126.90069452255122
