time,s1,s2,s3,s4,s5,s6
0.0,20.0,20.0,20.0,20.000000000000004,20.0,20.0
1.0,56.441520597054094,88.88304119412813,121.3245617911671,56.44152059706965,88.88304119413395,121.32456179116308
