time,s1,s2,s3,s4,s5,s6
0.0,20.0,20.0,20.0,20.000000000000004,20.0,20.0
1.0,53.340140873795534,82.68028174759831,112.02042262136635,53.34014087380477,82.68028174760275,112.02042262136439
