time,s1,s2,s3,s4,s5,s6
0.0,20.0,20.0,20.0,20.000000000000004,20.0,20.0
1.0,52.65531748039768,81.31063496082108,109.96595244119096,52.6553174804025,81.31063496082072,109.96595244119129
