time,s1,s2,s3,s4,s5,s6
0.0,20.0,20.0,20.0,20.000000000000004,20.0,20.0
1.0,54.295452358119206,84.59090471625363,114.88635707435826,54.29545235812158,84.59090471625825,114.88635707436603
