time,s1,s2,s3,s4,s5,s6
0.0,20.0,20.0,20.0,20.000000000000004,20.0,20.0
1.0,55.14024049110705,86.28048098224103,117.4207214733237,55.14024049110958,86.28048098223235,117.42072147332412
