time,s1,s2,s3,s4,s5,s6
0.0,20.0,20.0,20.0,20.000000000000004,20.0,20.0
1.0,54.086313332145735,84.17262666431924,114.25893999646303,54.086313332160984,84.17262666432279,114.25893999646864
