time,s1,s2,s3,s4,s5,s6
0.0,20.0,20.0,20.0,20.000000000000004,20.0,20.0
1.0,57.04337526531346,90.08675053064208,123.13012579591853,57.04337526532089,90.08675053063804,123.13012579591586
