time,s1,s2,s3,s4,s5,s6
0.0,20.0,20.0,20.0,20.000000000000004,20.0,20.0
1.0,58.95902940496079,93.91805880994215,128.87708821488442,58.95902940496616,93.9180588099486,128.87708821489156
