time,s1,s2,s3,s4,s5,s6
0.0,20.0,20.0,20.0,20.000000000000004,20.0,20.0
1.0,54.35736609490209,84.71473218980923,115.07209828468245,54.357366094906965,84.71473218981438,115.0720982846909
