time,s1,s2,s3,s4,s5,s6
0.0,20.0,20.0,20.0,20.000000000000004,20.0,20.0
1.0,55.99915051729164,87.99830103459462,119.99745155188438,55.999150517296776,87.9983010346085,119.99745155189169
