time,s1,s2,s3,s4,s5,s6
0.0,20.0,20.0,20.0,20.000000000000004,20.0,20.0
1.0,57.9230553847505,91.84611076951468,125.76916615423566,57.92305538475435,91.84611076950851,125.76916615422762
