time,s1,s2,s3,s4,s5,s6
0.0,20.0,20.0,20.0,20.000000000000004,20.0,20.0
1.0,67.39451681409021,110.78903362819467,154.18355044227178,67.39451681409199,110.7890336282039,154.18355044226578
