time,s1,s2,s3,s4,s5,s6
0.0,20.0,20.0,20.0,20.000000000000004,20.0,20.0
1.0,54.36592216898575,84.7318443379954,115.0977665069617,54.365922168992356,84.73184433799337,115.09776650695727
