time,s1,s2,s3,s4,s5,s6
0.0,20.0,20.0,20.0,20.000000000000004,20.0,20.0
1.0,56.6193524695847,89.23870493918966,121.85805740876475,56.61935246959236,89.23870493919546,121.85805740877059
