time,s1,s2,s3,s4,s5,s6
0.0,20.0,20.0,20.0,20.000000000000004,20.0,20.0
1.0,56.726585024244606,89.45317004850138,122.17975507271532,56.72658502425701,89.45317004850219,122.17975507270657
