time,s1,s2,s3,s4,s5,s6
0.0,20.0,20.0,20.0,20.000000000000004,20.0,20.0
1.0,54.23822672712069,84.47645345426264,114.71468018135248,54.23822672712858,84.47645345426318,114.7146801813574
