time,s1,s2,s3,s4,s5,s6
0.0,20.0,20.0,20.0,20.000000000000004,20.0,20.0
1.0,57.928221363249236,91.85644272653155,125.78466408975794,57.928221363255076,91.85644272652175,125.78466408975325
