time,s1,s2,s3,s4,s5,s6
0.0,20.0,20.0,20.0,20.000000000000004,20.0,20.0
1.0,67.19728682142693,110.39457364284765,153.59186046421198,67.19728682142936,110.39457364283372,153.59186046420695
