time,s1,s2,s3,s4,s5,s6
0.0,20.0,20.0,20.0,20.000000000000004,20.0,20.0
1.0,58.94403528841461,93.88807057685295,128.8321058652511,58.94403528842201,93.88807057685149,128.83210586524785
