time,s1,s2,s3,s4,s5,s6
0.0,20.0,20.0,20.0,20.000000000000004,20.0,20.0
1.0,61.884576959990525,99.76915391999614,137.65373087993788,61.884576959997645,99.76915391999327,137.6537308799347
