time,s1,s2,s3,s4,s5,s6
0.0,20.0,20.0,20.0,20.000000000000004,20.0,20.0
1.0,63.65119612434842,103.30239224873009,142.95358837307305,63.65119612436171,103.30239224873318,142.9535883730758
