time,s1,s2,s3,s4,s5,s6
0.0,20.0,20.0,20.0,20.000000000000004,20.0,20.0
1.0,54.52017060822336,85.04034121645033,115.56051182464476,54.52017060822436,85.0403412164552,115.56051182464655
