time,s1,s2,s3,s4,s5,s6
0.0,20.0,20.0,20.0,20.000000000000004,20.0,20.0
1.0,61.3241607514948,98.6483215030053,135.97248225446342,61.32416075150555,98.64832150300103,135.97248225446265
