time,s1,s2,s3,s4,s5,s6
0.0,20.0,20.0,20.0,20.000000000000004,20.0,20.0
1.0,57.16208111388117,90.3241622277796,123.48624334161195,57.16208111389116,90.32416222777434,123.48624334160807
