time,s1,s2,s3,s4,s5,s6
0.0,20.0,20.0,20.0,20.000000000000004,20.0,20.0
1.0,59.12991650179106,94.2598330035978,129.38974950515887,59.12991650202797,94.25983300382897,129.38974950539603
