time,s1,s2,s3,s4,s5,s6
0.0,20.0,20.0,20.0,20.000000000000004,20.0,20.0
1.0,50.43761845645723,76.87523691292864,103.3128553693651,50.43761845646698,76.87523691293472,103.31285536936467
