time,s1,s2,s3,s4,s5,s6
0.0,20.0,20.0,20.0,20.000000000000004,20.0,20.0
1.0,56.86342461144959,89.7268492229193,122.5902738343497,56.86342461145469,89.72684922292162,122.59027383434807
