time,s1,s2,s3,s4,s5,s6
0.0,20.0,20.0,20.0,20.000000000000004,20.0,20.0
1.0,53.75228409993988,83.50456819990319,113.25685229982508,53.75228409994308,83.50456819990485,113.25685229982648
