time,s1,s2,s3,s4,s5,s6
0.0,20.0,20.0,20.0,20.000000000000004,20.0,20.0
1.0,59.65304581172228,95.30609162347211,130.95913743521186,59.65304581173815,95.30609162348867,130.95913743521652
