time,s1,s2,s3,s4,s5,s6
0.0,20.0,20.0,20.0,20.000000000000004,20.0,20.0
1.0,54.35324251738848,84.70648503480552,115.05972755216294,54.35324251739933,84.70648503480533,115.05972755217383
