time,s1,s2,s3,s4,s5,s6
0.0,20.0,20.0,20.0,20.000000000000004,20.0,20.0
1.0,57.9666197104682,91.93323942096464,125.89985913140738,57.96661971047669,91.93323942096353,125.89985913140099
