time,s1,s2,s3,s4,s5,s6
0.0,20.0,20.0,20.0,20.000000000000004,20.0,20.0
1.0,57.49409364915064,90.98818729831575,124.48228094742305,57.49409364915568,90.9881872983137,124.48228094741764
