time,s1,s2,s3,s4,s5,s6
0.0,20.0,20.0,20.0,20.000000000000004,20.0,20.0
1.0,56.38587836014955,88.77175672033573,121.15763508048394,56.385878360161975,88.77175672034058,121.15763508048538
