time,s1,s2,s3,s4,s5,s6
0.0,20.0,20.0,20.0,20.000000000000004,20.0,20.0
1.0,56.93894964719102,89.8778992943781,122.81684894152292,56.938949647200204,89.87789929438325,122.81684894152804
