time,s1,s2,s3,s4,s5,s6
0.0,20.0,20.0,20.0,20.000000000000004,20.0,20.0
1.0,57.08966363400272,90.17932726803092,123.26899090202554,57.08966363401312,90.1793272680286,123.26899090202552
