time,s1,s2,s3,s4,s5,s6
0.0,20.0,20.0,20.0,20.000000000000004,20.0,20.0
1.0,54.0423037290378,84.08460745807785,114.12691118708327,54.042303729047475,84.08460745808014,114.12691118708328
