time,s1,s2,s3,s4,s5,s6
0.0,20.0,20.0,20.0,20.000000000000004,20.0,20.0
1.0,55.30187400043171,86.60374800087698,117.90562200127219,55.30187400043549,86.60374800087536,117.90562200127738
