time,s1,s2,s3,s4,s5,s6
0.0,20.0,20.0,20.0,20.000000000000004,20.0,20.0
1.0,53.39272792088198,82.78545584178573,112.17818376264687,53.39272792088649,82.78545584179341,112.1781837626495
