time,s1,s2,s3,s4,s5,s6
0.0,20.0,20.0,20.0,20.000000000000004,20.0,20.0
1.0,64.80950374663803,105.61900749329428,146.4285112399227,64.80950374664305,105.61900749328933,146.42851123991292
