time,s1,s2,s3,s4,s5,s6
0.0,20.0,20.0,20.0,20.000000000000004,20.0,20.0
1.0,55.182675255134214,86.36535051029927,117.54802576541643,55.182675255138186,86.36535051029284,117.54802576541674
