time,s1,s2,s3,s4,s5,s6
0.0,20.0,20.0,20.0,20.000000000000004,20.0,20.0
1.0,54.597992162527305,85.19598432507024,115.79397648757431,54.59799216253402,85.19598432507077,115.79397648758061
