time,s1,s2,s3,s4,s5,s6
0.0,20.0,20.0,20.0,20.000000000000004,20.0,20.0
1.0,58.036006320427525,92.07201264087597,126.10801896126571,58.03600632043727,92.07201264087227,126.10801896125898
