time,s1,s2,s3,s4,s5,s6
0.0,20.0,20.0,20.0,20.000000000000004,20.0,20.0
1.0,57.99755406064759,91.99510812131297,125.9926621819383,57.99755406065792,91.99510812131494,125.99266218193448
