time,s1,s2,s3,s4,s5,s6
0.0,20.0,20.0,20.0,20.000000000000004,20.0,20.0
1.0,63.99967195168721,103.999343903391,143.99901585504995,63.999671951696286,103.9993439033893,143.9990158550371
