time,s1,s2,s3,s4,s5,s6
0.0,20.0,20.0,20.0,20.000000000000004,20.0,20.0
1.0,56.22140714524267,88.44281429050812,120.6642214357241,56.221407145246715,88.44281429051024,120.66422143572798
