time,s1,s2,s3,s4,s5,s6
0.0,20.0,20.0,20.0,20.000000000000004,20.0,20.0
1.0,53.136729785725336,82.27345957146369,111.41018935717015,53.13672978574055,82.27345957147162,111.41018935716518
