time,s1,s2,s3,s4,s5,s6
0.0,20.0,20.0,20.0,20.000000000000004,20.0,20.0
1.0,59.31709489804872,94.63418979609878,129.95128469411608,59.31709489805097,94.63418979609895,129.9512846941078
