time,s1,s2,s3,s4,s5,s6
0.0,20.0,20.0,20.0,20.000000000000004,20.0,20.0
1.0,60.103729742013,96.20745948405491,132.3111892260512,60.10372974202457,96.20745948404944,132.3111892260492
