time,s1,s2,s3,s4,s5,s6
0.0,20.0,20.0,20.0,20.000000000000004,20.0,20.0
1.0,57.98377165511383,91.96754331024917,125.95131496533554,57.983771655117835,91.96754331024425,125.95131496533305
