time,s1,s2,s3,s4,s5,s6
0.0,20.0,20.0,20.0,20.000000000000004,20.0,20.0
1.0,56.52018065800506,89.04036131601096,121.56054197395395,56.52018065801143,89.04036131600989,121.56054197395089
