time,s1,s2,s3,s4,s5,s6
0.0,20.0,20.0,20.0,20.000000000000004,20.0,20.0
1.0,54.5437199774551,85.08743995494183,115.63115993238381,54.54371997746602,85.08743995494535,115.63115993238014
