time,s1,s2,s3,s4,s5,s6
0.0,20.0,20.0,20.0,20.000000000000004,20.0,20.0
1.0,60.73337662738358,97.4667532547895,134.2001298821536,60.73337662739358,97.4667532547908,134.20012988214333
