time,s1,s2,s3,s4,s5,s6
0.0,20.0,20.0,20.0,20.000000000000004,20.0,20.0
1.0,54.84438458015863,85.68876916034797,116.53315374051448,54.844384580172715,85.68876916035481,116.53315374051847
