time,s1,s2,s3,s4,s5,s6
0.0,20.0,20.0,20.0,20.000000000000004,20.0,20.0
1.0,54.9973628176629,85.99472563535167,116.99208845300937,54.99736281766474,85.9947256353603,116.99208845301007
