time,s1,s2,s3,s4,s5,s6
0.0,20.0,20.0,20.0,20.000000000000004,20.0,20.0
1.0,54.12209818302965,84.24419636607789,114.36629454909247,54.1220981830368,84.24419636608181,114.36629454909725
