time,s1,s2,s3,s4,s5,s6
0.0,20.0,20.0,20.0,20.000000000000004,20.0,20.0
1.0,60.45152097236878,96.9030419447565,133.354562917115,60.451520972384515,96.90304194476859,133.35456291711583
