time,s1,s2,s3,s4,s5,s6
0.0,20.0,20.0,20.0,20.000000000000004,20.0,20.0
1.0,62.65194575381231,101.30389150764668,139.95583726143886,62.651945753816676,101.30389150764904,139.95583726143698
