time,s1,s2,s3,s4,s5,s6
0.0,20.0,20.0,20.0,20.000000000000004,20.0,20.0
1.0,60.97470559625377,97.94941119252428,134.92411678873486,60.9747055962614,97.94941119250855,134.92411678872037
