time,s1,s2,s3,s4,s5,s6
0.0,20.0,20.0,20.0,20.000000000000004,20.0,20.0
1.0,63.09374353871317,102.1874870774509,141.28123061614022,63.0937435387239,102.1874870774522,141.2812306161493
