time,s1,s2,s3,s4,s5,s6
0.0,20.0,20.0,20.0,20.000000000000004,20.0,20.0
1.0,57.52115447056384,91.04230894114518,124.56346341167104,57.521154470577606,91.04230894114531,124.5634634116676
