time,s1,s2,s3,s4,s5,s6
0.0,20.0,20.0,20.0,20.000000000000004,20.0,20.0
1.0,50.91306749934422,77.82613499870199,104.7392024980272,50.913067499351385,77.82613499870257,104.739202498026
