time,s1,s2,s3,s4,s5,s6
0.0,20.0,20.0,20.0,20.000000000000004,20.0,20.0
1.0,56.09742725721482,88.19485451445458,120.29228177163282,56.09742725722186,88.19485451444906,120.29228177164015
