time,s1,s2,s3,s4,s5,s6
0.0,20.0,20.0,20.0,20.000000000000004,20.0,20.0
1.0,56.90576591158834,89.81153182318347,122.71729773473554,56.905765911595054,89.8115318231858,122.71729773473145
