time,s1,s2,s3,s4,s5,s6
0.0,20.0,20.0,20.0,20.000000000000004,20.0,20.0
1.0,56.701687849674855,89.40337569935723,122.10506354901241,56.701687849690856,89.40337569936756,122.10506354901483
