time,s1,s2,s3,s4,s5,s6
0.0,20.0,20.0,20.0,20.000000000000004,20.0,20.0
1.0,54.924683126524215,85.84936625306143,116.7740493795524,54.924683126524755,85.84936625305761,116.77404937954864
