time,s1,s2,s3,s4,s5,s6
0.0,20.0,20.0,20.0,20.000000000000004,20.0,20.0
1.0,60.49265887472407,96.98531774947332,133.47797662418623,60.492658874731895,96.98531774946954,133.47797662418105
