time,s1,s2,s3,s4,s5,s6
0.0,20.0,20.0,20.0,20.000000000000004,20.0,20.0
1.0,57.079604167650174,90.15920833530319,123.2388125029247,57.079604167652626,90.15920833530318,123.23881250292547
