time,s1,s2,s3,s4,s5,s6
0.0,20.0,20.0,20.0,20.000000000000004,20.0,20.0
1.0,53.91834222803604,83.83668445609541,113.75502668409877,53.91834222804479,83.83668445609331,113.75502668409575
