time,s1,s2,s3,s4,s5,s6
0.0,20.0,20.0,20.0,20.000000000000004,20.0,20.0
1.0,61.36332479404077,98.7266495880926,136.08997438209727,61.36332479403477,98.72664958808073,136.0899743820964
