time,s1,s2,s3,s4,s5,s6
0.0,20.0,20.0,20.0,20.000000000000004,20.0,20.0
1.0,57.48136118934396,90.96272237870645,124.44408356802339,57.481361189353244,90.96272237870664,124.44408356802471
