time,s1,s2,s3,s4,s5,s6
0.0,20.0,20.0,20.0,20.000000000000004,20.0,20.0
1.0,58.941365026878124,93.88273005377215,128.82409508062366,58.94136502687748,93.88273005376561,128.82409508062253
