time,s1,s2,s3,s4,s5,s6
0.0,20.0,20.0,20.0,20.000000000000004,20.0,20.0
1.0,61.16725903937345,98.33451807874965,135.50177711807535,61.16725903936782,98.33451807873888,135.50177711806924
