time,s1,s2,s3,s4,s5,s6
0.0,20.0,20.0,20.0,20.000000000000004,20.0,20.0
1.0,57.313233942534055,90.62646788508957,123.93970182760145,57.31323394254255,90.62646788508879,123.9397018275985
