time,s1,s2,s3,s4,s5,s6
0.0,20.0,20.0,20.0,20.000000000000004,20.0,20.0
1.0,64.77717491528732,105.554349830604,146.33152474588272,64.77717491530322,105.55434983060753,146.33152474587308
