time,s1,s2,s3,s4,s5,s6
0.0,20.0,20.0,20.0,20.000000000000004,20.0,20.0
1.0,55.838407776023686,87.67681555205817,119.51522332806485,55.838407776034906,87.67681555207365,119.5152233280713
