time,s1,s2,s3,s4,s5,s6
0.0,20.0,20.0,20.0,20.000000000000004,20.0,20.0
1.0,61.79439289644408,99.58878579289035,137.3831786893203,61.79439289644841,99.58878579290342,137.38317868933535
