time,s1,s2,s3,s4,s5,s6
0.0,20.0,20.0,20.0,20.000000000000004,20.0,20.0
1.0,57.53108213026046,91.06216426053444,124.59324639075476,57.531082130270356,91.06216426053736,124.59324639074615
