time,s1,s2,s3,s4,s5,s6
0.0,20.0,20.0,20.0,20.000000000000004,20.0,20.0
1.0,62.12146588820909,100.24293177644404,138.36439766461936,62.121465888216925,100.2429317764333,138.36439766462226
