time,s1,s2,s3,s4,s5,s6
0.0,20.0,20.0,20.0,20.000000000000004,20.0,20.0
1.0,54.157582170172134,84.31516434037043,114.47274651054315,54.15758217018011,84.31516434038114,114.47274651055999
