time,s1,s2,s3,s4,s5,s6
0.0,20.0,20.0,20.0,20.000000000000004,20.0,20.0
1.0,58.26248225420149,92.52496450842943,126.78744676261792,58.26248225421709,92.52496450843637,126.78744676261616
