time,s1,s2,s3,s4,s5,s6
0.0,20.0,20.0,20.0,20.000000000000004,20.0,20.0
1.0,67.87864118911274,111.7572823782647,155.63592356737186,67.87864118912229,111.75728237826016,155.63592356736694
