time,s1,s2,s3,s4,s5,s6
0.0,20.0,20.0,20.0,20.000000000000004,20.0,20.0
1.0,59.01796415355693,94.0359283071299,129.0538924606861,59.01796415355982,94.03592830713521,129.05389246067858
