time,s1,s2,s3,s4,s5,s6
0.0,20.0,20.0,20.0,20.000000000000004,20.0,20.0
1.0,61.508757338450266,99.0175146769267,136.5262720153646,61.50875733845211,99.01751467693569,136.52627201537044
