time,s1,s2,s3,s4,s5,s6
0.0,20.0,20.0,20.0,20.000000000000004,20.0,20.0
1.0,57.8930650284472,91.78613005692003,125.67919508532893,57.893065028451026,91.78613005691659,125.67919508532863
