time,s1,s2,s3,s4,s5,s6
0.0,20.0,20.0,20.0,20.000000000000004,20.0,20.0
1.0,57.1153620250532,90.23072405012437,123.34608607514213,57.11536202506397,90.23072405012952,123.3460860751385
