time,s1,s2,s3,s4,s5,s6
0.0,20.0,20.0,20.0,20.000000000000004,20.0,20.0
1.0,57.58523974804554,91.1704794961092,124.75571924411506,57.5852397480531,91.1704794961035,124.75571924411366
