time,s1,s2,s3,s4,s5,s6
0.0,20.0,20.0,20.0,20.000000000000004,20.0,20.0
1.0,55.43873328907956,86.8774665781866,118.31619986725843,55.43873328908928,86.87746657819314,118.31619986725435
