time,s1,s2,s3,s4,s5,s6
0.0,20.0,20.0,20.0,20.000000000000004,20.0,20.0
1.0,55.18208122473007,86.36416244948607,117.54624367419117,55.182081224737956,86.36416244949027,117.54624367419908
