time,s1,s2,s3,s4,s5,s6
0.0,20.0,20.0,20.0,20.000000000000004,20.0,20.0
1.0,64.07428295499008,104.14856590998372,144.22284886493787,64.07428295499416,104.14856590998922,144.22284886493577
