time,s1,s2,s3,s4,s5,s6
0.0,20.0,20.0,20.0,20.000000000000004,20.0,20.0
1.0,52.417669438234455,80.83533887648798,109.25300831470362,52.41766943824169,80.83533887648917,109.2530083147011
