time,s1,s2,s3,s4,s5,s6
0.0,20.0,20.0,20.0,20.000000000000004,20.0,20.0
1.0,54.48623673481046,84.97247346963317,115.4587102044274,54.48623673481518,84.97247346964356,115.45871020443053
