time,s1,s2,s3,s4,s5,s6
0.0,20.0,20.0,20.0,20.000000000000004,20.0,20.0
1.0,57.872760544686244,91.7455210893924,125.61828163404739,57.8727605446886,91.74552108938454,125.61828163404142
