time,s1,s2,s3,s4,s5,s6
0.0,20.0,20.0,20.0,20.000000000000004,20.0,20.0
1.0,55.45021208931485,86.90042417864915,118.35063626793664,55.45021208932873,86.90042417866022,118.35063626794849
