time,s1,s2,s3,s4,s5,s6
0.0,20.0,20.0,20.0,20.000000000000004,20.0,20.0
1.0,55.200234116655835,86.40046823334225,117.60070234998597,55.20023411665777,86.40046823334205,117.6007023499898
