time,s1,s2,s3,s4,s5,s6
0.0,20.0,20.0,20.0,20.000000000000004,20.0,20.0
1.0,63.65123741681336,103.30247483367737,142.95371225049092,63.65123741683419,103.30247483368018,142.95371225049672
