time,s1,s2,s3,s4,s5,s6
0.0,20.0,20.0,20.0,20.000000000000004,20.0,20.0
1.0,62.40153049761457,100.80306099524529,139.20459149283153,62.40153049761713,100.80306099523816,139.20459149282843
