time,s1,s2,s3,s4,s5,s6
0.0,20.0,20.0,20.0,20.000000000000004,20.0,20.0
1.0,55.41107632903491,86.82215265810177,118.23322898712308,55.41107632904277,86.82215265809789,118.23322898711652
