time,s1,s2,s3,s4,s5,s6
0.0,20.0,20.0,20.0,20.000000000000004,20.0,20.0
1.0,63.26206815829174,102.52413631659363,141.78620447483107,63.26206815829737,102.52413631658536,141.78620447482118
