time,s1,s2,s3,s4,s5,s6
0.0,20.0,20.0,20.0,20.000000000000004,20.0,20.0
1.0,52.21211614171962,80.4242322834491,108.63634842514192,52.21211614173367,80.4242322834585,108.63634842513693
