time,s1,s2,s3,s4,s5,s6
0.0,20.0,20.0,20.0,20.000000000000004,20.0,20.0
1.0,56.667401062053585,89.33480212413389,122.0022031861622,56.6674010620643,89.33480212413241,122.00220318616573
