time,s1,s2,s3,s4,s5,s6
0.0,20.0,20.0,20.0,20.000000000000004,20.0,20.0
1.0,55.90754114674421,87.81508229350689,119.7226234402155,55.907541146755506,87.81508229351374,119.72262344022043
