time,s1,s2,s3,s4,s5,s6
0.0,20.0,20.0,20.0,20.000000000000004,20.0,20.0
1.0,55.91826837983555,87.83653675968385,119.75480513947673,55.91826837984405,87.83653675968519,119.75480513947988
