time,s1,s2,s3,s4,s5,s6
0.0,20.0,20.0,20.0,20.000000000000004,20.0,20.0
1.0,53.57910678634552,83.15821357271197,112.73732035905809,53.57910678634721,83.15821357271388,112.73732035906237
