time,s1,s2,s3,s4,s5,s6
0.0,20.0,20.0,20.0,20.000000000000004,20.0,20.0
1.0,60.2714023987796,96.5428047975887,132.81420719635946,60.271402398782854,96.54280479758617,132.81420719636074
