time,s1,s2,s3,s4,s5,s6
0.0,20.0,20.0,20.0,20.000000000000004,20.0,20.0
1.0,55.125755571204664,86.25151114242362,117.37726671360707,55.12575557121583,86.25151114243272,117.37726671361773
