time,s1,s2,s3,s4,s5,s6
0.0,20.0,20.0,20.0,20.000000000000004,20.0,20.0
1.0,56.047944457099575,88.09588891420907,120.1438333712627,56.04794445710421,88.09588891420813,120.14383337125689
