time,s1,s2,s3,s4,s5,s6
0.0,20.0,20.0,20.0,20.000000000000004,20.0,20.0
1.0,51.01075996249408,78.02151992499125,105.03227988745601,51.010759962501055,78.02151992498877,105.03227988744732
