time,s1,s2,s3,s4,s5,s6
0.0,20.0,20.0,20.0,20.000000000000004,20.0,20.0
1.0,66.50639288978073,109.01278577979801,151.51917866983723,66.50639288969752,109.01278577960439,151.51917866950032
