time,s1,s2,s3,s4,s5,s6
0.0,20.0,20.0,20.0,20.000000000000004,20.0,20.0
1.0,57.904442424260736,91.80888484853097,125.71332727275686,57.9044424242707,91.80888484853254,125.71332727275814
