time,s1,s2,s3,s4,s5,s6
0.0,20.0,20.0,20.0,20.000000000000004,20.0,20.0
1.0,59.28971229930792,94.57942459864867,129.8691368979519,59.28971229931879,94.57942459864654,129.86913689794903
