time,s1,s2,s3,s4,s5,s6
0.0,20.0,20.0,20.0,20.000000000000004,20.0,20.0
1.0,53.60509338386032,83.21018676773214,112.8152801515599,53.60509338386783,83.21018676773129,112.81528015155925
