time,s1,s2,s3,s4,s5,s6
0.0,20.0,20.0,20.0,20.000000000000004,20.0,20.0
1.0,57.103440917884264,90.20688183578494,123.31032275363074,57.103440917883646,90.20688183577512,123.31032275362205
