time,s1,s2,s3,s4,s5,s6
0.0,20.0,20.0,20.0,20.000000000000004,20.0,20.0
1.0,57.94058636793872,91.8811727359084,125.82175910381577,57.940586367950964,91.881172735903,125.82175910382242
