time,s1,s2,s3,s4,s5,s6
0.0,20.0,20.0,20.0,20.000000000000004,20.0,20.0
1.0,64.08587133941117,104.17174267885261,144.25761401821723,64.0858713394164,104.17174267884404,144.25761401821197
