time,s1,s2,s3,s4,s5,s6
0.0,20.0,20.0,20.0,20.000000000000004,20.0,20.0
1.0,54.71435440089925,85.42870880180836,116.14306320268616,54.71435440090341,85.42870880181397,116.1430632026864
