time,s1,s2,s3,s4,s5,s6
0.0,20.0,20.0,20.0,20.000000000000004,20.0,20.0
1.0,51.867195597089506,79.73439119420881,107.60158679129304,51.86719559709414,79.73439119420871,107.60158679129127
