time,s1,s2,s3,s4,s5,s6
0.0,20.0,20.0,20.0,20.000000000000004,20.0,20.0
1.0,60.0026312588124,96.0052625176445,132.00789377643028,60.002631258812286,96.00526251763793,132.00789377642965
