time,s1,s2,s3,s4,s5,s6
0.0,20.0,20.0,20.0,20.000000000000004,20.0,20.0
1.0,52.73945253018323,81.47890506038542,110.21835759054976,52.73945253019842,81.47890506039181,110.21835759054616
