time,s1,s2,s3,s4,s5,s6
0.0,20.0,20.0,20.0,20.000000000000004,20.0,20.0
1.0,55.47927123103666,86.95854246210217,118.43781369312384,55.47927123104416,86.95854246210116,118.43781369312892
