time,s1,s2,s3,s4,s5,s6
0.0,20.0,20.0,20.0,20.000000000000004,20.0,20.0
1.0,54.10244185333573,84.20488370666958,114.30732555998918,54.10244185334647,84.2048837066804,114.30732555999089
