time,s1,s2,s3,s4,s5,s6
0.0,20.0,20.0,20.0,20.000000000000004,20.0,20.0
1.0,55.687295462227695,87.3745909244772,119.06188638667537,55.68729546223326,87.37459092447439,119.06188638667118
