time,s1,s2,s3,s4,s5,s6
0.0,20.0,20.0,20.0,20.000000000000004,20.0,20.0
1.0,58.872800597885806,93.74560119578985,128.61840179365382,58.87280059788776,93.74560119577627,128.61840179364762
