time,s1,s2,s3,s4,s5,s6
0.0,20.0,20.0,20.0,20.000000000000004,20.0,20.0
1.0,53.38690672396393,82.7738134479481,112.16072017188415,53.38690672396154,82.77381344794483,112.16072017188195
