time,s1,s2,s3,s4,s5,s6
0.0,20.0,20.0,20.0,20.000000000000004,20.0,20.0
1.0,56.76837034403813,89.53674068810002,122.3051110321195,56.76837034405224,89.53674068810375,122.3051110321178
