time,s1,s2,s3,s4,s5,s6
0.0,20.0,20.0,20.0,20.000000000000004,20.0,20.0
1.0,57.42870290772407,90.85740581546355,124.28610872313894,57.42870290773962,90.85740581546823,124.28610872313722
