time,s1,s2,s3,s4,s5,s6
0.0,20.0,20.0,20.0,20.000000000000004,20.0,20.0
1.0,53.9842843999359,83.96856879987757,113.95285319978464,53.98428439994811,83.9685687998813,113.95285319978424
