time,s1,s2,s3,s4,s5,s6
0.0,20.0,20.0,20.0,20.000000000000004,20.0,20.0
1.0,63.42781313030241,102.85562626061127,142.2834393909012,63.427813130313545,102.85562626062767,142.28343939089757
