time,s1,s2,s3,s4,s5,s6
0.0,20.0,20.0,20.0,20.000000000000004,20.0,20.0
1.0,53.736556252609994,83.47311250522777,113.2096687578071,53.736556252616275,83.47311250523234,113.20966875780525
