time,s1,s2,s3,s4,s5,s6
0.0,20.0,20.0,20.0,20.000000000000004,20.0,20.0
1.0,51.990800255569084,79.9816005111614,107.97240076671777,51.99080025558053,79.98160051116528,107.97240076671255
