time,s1,s2,s3,s4,s5,s6
0.0,20.0,20.0,20.0,20.000000000000004,20.0,20.0
1.0,53.66838937838907,83.33677875680597,113.005168135182,53.668389378400924,83.33677875681332,113.00516813518828
