time,s1,s2,s3,s4,s5,s6
0.0,20.0,20.0,20.0,20.000000000000004,20.0,20.0
1.0,53.838226819663255,83.67645363933977,113.51468045898606,53.8382268196685,83.6764536393446,113.5146804589867
