time,s1,s2,s3,s4,s5,s6
0.0,20.0,20.0,20.0,20.000000000000004,20.0,20.0
1.0,64.62148620005254,105.24297240012064,145.86445860015996,64.62148620005907,105.24297240011656,145.8644586001549
