time,s1,s2,s3,s4,s5,s6
0.0,20.0,20.0,20.0,20.000000000000004,20.0,20.0
1.0,58.34974021433354,92.69948042869763,127.04922064301819,58.34974021434111,92.6994804286933,127.04922064301363
