time,s1,s2,s3,s4,s5,s6
0.0,20.0,20.0,20.0,20.000000000000004,20.0,20.0
1.0,59.62432267229508,95.24864534461244,130.87296801691414,59.62432267231243,95.24864534462901,130.8729680169211
