time,s1,s2,s3,s4,s5,s6
0.0,20.0,20.0,20.0,20.000000000000004,20.0,20.0
1.0,51.24943236814721,78.49886473631446,105.74829710446225,51.249432368154174,78.49886473632631,105.74829710446139
