time,s1,s2,s3,s4,s5,s6
0.0,20.0,20.0,20.0,20.000000000000004,20.0,20.0
1.0,55.030326434574064,86.06065286915839,117.09097930370662,55.03032643457528,86.06065286915735,117.09097930370879
