time,s1,s2,s3,s4,s5,s6
0.0,20.0,20.0,20.0,20.000000000000004,20.0,20.0
1.0,53.364353617405605,82.72870723482447,112.09306085219714,53.36435361741574,82.72870723482745,112.09306085219293
