time,s1,s2,s3,s4,s5,s6
0.0,20.0,20.0,20.0,20.000000000000004,20.0,20.0
1.0,56.625671838194826,89.25134367641641,121.87701551458545,56.6256718382008,89.25134367642063,121.87701551458973
