time,s1,s2,s3,s4,s5,s6
0.0,20.0,20.0,20.0,20.000000000000004,20.0,20.0
1.0,55.27619933344742,86.55239866691716,117.8285980003351,55.2761993334526,86.5523986669139,117.82859800033691
