time,s1,s2,s3,s4,s5,s6
0.0,20.0,20.0,20.0,20.000000000000004,20.0,20.0
1.0,54.6552871815566,85.31057436314121,115.96586154470837,54.6552871815631,85.31057436315014,115.96586154470727
