time,s1,s2,s3,s4,s5,s6
0.0,20.0,20.0,20.0,20.000000000000004,20.0,20.0
1.0,62.87572426613391,101.75144853230148,140.62717279841536,62.875724266142356,101.75144853229767,140.62717279841021
