time,s1,s2,s3,s4,s5,s6
0.0,20.0,20.0,20.0,20.000000000000004,20.0,20.0
1.0,55.11267335247791,86.22534670497419,117.33802005743696,55.11267335248312,86.22534670497971,117.33802005743497
