time,s1,s2,s3,s4,s5,s6
0.0,20.0,20.0,20.0,20.000000000000004,20.0,20.0
1.0,55.04623068162168,86.09246136326014,117.13869204487831,55.04623068163599,86.0924613632757,117.13869204488257
