time,s1,s2,s3,s4,s5,s6
0.0,20.0,20.0,20.0,20.000000000000004,20.0,20.0
1.0,58.15884194179951,92.31768388360513,126.47652582534371,58.15884194180049,92.31768388359694,126.47652582533738
