time,s1,s2,s3,s4,s5,s6
0.0,20.0,20.0,20.0,20.000000000000004,20.0,20.0
1.0,53.90055118407386,83.80110236815818,113.70165355219476,53.90055118407409,83.80110236815757,113.70165355219828
