time,s1,s2,s3,s4,s5,s6
0.0,20.0,20.0,20.0,20.000000000000004,20.0,20.0
1.0,58.59171228901336,93.1834245780545,127.77513686704535,58.59171228901932,93.18342457804725,127.77513686703941
