time,s1,s2,s3,s4,s5,s6
0.0,20.0,20.0,20.0,20.000000000000004,20.0,20.0
1.0,55.25285839230892,86.50571678464541,117.7585751769445,55.25285839232257,86.50571678465838,117.75857517694612
