time,s1,s2,s3,s4,s5,s6
0.0,20.0,20.0,20.0,20.000000000000004,20.0,20.0
1.0,55.76135246977788,87.52270493957678,119.28405740933508,55.76135246978252,87.52270493958025,119.28405740934326
