time,s1,s2,s3,s4,s5,s6
0.0,20.0,20.0,20.0,20.000000000000004,20.0,20.0
1.0,65.75289977755013,107.50579955510632,149.25869933262604,65.7528997775585,107.50579955510432,149.25869933262874
