time,s1,s2,s3,s4,s5,s6
0.0,20.0,20.0,20.0,20.000000000000004,20.0,20.0
1.0,55.057633769566415,86.11526753914161,117.17290130867832,55.05763376956481,86.11526753913665,117.17290130867742
