time,s1,s2,s3,s4,s5,s6
0.0,20.0,20.0,20.0,20.000000000000004,20.0,20.0
1.0,52.99874672321532,81.99749344644852,110.99624016963325,52.998746723220364,81.99749344644503,110.99624016963563
