time,s1,s2,s3,s4,s5,s6
0.0,20.0,20.0,20.0,20.000000000000004,20.0,20.0
1.0,55.49978734335205,86.99957468672882,118.49936203006278,55.499787343358676,86.99957468672562,118.49936203006163
