time,s1,s2,s3,s4,s5,s6
0.0,20.0,20.0,20.0,20.000000000000004,20.0,20.0
1.0,58.697258474708924,93.39451694944572,128.09177542414372,58.697258474720364,93.39451694944408,128.09177542414685
