time,s1,s2,s3,s4,s5,s6
0.0,20.0,20.0,20.0,20.000000000000004,20.0,20.0
1.0,55.47218472592817,86.94436945190003,118.41655417781885,55.472184725945866,86.94436945190301,118.41655417781078
