time,s1,s2,s3,s4,s5,s6
0.0,20.0,20.0,20.0,20.000000000000004,20.0,20.0
1.0,56.351250122502144,88.70250024501776,121.05375036749784,56.35125012251367,88.70250024502398,121.05375036749493
