time,s1,s2,s3,s4,s5,s6
0.0,20.0,20.0,20.0,20.000000000000004,20.0,20.0
1.0,52.18846429739291,80.37692859481128,108.56539289217659,52.188464297401175,80.37692859480342,108.56539289217369
