time,s1,s2,s3,s4,s5,s6
0.0,20.0,20.0,20.0,20.000000000000004,20.0,20.0
1.0,53.295073030149055,82.59014606031766,111.88521909044003,53.295073030154605,82.59014606031883,111.8852190904367
