time,s1,s2,s3,s4,s5,s6
0.0,20.0,20.0,20.0,20.000000000000004,20.0,20.0
1.0,56.46425713834649,88.92851427670539,121.39277141501182,56.46425713835334,88.92851427671225,121.392771415015
