time,s1,s2,s3,s4,s5,s6
0.0,20.0,20.0,20.0,20.000000000000004,20.0,20.0
1.0,55.27945118752219,86.55890237506779,117.83835356255187,55.27945118752808,86.55890237506905,117.83835356254802
