time,s1,s2,s3,s4,s5,s6
0.0,20.0,20.0,20.0,20.000000000000004,20.0,20.0
1.0,59.17664447838767,94.35328895679179,129.5299334351303,59.1766444783958,94.35328895678387,129.52993343513123
