time,s1,s2,s3,s4,s5,s6
0.0,20.0,20.0,20.0,20.000000000000004,20.0,20.0
1.0,56.35515367557613,88.71030735117684,121.06546102672155,56.35515367558579,88.7103073511714,121.0654610267142
