time,s1,s2,s3,s4,s5,s6
0.0,20.0,20.0,20.0,20.000000000000004,20.0,20.0
1.0,59.28755736488842,94.57511472980164,129.86267209467866,59.28755736489825,94.57511472979793,129.86267209467056
