time,s1,s2,s3,s4,s5,s6
0.0,20.0,20.0,20.0,20.000000000000004,20.0,20.0
1.0,57.78036608465871,91.56073216932725,125.34109825396658,57.78036608467763,91.5607321693398,125.3410982539674
