time,s1,s2,s3,s4,s5,s6
0.0,20.0,20.0,20.0,20.000000000000004,20.0,20.0
1.0,56.43069298252565,88.86138596507203,121.29207894755945,56.430692982534,88.86138596506568,121.29207894755298
