time,s1,s2,s3,s4,s5,s6
0.0,20.0,20.0,20.0,20.000000000000004,20.0,20.0
1.0,54.470683102284724,84.9413662045958,115.41204930687616,54.47068310229162,84.94136620460758,115.41204930688058
