time,s1,s2,s3,s4,s5,s6
0.0,20.0,20.0,20.0,20.000000000000004,20.0,20.0
1.0,51.2823944526921,78.56478890540328,105.84718335807554,51.28239445269607,78.56478890541162,105.84718335807906
