time,s1,s2,s3,s4,s5,s6
0.0,20.0,20.0,20.0,20.000000000000004,20.0,20.0
1.0,62.575718726949745,101.15143745392632,139.72715618086056,62.57571872695752,101.15143745392629,139.7271561808664
