time,s1,s2,s3,s4,s5,s6
0.0,20.0,20.0,20.0,20.000000000000004,20.0,20.0
1.0,56.12941837303336,88.25883674608149,120.38825511908243,56.129418373036515,88.25883674608212,120.3882551190849
