time,s1,s2,s3,s4,s5,s6
0.0,20.0,20.0,20.0,20.000000000000004,20.0,20.0
1.0,60.02452072167527,96.0490414435428,132.07356216503482,60.024520721855254,96.04904144355211,132.0735621650677
