time,s1,s2,s3,s4,s5,s6
0.0,20.0,20.0,20.0,20.000000000000004,20.0,20.0
1.0,58.32337957727266,92.64675915455807,126.97013873179785,58.32337957727656,92.646759154557,126.970138731795
