time,s1,s2,s3,s4,s5,s6
0.0,20.0,20.0,20.0,20.000000000000004,20.0,20.0
1.0,58.95737480303429,93.91474960608134,128.87212440906765,58.95737480303151,93.91474960606607,128.87212440906507
