time,s1,s2,s3,s4,s5,s6
0.0,20.0,20.0,20.0,20.000000000000004,20.0,20.0
1.0,63.07580137530665,102.15160275062851,141.22740412592074,63.075801375316274,102.15160275063269,141.22740412592012
