time,s1,s2,s3,s4,s5,s6
0.0,20.0,20.0,20.0,20.000000000000004,20.0,20.0
1.0,55.382564931140934,86.76512986230654,118.14769479342752,55.382564931153176,86.76512986231135,118.14769479343333
