time,s1,s2,s3,s4,s5,s6
0.0,20.0,20.0,20.0,20.000000000000004,20.0,20.0
1.0,55.690831532642505,87.38166306532167,119.07249459795048,55.69083153265509,87.38166306532513,119.07249459795139
