time,s1,s2,s3,s4,s5,s6
0.0,20.0,20.0,20.0,20.000000000000004,20.0,20.0
1.0,52.6519349274069,81.30386985484185,109.95580478222328,52.65193492741527,81.30386985484009,109.95580478222462
