time,s1,s2,s3,s4,s5,s6
0.0,20.0,20.0,20.0,20.000000000000004,20.0,20.0
1.0,58.119488708209175,92.23897741645031,126.35846612465534,58.11948870822891,92.23897741645867,126.35846612464712
