time,s1,s2,s3,s4,s5,s6
0.0,20.0,20.0,20.0,20.000000000000004,20.0,20.0
1.0,58.766053076776444,93.53210615355061,128.2981592302939,58.76605307678302,93.5321061535578,128.298159230306
