time,s1,s2,s3,s4,s5,s6
0.0,20.0,20.0,20.0,20.000000000000004,20.0,20.0
1.0,56.70631535021023,89.41263070042865,122.11894605060908,56.70631535022112,89.41263070043178,122.11894605061593
