time,s1,s2,s3,s4,s5,s6
0.0,20.0,20.0,20.0,20.000000000000004,20.0,20.0
1.0,58.57045389526243,93.140907790565,127.7113616858127,58.570453895270674,93.14090779055792,127.71136168581515
