time,s1,s2,s3,s4,s5,s6
0.0,20.0,20.0,20.0,20.000000000000004,20.0,20.0
1.0,67.6545037179084,111.30900743584901,154.96351115374392,67.6545037179273,111.30900743585293,154.96351115374318
