time,s1,s2,s3,s4,s5,s6
0.0,20.0,20.0,20.0,20.000000000000004,20.0,20.0
1.0,55.67322818585626,87.34645637173718,119.01968455757554,55.67322818587465,87.34645637174806,119.01968455758632
