time,s1,s2,s3,s4,s5,s6
0.0,20.0,20.0,20.0,20.000000000000004,20.0,20.0
1.0,56.00714261763996,88.01428523527218,120.0214278528623,56.00714261764661,88.0142852352684,120.02142785285336
