time,s1,s2,s3,s4,s5,s6
0.0,20.0,20.0,20.0,20.000000000000004,20.0,20.0
1.0,55.90338694357227,87.8067738871767,119.71016083073897,55.903386943581324,87.80677388718512,119.710160830745
