time,s1,s2,s3,s4,s5,s6
0.0,20.0,20.0,20.0,20.000000000000004,20.0,20.0
1.0,53.76469847253522,83.52939694509061,113.29409541760756,53.76469847254779,83.52939694509196,113.29409541760887
