time,s1,s2,s3,s4,s5,s6
0.0,20.0,20.0,20.0,20.000000000000004,20.0,20.0
1.0,53.00817921633481,82.01635843267113,111.02453764899485,53.00817921633915,82.01635843267682,111.02453764900085
