time,s1,s2,s3,s4,s5,s6
0.0,20.0,20.0,20.0,20.000000000000004,20.0,20.0
1.0,58.21488058633642,92.42976117268864,126.64464175898306,58.21488058634185,92.42976117269322,126.64464175898317
