time,s1,s2,s3,s4,s5,s6
0.0,20.0,20.0,20.0,20.000000000000004,20.0,20.0
1.0,61.680789014441935,99.36157802889535,137.0423670433077,61.68078901445436,99.36157802889643,137.04236704328878
