time,s1,s2,s3,s4,s5,s6
0.0,20.0,20.0,20.0,20.000000000000004,20.0,20.0
1.0,57.128375577982794,90.25675115597309,123.38512673389963,57.128375577988095,90.25675115596007,123.3851267338975
