time,s1,s2,s3,s4,s5,s6
0.0,20.0,20.0,20.0,20.000000000000004,20.0,20.0
1.0,58.651013541091785,93.30202708220467,127.95304062330965,58.651013541098045,93.30202708220713,127.95304062330482
