time,s1,s2,s3,s4,s5,s6
0.0,20.0,20.0,20.0,20.000000000000004,20.0,20.0
1.0,58.41031222748737,92.82062445499349,127.23093668246645,58.41031222748524,92.82062445498462,127.23093668246597
