time,s1,s2,s3,s4,s5,s6
0.0,20.0,20.0,20.0,20.000000000000004,20.0,20.0
1.0,56.65175005081675,89.30350010165628,121.95525015245678,56.65175005082827,89.30350010165861,121.95525015245296
