time,s1,s2,s3,s4,s5,s6
0.0,20.0,20.0,20.0,20.000000000000004,20.0,20.0
1.0,61.21090228504653,98.4218045701034,135.63270685512515,61.210902285056456,98.42180457011142,135.63270685512018
