time,s1,s2,s3,s4,s5,s6
0.0,20.0,20.0,20.0,20.000000000000004,20.0,20.0
1.0,54.40234362235077,84.80468724470725,115.20703086701639,54.402343622359254,84.80468724470029,115.20703086701273
