time,s1,s2,s3,s4,s5,s6
0.0,20.0,20.0,20.0,20.000000000000004,20.0,20.0
1.0,55.20427548978042,86.40855097959393,117.61282646934488,55.20427548978571,86.40855097958816,117.61282646934922
