time,s1,s2,s3,s4,s5,s6
0.0,20.0,20.0,20.0,20.000000000000004,20.0,20.0
1.0,54.92449743167879,85.84899486337241,116.77349229502467,54.92449743168034,85.84899486337365,116.77349229502536
