time,s1,s2,s3,s4,s5,s6
0.0,20.0,20.0,20.0,20.000000000000004,20.0,20.0
1.0,60.53997910198768,97.07995820398915,133.6199373059575,60.53997910199212,97.07995820399648,133.61993730595688
