time,s1,s2,s3,s4,s5,s6
0.0,20.0,20.0,20.0,20.000000000000004,20.0,20.0
1.0,54.3083925480025,84.61678509602592,114.92517764400145,54.30839254800597,84.6167850960276,114.92517764400878
