time,s1,s2,s3,s4,s5,s6
0.0,20.0,20.0,20.0,20.000000000000004,20.0,20.0
1.0,58.796203250009924,93.59240650005559,128.3886097500601,58.79620325001984,93.59240650005637,128.38860975005494
