time,s1,s2,s3,s4,s5,s6
0.0,20.0,20.0,20.0,20.000000000000004,20.0,20.0
1.0,56.04803717311266,88.09607434623257,120.1441115192925,56.04803717311353,88.09607434623092,120.14411151928986
