time,s1,s2,s3,s4,s5,s6
0.0,20.0,20.0,20.0,20.000000000000004,20.0,20.0
1.0,55.29572265810536,86.59144531624683,117.88716797434384,55.29572265811342,86.59144531624943,117.88716797434498
