time,s1,s2,s3,s4,s5,s6
0.0,20.0,20.0,20.0,20.000000000000004,20.0,20.0
1.0,55.39291497606368,86.78582995213097,118.17874492815017,55.39291497607221,86.7858299521306,118.17874492815203
