time,s1,s2,s3,s4,s5,s6
0.0,20.0,20.0,20.0,20.000000000000004,20.0,20.0
1.0,61.765812338927475,99.53162467787337,137.29743701675375,61.76581233893464,99.53162467786217,137.2974370167426
