time,s1,s2,s3,s4,s5,s6
0.0,20.0,20.0,20.0,20.000000000000004,20.0,20.0
1.0,52.13815168599996,80.2763033720165,108.41445505798727,52.138151686005315,80.27630337201305,108.41445505798444
