time,s1,s2,s3,s4,s5,s6
0.0,20.0,20.0,20.0,20.000000000000004,20.0,20.0
1.0,54.505770654321836,85.0115413086608,115.51731196296203,54.50577065432762,85.01154130866493,115.5173119629645
