time,s1,s2,s3,s4,s5,s6
0.0,20.0,20.0,20.0,20.000000000000004,20.0,20.0
1.0,54.91749029349687,85.83498058702507,116.75247088050378,54.91749029350586,85.8349805870266,116.75247088051186
