time,s1,s2,s3,s4,s5,s6
0.0,20.0,20.0,20.0,20.000000000000004,20.0,20.0
1.0,51.499498902811574,78.99899780564795,106.49849670844509,51.499498902811695,78.99899780564621,106.49849670844536
