time,s1,s2,s3,s4,s5,s6
0.0,20.0,20.0,20.0,20.000000000000004,20.0,20.0
1.0,57.4791537287592,90.95830745753419,124.4374611862608,57.47915372876494,90.9583074575298,124.43746118626214
