time,s1,s2,s3,s4,s5,s6
0.0,20.0,20.0,20.0,20.000000000000004,20.0,20.0
1.0,58.559878870657144,93.11975774134459,127.67963661200127,58.55987887066638,93.11975774134663,127.67963661200037
