time,s1,s2,s3,s4,s5,s6
0.0,20.0,20.0,20.0,20.000000000000004,20.0,20.0
1.0,52.94229307142035,81.88458614286209,110.82687921429026,52.94229307143049,81.88458614288045,110.82687921429853
