time,s1,s2,s3,s4,s5,s6
0.0,20.0,20.0,20.0,20.000000000000004,20.0,20.0
1.0,54.746895329411345,85.49379065884463,116.24068598821725,54.74689532942418,85.49379065884244,116.24068598821242
