time,s1,s2,s3,s4,s5,s6
0.0,20.0,20.0,20.0,20.000000000000004,20.0,20.0
1.0,57.909545323867604,91.81909064776248,125.72863597160202,57.90954532387872,91.8190906477561,125.72863597159508
