time,s1,s2,s3,s4,s5,s6
0.0,20.0,20.0,20.0,20.000000000000004,20.0,20.0
1.0,53.01486177117126,82.02972354235708,111.04458531350463,53.014861771178076,82.02972354235683,111.04458531350204
