time,s1,s2,s3,s4,s5,s6
0.0,20.0,20.0,20.0,20.000000000000004,20.0,20.0
1.0,54.60722820236995,85.21445640475542,115.82168460710076,54.607228202374245,85.21445640475235,115.82168460710687
