time,s1,s2,s3,s4,s5,s6
0.0,20.0,20.0,20.0,20.000000000000004,20.0,20.0
1.0,54.365444210531805,84.7308884210832,115.09633263158942,54.365444210537014,84.73088842108231,115.09633263159066
