time,s1,s2,s3,s4,s5,s6
0.0,20.0,20.0,20.0,20.000000000000004,20.0,20.0
1.0,58.65232563299368,93.3046512660015,127.9569768989764,58.65232563299817,93.3046512659999,127.95697689897263
