time,s1,s2,s3,s4,s5,s6
0.0,20.0,20.0,20.0,20.000000000000004,20.0,20.0
1.0,55.96427378845734,87.92854757694717,119.89282136539511,55.96427378846113,87.92854757694909,119.89282136540376
