time,s1,s2,s3,s4,s5,s6
0.0,20.0,20.0,20.0,20.000000000000004,20.0,20.0
1.0,57.3108752249831,90.62175045000112,123.93262567497666,57.31087522499932,90.62175045000254,123.93262567497183
