time,s1,s2,s3,s4,s5,s6
0.0,20.0,20.0,20.0,20.000000000000004,20.0,20.0
1.0,56.94657852728639,89.8931570545845,122.83973558183354,56.94657852729314,89.89315705458361,122.83973558183058
