time,s1,s2,s3,s4,s5,s6
0.0,20.0,20.0,20.0,20.000000000000004,20.0,20.0
1.0,54.65559822637715,85.31119645278396,115.96679467915776,54.65559822638688,85.31119645278866,115.96679467916175
