time,s1,s2,s3,s4,s5,s6
0.0,20.0,20.0,20.0,20.000000000000004,20.0,20.0
1.0,57.24790154696316,90.49580309394062,123.74370464087258,57.247901546964755,90.49580309394082,123.74370464087033
