time,s1,s2,s3,s4,s5,s6
0.0,20.0,20.0,20.0,20.000000000000004,20.0,20.0
1.0,61.324613596154336,98.64922719231922,135.9738407884406,61.32461359616147,98.64922719231589,135.97384078844132
