time,s1,s2,s3,s4,s5,s6
0.0,20.0,20.0,20.0,20.000000000000004,20.0,20.0
1.0,54.47139071293758,84.9427814258959,115.41417213880894,54.47139071294402,84.94278142589773,115.41417213880707
