time,s1,s2,s3,s4,s5,s6
0.0,20.0,20.0,20.0,20.000000000000004,20.0,20.0
1.0,56.6106175975401,89.22123519510662,121.83185279263026,56.610617597550416,89.22123519510863,121.8318527926229
