time,s1,s2,s3,s4,s5,s6
0.0,20.0,20.0,20.0,20.000000000000004,20.0,20.0
1.0,59.001867749512044,94.00373549904546,129.0056032485564,59.001867749522305,94.00373549905848,129.00560324856193
