time,s1,s2,s3,s4,s5,s6
0.0,20.0,20.0,20.0,20.000000000000004,20.0,20.0
1.0,57.76287184081998,91.52574368165445,125.28861552246013,57.762871840828765,91.52574368166276,125.28861552246009
