time,s1,s2,s3,s4,s5,s6
0.0,20.0,20.0,20.0,20.000000000000004,20.0,20.0
1.0,53.57483274651082,83.14966549303838,112.72449823952465,53.5748327465121,83.1496654930448,112.72449823952581
