time,s1,s2,s3,s4,s5,s6
0.0,20.0,20.0,20.0,20.000000000000004,20.0,20.0
1.0,59.194384264354255,94.38876852872734,129.5831527930432,59.194384264357254,94.38876852872139,129.58315279303375
