time,s1,s2,s3,s4,s5,s6
0.0,20.0,20.0,20.0,20.000000000000004,20.0,20.0
1.0,60.25026134317784,96.5005226863774,132.75078402954,60.250261343187255,96.50052268638979,132.75078402953744
