time,s1,s2,s3,s4,s5,s6
0.0,20.0,20.0,20.0,20.000000000000004,20.0,20.0
1.0,58.156054382332286,92.31210876468397,126.46816314697084,58.156054382339455,92.31210876467688,126.46816314697202
