time,s1,s2,s3,s4,s5,s6
0.0,20.0,20.0,20.0,20.000000000000004,20.0,20.0
1.0,66.15461591527992,108.30923183057297,150.4638477458039,66.15461591529277,108.30923183057465,150.46384774579525
