time,s1,s2,s3,s4,s5,s6
0.0,20.0,20.0,20.0,20.000000000000004,20.0,20.0
1.0,53.874950639564645,83.7499012791395,113.62485191868292,53.87495063956973,83.74990127914592,113.62485191868507
