time,s1,s2,s3,s4,s5,s6
0.0,20.0,20.0,20.0,20.000000000000004,20.0,20.0
1.0,59.174464041613234,94.34892808323664,129.52339212480842,59.174464041618386,94.34892808322857,129.52339212479382
