time,s1,s2,s3,s4,s5,s6
0.0,20.0,20.0,20.0,20.000000000000004,20.0,20.0
1.0,55.83441839061811,87.66883678126379,119.503255171869,55.83441839062623,87.66883678126933,119.50325517187875
