time,s1,s2,s3,s4,s5,s6
0.0,20.0,20.0,20.0,20.000000000000004,20.0,20.0
1.0,53.848961451415526,83.6979229028438,113.546884354252,53.8489614514236,83.6979229028496,113.54688435425972
