time,s1,s2,s3,s4,s5,s6
0.0,20.0,20.0,20.0,20.000000000000004,20.0,20.0
1.0,58.96083227361283,93.92166454724166,128.88249682084052,58.960832273620966,93.92166454724565,128.88249682084276
