time,s1,s2,s3,s4,s5,s6
0.0,20.0,20.0,20.0,20.000000000000004,20.0,20.0
1.0,53.92642733894782,83.85285467790446,113.77928201681752,53.92642733896124,83.85285467791385,113.77928201682141
