time,s1,s2,s3,s4,s5,s6
0.0,20.0,20.0,20.0,20.000000000000004,20.0,20.0
1.0,58.330799096047826,92.6615981921107,126.9923972881256,58.33079909605296,92.6615981921113,126.99239728811531
