time,s1,s2,s3,s4,s5,s6
0.0,20.0,20.0,20.0,20.000000000000004,20.0,20.0
1.0,57.50677352476624,91.01354704953471,124.52032057424773,57.50677352476986,91.01354704953155,124.5203205742474
