time,s1,s2,s3,s4,s5,s6
0.0,20.0,20.0,20.0,20.000000000000004,20.0,20.0
1.0,54.560451479187414,85.12090295839639,115.68135443756208,54.56045147920525,85.12090295840505,115.68135443757244
