time,s1,s2,s3,s4,s5,s6
0.0,20.0,20.0,20.0,20.000000000000004,20.0,20.0
1.0,57.8339474187283,91.66789483748012,125.50184225616039,57.83394741874028,91.66789483746777,125.5018422561587
