time,s1,s2,s3,s4,s5,s6
0.0,20.0,20.0,20.0,20.000000000000004,20.0,20.0
1.0,55.24008956088803,86.48017912179634,117.72026868264786,55.240089560897424,86.48017912179598,117.72026868264834
