time,s1,s2,s3,s4,s5,s6
0.0,20.0,20.0,20.0,20.000000000000004,20.0,20.0
1.0,62.96674031390003,101.93348062782584,140.9002209417037,62.96674031391486,101.9334806278332,140.90022094170664
