time,s1,s2,s3,s4,s5,s6
0.0,20.0,20.0,20.0,20.000000000000004,20.0,20.0
1.0,59.158730557379045,94.31746111479265,129.476191672163,59.158730557387585,94.31746111479744,129.47619167216172
