time,s1,s2,s3,s4,s5,s6
0.0,20.0,20.0,20.0,20.000000000000004,20.0,20.0
1.0,57.90215471430663,91.80430942863455,125.70646414290536,57.90215471431475,91.80430942863069,125.70646414290923
