time,s1,s2,s3,s4,s5,s6
0.0,20.0,20.0,20.0,20.000000000000004,20.0,20.0
1.0,52.047880107778774,80.09576021557147,108.14364032334163,52.04788010779511,80.09576021558293,108.14364032334093
