time,s1,s2,s3,s4,s5,s6
0.0,20.0,20.0,20.0,20.000000000000004,20.0,20.0
1.0,57.606011971560065,91.21202394314517,124.8180359146883,57.60601197156619,91.21202394314642,124.81803591468369
