time,s1,s2,s3,s4,s5,s6
0.0,20.0,20.0,20.0,20.000000000000004,20.0,20.0
1.0,54.7344746868132,85.4689493736554,116.20342406045177,54.734474686822,85.46894937366412,116.20342406044779
