time,s1,s2,s3,s4,s5,s6
0.0,20.0,20.0,20.0,20.000000000000004,20.0,20.0
1.0,58.41237572999033,92.8247514600027,127.23712718997541,58.41237572999207,92.8247514599929,127.23712718996848
