time,s1,s2,s3,s4,s5,s6
0.0,20.0,20.0,20.0,20.000000000000004,20.0,20.0
1.0,56.32867002377471,88.65734004757121,120.9860100713027,56.32867002378754,88.65734004757068,120.9860100712978
