time,s1,s2,s3,s4,s5,s6
0.0,20.0,20.0,20.0,20.000000000000004,20.0,20.0
1.0,54.408712038526446,84.81742407706703,115.22613611554681,54.40871203853078,84.81742407705775,115.22613611554688
