time,s1,s2,s3,s4,s5,s6
0.0,20.0,20.0,20.0,20.000000000000004,20.0,20.0
1.0,57.887783297560546,91.77556659514832,125.66334989268269,57.88778329756842,91.77556659514485,125.66334989267521
