time,s1,s2,s3,s4,s5,s6
0.0,20.0,20.0,20.0,20.000000000000004,20.0,20.0
1.0,55.7551919298389,87.51038385970033,119.2655757895239,55.75519192985242,87.51038385970577,119.2655757895133
