time,s1,s2,s3,s4,s5,s6
0.0,20.0,20.0,20.0,20.000000000000004,20.0,20.0
1.0,55.24811744379599,86.49623488761864,117.74435233140088,55.24811744381055,86.49623488763012,117.74435233141007
