time,s1,s2,s3,s4,s5,s6
0.0,20.0,20.0,20.0,20.000000000000004,20.0,20.0
1.0,56.80426369987636,89.60852739977958,122.41279109963703,56.804263699885794,89.60852739978576,122.41279109963583
