time,s1,s2,s3,s4,s5,s6
0.0,20.0,20.0,20.0,20.000000000000004,20.0,20.0
1.0,52.00181254956917,80.0036250991584,108.00543764871675,52.001812549583555,80.00362509917238,108.00543764872086
