time,s1,s2,s3,s4,s5,s6
0.0,20.0,20.0,20.0,20.000000000000004,20.0,20.0
1.0,57.27322438386081,90.54644876775792,123.81967315163439,57.273224383870314,90.54644876775893,123.81967315163311
