time,s1,s2,s3,s4,s5,s6
0.0,20.0,20.0,20.0,20.000000000000004,20.0,20.0
1.0,60.049078480108165,96.09815696023703,132.14723544033072,60.04907848011527,96.09815696023746,132.14723544032992
