time,s1,s2,s3,s4,s5,s6
0.0,20.0,20.0,20.0,20.000000000000004,20.0,20.0
1.0,58.042871906519,92.08574381305326,126.12861571955654,58.042871906532,92.08574381306184,126.1286157195567
