time,s1,s2,s3,s4,s5,s6
0.0,20.0,20.0,20.0,20.000000000000004,20.0,20.0
1.0,57.305946954938946,90.61189390988463,123.91784086477489,57.305946954941376,90.61189390987855,123.91784086477398
