time,s1,s2,s3,s4,s5,s6
0.0,20.0,20.0,20.0,20.000000000000004,20.0,20.0
1.0,55.31199116900461,86.62398233803701,117.93597350700816,55.311991169011534,86.62398233803299,117.93597350701091
