time,s1,s2,s3,s4,s5,s6
0.0,20.0,20.0,20.0,20.000000000000004,20.0,20.0
1.0,55.56277263096008,87.12554526194727,118.68831789287731,55.56277263096769,87.12554526194603,118.68831789287333
