time,s1,s2,s3,s4,s5,s6
0.0,20.0,20.0,20.0,20.000000000000004,20.0,20.0
1.0,62.04711764399673,100.09423528801891,138.14135293199223,62.047117644001844,100.09423528801435,138.14135293199672
