time,s1,s2,s3,s4,s5,s6
0.0,20.0,20.0,20.0,20.000000000000004,20.0,20.0
1.0,53.65027392697369,83.3005478539478,112.950821780892,53.65027392697843,83.30054785395305,112.95082178089011
