time,s1,s2,s3,s4,s5,s6
0.0,20.0,20.0,20.0,20.000000000000004,20.0,20.0
1.0,55.175161968165426,86.35032393636706,117.52548590450971,55.17516196817918,86.35032393636126,117.52548590450708
