time,s1,s2,s3,s4,s5,s6
0.0,20.0,20.0,20.0,20.000000000000004,20.0,20.0
1.0,68.75249241096083,113.50498482181754,158.25747723226874,68.75249241126473,113.50498482204975,158.25747723243575
