time,s1,s2,s3,s4,s5,s6
0.0,20.0,20.0,20.0,20.000000000000004,20.0,20.0
1.0,53.96475494397911,83.92950988797833,113.8942648319402,53.96475494398429,83.92950988798661,113.89426483194161
