time,s1,s2,s3,s4,s5,s6
0.0,20.0,20.0,20.0,20.000000000000004,20.0,20.0
1.0,49.23975318611118,74.47950637223364,99.71925955831028,49.239753186119906,74.47950637223406,99.7192595583137
