time,s1,s2,s3,s4,s5,s6
0.0,20.0,20.0,20.0,20.000000000000004,20.0,20.0
1.0,56.2277474412345,88.45549488247579,120.68324232367945,56.22774744124101,88.4554948824787,120.6832423236808
