time,s1,s2,s3,s4,s5,s6
0.0,20.0,20.0,20.0,20.000000000000004,20.0,20.0
1.0,57.84794213653224,91.69588427309559,125.5438264095851,57.84794213654307,91.69588427308604,125.54382640958198
