time,s1,s2,s3,s4,s5,s6
0.0,20.0,20.0,20.0,20.000000000000004,20.0,20.0
1.0,58.8465940117471,93.69318802350764,128.5397820352158,58.84659401174572,93.6931880235102,128.5397820352203
