time,s1,s2,s3,s4,s5,s6
0.0,20.0,20.0,20.0,20.000000000000004,20.0,20.0
1.0,58.64285976068346,93.28571952138742,127.92857928204475,58.64285976068381,93.28571952137833,127.92857928204458
