time,s1,s2,s3,s4,s5,s6
0.0,20.0,20.0,20.0,20.000000000000004,20.0,20.0
1.0,54.20448107836849,84.40896215675674,114.61344323513006,54.20448107837807,84.4089621567644,114.61344323513774
