time,s1,s2,s3,s4,s5,s6
0.0,20.0,20.0,20.0,20.000000000000004,20.0,20.0
1.0,63.34915527915284,102.69831055832682,142.0474658374551,63.349155279160755,102.69831055833302,142.04746583745182
