time,s1,s2,s3,s4,s5,s6
0.0,20.0,20.0,20.0,20.000000000000004,20.0,20.0
1.0,56.6031492299703,89.20629845996469,121.80944768991796,56.603149229977,89.20629845996574,121.80944768990979
