time,s1,s2,s3,s4,s5,s6
0.0,20.0,20.0,20.0,20.000000000000004,20.0,20.0
1.0,59.28015514442389,94.5603102888644,129.84046543328898,59.28015514442883,94.56031028886868,129.8404654332873
