time,s1,s2,s3,s4,s5,s6
0.0,20.0,20.0,20.0,20.000000000000004,20.0,20.0
1.0,54.50135433700643,85.00270867403702,115.50406301104105,54.50135433701644,85.00270867404652,115.50406301104664
