time,s1,s2,s3,s4,s5,s6
0.0,20.0,20.0,20.0,20.000000000000004,20.0,20.0
1.0,58.041467197125314,92.08293439426771,126.12440159135352,58.04146719713421,92.08293439426004,126.1244015913438
