time,s1,s2,s3,s4,s5,s6
0.0,20.0,20.0,20.0,20.000000000000004,20.0,20.0
1.0,54.26600504432763,84.53201008865597,114.79801513294065,54.26600504432881,84.53201008865571,114.7980151329438
