time,s1,s2,s3,s4,s5,s6
0.0,20.0,20.0,20.0,20.000000000000004,20.0,20.0
1.0,59.34807709537493,94.6961541907753,130.04423128614948,59.34807709538136,94.69615419077954,130.044231286146
