time,s1,s2,s3,s4,s5,s6
0.0,20.0,20.0,20.0,20.000000000000004,20.0,20.0
1.0,53.73497379316223,83.46994758634065,113.2049213794775,53.734973793170305,83.46994758634355,113.20492137947663
