time,s1,s2,s3,s4,s5,s6
0.0,20.0,20.0,20.0,20.000000000000004,20.0,20.0
1.0,60.89065983863913,97.78131967728967,134.67197951588568,60.89065983864808,97.78131967728078,134.67197951587298
