time,s1,s2,s3,s4,s5,s6
0.0,20.0,20.0,20.0,20.000000000000004,20.0,20.0
1.0,62.6175744758941,101.2351489518099,139.85272342768448,62.617574475900085,101.23514895181503,139.85272342768405
