time,s1,s2,s3,s4,s5,s6
0.0,20.0,20.0,20.0,20.000000000000004,20.0,20.0
1.0,60.869862413178495,97.73972482638044,134.6095872395287,60.86986241319516,97.73972482638356,134.60958723951953
