time,s1,s2,s3,s4,s5,s6
0.0,20.0,20.0,20.0,20.000000000000004,20.0,20.0
1.0,56.618986723973876,89.23797344796532,121.85696017191346,56.618986723976555,89.23797344796925,121.85696017191698
