time,s1,s2,s3,s4,s5,s6
0.0,20.0,20.0,20.0,20.000000000000004,20.0,20.0
1.0,53.88318912613069,83.76637825228146,113.64956737838801,53.883189126134994,83.76637825228015,113.64956737839026
