time,s1,s2,s3,s4,s5,s6
0.0,20.0,20.0,20.0,20.000000000000004,20.0,20.0
1.0,54.67381809648556,85.34763619297036,116.02145428942042,54.673818096488226,85.34763619297118,116.02145428941856
