time,s1,s2,s3,s4,s5,s6
0.0,20.0,20.0,20.0,20.000000000000004,20.0,20.0
1.0,60.542402797889466,97.08480559580818,133.62720839370093,60.54240279789306,97.08480559581335,133.6272083936953
