time,s1,s2,s3,s4,s5,s6
0.0,20.0,20.0,20.0,20.000000000000004,20.0,20.0
1.0,62.077506137405955,100.15501227482082,138.2325184121786,62.07750613741272,100.15501227481863,138.2325184121794
