time,s1,s2,s3,s4,s5,s6
0.0,20.0,20.0,20.0,20.000000000000004,20.0,20.0
1.0,60.52467468489157,97.04934936979959,133.5740240546611,60.52467468488902,97.04934936979755,133.5740240546566
