time,s1,s2,s3,s4,s5,s6
0.0,20.0,20.0,20.0,20.000000000000004,20.0,20.0
1.0,59.45439955049662,94.90879910101813,130.363198651502,59.45439955050027,94.90879910102151,130.36319865150506
