time,s1,s2,s3,s4,s5,s6
0.0,20.0,20.0,20.0,20.000000000000004,20.0,20.0
1.0,58.44243178816451,92.88486357634865,127.32729536450806,58.44243178817268,92.88486357635699,127.32729536450545
