time,s1,s2,s3,s4,s5,s6
0.0,20.0,20.0,20.0,20.000000000000004,20.0,20.0
1.0,53.26344126133554,82.52688252268936,111.79032378400748,53.26344126134103,82.52688252269053,111.79032378399945
