time,s1,s2,s3,s4,s5,s6
0.0,20.0,20.0,20.0,20.000000000000004,20.0,20.0
1.0,55.578878229344035,87.15775645871241,118.7366346880435,55.5788782293505,87.15775645871788,118.7366346880463
