time,s1,s2,s3,s4,s5,s6
0.0,20.0,20.0,20.0,20.000000000000004,20.0,20.0
1.0,55.96021257218189,87.92042514439592,119.88063771655686,55.960212572186876,87.9204251443908,119.88063771655817
