time,s1,s2,s3,s4,s5,s6
0.0,20.0,20.0,20.0,20.000000000000004,20.0,20.0
1.0,56.02647600593511,88.05295201188915,120.07942801780459,56.02647600594399,88.05295201189482,120.0794280178101
