time,s1,s2,s3,s4,s5,s6
0.0,20.0,20.0,20.0,20.000000000000004,20.0,20.0
1.0,57.55856860913036,91.11713721830317,124.6757058274235,57.55856860914582,91.11713721830287,124.67570582742091
