time,s1,s2,s3,s4,s5,s6
0.0,20.0,20.0,20.0,20.000000000000004,20.0,20.0
1.0,62.578339878290784,101.15667975658616,139.7350196348405,62.578339878300085,101.15667975659295,139.73501963484495
