time,s1,s2,s3,s4,s5,s6
0.0,20.0,20.0,20.0,20.000000000000004,20.0,20.0
1.0,57.33421219262583,90.66842438527726,124.00263657789446,57.334212192632016,90.66842438527806,124.00263657788699
