time,s1,s2,s3,s4,s5,s6
0.0,20.0,20.0,20.0,20.000000000000004,20.0,20.0
1.0,54.96455955516615,85.92911911034858,116.8936786654829,54.96455955517215,85.92911911035401,116.89367866548811
