time,s1,s2,s3,s4,s5,s6
0.0,20.0,20.0,20.0,20.000000000000004,20.0,20.0
1.0,62.531152075283366,101.06230415057598,139.59345622582825,62.53115207528295,101.0623041505765,139.5934562258361
