time,s1,s2,s3,s4,s5,s6
0.0,20.0,20.0,20.0,20.000000000000004,20.0,20.0
1.0,60.49862682887641,96.99725365777707,133.49588048664558,60.498626828879765,96.99725365778013,133.49588048663531
