time,s1,s2,s3,s4,s5,s6
0.0,20.0,20.0,20.0,20.000000000000004,20.0,20.0
1.0,55.041573437725475,86.08314687545439,117.12472031315001,55.04157343772758,86.08314687544471,117.12472031315184
