time,s1,s2,s3,s4,s5,s6
0.0,20.0,20.0,20.0,20.000000000000004,20.0,20.0
1.0,56.794356602571014,89.5887132051532,122.38306980770538,56.79435660258418,89.58871320516681,122.38306980770618
