time,s1,s2,s3,s4,s5,s6
0.0,20.0,20.0,20.0,20.000000000000004,20.0,20.0
1.0,55.253730841151466,86.50746168249121,117.76119252338121,55.25373084130395,86.50746168260845,117.76119252340882
