time,s1,s2,s3,s4,s5,s6
0.0,20.0,20.0,20.0,20.000000000000004,20.0,20.0
1.0,59.06954592270357,94.13909184542226,129.20863776810097,59.06954592270866,94.13909184542169,129.20863776809688
