time,s1,s2,s3,s4,s5,s6
0.0,20.0,20.0,20.0,20.000000000000004,20.0,20.0
1.0,57.5063051066351,91.01261021328051,124.5189153198834,57.506305106639395,91.0126102132818,124.51891531988147
