time,s1,s2,s3,s4,s5,s6
0.0,20.0,20.0,20.0,20.000000000000004,20.0,20.0
1.0,63.296792531961785,102.59358506394742,141.8903775958843,63.296792531967895,102.59358506394179,141.89037759588064
