time,s1,s2,s3,s4,s5,s6
0.0,20.0,20.0,20.0,20.000000000000004,20.0,20.0
1.0,57.08979269241409,90.1795853848443,123.26937807725315,57.089792692423586,90.17958538485638,123.26937807726294
