time,s1,s2,s3,s4,s5,s6
0.0,20.0,20.0,20.0,20.000000000000004,20.0,20.0
1.0,58.11627707595519,92.23255415193174,126.3488312278726,58.11627707596901,92.2325541519339,126.3488312278781
