time,s1,s2,s3,s4,s5,s6
0.0,20.0,20.0,20.0,20.000000000000004,20.0,20.0
1.0,54.81313717532299,85.62627435066887,116.43941152598018,54.81313717533155,85.62627435067611,116.43941152598504
