time,s1,s2,s3,s4,s5,s6
0.0,20.0,20.0,20.0,20.000000000000004,20.0,20.0
1.0,62.27247069678607,100.54494139359807,138.81741209036022,62.27247069679993,100.54494139359664,138.8174120903527
