time,s1,s2,s3,s4,s5,s6
0.0,20.0,20.0,20.0,20.000000000000004,20.0,20.0
1.0,53.46418967063107,82.92837934128285,112.39256901189003,53.46418967063849,82.9283793412826,112.39256901189546
