time,s1,s2,s3,s4,s5,s6
0.0,20.0,20.0,20.0,20.000000000000004,20.0,20.0
1.0,57.42100823639173,90.84201647281344,124.26302470917256,57.42100823640791,90.8420164728226,124.26302470917817
