time,s1,s2,s3,s4,s5,s6
0.0,20.0,20.0,20.0,20.000000000000004,20.0,20.0
1.0,67.14501857139751,110.29003714281217,153.4350557141821,67.14501857140209,110.29003714282116,153.43505571418362
