time,s1,s2,s3,s4,s5,s6
0.0,20.0,20.0,20.0,20.000000000000004,20.0,20.0
1.0,62.29815017974952,100.59630035952244,138.89445053923575,62.298150179758096,100.59630035952006,138.89445053923305
