time,s1,s2,s3,s4,s5,s6
0.0,20.0,20.0,20.0,20.000000000000004,20.0,20.0
1.0,54.838422691564645,85.67684538313705,116.51526807468235,54.838422691575474,85.67684538314452,116.51526807467933
