time,s1,s2,s3,s4,s5,s6
0.0,20.0,20.0,20.0,20.000000000000004,20.0,20.0
1.0,57.992835754425975,91.98567150887693,125.9785072632857,57.99283575443618,91.9856715088776,125.97850726328161
