time,s1,s2,s3,s4,s5,s6
0.0,20.0,20.0,20.0,20.000000000000004,20.0,20.0
1.0,58.376950757091564,92.75390151419946,127.13085227126825,58.3769507570953,92.75390151419963,127.13085227126274
