time,s1,s2,s3,s4,s5,s6
0.0,20.0,20.0,20.0,20.000000000000004,20.0,20.0
1.0,53.006039755915744,82.01207951185495,111.01811926775503,53.0060397559253,82.01207951186709,111.0181192677691
