time,s1,s2,s3,s4,s5,s6
0.0,20.0,20.0,20.0,20.000000000000004,20.0,20.0
1.0,59.58213815644672,95.16427631291357,130.74641446935902,59.58213815645274,95.16427631291643,130.7464144693568
