time,s1,s2,s3,s4,s5,s6
0.0,20.0,20.0,20.0,20.000000000000004,20.0,20.0
1.0,54.5917558875917,85.18351177519756,115.77526766274329,54.591755887602666,85.18351177520321,115.77526766274484
