time,s1,s2,s3,s4,s5,s6
0.0,20.0,20.0,20.0,20.000000000000004,20.0,20.0
1.0,56.107575397020085,88.21515079405827,120.3227261910387,56.10757539702566,88.21515079405268,120.3227261910379
