time,s1,s2,s3,s4,s5,s6
0.0,20.0,20.0,20.0,20.000000000000004,20.0,20.0
1.0,60.55428505627232,97.10857011254988,133.66285516877454,60.55428505626787,97.10857011254794,133.66285516876837
