time,s1,s2,s3,s4,s5,s6
0.0,20.0,20.0,20.0,20.000000000000004,20.0,20.0
1.0,57.01457956989689,90.02915913981882,123.0437387097038,57.01457956990566,90.02915913982038,123.04373870970954
