time,s1,s2,s3,s4,s5,s6
0.0,20.0,20.0,20.0,20.000000000000004,20.0,20.0
1.0,58.78064653445603,93.56129306892834,128.34193960336808,58.7806465344639,93.56129306892545,128.3419396033655
