time,s1,s2,s3,s4,s5,s6
0.0,20.0,20.0,20.0,20.000000000000004,20.0,20.0
1.0,53.30692419282372,82.6138483856727,111.9207725784962,53.30692419283371,82.61384838569171,111.9207725785086
