time,s1,s2,s3,s4,s5,s6
0.0,20.0,20.0,20.0,20.000000000000004,20.0,20.0
1.0,57.46398246129479,90.92796492262107,124.39194738389548,57.46398246130881,90.92796492261692,124.39194738388628
