time,s1,s2,s3,s4,s5,s6
0.0,20.0,20.0,20.0,20.000000000000004,20.0,20.0
1.0,63.60392187314541,103.20784374630793,142.81176561942232,63.603921873148664,103.20784374630836,142.81176561944093
