time,s1,s2,s3,s4,s5,s6
0.0,20.0,20.0,20.0,20.000000000000004,20.0,20.0
1.0,57.357303413121556,90.71460682627483,124.0719102393747,57.35730341314081,90.71460682628096,124.07191023937372
