time,s1,s2,s3,s4,s5,s6
0.0,20.0,20.0,20.0,20.000000000000004,20.0,20.0
1.0,56.0299371550374,88.05987431009538,120.08981146510882,56.02993715504573,88.0598743101036,120.08981146510962
