time,s1,s2,s3,s4,s5,s6
0.0,20.0,20.0,20.0,20.000000000000004,20.0,20.0
1.0,54.35006864515296,84.70013729031746,115.05020593544523,54.35006864515899,84.70013729032641,115.05020593545083
