time,s1,s2,s3,s4,s5,s6
0.0,20.0,20.0,20.0,20.000000000000004,20.0,20.0
1.0,58.15157255609925,92.30314511222232,126.45471766829432,58.15157255611236,92.30314511221957,126.45471766829417
