time,s1,s2,s3,s4,s5,s6
0.0,20.0,20.0,20.0,20.000000000000004,20.0,20.0
1.0,60.116950213043864,96.23390042611197,132.35085063913846,60.11695021305102,96.23390042610993,132.35085063913147
