time,s1,s2,s3,s4,s5,s6
0.0,20.0,20.0,20.0,20.000000000000004,20.0,20.0
1.0,59.45486612496855,94.90973224996189,130.36459837491753,59.45486612497562,94.90973224997035,130.36459837491864
