time,s1,s2,s3,s4,s5,s6
0.0,20.0,20.0,20.0,20.000000000000004,20.0,20.0
1.0,56.68858091209033,89.37716182419732,122.06574273625307,56.68858091209737,89.37716182418782,122.06574273625186
