time,s1,s2,s3,s4,s5,s6
0.0,20.0,20.0,20.0,20.000000000000004,20.0,20.0
1.0,65.99719966673499,107.99439933348037,149.99159900016002,65.9971996667466,107.99439933347976,149.9915990001643
