time,s1,s2,s3,s4,s5,s6
0.0,20.0,20.0,20.0,20.000000000000004,20.0,20.0
1.0,58.51555042469009,93.03110084939361,127.54665127404868,58.51555042469607,93.03110084938893,127.54665127404328
