time,s1,s2,s3,s4,s5,s6
0.0,20.0,20.0,20.0,20.000000000000004,20.0,20.0
1.0,54.341164659496684,84.68232931901588,115.02349397849615,54.341164659509246,84.68232931902263,115.02349397849639
