time,s1,s2,s3,s4,s5,s6
0.0,20.0,20.0,20.0,20.000000000000004,20.0,20.0
1.0,58.17361982767953,92.34723965538183,126.5208594830101,58.17361982769125,92.34723965537626,126.52085948300899
