time,s1,s2,s3,s4,s5,s6
0.0,20.0,20.0,20.0,20.000000000000004,20.0,20.0
1.0,58.94276149369717,93.88552298741183,128.82828448108285,58.94276149370032,93.88552298741057,128.828284481091
