time,s1,s2,s3,s4,s5,s6
0.0,20.0,20.0,20.0,20.000000000000004,20.0,20.0
1.0,51.30477632978345,78.60955265958575,105.91432898935662,51.30477632979317,78.6095526595958,105.91432898935776
