time,s1,s2,s3,s4,s5,s6
0.0,20.0,20.0,20.0,20.000000000000004,20.0,20.0
1.0,56.289541084320405,88.57908216866387,120.86862325294948,56.28954108433262,88.57908216867021,120.86862325295068
