time,s1,s2,s3,s4,s5,s6
0.0,20.0,20.0,20.0,20.000000000000004,20.0,20.0
1.0,57.923108287586786,91.84621657519175,125.76932486276147,57.923108287593024,91.84621657518682,125.76932486274617
