time,s1,s2,s3,s4,s5,s6
0.0,20.0,20.0,20.0,20.000000000000004,20.0,20.0
1.0,52.24877825539547,80.49755651081321,108.7463347661972,52.248778255409356,80.49755651081452,108.74633476619493
