time,s1,s2,s3,s4,s5,s6
0.0,20.0,20.0,20.0,20.000000000000004,20.0,20.0
1.0,57.94629232206553,91.89258464416679,125.8388769662214,57.94629232207572,91.89258464416187,125.83887696622119
