time,s1,s2,s3,s4,s5,s6
0.0,20.0,20.0,20.0,20.000000000000004,20.0,20.0
1.0,52.64066208984197,81.28132417969809,109.92198626950795,52.64066208984984,81.28132417970326,109.9219862695122
