time,s1,s2,s3,s4,s5,s6
0.0,20.0,20.0,20.0,20.000000000000004,20.0,20.0
1.0,54.32734178253638,84.6546835650829,114.98202534761019,54.32734178253819,84.65468356508448,114.98202534761519
