time,s1,s2,s3,s4,s5,s6
0.0,20.0,20.0,20.0,20.000000000000004,20.0,20.0
1.0,62.22060579876242,100.44121159768873,138.66181739612156,62.2206057989103,100.4412115977693,138.66181739607737
