time,s1,s2,s3,s4,s5,s6
0.0,20.0,20.0,20.0,20.000000000000004,20.0,20.0
1.0,50.029779425246765,76.05955885050892,102.0893382757229,50.02977942525593,76.05955885051512,102.08933827572781
