time,s1,s2,s3,s4,s5,s6
0.0,20.0,20.0,20.0,20.000000000000004,20.0,20.0
1.0,52.69750394926322,81.39500789855242,110.09251184779606,52.69750394927199,81.39500789855165,110.09251184779944
