time,s1,s2,s3,s4,s5,s6
0.0,20.0,20.0,20.0,20.000000000000004,20.0,20.0
1.0,57.7837927807912,91.56758556160071,125.35137834236008,57.783792780802955,91.56758556160445,125.35137834236043
