time,s1,s2,s3,s4,s5,s6
0.0,20.0,20.0,20.0,20.000000000000004,20.0,20.0
1.0,55.51338472623599,87.02676945249529,118.54015417872066,55.51338472624496,87.02676945249877,118.54015417872714
