time,s1,s2,s3,s4,s5,s6
0.0,20.0,20.0,20.0,20.000000000000004,20.0,20.0
1.0,59.79669914207331,95.59339828414832,131.3900974261935,59.796699142071574,95.59339828415386,131.39009742618325
