time,s1,s2,s3,s4,s5,s6
0.0,20.0,20.0,20.0,20.000000000000004,20.0,20.0
1.0,58.415648339629115,92.83129667927113,127.24694501888257,58.415648339632654,92.83129667926303,127.24694501887602
