time,s1,s2,s3,s4,s5,s6
0.0,20.0,20.0,20.0,20.000000000000004,20.0,20.0
1.0,59.25642930075658,94.51285860150837,129.769287901989,59.25642930098846,94.51285860175346,129.76928790225216
