time,s1,s2,s3,s4,s5,s6
0.0,20.0,20.0,20.0,20.000000000000004,20.0,20.0
1.0,56.189161557217616,88.37832311444934,120.56748467163499,56.189161557220245,88.37832311444723,120.56748467163669
