time,s1,s2,s3,s4,s5,s6
0.0,20.0,20.0,20.0,20.000000000000004,20.0,20.0
1.0,56.058213830037786,88.1164276600813,120.1746414900896,56.0582138300454,88.11642766008612,120.17464149008046
