time,s1,s2,s3,s4,s5,s6
0.0,20.0,20.0,20.0,20.000000000000004,20.0,20.0
1.0,62.637557528073906,101.2751150561661,139.91267258423892,62.63755752807958,101.2751150561767,139.9126725842422
