time,s1,s2,s3,s4,s5,s6
0.0,20.0,20.0,20.0,20.000000000000004,20.0,20.0
1.0,57.36479897663611,90.7295979533028,124.0943969299201,57.36479897664303,90.72959795329211,124.09439692991235
