time,s1,s2,s3,s4,s5,s6
0.0,20.0,20.0,20.0,20.000000000000004,20.0,20.0
1.0,52.15703383485147,80.31406766972185,108.47110150455023,52.15703383486253,80.3140676697254,108.47110150455076
