time,s1,s2,s3,s4,s5,s6
0.0,20.0,20.0,20.0,20.000000000000004,20.0,20.0
1.0,59.44552476356996,94.8910495271571,130.33657429070468,59.44552476357331,94.89104952715878,130.33657429070092
