time,s1,s2,s3,s4,s5,s6
0.0,20.0,20.0,20.0,20.000000000000004,20.0,20.0
1.0,53.238342872811174,82.4766857456384,111.71502861843813,53.23834287281505,82.47668574564581,111.71502861843923
