time,s1,s2,s3,s4,s5,s6
0.0,20.0,20.0,20.0,20.000000000000004,20.0,20.0
1.0,55.845990212158114,87.69198042433764,119.5379706364729,55.84599021216354,87.69198042433788,119.53797063647497
