time,s1,s2,s3,s4,s5,s6
0.0,20.0,20.0,20.0,20.000000000000004,20.0,20.0
1.0,59.44983554018689,94.89967108037513,130.34950662054698,59.44983554019132,94.89967108038874,130.34950662055786
