time,s1,s2,s3,s4,s5,s6
0.0,20.0,20.0,20.0,20.000000000000004,20.0,20.0
1.0,59.429960237734534,94.85992047548437,130.2898807132062,59.429960237736296,94.85992047548447,130.28988071321044
