time,s1,s2,s3,s4,s5,s6
0.0,20.0,20.0,20.0,20.000000000000004,20.0,20.0
1.0,57.70956792239443,91.4191358448096,125.12870376717777,57.70956792240223,91.4191358448108,125.12870376716916
