time,s1,s2,s3,s4,s5,s6
0.0,20.0,20.0,20.0,20.000000000000004,20.0,20.0
1.0,55.47256820569123,86.94513641141563,118.41770461707449,55.472568205705294,86.94513641141404,118.41770461706832
