time,s1,s2,s3,s4,s5,s6
0.0,20.0,20.0,20.0,20.000000000000004,20.0,20.0
1.0,58.83158141790805,93.66316283638284,128.49474425502189,58.83158141794557,93.66316283648587,128.4947442550986
