time,s1,s2,s3,s4,s5,s6
0.0,20.0,20.0,20.0,20.000000000000004,20.0,20.0
1.0,53.06776739106578,82.1355347821457,111.20330217320458,53.06776739108014,82.135534782159,111.20330217321055
