time,s1,s2,s3,s4,s5,s6
0.0,20.0,20.0,20.0,20.000000000000004,20.0,20.0
1.0,57.56141552004557,91.12283104011901,124.68424656014363,57.561415520061544,91.12283104012792,124.68424656013937
