time,s1,s2,s3,s4,s5,s6
0.0,20.0,20.0,20.0,20.000000000000004,20.0,20.0
1.0,50.35424404947337,76.7084880989654,103.0627321484223,50.354244049483086,76.70848809897095,103.06273214842824
