time,s1,s2,s3,s4,s5,s6
0.0,20.0,20.0,20.0,20.000000000000004,20.0,20.0
1.0,59.70669736029191,95.41339472048003,131.12009208066038,59.70669736040947,95.41339472064496,131.12009208083992
