time,s1,s2,s3,s4,s5,s6
0.0,20.0,20.0,20.0,20.000000000000004,20.0,20.0
1.0,59.23639368193226,94.47278736388355,129.70918104580403,59.23639368194416,94.47278736388293,129.70918104580713
