time,s1,s2,s3,s4,s5,s6
0.0,20.0,20.0,20.0,20.000000000000004,20.0,20.0
1.0,53.54065638801659,83.08131277605,112.6219691640578,53.540656388018874,83.08131277605432,112.62196916405968
