time,s1,s2,s3,s4,s5,s6
0.0,20.0,20.0,20.0,20.000000000000004,20.0,20.0
1.0,57.793190071686965,91.58638014339047,125.37957021506088,57.79319007170493,91.58638014340119,125.37957021506386
