time,s1,s2,s3,s4,s5,s6
0.0,20.0,20.0,20.0,20.000000000000004,20.0,20.0
1.0,58.05534092020551,92.11068184043384,126.16602276062463,58.05534092021589,92.11068184043079,126.16602276062615
