time,s1,s2,s3,s4,s5,s6
0.0,20.0,20.0,20.0,20.000000000000004,20.0,20.0
1.0,51.28761248810512,78.5752249762373,105.86283746433764,51.28761248811062,78.57522497623631,105.86283746433469
