time,s1,s2,s3,s4,s5,s6
0.0,20.0,20.0,20.0,20.000000000000004,20.0,20.0
1.0,54.52517327730027,85.0503465546278,115.57551983193284,54.52517327731133,85.05034655463865,115.57551983192586
