time,s1,s2,s3,s4,s5,s6
0.0,20.0,20.0,20.0,20.000000000000004,20.0,20.0
1.0,53.14891899877372,82.29783799754786,111.44675699628051,53.148918998776985,82.29783799755211,111.44675699628135
