time,s1,s2,s3,s4,s5,s6
0.0,20.0,20.0,20.0,20.000000000000004,20.0,20.0
1.0,61.591365996598256,99.18273199322064,136.77409798979542,61.59136599660577,99.18273199322098,136.77409798979005
