time,s1,s2,s3,s4,s5,s6
0.0,20.0,20.0,20.0,20.000000000000004,20.0,20.0
1.0,57.65460118910749,91.3092023782231,124.96380356729202,57.654601189114864,91.30920237822055,124.96380356729277
