time,s1,s2,s3,s4,s5,s6
0.0,20.0,20.0,20.0,20.000000000000004,20.0,20.0
1.0,54.895718307495656,85.79143661501267,116.68715492251619,54.895718307507565,85.79143661502687,116.6871549225217
