time,s1,s2,s3,s4,s5,s6
0.0,20.0,20.0,20.0,20.000000000000004,20.0,20.0
1.0,54.07880372987486,84.1576074597726,114.23641118963496,54.07880372988522,84.15760745978321,114.23641118963937
