time,s1,s2,s3,s4,s5,s6
0.0,20.0,20.0,20.0,20.000000000000004,20.0,20.0
1.0,54.43838804312415,84.87677608626987,115.3151641293841,54.438388043135376,84.87677608627737,115.31516412938959
