time,s1,s2,s3,s4,s5,s6
0.0,20.0,20.0,20.0,20.000000000000004,20.0,20.0
1.0,57.93850160759389,91.87700321521639,125.81550482278519,57.93850160760849,91.87700321521311,125.81550482278391
