time,s1,s2,s3,s4,s5,s6
0.0,20.0,20.0,20.0,20.000000000000004,20.0,20.0
1.0,58.54877710391487,93.09755420783453,127.64633131172084,58.54877710391541,93.09755420783583,127.6463313117075
