time,s1,s2,s3,s4,s5,s6
0.0,20.0,20.0,20.0,20.000000000000004,20.0,20.0
1.0,64.54633454348465,105.09266908700008,145.63900363047563,64.54633454349538,105.0926690869982,145.6390036304653
