time,s1,s2,s3,s4,s5,s6
0.0,20.0,20.0,20.0,20.000000000000004,20.0,20.0
1.0,63.32076512489958,102.64153024980877,141.96229537467013,63.32076512490542,102.64153024981144,141.96229537467244
