time,s1,s2,s3,s4,s5,s6
0.0,20.0,20.0,20.0,20.000000000000004,20.0,20.0
1.0,56.83597200149141,89.67194400299078,122.50791600446345,56.83597200149684,89.67194400299849,122.5079160044611
