time,s1,s2,s3,s4,s5,s6
0.0,20.0,20.0,20.0,20.000000000000004,20.0,20.0
1.0,59.25193222131057,94.50386444264147,129.75579666394648,59.251932221314405,94.50386444264694,129.75579666396092
