time,s1,s2,s3,s4,s5,s6
0.0,20.0,20.0,20.0,20.000000000000004,20.0,20.0
1.0,62.17896876736889,100.35793753474326,138.5369063020881,62.178968767367465,100.35793753474546,138.53690630208197
