time,s1,s2,s3,s4,s5,s6
0.0,20.0,20.0,20.0,20.000000000000004,20.0,20.0
1.0,54.69511127662376,85.39022255326094,116.08533382984731,54.695111276625184,85.3902225532525,116.08533382984179
