time,s1,s2,s3,s4,s5,s6
0.0,20.0,20.0,20.0,20.000000000000004,20.0,20.0
1.0,54.72306180550551,85.44612361103128,116.16918541651913,54.723061805511264,85.44612361103354,116.16918541652075
