time,s1,s2,s3,s4,s5,s6
0.0,20.0,20.0,20.0,20.000000000000004,20.0,20.0
1.0,57.87034002331262,91.74068004664215,125.61102006991385,57.87034002332032,91.74068004663975,125.61102006990747
