time,s1,s2,s3,s4,s5,s6
0.0,20.0,20.0,20.0,20.000000000000004,20.0,20.0
1.0,53.34633812773514,82.69267625548932,112.0390143832301,53.346338127734086,82.69267625549372,112.03901438323295
