time,s1,s2,s3,s4,s5,s6
0.0,20.0,20.0,20.0,20.000000000000004,20.0,20.0
1.0,57.88821263498774,91.77642527000017,125.66463790495743,57.88821263500123,91.77642526999989,125.66463790496056
