time,s1,s2,s3,s4,s5,s6
0.0,20.0,20.0,20.0,20.000000000000004,20.0,20.0
1.0,57.482354093952715,90.96470818791079,124.44706228180841,57.48235409395161,90.96470818790876,124.44706228181239
