time,s1,s2,s3,s4,s5,s6
0.0,20.0,20.0,20.0,20.000000000000004,20.0,20.0
1.0,53.27357058392478,82.54714116786919,111.820711751781,53.27357058393111,82.54714116787281,111.82071175178177
