time,s1,s2,s3,s4,s5,s6
0.0,20.0,20.0,20.0,20.000000000000004,20.0,20.0
1.0,56.33405093292269,88.66810186586545,121.00215279874597,56.33405093292733,88.66810186586277,121.00215279874905
