time,s1,s2,s3,s4,s5,s6
0.0,20.0,20.0,20.0,20.000000000000004,20.0,20.0
1.0,56.40829210526158,88.81658421054425,121.22487631576772,56.40829210526376,88.81658421054183,121.22487631577067
