time,s1,s2,s3,s4,s5,s6
0.0,20.0,20.0,20.0,20.000000000000004,20.0,20.0
1.0,52.90263784037701,81.80527568077287,110.70791352112644,52.90263784038174,81.80527568077737,110.7079135211299
