time,s1,s2,s3,s4,s5,s6
0.0,20.0,20.0,20.0,20.000000000000004,20.0,20.0
1.0,56.86089959686426,89.72179919375168,122.58269879060092,56.860899596870034,89.72179919375614,122.58269879060737
