time,s1,s2,s3,s4,s5,s6
0.0,20.0,20.0,20.0,20.000000000000004,20.0,20.0
1.0,59.862535113683734,95.72507022737955,131.5876053410295,59.862535113679556,95.72507022736951,131.58760534102248
