time,s1,s2,s3,s4,s5,s6
0.0,20.0,20.0,20.0,20.000000000000004,20.0,20.0
1.0,55.21209612819683,86.42419225642557,117.63628838463524,55.21209612820661,86.42419225643795,117.63628838463671
