time,s1,s2,s3,s4,s5,s6
0.0,20.0,20.0,20.0,20.000000000000004,20.0,20.0
1.0,51.70836877525264,79.4167375505132,107.1251063257452,51.708368775258094,79.41673755051747,107.12510632574886
