time,s1,s2,s3,s4,s5,s6
0.0,20.0,20.0,20.0,20.000000000000004,20.0,20.0
1.0,57.48977313794471,90.97954627590636,124.46931941380731,57.489773137947665,90.9795462759034,124.4693194138074
