time,s1,s2,s3,s4,s5,s6
0.0,20.0,20.0,20.0,20.000000000000004,20.0,20.0
1.0,52.83685992957093,81.67371985917029,110.51057978872424,52.8368599295825,81.67371985917987,110.51057978872788
