time,s1,s2,s3,s4,s5,s6
0.0,20.0,20.0,20.0,20.000000000000004,20.0,20.0
1.0,54.83778673676514,85.67557347353868,116.51336021028784,54.83778673677651,85.67557347354574,116.51336021028968
