time,s1,s2,s3,s4,s5,s6
0.0,20.0,20.0,20.0,20.000000000000004,20.0,20.0
1.0,61.31486424514979,98.62972849030412,135.94459273542208,61.314864245154105,98.62972849030402,135.94459273541347
