time,s1,s2,s3,s4,s5,s6
0.0,20.0,20.0,20.0,20.000000000000004,20.0,20.0
1.0,55.965379049271306,87.93075809857893,119.8961371478548,55.965379049276486,87.93075809858898,119.89613714785844
