time,s1,s2,s3,s4,s5,s6
0.0,20.0,20.0,20.0,20.000000000000004,20.0,20.0
1.0,57.917714990962125,91.8354299819431,125.75314497286956,57.917714990968825,91.83542998193869,125.75314497286158
