time,s1,s2,s3,s4,s5,s6
0.0,20.0,20.0,20.0,20.000000000000004,20.0,20.0
1.0,61.20622392645887,98.4124478529319,135.61867177935247,61.206223926465015,98.41244785292767,135.61867177935153
