time,s1,s2,s3,s4,s5,s6
0.0,20.0,20.0,20.0,20.000000000000004,20.0,20.0
1.0,53.94600669803437,83.89201339607419,113.83802009408991,53.94600669804108,83.89201339607777,113.83802009409658
