time,s1,s2,s3,s4,s5,s6
0.0,20.0,20.0,20.0,20.000000000000004,20.0,20.0
1.0,59.51170531787032,95.02341063575199,130.53511595362482,59.5117053178751,95.02341063576165,130.53511595362593
