time,s1,s2,s3,s4,s5,s6
0.0,20.0,20.0,20.0,20.000000000000004,20.0,20.0
1.0,57.28556182240584,90.57112364484829,123.85668546724386,57.285561822419616,90.57112364485,123.85668546723538
