time,s1,s2,s3,s4,s5,s6
0.0,20.0,20.0,20.0,20.000000000000004,20.0,20.0
1.0,52.407990955252075,80.81598191053372,109.2239728657736,52.407990955261205,80.81598191053548,109.22397286577147
