time,s1,s2,s3,s4,s5,s6
0.0,20.0,20.0,20.0,20.000000000000004,20.0,20.0
1.0,60.00248771540764,96.00497543083297,132.00746314622944,60.00248771541152,96.00497543083642,132.00746314622475
