time,s1,s2,s3,s4,s5,s6
0.0,20.0,20.0,20.0,20.000000000000004,20.0,20.0
1.0,55.93572204754118,87.87144409510405,119.8071661426126,55.93572204755147,87.87144409510577,119.80716614262339
