time,s1,s2,s3,s4,s5,s6
0.0,20.0,20.0,20.0,20.000000000000004,20.0,20.0
1.0,53.515491020935755,83.03098204188737,112.54647306281124,53.515491020945554,83.03098204189952,112.54647306281136
