time,s1,s2,s3,s4,s5,s6
0.0,20.0,20.0,20.0,20.000000000000004,20.0,20.0
1.0,54.656571965549745,85.31314393111168,115.969715896651,54.65657196555216,85.3131439311191,115.96971589665056
