time,s1,s2,s3,s4,s5,s6
0.0,20.0,20.0,20.0,20.000000000000004,20.0,20.0
1.0,53.41596202844831,82.83192405690968,112.24788608533994,53.4159620284605,82.83192405692648,112.24788608535667
