time,s1,s2,s3,s4,s5,s6
0.0,20.0,20.0,20.0,20.000000000000004,20.0,20.0
1.0,56.806470196991185,89.61294039399647,122.41941059093651,56.80647019699309,89.61294039398946,122.41941059093294
