time,s1,s2,s3,s4,s5,s6
0.0,20.0,20.0,20.0,20.000000000000004,20.0,20.0
1.0,53.947999998275975,83.89599999656699,113.84399999481937,53.9479999982821,83.89599999656393,113.843999994821
