time,s1,s2,s3,s4,s5,s6
0.0,20.0,20.0,20.0,20.000000000000004,20.0,20.0
1.0,57.11612280515813,90.23224561033678,123.34836841544018,57.116122805166746,90.23224561032725,123.34836841543753
