time,s1,s2,s3,s4,s5,s6
0.0,20.0,20.0,20.0,20.000000000000004,20.0,20.0
1.0,56.57692733319831,89.15385466642253,121.7307819995865,56.57692733320405,89.15385466641536,121.73078199957787
