time,s1,s2,s3,s4,s5,s6
0.0,20.0,20.0,20.0,20.000000000000004,20.0,20.0
1.0,58.362512222662446,92.7250244453567,127.08753666799034,58.36251222266556,92.72502444534189,127.08753666798317
