time,s1,s2,s3,s4,s5,s6
0.0,20.0,20.0,20.0,20.000000000000004,20.0,20.0
1.0,55.58352551325363,87.16705102654373,118.750576539799,55.583525513261996,87.16705102655085,118.75057653979667
