time,s1,s2,s3,s4,s5,s6
0.0,20.0,20.0,20.0,20.000000000000004,20.0,20.0
1.0,52.97451385392898,81.94902770787958,110.9235415617972,52.97451385393657,81.94902770788194,110.92354156179502
