time,s1,s2,s3,s4,s5,s6
0.0,20.0,20.0,20.0,20.000000000000004,20.0,20.0
1.0,57.65495576649117,91.3099115330059,124.96486729946098,57.654955766503434,91.30991153301017,124.96486729946707
