time,s1,s2,s3,s4,s5,s6
0.0,20.0,20.0,20.0,20.000000000000004,20.0,20.0
1.0,54.39585281425357,84.79170562851687,115.18755844275451,54.39585281426104,84.79170562851999,115.18755844275806
