time,s1,s2,s3,s4,s5,s6
0.0,20.0,20.0,20.0,20.000000000000004,20.0,20.0
1.0,50.93797921503675,77.87595843008529,104.81393764507604,50.937979215043,77.87595843008556,104.81393764507007
