time,s1,s2,s3,s4,s5,s6
0.0,20.0,20.0,20.0,20.000000000000004,20.0,20.0
1.0,58.887651503182596,93.77530300638927,128.66295450954973,58.887651503189275,93.7753030063848,128.66295450954675
