time,s1,s2,s3,s4,s5,s6
0.0,20.0,20.0,20.0,20.000000000000004,20.0,20.0
1.0,61.73783118454148,99.47566236911493,137.21349355363336,61.737831184559795,99.4756623691186,137.21349355362662
