time,s1,s2,s3,s4,s5,s6
0.0,20.0,20.0,20.0,20.000000000000004,20.0,20.0
1.0,52.25191112084599,80.50382224172658,108.75573336256043,52.25191112086128,80.50382224173033,108.75573336256001
