time,s1,s2,s3,s4,s5,s6
0.0,20.0,20.0,20.0,20.000000000000004,20.0,20.0
1.0,57.085005684085246,90.17001136819624,123.25501705228348,57.08500568409819,90.17001136820804,123.25501705228146
