time,s1,s2,s3,s4,s5,s6
0.0,20.0,20.0,20.0,20.000000000000004,20.0,20.0
1.0,57.564652395683694,91.12930479137904,124.6939571870478,57.564652395685954,91.12930479138137,124.69395718705529
