time,s1,s2,s3,s4,s5,s6
0.0,20.0,20.0,20.0,20.000000000000004,20.0,20.0
1.0,61.26226646093839,98.52453292187255,135.78679938275397,61.262266460938605,98.52453292186564,135.78679938274587
