time,s1,s2,s3,s4,s5,s6
0.0,20.0,20.0,20.0,20.000000000000004,20.0,20.0
1.0,53.612927136464506,83.22585427293144,112.83878140936812,53.61292713646655,83.22585427293238,112.83878140936869
