time,s1,s2,s3,s4,s5,s6
0.0,20.0,20.0,20.0,20.000000000000004,20.0,20.0
1.0,65.34638651593579,106.69277303188491,148.0391595477846,65.34638651593717,106.69277303187961,148.03915954777722
