time,s1,s2,s3,s4,s5,s6
0.0,20.0,20.0,20.0,20.000000000000004,20.0,20.0
1.0,53.593184033785114,83.1863680675767,112.77955210133274,53.59318403378411,83.18636806758684,112.77955210133507
