time,s1,s2,s3,s4,s5,s6
0.0,20.0,20.0,20.0,20.000000000000004,20.0,20.0
1.0,55.548130725947644,87.0962614519217,118.64439217785059,55.54813072594792,87.09626145192262,118.64439217785196
