time,s1,s2,s3,s4,s5,s6
0.0,20.0,20.0,20.0,20.000000000000004,20.0,20.0
1.0,53.17841044244122,82.35682088489568,111.53523132733133,53.17841044245808,82.35682088491342,111.5352313273325
