time,s1,s2,s3,s4,s5,s6
0.0,20.0,20.0,20.0,20.000000000000004,20.0,20.0
1.0,52.596683902636585,81.19336780530631,109.79005170793643,52.59668390265433,81.1933678053171,109.79005170793138
