time,s1,s2,s3,s4,s5,s6
0.0,20.0,20.0,20.0,20.000000000000004,20.0,20.0
1.0,53.9236887670463,83.84737753410346,113.77106630113849,53.923688767056404,83.84737753411481,113.77106630114505
