time,s1,s2,s3,s4,s5,s6
0.0,20.0,20.0,20.0,20.000000000000004,20.0,20.0
1.0,57.61402956599797,91.22805913201674,124.84208869800295,57.614029566011375,91.2280591320295,124.84208869800314
