time,s1,s2,s3,s4,s5,s6
0.0,20.0,20.0,20.0,20.000000000000004,20.0,20.0
1.0,53.4609391285273,82.92187825706543,112.38281738557552,53.46093912853324,82.92187825707569,112.38281738558491
