time,s1,s2,s3,s4,s5,s6
0.0,20.0,20.0,20.0,20.000000000000004,20.0,20.0
1.0,56.59767485087529,89.19534970178744,121.7930245526438,56.597674850891664,89.19534970178866,121.79302455263934
