time,s1,s2,s3,s4,s5,s6
0.0,20.0,20.0,20.0,20.000000000000004,20.0,20.0
1.0,54.91980838731524,85.83961677464262,116.75942516193322,54.919808387314426,85.83961677464363,116.75942516193645
