time,s1,s2,s3,s4,s5,s6
0.0,20.0,20.0,20.0,20.000000000000004,20.0,20.0
1.0,53.16542081641412,82.33084163284234,111.4962624492245,53.16542081642366,82.33084163284195,111.49626244922347
