time,s1,s2,s3,s4,s5,s6
0.0,20.0,20.0,20.0,20.000000000000004,20.0,20.0
1.0,55.76791782795199,87.53583565591764,119.30375348385235,55.76791782795968,87.53583565592257,119.30375348385769
