time,s1,s2,s3,s4,s5,s6
0.0,20.0,20.0,20.0,20.000000000000004,20.0,20.0
1.0,56.80089563928509,89.60179127858933,122.40268691783882,56.80089563929009,89.60179127858838,122.40268691782408
