time,s1,s2,s3,s4,s5,s6
0.0,20.0,20.0,20.0,20.000000000000004,20.0,20.0
1.0,57.46714618627988,90.93429237259005,124.40143855885427,57.467146186285156,90.93429237258418,124.40143855884452
