time,s1,s2,s3,s4,s5,s6
0.0,20.0,20.0,20.0,20.000000000000004,20.0,20.0
1.0,62.52143189878599,101.04286379759593,139.56429569634645,62.52143189879632,101.04286379759202,139.5642956963468
