time,s1,s2,s3,s4,s5,s6
0.0,20.0,20.0,20.0,20.000000000000004,20.0,20.0
1.0,59.44269328941915,94.8853865788534,130.32807986823263,59.44269328941648,94.88538657884735,130.3280798682332
