time,s1,s2,s3,s4,s5,s6
0.0,20.0,20.0,20.0,20.000000000000004,20.0,20.0
1.0,57.82321226249658,91.64642452499828,125.46963678746957,57.823212262501634,91.6464245249977,125.46963678747349
