time,s1,s2,s3,s4,s5,s6
0.0,20.0,20.0,20.0,20.000000000000004,20.0,20.0
1.0,51.17940319725099,78.35880639452509,105.53820959176801,51.17940319725862,78.35880639453553,105.53820959177045
