time,s1,s2,s3,s4,s5,s6
0.0,20.0,20.0,20.0,20.000000000000004,20.0,20.0
1.0,52.145787882519045,80.29157576504993,108.43736364754741,52.145787882526015,80.29157576505412,108.43736364755028
