time,s1,s2,s3,s4,s5,s6
0.0,20.0,20.0,20.0,20.000000000000004,20.0,20.0
1.0,57.59542376516662,91.19084753034609,124.78627129548443,57.595423765168725,91.19084753034673,124.78627129548539
