time,s1,s2,s3,s4,s5,s6
0.0,20.0,20.0,20.0,20.000000000000004,20.0,20.0
1.0,58.61408683230762,93.22817366463403,127.84226049692452,58.61408683231721,93.22817366463572,127.84226049692438
