time,s1,s2,s3,s4,s5,s6
0.0,20.0,20.0,20.0,20.000000000000004,20.0,20.0
1.0,58.24365622848792,92.48731245699209,126.73096868544567,58.24365622849511,92.48731245698588,126.73096868544592
