time,s1,s2,s3,s4,s5,s6
0.0,20.0,20.0,20.0,20.000000000000004,20.0,20.0
1.0,54.20013222432645,84.40026444865717,114.60039667295351,54.20013222432542,84.4002644486533,114.60039667295021
