time,s1,s2,s3,s4,s5,s6
0.0,20.0,20.0,20.0,20.000000000000004,20.0,20.0
1.0,59.2624349819349,94.52486996389847,129.78730494581953,59.26243498194111,94.52486996389534,129.78730494581825
