time,s1,s2,s3,s4,s5,s6
0.0,20.0,20.0,20.0,20.000000000000004,20.0,20.0
1.0,56.59263589270675,89.18527178542976,121.77790767810842,56.59263589271897,89.18527178543813,121.77790767810802
