time,s1,s2,s3,s4,s5,s6
0.0,20.0,20.0,20.0,20.000000000000004,20.0,20.0
1.0,54.05698498746702,84.11396997494208,114.17095496238991,54.05698498747914,84.11396997494913,114.1709549623975
