time,s1,s2,s3,s4,s5,s6
0.0,20.0,20.0,20.0,20.000000000000004,20.0,20.0
1.0,53.45174087150113,82.90348174301624,112.35522261449812,53.45174087151407,82.90348174302656,112.35522261450421
