time,s1,s2,s3,s4,s5,s6
0.0,20.0,20.0,20.0,20.000000000000004,20.0,20.0
1.0,54.96129802524092,85.92259605051007,116.88389407574596,54.9612980252527,85.92259605052026,116.88389407575177
