time,s1,s2,s3,s4,s5,s6
0.0,20.0,20.0,20.0,20.000000000000004,20.0,20.0
1.0,56.00918815525579,88.01837631051727,120.02756446574514,56.009188155261306,88.01837631051514,120.02756446573943
