time,s1,s2,s3,s4,s5,s6
0.0,20.0,20.0,20.0,20.000000000000004,20.0,20.0
1.0,64.07720770595736,104.15441541193125,144.2316231178798,64.07720770595063,104.15441541193123,144.23162311787124
