time,s1,s2,s3,s4,s5,s6
0.0,20.0,20.0,20.0,20.000000000000004,20.0,20.0
1.0,61.686868368332256,99.37373673668078,137.06060510497207,61.68686836833577,99.37373673667236,137.06060510496175
