time,s1,s2,s3,s4,s5,s6
0.0,20.0,20.0,20.0,20.000000000000004,20.0,20.0
1.0,60.01206372443673,96.02412744888478,132.03619117331846,60.01206372445007,96.02412744889244,132.03619117331544
