time,s1,s2,s3,s4,s5,s6
0.0,20.0,20.0,20.0,20.000000000000004,20.0,20.0
1.0,48.62963186761763,73.25926373523713,97.88889560283911,48.629631867629996,73.2592637352476,97.88889560283435
