time,s1,s2,s3,s4,s5,s6
0.0,20.0,20.0,20.0,20.000000000000004,20.0,20.0
1.0,56.51218136285537,89.02436272572648,121.53654408856056,56.5121813628658,89.02436272573135,121.53654408855874
