time,s1,s2,s3,s4,s5,s6
0.0,20.0,20.0,20.0,20.000000000000004,20.0,20.0
1.0,61.80683637117461,99.6136727423623,137.4205091135192,61.80683637117592,99.61367274237125,137.42050911352504
