time,s1,s2,s3,s4,s5,s6
0.0,20.0,20.0,20.0,20.000000000000004,20.0,20.0
1.0,54.52520620940021,85.05041241882017,115.57561862821355,54.525206209411756,85.05041241883038,115.57561862820926
