time,s1,s2,s3,s4,s5,s6
0.0,20.0,20.0,20.0,20.000000000000004,20.0,20.0
1.0,59.034288836447686,94.06857767291487,129.10286650935285,59.0342888364546,94.06857767292053,129.10286650934782
