time,s1,s2,s3,s4,s5,s6
0.0,20.0,20.0,20.0,20.000000000000004,20.0,20.0
1.0,52.66703174172571,81.33406348347756,110.00109522518423,52.66703174173859,81.33406348348386,110.00109522518267
