time,s1,s2,s3,s4,s5,s6
0.0,20.0,20.0,20.0,20.000000000000004,20.0,20.0
1.0,52.65510903556783,81.31021807115152,109.96532710668438,52.65510903557149,81.3102180711553,109.96532710668768
