time,s1,s2,s3,s4,s5,s6
0.0,20.0,20.0,20.0,20.000000000000004,20.0,20.0
1.0,59.668129401757184,95.33625880353439,131.00438820528794,59.66812940176708,95.33625880353955,131.00438820529502
