time,s1,s2,s3,s4,s5,s6
0.0,20.0,20.0,20.0,20.000000000000004,20.0,20.0
1.0,65.69609160017718,107.39218320036814,149.08827480052355,65.69609160018555,107.3921832003696,149.08827480051943
