time,s1,s2,s3,s4,s5,s6
0.0,20.0,20.0,20.0,20.000000000000004,20.0,20.0
1.0,51.23399652205761,78.46799304414668,105.70198956617867,51.23399652206046,78.46799304414179,105.70198956617861
