time,s1,s2,s3,s4,s5,s6
0.0,20.0,20.0,20.0,20.000000000000004,20.0,20.0
1.0,54.88394271268609,85.76788542538658,116.65182813805839,54.883942712695614,85.76788542539329,116.65182813805927
