time,s1,s2,s3,s4,s5,s6
0.0,20.0,20.0,20.0,20.000000000000004,20.0,20.0
1.0,57.883844557559875,91.76768911513986,125.65153367267463,57.88384455757052,91.76768911514152,125.65153367266672
