time,s1,s2,s3,s4,s5,s6
0.0,20.0,20.0,20.0,20.000000000000004,20.0,20.0
1.0,57.66707380291385,91.33414760584088,125.00122140873582,57.667073802929394,91.3341476058525,125.0012214087366
