time,s1,s2,s3,s4,s5,s6
0.0,20.0,20.0,20.0,20.000000000000004,20.0,20.0
1.0,55.25883300560316,86.51766601123461,117.7764990168242,55.258833005616694,86.5176660112396,117.77649901683044
