time,s1,s2,s3,s4,s5,s6
0.0,20.0,20.0,20.0,20.000000000000004,20.0,20.0
1.0,52.2158912828618,80.43178256574494,108.64767384859657,52.215891282876825,80.43178256575487,108.64767384858958
