time,s1,s2,s3,s4,s5,s6
0.0,20.0,20.0,20.0,20.000000000000004,20.0,20.0
1.0,58.203729935658835,92.40745987133872,126.61118980695312,58.203729935666374,92.40745987133567,126.61118980695394
