time,s1,s2,s3,s4,s5,s6
0.0,20.0,20.0,20.0,20.000000000000004,20.0,20.0
1.0,53.545525448279655,83.09105089656528,112.63657634481939,53.54552544828174,83.09105089657679,112.63657634482192
