time,s1,s2,s3,s4,s5,s6
0.0,20.0,20.0,20.0,20.000000000000004,20.0,20.0
1.0,55.49109846983907,86.98219693969705,118.47329540950366,55.49109846984338,86.98219693969665,118.4732954095008
