time,s1,s2,s3,s4,s5,s6
0.0,20.0,20.0,20.0,20.000000000000004,20.0,20.0
1.0,56.07050948269041,88.14101896539871,120.21152844807324,56.070509482705425,88.14101896540662,120.21152844806794
