time,s1,s2,s3,s4,s5,s6
0.0,20.0,20.0,20.0,20.000000000000004,20.0,20.0
1.0,61.3912763036184,98.78255260724796,136.1738289108424,61.391276303628615,98.78255260725395,136.1738289108396
