time,s1,s2,s3,s4,s5,s6
0.0,20.0,20.0,20.0,20.000000000000004,20.0,20.0
1.0,63.67850462783251,103.35700925568267,143.03551388351724,63.678504627844575,103.35700925569509,143.0355138835171
