time,s1,s2,s3,s4,s5,s6
0.0,20.0,20.0,20.0,20.000000000000004,20.0,20.0
1.0,54.75854491426482,85.5170898285471,116.27563474277449,54.75854491427445,85.5170898285416,116.27563474277076
