time,s1,s2,s3,s4,s5,s6
0.0,20.0,20.0,20.0,20.000000000000004,20.0,20.0
1.0,59.431579753986924,94.86315950798158,130.29473926196422,59.43157975399676,94.86315950798863,130.29473926196914
