time,s1,s2,s3,s4,s5,s6
0.0,20.0,20.0,20.0,20.000000000000004,20.0,20.0
1.0,57.74679369287983,91.49358738578542,125.24038107864155,57.74679369288987,91.49358738578663,125.24038107864146
