time,s1,s2,s3,s4,s5,s6
0.0,20.0,20.0,20.0,20.000000000000004,20.0,20.0
1.0,55.74198990503518,87.4839798100865,119.22596971510515,55.74198990504192,87.48397981009116,119.22596971509829
