time,s1,s2,s3,s4,s5,s6
0.0,20.0,20.0,20.0,20.000000000000004,20.0,20.0
1.0,53.239557728093644,82.47911545622225,111.71867318430809,53.23955772810023,82.47911545623084,111.71867318431251
