time,s1,s2,s3,s4,s5,s6
0.0,20.0,20.0,20.0,20.000000000000004,20.0,20.0
1.0,55.63920187444475,87.27840374891619,118.91760562333747,55.639201874456234,87.27840374891144,118.91760562334174
