time,s1,s2,s3,s4,s5,s6
0.0,20.0,20.0,20.0,20.000000000000004,20.0,20.0
1.0,58.04854803126447,92.09709606254111,126.14564409377863,58.04854803127517,92.09709606254565,126.14564409378059
