time,s1,s2,s3,s4,s5,s6
0.0,20.0,20.0,20.0,20.000000000000004,20.0,20.0
1.0,58.200799209341156,92.4015984186984,126.60239762800043,58.200799209346,92.40159841869382,126.60239762799841
