time,s1,s2,s3,s4,s5,s6
0.0,20.0,20.0,20.0,20.000000000000004,20.0,20.0
1.0,50.980764590072866,77.96152918018117,104.94229377022964,50.980764590084256,77.96152918017559,104.94229377022309
