time,s1,s2,s3,s4,s5,s6
0.0,20.0,20.0,20.0,20.000000000000004,20.0,20.0
1.0,53.79030936490135,83.58061872982032,113.37092809469259,53.79030936490825,83.58061872982131,113.3709280946945
