time,s1,s2,s3,s4,s5,s6
0.0,20.0,20.0,20.0,20.000000000000004,20.0,20.0
1.0,56.52024519485819,89.04049038971657,121.56073558451956,56.520245194860266,89.0404903897177,121.5607355845222
