time,s1,s2,s3,s4,s5,s6
0.0,20.0,20.0,20.0,20.000000000000004,20.0,20.0
1.0,55.34090148210828,86.68180296423606,118.02270444632555,55.340901482114454,86.68180296423965,118.02270444632215
