time,s1,s2,s3,s4,s5,s6
0.0,20.0,20.0,20.0,20.000000000000004,20.0,20.0
1.0,53.93008595026607,83.86017190054747,113.79025785080165,53.9300859502782,83.86017190055645,113.79025785080267
