time,s1,s2,s3,s4,s5,s6
0.0,20.0,20.0,20.0,20.000000000000004,20.0,20.0
1.0,54.1745233438196,84.3490466876502,114.52357003144003,54.17452334382394,84.34904668764517,114.52357003144212
