time,s1,s2,s3,s4,s5,s6
0.0,20.0,20.0,20.0,20.000000000000004,20.0,20.0
1.0,54.074116663763434,84.14823332752408,114.22234999122873,54.07411666378125,84.1482333275321,114.22234999123562
