time,s1,s2,s3,s4,s5,s6
0.0,20.0,20.0,20.0,20.000000000000004,20.0,20.0
1.0,51.78802828095649,79.57605656193977,107.36408484287472,51.78802828096488,79.57605656194215,107.36408484287173
