time,s1,s2,s3,s4,s5,s6
0.0,20.0,20.0,20.0,20.000000000000004,20.0,20.0
1.0,54.323785122084274,84.64757024418876,114.97135536626483,54.32378512209212,84.64757024419686,114.97135536626544
