time,s1,s2,s3,s4,s5,s6
0.0,20.0,20.0,20.0,20.000000000000004,20.0,20.0
1.0,63.578004688107406,103.15600937622756,142.73401406433382,63.57800468811203,103.15600937624114,142.73401406434778
