time,s1,s2,s3,s4,s5,s6
0.0,20.0,20.0,20.0,20.000000000000004,20.0,20.0
1.0,55.03551573164607,86.07103146331107,117.10654719495109,55.035515731646406,86.07103146330785,117.10654719495642
