time,s1,s2,s3,s4,s5,s6
0.0,20.0,20.0,20.0,20.000000000000004,20.0,20.0
1.0,53.819289737349614,83.63857947471635,113.4578692120697,53.8192897373654,83.63857947472992,113.45786921208096
