time,s1,s2,s3,s4,s5,s6
0.0,20.0,20.0,20.0,20.000000000000004,20.0,20.0
1.0,54.480098623634845,84.96019724729496,115.4402958709175,54.48009862364929,84.96019724730233,115.44029587091904
