time,s1,s2,s3,s4,s5,s6
0.0,20.0,20.0,20.0,20.000000000000004,20.0,20.0
1.0,61.54302366227347,99.08604732455862,136.62907098682746,61.543023662282074,99.08604732456718,136.62907098683053
