time,s1,s2,s3,s4,s5,s6
0.0,20.0,20.0,20.0,20.000000000000004,20.0,20.0
1.0,58.70973577632356,93.41947155265417,128.12920732895958,58.709735776339386,93.41947155266442,128.12920732896444
