time,s1,s2,s3,s4,s5,s6
0.0,20.0,20.0,20.0,20.000000000000004,20.0,20.0
1.0,57.07042727509766,90.14085455021124,123.21128182528923,57.07042727510748,90.14085455021541,123.21128182529006
