time,s1,s2,s3,s4,s5,s6
0.0,20.0,20.0,20.0,20.000000000000004,20.0,20.0
1.0,53.326402888420176,82.65280577685002,111.97920866523273,53.32640288842512,82.65280577685107,111.97920866523924
