time,s1,s2,s3,s4,s5,s6
0.0,20.0,20.0,20.0,20.000000000000004,20.0,20.0
1.0,56.95387834554141,89.90775669111906,122.86163503663937,56.953878345554045,89.90775669111963,122.86163503664231
