time,s1,s2,s3,s4,s5,s6
0.0,20.0,20.0,20.0,20.000000000000004,20.0,20.0
1.0,59.64239828032198,95.28479656065396,130.92719484094414,59.64239828032188,95.28479656065537,130.9271948409439
