time,s1,s2,s3,s4,s5,s6
0.0,20.0,20.0,20.0,20.000000000000004,20.0,20.0
1.0,57.081497444942926,90.16299488990252,123.2444923348107,57.08149744495135,90.16299488989938,123.24449233480892
