time,s1,s2,s3,s4,s5,s6
0.0,20.0,20.0,20.0,20.000000000000004,20.0,20.0
1.0,54.63033108388513,85.26066216778885,115.89099325166563,54.630331083893296,85.26066216779827,115.89099325166983
