time,s1,s2,s3,s4,s5,s6
0.0,20.0,20.0,20.0,20.000000000000004,20.0,20.0
1.0,58.02880972509225,92.05761945021426,126.08642917526515,58.02880972510609,92.05761945021132,126.08642917525617
