time,s1,s2,s3,s4,s5,s6
0.0,20.0,20.0,20.0,20.000000000000004,20.0,20.0
1.0,55.18951169081784,86.37902338166339,117.56853507246824,55.18951169083655,86.37902338166845,117.56853507247851
