time,s1,s2,s3,s4,s5,s6
0.0,20.0,20.0,20.0,20.000000000000004,20.0,20.0
1.0,56.46226697629585,88.92453395261973,121.38680092888882,56.46226697630436,88.92453395260972,121.38680092887785
