time,s1,s2,s3,s4,s5,s6
0.0,20.0,20.0,20.0,20.000000000000004,20.0,20.0
1.0,69.30399986892596,114.60799973787695,159.9119996067912,69.30399986893444,114.60799973788983,159.9119996067933
