time,s1,s2,s3,s4,s5,s6
0.0,20.0,20.0,20.0,20.000000000000004,20.0,20.0
1.0,53.60936204001675,83.21872408004285,112.82808612005047,53.60936204002222,83.21872408004843,112.8280861200513
