time,s1,s2,s3,s4,s5,s6
0.0,20.0,20.0,20.0,20.000000000000004,20.0,20.0
1.0,51.267450291536164,78.53490058307254,105.80235087458384,51.2674502915438,78.53490058308236,105.80235087458539
