time,s1,s2,s3,s4,s5,s6
0.0,20.0,20.0,20.0,20.000000000000004,20.0,20.0
1.0,57.64297913248838,91.28595826499794,124.92893739747782,57.64297913250206,91.28595826500228,124.9289373974782
