time,s1,s2,s3,s4,s5,s6
0.0,20.0,20.0,20.0,20.000000000000004,20.0,20.0
1.0,57.783241877044375,91.56648375409918,125.34972563112242,57.78324187704773,91.56648375409664,125.34972563111815
