time,s1,s2,s3,s4,s5,s6
0.0,20.0,20.0,20.0,20.000000000000004,20.0,20.0
1.0,60.366082588069816,96.73216517616724,133.09824776421718,60.366082588077575,96.73216517616478,133.09824776421817
