time,s1,s2,s3,s4,s5,s6
0.0,20.0,20.0,20.0,20.000000000000004,20.0,20.0
1.0,52.29156280051775,80.58312560106509,108.87468840157253,52.29156280052746,80.58312560106576,108.87468840157784
