time,s1,s2,s3,s4,s5,s6
0.0,20.0,20.0,20.0,20.000000000000004,20.0,20.0
1.0,50.40934022449414,76.81868044899416,103.2280206734615,50.40934022449596,76.81868044899959,103.22802067345376
