time,s1,s2,s3,s4,s5,s6
0.0,20.0,20.0,20.0,20.000000000000004,20.0,20.0
1.0,64.57360126194564,105.14720252389996,145.72080378580984,64.57360126194655,105.14720252389293,145.72080378580387
