time,s1,s2,s3,s4,s5,s6
0.0,20.0,20.0,20.0,20.000000000000004,20.0,20.0
1.0,56.04965407273086,88.09930814548028,120.14896221817577,56.04965407274262,88.09930814548431,120.14896221816981
