time,s1,s2,s3,s4,s5,s6
0.0,20.0,20.0,20.0,20.000000000000004,20.0,20.0
1.0,53.45903438738128,82.9180687747862,112.37710316214205,53.45903438738782,82.91806877479797,112.377103162149
