time,s1,s2,s3,s4,s5,s6
0.0,20.0,20.0,20.0,20.000000000000004,20.0,20.0
1.0,51.900384858545536,79.80076971712344,107.70115457565493,51.90038485855772,79.80076971712806,107.70115457564707
