time,s1,s2,s3,s4,s5,s6
0.0,20.0,20.0,20.0,20.000000000000004,20.0,20.0
1.0,61.461754281880445,98.9235085637735,136.38526284561797,61.46175428188867,98.92350856377203,136.38526284561672
