time,s1,s2,s3,s4,s5,s6
0.0,20.0,20.0,20.0,20.000000000000004,20.0,20.0
1.0,51.0608652640957,78.12173052821312,105.18259579229382,51.06086526410559,78.12173052822142,105.1825957922895
