time,s1,s2,s3,s4,s5,s6
0.0,20.0,20.0,20.0,20.000000000000004,20.0,20.0
1.0,65.9934582624501,107.98691652490044,149.9803747873137,65.99345826245555,107.98691652490145,149.9803747873034
