time,s1,s2,s3,s4,s5,s6
0.0,20.0,20.0,20.0,20.000000000000004,20.0,20.0
1.0,58.868540198914005,93.73708039783183,128.6056205967156,58.86854019891104,93.73708039782272,128.60562059671327
