time,s1,s2,s3,s4,s5,s6
0.0,20.0,20.0,20.0,20.000000000000004,20.0,20.0
1.0,56.55873800428766,89.11747600860559,121.67621401287138,56.55873800430149,89.117476008605,121.67621401286527
