time,s1,s2,s3,s4,s5,s6
0.0,20.0,20.0,20.0,20.000000000000004,20.0,20.0
1.0,58.050917358851315,92.10183471773732,126.15275207658367,58.05091735886936,92.10183471774408,126.15275207658814
