time,s1,s2,s3,s4,s5,s6
0.0,20.0,20.0,20.0,20.000000000000004,20.0,20.0
1.0,71.11557718829259,118.23115437659625,165.34673156486238,71.1155771882993,118.23115437660385,165.3467315648578
