time,s1,s2,s3,s4,s5,s6
0.0,20.0,20.0,20.0,20.000000000000004,20.0,20.0
1.0,61.031334298829435,98.06266859767138,135.09400289646183,61.03133429882725,98.06266859766325,135.0940028964578
