time,s1,s2,s3,s4,s5,s6
0.0,20.0,20.0,20.0,20.000000000000004,20.0,20.0
1.0,57.30716763021428,90.6143352604266,123.92150289060464,57.307167630215424,90.61433526042588,123.92150289059742
