time,s1,s2,s3,s4,s5,s6
0.0,20.0,20.0,20.0,20.000000000000004,20.0,20.0
1.0,63.47753310277659,102.95506620557711,142.43259930834228,63.47753310278463,102.95506620557734,142.43259930834142
