time,s1,s2,s3,s4,s5,s6
0.0,20.0,20.0,20.0,20.000000000000004,20.0,20.0
1.0,55.09091014080757,86.18182028164392,117.27273042245344,55.09091014081481,86.18182028165297,117.27273042246435
