time,s1,s2,s3,s4,s5,s6
0.0,20.0,20.0,20.0,20.000000000000004,20.0,20.0
1.0,59.339521479632964,94.67904295927083,130.01856443886018,59.33952147963356,94.67904295926088,130.018564438859
