time,s1,s2,s3,s4,s5,s6
0.0,20.0,20.0,20.0,20.000000000000004,20.0,20.0
1.0,57.52510645955361,91.05021291911282,124.57531937860993,57.525106459561435,91.05021291910566,124.57531937859903
