time,s1,s2,s3,s4,s5,s6
0.0,20.0,20.0,20.0,20.000000000000004,20.0,20.0
1.0,60.37224385611398,96.744487712227,133.1167315683228,60.37224385611474,96.74448771223375,133.1167315683167
