time,s1,s2,s3,s4,s5,s6
0.0,20.0,20.0,20.0,20.000000000000004,20.0,20.0
1.0,57.606784980089415,91.21356996019797,124.82035494026317,57.60678498009677,91.21356996019755,124.82035494026066
