time,s1,s2,s3,s4,s5,s6
0.0,20.0,20.0,20.0,20.000000000000004,20.0,20.0
1.0,52.21503012121088,80.43006024243354,108.64509036361916,52.21503012121906,80.43006024244461,108.6450903636183
