time,s1,s2,s3,s4,s5,s6
0.0,20.0,20.0,20.0,20.000000000000004,20.0,20.0
1.0,55.670185698041294,87.34037139610761,119.0105570941338,55.67018569804861,87.34037139611394,119.01055709414055
