time,s1,s2,s3,s4,s5,s6
0.0,20.0,20.0,20.0,20.000000000000004,20.0,20.0
1.0,55.70823895783401,87.41647791569778,119.12471687352951,55.70823895784247,87.41647791570328,119.12471687353364
