time,s1,s2,s3,s4,s5,s6
0.0,20.0,20.0,20.0,20.000000000000004,20.0,20.0
1.0,52.79328919860215,81.58657839721815,110.37986759580536,52.79328919861068,81.58657839721843,110.3798675958077
