time,s1,s2,s3,s4,s5,s6
0.0,20.0,20.0,20.0,20.000000000000004,20.0,20.0
1.0,54.316714968932544,84.63342993788348,114.95014490680518,54.316714968943046,84.63342993789227,114.9501449068164
