time,s1,s2,s3,s4,s5,s6
0.0,20.0,20.0,20.0,20.000000000000004,20.0,20.0
1.0,53.57594802334428,83.15189604670337,112.72784407001987,53.575948023348296,83.15189604670152,112.72784407001951
