time,s1,s2,s3,s4,s5,s6
0.0,20.0,20.0,20.0,20.000000000000004,20.0,20.0
1.0,56.957272071931186,89.91454414388092,122.87181621579174,56.95727207193964,89.91454414388127,122.87181621579272
