time,s1,s2,s3,s4,s5,s6
0.0,20.0,20.0,20.0,20.000000000000004,20.0,20.0
1.0,52.68992636985237,81.37985273971955,110.06977910955631,52.689926369862,81.37985273972484,110.06977910955894
