time,s1,s2,s3,s4,s5,s6
0.0,20.0,20.0,20.0,20.000000000000004,20.0,20.0
1.0,56.57532835687641,89.15065671378082,121.7259850706377,56.575328356892136,89.15065671378969,121.7259850706342
