time,s1,s2,s3,s4,s5,s6
0.0,20.0,20.0,20.0,20.000000000000004,20.0,20.0
1.0,58.09895474129431,92.19790948261918,126.29686422390094,58.098954741307,92.19790948262613,126.29686422390037
