time,s1,s2,s3,s4,s5,s6
0.0,20.0,20.0,20.0,20.000000000000004,20.0,20.0
1.0,63.10167866502283,102.20335733001738,141.3050359948893,63.10167866521911,102.20335733024461,141.3050359951451
