time,s1,s2,s3,s4,s5,s6
0.0,20.0,20.0,20.0,20.000000000000004,20.0,20.0
1.0,56.8673983106068,89.73479662124059,122.60219493183095,56.86739831061105,89.73479662124477,122.60219493183025
