time,s1,s2,s3,s4,s5,s6
0.0,20.0,20.0,20.0,20.000000000000004,20.0,20.0
1.0,51.82026207066103,79.64052414134481,107.46078621197576,51.820262070663865,79.64052414134346,107.46078621197243
