time,s1,s2,s3,s4,s5,s6
0.0,20.0,20.0,20.0,20.000000000000004,20.0,20.0
1.0,53.52198304646592,83.04396609295256,112.56594913940947,53.52198304647556,83.04396609296336,112.56594913941653
