time,s1,s2,s3,s4,s5,s6
0.0,20.0,20.0,20.0,20.000000000000004,20.0,20.0
1.0,51.14738367738718,78.29476735480858,105.44215103218788,51.14738367739234,78.29476735480763,105.44215103218946
