time,s1,s2,s3,s4,s5,s6
0.0,20.0,20.0,20.0,20.000000000000004,20.0,20.0
1.0,50.627617167384926,77.25523433480589,103.88285150217452,50.62761716739129,77.25523433480457,103.8828515021686
