time,s1,s2,s3,s4,s5,s6
0.0,20.0,20.0,20.0,20.000000000000004,20.0,20.0
1.0,57.985409525631596,91.97081905129227,125.95622857690825,57.98540952563944,91.97081905129082,125.95622857690296
