time,s1,s2,s3,s4,s5,s6
0.0,20.0,20.0,20.0,20.000000000000004,20.0,20.0
1.0,59.08855901854059,94.17711803709565,129.26567705563016,59.08855901854441,94.17711803709656,129.26567705562556
