time,s1,s2,s3,s4,s5,s6
0.0,20.0,20.0,20.0,20.000000000000004,20.0,20.0
1.0,57.16634283771889,90.33268567545444,123.49902851315525,57.16634283772697,90.33268567546213,123.49902851315893
