time,s1,s2,s3,s4,s5,s6
0.0,20.0,20.0,20.0,20.000000000000004,20.0,20.0
1.0,56.12515335998023,88.25030671998881,120.37546007996437,56.12515335999376,88.25030671999997,120.37546007996173
