time,s1,s2,s3,s4,s5,s6
0.0,20.0,20.0,20.0,20.000000000000004,20.0,20.0
1.0,54.8585137989203,85.71702759785511,116.57554139675848,54.858513798931746,85.71702759786847,116.57554139676527
