time,s1,s2,s3,s4,s5,s6
0.0,20.0,20.0,20.0,20.000000000000004,20.0,20.0
1.0,52.68890595432599,81.37781190867348,110.06671786297713,52.68890595433461,81.37781190867628,110.06671786297849
