time,s1,s2,s3,s4,s5,s6
0.0,20.0,20.0,20.0,20.000000000000004,20.0,20.0
1.0,52.333708187786655,80.66741637559386,109.00112456336714,52.33370818780169,80.66741637560523,109.00112456336892
