time,s1,s2,s3,s4,s5,s6
0.0,20.0,20.0,20.0,20.000000000000004,20.0,20.0
1.0,54.37030917891178,84.74061835784705,115.11092753673174,54.37030917891952,84.7406183578496,115.1109275367356
