time,s1,s2,s3,s4,s5,s6
0.0,20.0,20.0,20.0,20.000000000000004,20.0,20.0
1.0,51.980897696351946,79.96179539271718,107.94269308905076,51.980897696354646,79.96179539271694,107.94269308904508
