time,s1,s2,s3,s4,s5,s6
0.0,20.0,20.0,20.0,20.000000000000004,20.0,20.0
1.0,56.698493374495015,89.39698674901523,122.09548012347668,56.698493374508075,89.39698674901366,122.09548012347261
