time,s1,s2,s3,s4,s5,s6
0.0,20.0,20.0,20.0,20.000000000000004,20.0,20.0
1.0,56.11619177202192,88.23238354406413,120.34857531605795,56.11619177203381,88.23238354406493,120.34857531606161
