time,s1,s2,s3,s4,s5,s6
0.0,20.0,20.0,20.0,20.000000000000004,20.0,20.0
1.0,57.64495700758128,91.28991401518044,124.93487102272655,57.64495700759599,91.28991401518574,124.93487102271948
