time,s1,s2,s3,s4,s5,s6
0.0,20.0,20.0,20.0,20.000000000000004,20.0,20.0
1.0,63.62746700858122,103.25493401715877,142.88240102569927,63.62746700858061,103.254934017165,142.88240102570592
