time,s1,s2,s3,s4,s5,s6
0.0,20.0,20.0,20.0,20.000000000000004,20.0,20.0
1.0,57.74362261068202,91.4872452213646,125.23086783200321,57.74362261068664,91.48724522136908,125.2308678320046
