time,s1,s2,s3,s4,s5,s6
0.0,20.0,20.0,20.0,20.000000000000004,20.0,20.0
1.0,55.98028502311111,87.96057004626967,119.94085506938833,55.98028502312677,87.96057004627681,119.9408550693931
