time,s1,s2,s3,s4,s5,s6
0.0,20.0,20.0,20.0,20.000000000000004,20.0,20.0
1.0,59.33156386817476,94.66312773638333,129.9946916045882,59.33156386818473,94.66312773639955,129.99469160459972
