time,s1,s2,s3,s4,s5,s6
0.0,20.0,20.0,20.0,20.000000000000004,20.0,20.0
1.0,55.3531612434806,86.70632248697574,118.05948373040361,55.35316124348305,86.70632248697117,118.05948373040285
