time,s1,s2,s3,s4,s5,s6
0.0,20.0,20.0,20.0,20.000000000000004,20.0,20.0
1.0,60.53802285873171,97.07604571747848,133.61406857617976,60.53802285873383,97.07604571747402,133.61406857617493
