time,s1,s2,s3,s4,s5,s6
0.0,20.0,20.0,20.0,20.000000000000004,20.0,20.0
1.0,50.20154704206085,76.40309408414339,102.60464112618277,50.20154704206692,76.40309408414497,102.60464112618413
