time,s1,s2,s3,s4,s5,s6
0.0,20.0,20.0,20.0,20.000000000000004,20.0,20.0
1.0,64.4667138445833,104.9334276891847,145.40014153371877,64.46671384459323,104.93342768917415,145.4001415337047
