time,s1,s2,s3,s4,s5,s6
0.0,20.0,20.0,20.0,20.000000000000004,20.0,20.0
1.0,56.02626987874508,88.05253975751853,120.07880963625317,56.02626987876099,88.05253975752841,120.07880963625229
