time,s1,s2,s3,s4,s5,s6
0.0,20.0,20.0,20.0,20.000000000000004,20.0,20.0
1.0,56.85357311266407,89.7071462253439,122.56071933799629,56.853573112670944,89.70714622534918,122.56071933799764
