time,s1,s2,s3,s4,s5,s6
0.0,20.0,20.0,20.0,20.000000000000004,20.0,20.0
1.0,66.14867560887933,108.29735121790449,150.44602682659215,66.1486756091335,108.2973512181751,150.44602682693267
