time,s1,s2,s3,s4,s5,s6
0.0,20.0,20.0,20.0,20.000000000000004,20.0,20.0
1.0,62.56473610497246,101.1294722099601,139.69420831490925,62.56473610497578,101.12947220995682,139.69420831490396
