time,s1,s2,s3,s4,s5,s6
0.0,20.0,20.0,20.0,20.000000000000004,20.0,20.0
1.0,50.31402512763788,76.62805025529175,102.94207538289213,50.314025127647895,76.62805025529221,102.94207538289479
