time,s1,s2,s3,s4,s5,s6
0.0,20.0,20.0,20.0,20.000000000000004,20.0,20.0
1.0,54.99728672520328,85.99457345042721,116.99186017560706,54.99728672520436,85.99457345042396,116.99186017560427
