time,s1,s2,s3,s4,s5,s6
0.0,20.0,20.0,20.0,20.000000000000004,20.0,20.0
1.0,55.312743378054364,86.62548675612226,117.93823013415718,55.312743378060844,86.62548675612344,117.93823013416053
