time,s1,s2,s3,s4,s5,s6
0.0,20.0,20.0,20.0,20.000000000000004,20.0,20.0
1.0,55.99888936386938,87.99777872775508,119.99666809161943,55.99888936387219,87.99777872776185,119.99666809162511
