time,s1,s2,s3,s4,s5,s6
0.0,20.0,20.0,20.0,20.000000000000004,20.0,20.0
1.0,51.88366763973661,79.76733527949952,107.65100291923326,51.883667639748765,79.76733527950023,107.65100291923576
