time,s1,s2,s3,s4,s5,s6
0.0,20.0,20.0,20.0,20.000000000000004,20.0,20.0
1.0,57.097103902145115,90.19420780430204,123.2913117064088,57.09710390214852,90.19420780429483,123.29131170641178
