time,s1,s2,s3,s4,s5,s6
0.0,20.0,20.0,20.0,20.000000000000004,20.0,20.0
1.0,55.8659357110968,87.73187142221386,119.59780713327288,55.86593571110562,87.73187142221897,119.59780713327588
