time,s1,s2,s3,s4,s5,s6
0.0,20.0,20.0,20.0,20.000000000000004,20.0,20.0
1.0,51.99159321688159,79.9831864337823,107.97477965066057,51.99159321689313,79.98318643379463,107.97477965066298
