time,s1,s2,s3,s4,s5,s6
0.0,20.0,20.0,20.0,20.000000000000004,20.0,20.0
1.0,60.2950426530026,96.59008530602564,132.88512795900013,60.29504265300727,96.59008530602358,132.88512795899362
