time,s1,s2,s3,s4,s5,s6
0.0,20.0,20.0,20.0,20.000000000000004,20.0,20.0
1.0,54.11860558000667,84.2372111600415,114.3558167400355,54.11860558001815,84.23721116004022,114.35581674003534
