time,s1,s2,s3,s4,s5,s6
0.0,20.0,20.0,20.0,20.000000000000004,20.0,20.0
1.0,55.642498508284206,87.28499701658507,118.92749552483829,55.6424985082881,87.28499701658575,118.9274955248443
