time,s1,s2,s3,s4,s5,s6
0.0,20.0,20.0,20.0,20.000000000000004,20.0,20.0
1.0,58.37813335546075,92.75626671093568,127.13440006637656,58.37813335546706,92.75626671093758,127.13440006636834
