time,s1,s2,s3,s4,s5,s6
0.0,20.0,20.0,20.0,20.000000000000004,20.0,20.0
1.0,53.2464822728612,82.49296454574781,111.73944681859696,53.246482272867446,82.49296454576188,111.73944681860343
