time,s1,s2,s3,s4,s5,s6
0.0,20.0,20.0,20.0,20.000000000000004,20.0,20.0
1.0,62.12904643343106,100.25809286687182,138.3871393002801,62.1290464334429,100.25809286687513,138.3871393002861
