time,s1,s2,s3,s4,s5,s6
0.0,20.0,20.0,20.0,20.000000000000004,20.0,20.0
1.0,63.94027740429508,103.88055480862286,143.8208322128808,63.94027740429984,103.88055480861865,143.8208322128882
