time,s1,s2,s3,s4,s5,s6
0.0,20.0,20.0,20.0,20.000000000000004,20.0,20.0
1.0,57.06266554145135,90.12533108291761,123.18799662433912,57.06266554145719,90.12533108291481,123.18799662433958
