time,s1,s2,s3,s4,s5,s6
0.0,20.0,20.0,20.0,20.000000000000004,20.0,20.0
1.0,51.932563499623114,79.86512699927246,107.79769049888866,51.93256349964252,79.86512699928495,107.79769049888624
