time,s1,s2,s3,s4,s5,s6
0.0,20.0,20.0,20.0,20.000000000000004,20.0,20.0
1.0,51.48606448365842,78.97212896731943,106.45819345094755,51.486064483660414,78.97212896732017,106.45819345094213
