time,s1,s2,s3,s4,s5,s6
0.0,20.0,20.0,20.0,20.000000000000004,20.0,20.0
1.0,58.51741468257836,93.03482936518402,127.5522440477526,58.51741468259331,93.03482936518182,127.55224404774718
