time,s1,s2,s3,s4,s5,s6
0.0,20.0,20.0,20.0,20.000000000000004,20.0,20.0
1.0,58.166802516786426,92.33360503360157,126.5004075503619,58.16680251680267,92.33360503359731,126.50040755035016
