time,s1,s2,s3,s4,s5,s6
0.0,20.0,20.0,20.0,20.000000000000004,20.0,20.0
1.0,60.917327982338605,97.83465596468801,134.75198394699405,60.91732798233995,97.83465596469226,134.75198394699407
