time,s1,s2,s3,s4,s5,s6
0.0,20.0,20.0,20.0,20.000000000000004,20.0,20.0
1.0,50.944613053675624,77.88922610736574,104.83383916100671,50.94461305368131,77.88922610736286,104.83383916100853
