time,s1,s2,s3,s4,s5,s6
0.0,20.0,20.0,20.0,20.000000000000004,20.0,20.0
1.0,54.8784373174511,85.75687463492017,116.63531195235848,54.878437317459536,85.75687463491856,116.6353119523497
