time,s1,s2,s3,s4,s5,s6
0.0,20.0,20.0,20.0,20.000000000000004,20.0,20.0
1.0,51.1260209654054,78.25204193083187,105.3780628961869,51.12602096541497,78.25204193082585,105.3780628961795
