time,s1,s2,s3,s4,s5,s6
0.0,20.0,20.0,20.0,20.000000000000004,20.0,20.0
1.0,54.23136784112512,84.46273568225706,114.69410352334526,54.23136784113274,84.46273568226769,114.69410352334441
