time,s1,s2,s3,s4,s5,s6
0.0,20.0,20.0,20.0,20.000000000000004,20.0,20.0
1.0,57.84562002566953,91.69124005136008,125.53686007699616,57.84562002568827,91.69124005136186,125.53686007699653
