time,s1,s2,s3,s4,s5,s6
0.0,20.0,20.0,20.0,20.000000000000004,20.0,20.0
1.0,54.272090151799134,84.54418030360021,114.81627045537873,54.27209015180002,84.54418030360813,114.81627045538633
