time,s1,s2,s3,s4,s5,s6
0.0,20.0,20.0,20.0,20.000000000000004,20.0,20.0
1.0,59.78201747572354,95.56403495145733,131.34605242716216,59.78201747572254,95.56403495146205,131.34605242717
