time,s1,s2,s3,s4,s5,s6
0.0,20.0,20.0,20.0,20.000000000000004,20.0,20.0
1.0,56.98575621730406,89.9715124346205,122.95726865189488,56.98575621731174,89.9715124346237,122.9572686518986
