time,s1,s2,s3,s4,s5,s6
0.0,20.0,20.0,20.0,20.000000000000004,20.0,20.0
1.0,56.62610682106201,89.25221364215298,121.87832046321103,56.62610682107068,89.25221364216175,121.87832046321716
