time,s1,s2,s3,s4,s5,s6
0.0,20.0,20.0,20.0,20.000000000000004,20.0,20.0
1.0,59.31420232109494,94.62840464208185,129.94260696300648,59.31420232122058,94.62840464227003,129.94260696321396
