time,s1,s2,s3,s4,s5,s6
0.0,20.0,20.0,20.0,20.000000000000004,20.0,20.0
1.0,56.529985977704484,89.05997195543365,121.58995793313014,56.52998597771717,89.05997195543829,121.58995793312513
