time,s1,s2,s3,s4,s5,s6
0.0,20.0,20.0,20.0,20.000000000000004,20.0,20.0
1.0,53.81646366783764,83.63292733568893,113.44939100351327,53.8164636678506,83.63292733569406,113.44939100351813
