time,s1,s2,s3,s4,s5,s6
0.0,20.0,20.0,20.0,20.000000000000004,20.0,20.0
1.0,51.50575247959764,79.01150495921524,106.51725743878647,51.50575247960417,79.01150495921128,106.51725743878819
