time,s1,s2,s3,s4,s5,s6
0.0,20.0,20.0,20.0,20.000000000000004,20.0,20.0
1.0,48.935893070586374,73.87178614120262,98.80767921177028,48.93589307059666,73.87178614120737,98.80767921176854
