time,s1,s2,s3,s4,s5,s6
0.0,20.0,20.0,20.0,20.000000000000004,20.0,20.0
1.0,57.354756686003796,90.70951337204079,124.0642700580176,57.354756686025404,90.70951337204285,124.06427005801555
