time,s1,s2,s3,s4,s5,s6
0.0,20.0,20.0,20.0,20.000000000000004,20.0,20.0
1.0,55.338351051052676,86.67670210211865,118.0150531531346,55.33835105106073,86.6767021021139,118.01505315312954
