time,s1,s2,s3,s4,s5,s6
0.0,20.0,20.0,20.0,20.000000000000004,20.0,20.0
1.0,58.562305530513896,93.12461106105073,127.68691659155363,58.562305530520845,93.12461106105337,127.68691659155708
