time,s1,s2,s3,s4,s5,s6
0.0,20.0,20.0,20.0,20.000000000000004,20.0,20.0
1.0,58.5450493230701,93.09009864615173,127.6351479691869,58.545049323074814,93.09009864614994,127.63514796918749
