time,s1,s2,s3,s4,s5,s6
0.0,20.0,20.0,20.0,20.000000000000004,20.0,20.0
1.0,52.360986426433655,80.72197285289344,109.08295927931837,52.360986426443354,80.72197285289423,109.08295927931613
