time,s1,s2,s3,s4,s5,s6
0.0,20.0,20.0,20.0,20.000000000000004,20.0,20.0
1.0,52.877886129267736,81.75577225854707,110.63365838779401,52.877886129278785,81.75577225855368,110.63365838779822
