time,s1,s2,s3,s4,s5,s6
0.0,20.0,20.0,20.0,20.000000000000004,20.0,20.0
1.0,59.498352812599904,94.99670562521585,130.49505843779474,59.49835281260486,94.996705625207,130.49505843777698
