time,s1,s2,s3,s4,s5,s6
0.0,20.0,20.0,20.0,20.000000000000004,20.0,20.0
1.0,59.39577226304422,94.79154452610646,130.18731678914085,59.39577226305225,94.79154452610962,130.18731678913517
