time,s1,s2,s3,s4,s5,s6
0.0,20.0,20.0,20.0,20.000000000000004,20.0,20.0
1.0,65.14627938633191,106.29255877267664,147.43883815897357,65.14627938633458,106.29255877267165,147.43883815896518
