time,s1,s2,s3,s4,s5,s6
0.0,20.0,20.0,20.0,20.000000000000004,20.0,20.0
1.0,56.51065178373804,89.02130356750136,121.53195535121793,56.5106517837404,89.02130356749475,121.53195535121205
