time,s1,s2,s3,s4,s5,s6
0.0,20.0,20.0,20.0,20.000000000000004,20.0,20.0
1.0,52.82815202693492,81.65630405389754,110.48445608079552,52.82815202694103,81.65630405389595,110.48445608079393
