time,s1,s2,s3,s4,s5,s6
0.0,20.0,20.0,20.0,20.000000000000004,20.0,20.0
1.0,55.8452176114681,87.69043522294709,119.53565283437453,55.84521761146933,87.69043522294712,119.53565283437246
