time,s1,s2,s3,s4,s5,s6
0.0,20.0,20.0,20.0,20.000000000000004,20.0,20.0
1.0,59.63072628876347,95.26145257754472,130.89217886630573,59.630726288775,95.26145257755661,130.8921788663087
