time,s1,s2,s3,s4,s5,s6
0.0,20.0,20.0,20.0,20.000000000000004,20.0,20.0
1.0,54.96331950457148,85.92663900915554,116.88995851370714,54.963319504582444,85.9266390091668,116.88995851371841
