time,s1,s2,s3,s4,s5,s6
0.0,20.0,20.0,20.0,20.000000000000004,20.0,20.0
1.0,61.771451788197524,99.54290357640855,137.31435536459543,61.771451788201546,99.54290357641648,137.31435536459088
