time,s1,s2,s3,s4,s5,s6
0.0,20.0,20.0,20.0,20.000000000000004,20.0,20.0
1.0,53.94563117449738,83.89126234899909,113.8368935234627,53.945631174505266,83.89126234900202,113.83689352345542
