time,s1,s2,s3,s4,s5,s6
0.0,20.0,20.0,20.0,20.000000000000004,20.0,20.0
1.0,52.468216603405686,80.93643320682148,109.40464981021005,52.46821660340845,80.93643320682239,109.404649810209
