time,s1,s2,s3,s4,s5,s6
0.0,20.0,20.0,20.0,20.000000000000004,20.0,20.0
1.0,61.29332033540351,98.58664067082321,135.87996100619478,61.29332033540274,98.58664067081833,135.87996100619222
