time,s1,s2,s3,s4,s5,s6
0.0,20.0,20.0,20.0,20.000000000000004,20.0,20.0
1.0,53.693879925353485,83.38775985072405,113.0816397760574,53.693879925359944,83.3877598507251,113.08163977605844
