time,s1,s2,s3,s4,s5,s6
0.0,20.0,20.0,20.0,20.000000000000004,20.0,20.0
1.0,53.820689289089955,83.64137857818801,113.46206786724937,53.820689289099704,83.64137857819745,113.46206786725892
