time,s1,s2,s3,s4,s5,s6
0.0,20.0,20.0,20.0,20.000000000000004,20.0,20.0
1.0,67.56012885852063,111.12025771702258,154.68038657550176,67.56012885852229,111.12025771702731,154.68038657549553
