time,s1,s2,s3,s4,s5,s6
0.0,20.0,20.0,20.0,20.000000000000004,20.0,20.0
1.0,57.84680533579525,91.69361067161576,125.54041600738404,57.84680533580924,91.69361067161965,125.54041600738164
