time,s1,s2,s3,s4,s5,s6
0.0,20.0,20.0,20.0,20.000000000000004,20.0,20.0
1.0,59.43952382947104,94.87904765894358,130.3185714883724,59.439523829477054,94.87904765893788,130.31857148837403
