time,s1,s2,s3,s4,s5,s6
0.0,20.0,20.0,20.0,20.000000000000004,20.0,20.0
1.0,53.82525784219894,83.65051568442381,113.4757735266015,53.82525784220715,83.6505156844284,113.4757735265991
