time,s1,s2,s3,s4,s5,s6
0.0,20.0,20.0,20.0,20.000000000000004,20.0,20.0
1.0,51.42508159786336,78.85016319575037,106.27524479361875,51.425081597873564,78.8501631957638,106.27524479361762
