time,s1,s2,s3,s4,s5,s6
0.0,20.0,20.0,20.0,20.000000000000004,20.0,20.0
1.0,59.003581669351746,94.00716333871651,129.01074500808312,59.00358166936405,94.0071633387318,129.01074500809355
