time,s1,s2,s3,s4,s5,s6
0.0,20.0,20.0,20.0,20.000000000000004,20.0,20.0
1.0,58.12014079921233,92.24028159845378,126.36042239765025,58.12014079922386,92.24028159845513,126.36042239764639
