time,s1,s2,s3,s4,s5,s6
0.0,20.0,20.0,20.0,20.000000000000004,20.0,20.0
1.0,51.694580914169414,79.38916182836317,107.08374274250846,51.6945809141822,79.38916182836968,107.08374274251088
