time,s1,s2,s3,s4,s5,s6
0.0,20.0,20.0,20.0,20.000000000000004,20.0,20.0
1.0,53.928841425385514,83.85768285078646,113.78652427616923,53.92884142539957,83.85768285079718,113.78652427617219
