time,s1,s2,s3,s4,s5,s6
0.0,20.0,20.0,20.0,20.000000000000004,20.0,20.0
1.0,58.91718094213387,93.83436188429852,128.75154282641486,58.91718094213641,93.83436188429013,128.75154282641037
