time,s1,s2,s3,s4,s5,s6
0.0,20.0,20.0,20.0,20.000000000000004,20.0,20.0
1.0,55.19946202747701,86.39892405497898,117.59838608242764,55.1994620274813,86.39892405497014,117.59838608243192
