time,s1,s2,s3,s4,s5,s6
0.0,20.0,20.0,20.0,20.000000000000004,20.0,20.0
1.0,60.24520461101348,96.49040922204725,132.73561383303215,60.24520461102097,96.49040922204605,132.73561383303223
