time,s1,s2,s3,s4,s5,s6
0.0,20.0,20.0,20.0,20.000000000000004,20.0,20.0
1.0,57.70027930940084,91.40055861881048,125.10083792819671,57.700279309406845,91.40055861882342,125.10083792819765
