time,s1,s2,s3,s4,s5,s6
0.0,20.0,20.0,20.0,20.000000000000004,20.0,20.0
1.0,58.73078614959613,93.46157229921111,128.1923584487842,58.73078614960668,93.4615722992142,128.19235844878298
