time,s1,s2,s3,s4,s5,s6
0.0,20.0,20.0,20.0,20.000000000000004,20.0,20.0
1.0,57.87765763965572,91.75531527932532,125.6329729189458,57.87765763966236,91.75531527932245,125.63297291893947
