time,s1,s2,s3,s4,s5,s6
0.0,20.0,20.0,20.0,20.000000000000004,20.0,20.0
1.0,56.35864826335397,88.71729652673245,121.07594479008235,56.35864826337254,88.71729652674522,121.07594479008674
