time,s1,s2,s3,s4,s5,s6
0.0,20.0,20.0,20.0,20.000000000000004,20.0,20.0
1.0,56.8520784249326,89.7041568498758,122.55623527477891,56.85207842494065,89.70415684988475,122.5562352747822
