time,s1,s2,s3,s4,s5,s6
0.0,20.0,20.0,20.0,20.000000000000004,20.0,20.0
1.0,51.330026162736814,78.66005232546173,105.99007848815877,51.33002616274304,78.66005232547215,105.99007848815663
