time,s1,s2,s3,s4,s5,s6
0.0,20.0,20.0,20.0,20.000000000000004,20.0,20.0
1.0,68.34825660636304,112.69651321272492,157.04476981903173,68.34825660637252,112.69651321271951,157.04476981902098
