time,s1,s2,s3,s4,s5,s6
0.0,20.0,20.0,20.0,20.000000000000004,20.0,20.0
1.0,57.366535231033076,90.73307046208336,124.09960569309354,57.366535231037574,90.73307046208438,124.09960569308906
