time,s1,s2,s3,s4,s5,s6
0.0,20.0,20.0,20.0,20.000000000000004,20.0,20.0
1.0,53.93130436327003,83.8626087265583,113.79391308981266,53.93130436327933,83.86260872656698,113.79391308981833
