time,s1,s2,s3,s4,s5,s6
0.0,20.0,20.0,20.0,20.000000000000004,20.0,20.0
1.0,57.30046630431946,90.6009326086585,123.90139891294514,57.300466304332645,90.60093260866742,123.90139891295134
