time,s1,s2,s3,s4,s5,s6
0.0,20.0,20.0,20.0,20.000000000000004,20.0,20.0
1.0,64.20630368079345,104.41260736160527,144.61891104236122,64.20630368080305,104.41260736160405,144.618911042354
