time,s1,s2,s3,s4,s5,s6
0.0,20.0,20.0,20.0,20.000000000000004,20.0,20.0
1.0,58.270748039170826,92.54149607836958,126.81224411750509,58.27074803917911,92.54149607836217,126.8122441175062
