time,s1,s2,s3,s4,s5,s6
0.0,20.0,20.0,20.0,20.000000000000004,20.0,20.0
1.0,55.208897907852446,86.41779581574524,117.62669372361003,55.20889790786552,86.41779581575426,117.62669372361499
