time,s1,s2,s3,s4,s5,s6
0.0,20.0,20.0,20.0,20.000000000000004,20.0,20.0
1.0,57.3268849809686,90.65376996197298,123.98065494292459,57.32688498097954,90.65376996197324,123.98065494292314
