time,s1,s2,s3,s4,s5,s6
0.0,20.0,20.0,20.0,20.000000000000004,20.0,20.0
1.0,60.953563119391816,97.90712623879531,134.86068935816863,60.953563119399035,97.90712623879742,134.86068935815592
