time,s1,s2,s3,s4,s5,s6
0.0,20.0,20.0,20.0,20.000000000000004,20.0,20.0
1.0,55.617383164315825,87.2347663286499,118.85214949294419,55.61738316431505,87.23476632864475,118.85214949294807
