time,s1,s2,s3,s4,s5,s6
0.0,20.0,20.0,20.0,20.000000000000004,20.0,20.0
1.0,54.882440509315686,85.76488101865354,116.64732152794657,54.88244050932709,85.76488101864732,116.64732152794426
