time,s1,s2,s3,s4,s5,s6
0.0,20.0,20.0,20.0,20.000000000000004,20.0,20.0
1.0,61.6688923469236,99.33778469387624,137.00667704080504,61.66889234693842,99.33778469388689,137.0066770407965
