time,s1,s2,s3,s4,s5,s6
0.0,20.0,20.0,20.0,20.000000000000004,20.0,20.0
1.0,55.69276286825895,87.38552573654077,119.07828860477247,55.69276286826522,87.38552573654081,119.0782886047689
