time,s1,s2,s3,s4,s5,s6
0.0,20.0,20.0,20.0,20.000000000000004,20.0,20.0
1.0,57.92785455230195,91.85570910461503,125.78356365688953,57.927854552305895,91.8557091046192,125.78356365689328
