time,s1,s2,s3,s4,s5,s6
0.0,20.0,20.0,20.0,20.000000000000004,20.0,20.0
1.0,59.57800180014051,95.1560036002987,130.73400540042314,59.57800180014345,95.15600360029683,130.7340054004228
