time,s1,s2,s3,s4,s5,s6
0.0,20.0,20.0,20.0,20.000000000000004,20.0,20.0
1.0,58.023044043975695,92.04608808797954,126.06913213192928,58.02304404398348,92.04608808797394,126.06913213192482
