time,s1,s2,s3,s4,s5,s6
0.0,20.0,20.0,20.0,20.000000000000004,20.0,20.0
1.0,64.76569409306533,105.53138818615022,146.2970822792109,64.76569409307749,105.53138818614649,146.2970822792114
