time,s1,s2,s3,s4,s5,s6
0.0,20.0,20.0,20.0,20.000000000000004,20.0,20.0
1.0,53.32272121809369,82.6454424362001,111.96816365426525,53.32272121809393,82.64544243619852,111.9681636542737
