time,s1,s2,s3,s4,s5,s6
0.0,20.0,20.0,20.0,20.000000000000004,20.0,20.0
1.0,58.962758242358255,93.92551648473106,128.88827472707624,58.96275824236422,93.92551648473707,128.88827472707874
