time,s1,s2,s3,s4,s5,s6
0.0,20.0,20.0,20.0,20.000000000000004,20.0,20.0
1.0,60.20562826364277,96.41125652729613,132.616884790914,60.20562826364764,96.41125652729801,132.61688479091845
