time,s1,s2,s3,s4,s5,s6
0.0,20.0,20.0,20.0,20.000000000000004,20.0,20.0
1.0,59.95696833065733,95.91393666134533,131.87090499198112,59.95696833067082,95.91393666134978,131.87090499197885
