time,s1,s2,s3,s4,s5,s6
0.0,20.0,20.0,20.0,20.000000000000004,20.0,20.0
1.0,75.1155956901009,126.23119138019564,177.34678707023716,75.11559569010306,126.23119138018885,177.34678707023565
