time,s1,s2,s3,s4,s5,s6
0.0,20.0,20.0,20.0,20.000000000000004,20.0,20.0
1.0,55.61675700764069,87.23351401528937,118.85027102290692,55.61675700764353,87.23351401529125,118.85027102291056
