time,s1,s2,s3,s4,s5,s6
0.0,20.0,20.0,20.0,20.000000000000004,20.0,20.0
1.0,55.31312445690685,86.62624891383305,117.93937337069914,55.31312445691605,86.6262489138264,117.93937337070409
