time,s1,s2,s3,s4,s5,s6
0.0,20.0,20.0,20.0,20.000000000000004,20.0,20.0
1.0,57.280132376860365,90.56026475374742,123.84039713056902,57.28013237686402,90.56026475374297,123.84039713056598
