time,s1,s2,s3,s4,s5,s6
0.0,20.0,20.0,20.0,20.000000000000004,20.0,20.0
1.0,60.755221254334344,97.51044250868844,134.26566376300238,60.75522125434562,97.51044250868829,134.26566376300443
