time,s1,s2,s3,s4,s5,s6
0.0,20.0,20.0,20.0,20.000000000000004,20.0,20.0
1.0,58.902027874166336,93.80405574835916,128.70608362249038,58.90202787416995,93.80405574835586,128.70608362249186
