time,s1,s2,s3,s4,s5,s6
0.0,20.0,20.0,20.0,20.000000000000004,20.0,20.0
1.0,58.30096065631659,92.60192131265784,126.90288196894429,58.30096065632695,92.60192131265413,126.90288196894211
