time,s1,s2,s3,s4,s5,s6
0.0,20.0,20.0,20.0,20.000000000000004,20.0,20.0
1.0,61.86818286769066,99.73636573538738,137.60454860304958,61.86818286768755,99.73636573538491,137.6045486030446
