time,s1,s2,s3,s4,s5,s6
0.0,20.0,20.0,20.0,20.000000000000004,20.0,20.0
1.0,56.44483546826911,88.8896709365579,121.33450640480336,56.444835468274,88.88967093656483,121.334506404803
