time,s1,s2,s3,s4,s5,s6
0.0,20.0,20.0,20.0,20.000000000000004,20.0,20.0
1.0,57.47575878528106,90.95151757057609,124.42727635580718,57.47575878528514,90.95151757057582,124.42727635580532
