time,s1,s2,s3,s4,s5,s6
0.0,20.0,20.0,20.0,20.000000000000004,20.0,20.0
1.0,58.19412384143925,92.38824768291397,126.58237152431121,58.194123841449795,92.38824768290027,126.58237152430094
