time,s1,s2,s3,s4,s5,s6
0.0,20.0,20.0,20.0,20.000000000000004,20.0,20.0
1.0,57.31055897041257,90.62111794086006,123.9316769112601,57.31055897043269,90.62111794086604,123.93167691125011
