time,s1,s2,s3,s4,s5,s6
0.0,20.0,20.0,20.0,20.000000000000004,20.0,20.0
1.0,61.48209702673864,98.96419405351043,136.4462910802264,61.4820970267522,98.96419405351892,136.4462910802353
