time,s1,s2,s3,s4,s5,s6
0.0,20.0,20.0,20.0,20.000000000000004,20.0,20.0
1.0,60.92001924101494,97.84003848204554,134.76005772303256,60.92001924101921,97.84003848204418,134.76005772303424
