time,s1,s2,s3,s4,s5,s6
0.0,20.0,20.0,20.0,20.000000000000004,20.0,20.0
1.0,50.045864665028446,76.09172933007073,102.1375939950681,50.04586466503975,76.09172933007301,102.13759399506792
