time,s1,s2,s3,s4,s5,s6
0.0,20.0,20.0,20.0,20.000000000000004,20.0,20.0
1.0,58.80900350459526,93.61800700920267,128.42701051374914,58.809003504603915,93.61800700918977,128.42701051374925
