time,s1,s2,s3,s4,s5,s6
0.0,20.0,20.0,20.0,20.000000000000004,20.0,20.0
1.0,52.29109641994302,80.58219284009292,108.87328925983557,52.29109642004539,80.58219284008527,108.87328925983459
