time,s1,s2,s3,s4,s5,s6
0.0,20.0,20.0,20.0,20.000000000000004,20.0,20.0
1.0,54.08040364153402,84.16080728307799,114.241210924581,54.0804036415366,84.16080728307806,114.24121092458012
