time,s1,s2,s3,s4,s5,s6
0.0,20.0,20.0,20.0,20.000000000000004,20.0,20.0
1.0,54.27246119598159,84.54492239197035,114.81738358793888,54.27246119598957,84.54492239198262,114.81738358795599
