time,s1,s2,s3,s4,s5,s6
0.0,20.0,20.0,20.0,20.000000000000004,20.0,20.0
1.0,59.21222356649022,94.42444713299327,129.6366706994732,59.21222356650007,94.42444713300297,129.63667069947408
