time,s1,s2,s3,s4,s5,s6
0.0,20.0,20.0,20.0,20.000000000000004,20.0,20.0
1.0,53.060929152987626,82.12185830600207,111.18278745898304,53.060929152995435,82.12185830601088,111.18278745898417
