time,s1,s2,s3,s4,s5,s6
0.0,20.0,20.0,20.0,20.000000000000004,20.0,20.0
1.0,53.680388892243236,83.36077778451188,113.04116667672506,53.68038889225153,83.36077778450597,113.0411666767244
