time,s1,s2,s3,s4,s5,s6
0.0,20.0,20.0,20.0,20.000000000000004,20.0,20.0
1.0,55.27448930178216,86.54897860357222,117.8234679053246,55.274489301781664,86.54897860357386,117.82346790532858
