time,s1,s2,s3,s4,s5,s6
0.0,20.0,20.0,20.0,20.000000000000004,20.0,20.0
1.0,54.651832769215375,85.30366553844797,115.95549830764894,54.6518327692185,85.30366553844833,115.95549830764702
