time,s1,s2,s3,s4,s5,s6
0.0,20.0,20.0,20.0,20.000000000000004,20.0,20.0
1.0,59.419313623132766,94.83862724629667,130.25794086943523,59.41931362313801,94.83862724629962,130.25794086943628
