time,s1,s2,s3,s4,s5,s6
0.0,20.0,20.0,20.0,20.000000000000004,20.0,20.0
1.0,62.66697978642427,101.3339595728722,140.00093935928544,62.66697978643213,101.33395957288317,140.00093935929618
