time,s1,s2,s3,s4,s5,s6
0.0,20.0,20.0,20.0,20.000000000000004,20.0,20.0
1.0,59.7118160635751,95.42363212716276,131.1354481907048,59.71181606357773,95.42363212716435,131.13544819069543
