time,s1,s2,s3,s4,s5,s6
0.0,20.0,20.0,20.0,20.000000000000004,20.0,20.0
1.0,59.40437639770185,94.80875279542101,130.21312919309938,59.404376397709996,94.80875279542236,130.2131291931019
