time,s1,s2,s3,s4,s5,s6
0.0,20.0,20.0,20.0,20.000000000000004,20.0,20.0
1.0,57.03192826619671,90.06385653241323,123.09578479859005,57.031928266206876,90.06385653241519,123.09578479858824
