time,s1,s2,s3,s4,s5,s6
0.0,20.0,20.0,20.0,20.000000000000004,20.0,20.0
1.0,58.18208067887029,92.36416135776722,126.54624203660727,58.18208067888154,92.36416135776281,126.5462420366053
