time,s1,s2,s3,s4,s5,s6
0.0,20.0,20.0,20.0,20.000000000000004,20.0,20.0
1.0,54.580478474842664,85.16095694970049,115.74143542451479,54.58047847484921,85.16095694970359,115.74143542451554
