time,s1,s2,s3,s4,s5,s6
0.0,20.0,20.0,20.0,20.000000000000004,20.0,20.0
1.0,56.01260038928595,88.02520077860623,120.03780116788232,56.01260038930498,88.02520077860892,120.03780116788703
