time,s1,s2,s3,s4,s5,s6
0.0,20.0,20.0,20.0,20.000000000000004,20.0,20.0
1.0,52.63785799296278,81.27571598595263,109.91357397889418,52.63785799296845,81.27571598595686,109.91357397889965
