time,s1,s2,s3,s4,s5,s6
0.0,20.0,20.0,20.0,20.000000000000004,20.0,20.0
1.0,55.893245388216414,87.78649077645096,119.67973616463894,55.89324538822578,87.78649077646129,119.67973616464872
