time,s1,s2,s3,s4,s5,s6
0.0,20.0,20.0,20.0,20.000000000000004,20.0,20.0
1.0,61.26050233633346,98.52100467267348,135.7815070089647,61.26050233633909,98.52100467267218,135.781507008963
