time,s1,s2,s3,s4,s5,s6
0.0,20.0,20.0,20.0,20.000000000000004,20.0,20.0
1.0,59.13122309273905,94.26244618549005,129.39366927821774,59.131223092747014,94.26244618549401,129.39366927820998
