time,s1,s2,s3,s4,s5,s6
0.0,20.0,20.0,20.0,20.000000000000004,20.0,20.0
1.0,53.569203642955266,83.13840728593064,112.7076109288529,53.56920364295374,83.1384072859295,112.70761092884848
