time,s1,s2,s3,s4,s5,s6
0.0,20.0,20.0,20.0,20.000000000000004,20.0,20.0
1.0,50.87108500092605,77.74217000187238,104.61325500277042,50.87108500093721,77.74217000187741,104.61325500277138
