time,s1,s2,s3,s4,s5,s6
0.0,20.0,20.0,20.0,20.000000000000004,20.0,20.0
1.0,62.91999567967424,101.8399913593625,140.7599870389779,62.91999567968573,101.8399913593525,140.75998703897773
