time,s1,s2,s3,s4,s5,s6
0.0,20.0,20.0,20.0,20.000000000000004,20.0,20.0
1.0,58.0620748189217,92.12414963786905,126.18622445676294,58.06207481893011,92.12414963786424,126.18622445676684
