time,s1,s2,s3,s4,s5,s6
0.0,20.0,20.0,20.0,20.000000000000004,20.0,20.0
1.0,56.27908298641418,88.55816597287011,120.83724895927114,56.27908298643136,88.55816597288141,120.83724895928401
