time,s1,s2,s3,s4,s5,s6
0.0,20.0,20.0,20.0,20.000000000000004,20.0,20.0
1.0,57.623256732402695,91.24651346483847,124.86977019723611,57.62325673241771,91.2465134648458,124.8697701972341
