time,s1,s2,s3,s4,s5,s6
0.0,20.0,20.0,20.0,20.000000000000004,20.0,20.0
1.0,56.26546054627724,88.53092109258837,120.79638163884457,56.26546054628696,88.53092109259067,120.79638163885019
