time,s1,s2,s3,s4,s5,s6
0.0,20.0,20.0,20.0,20.000000000000004,20.0,20.0
1.0,57.58786518258914,91.17573036518246,124.763595547726,57.58786518258985,91.1757303651729,124.76359554772296
