time,s1,s2,s3,s4,s5,s6
0.0,20.0,20.0,20.0,20.000000000000004,20.0,20.0
1.0,52.01469105597817,80.0293821119797,108.04407316793726,52.014691055987555,80.02938211198104,108.0440731679353
