time,s1,s2,s3,s4,s5,s6
0.0,20.0,20.0,20.0,20.000000000000004,20.0,20.0
1.0,57.90631247633769,91.81262495268945,125.71893742898519,57.9063124763525,91.81262495268533,125.71893742898224
