time,s1,s2,s3,s4,s5,s6
0.0,20.0,20.0,20.0,20.000000000000004,20.0,20.0
1.0,57.442806920697706,90.88561384140569,124.32842076207733,57.44280692070164,90.8856138414023,124.3284207620718
