time,s1,s2,s3,s4,s5,s6
0.0,20.0,20.0,20.0,20.000000000000004,20.0,20.0
1.0,58.06393520112442,92.12787040227728,126.19180560339481,58.06393520113447,92.12787040228193,126.19180560340553
