time,s1,s2,s3,s4,s5,s6
0.0,20.0,20.0,20.0,20.000000000000004,20.0,20.0
1.0,55.43099463685762,86.86198927373322,118.29298391057097,55.43099463686058,86.86198927373998,118.29298391057362
