time,s1,s2,s3,s4,s5,s6
0.0,20.0,20.0,20.0,20.000000000000004,20.0,20.0
1.0,56.108830907240716,88.21766181448552,120.32649272168015,56.10883090723907,88.21766181448346,120.3264927216826
