time,s1,s2,s3,s4,s5,s6
0.0,20.0,20.0,20.0,20.000000000000004,20.0,20.0
1.0,57.86937915754132,91.73875831511175,125.60813747263609,57.86937915755514,91.73875831512026,125.60813747263586
