time,s1,s2,s3,s4,s5,s6
0.0,20.0,20.0,20.0,20.000000000000004,20.0,20.0
1.0,56.76830663206496,89.53661326415286,122.30491989619321,56.76830663207768,89.53661326415627,122.30491989619487
