time,s1,s2,s3,s4,s5,s6
0.0,20.0,20.0,20.0,20.000000000000004,20.0,20.0
1.0,50.156989077031014,76.31397815408913,102.47096723112303,50.15698907704691,76.31397815410023,102.47096723112747
