time,s1,s2,s3,s4,s5,s6
0.0,20.0,20.0,20.0,20.000000000000004,20.0,20.0
1.0,57.18825211635759,90.37650423274204,123.56475634908882,57.18825211636343,90.37650423274248,123.56475634908672
