time,s1,s2,s3,s4,s5,s6
0.0,20.0,20.0,20.0,20.000000000000004,20.0,20.0
1.0,54.090464332122124,84.18092866425172,114.27139299635068,54.09046433212778,84.1809286642558,114.27139299635814
