time,s1,s2,s3,s4,s5,s6
0.0,20.0,20.0,20.0,20.000000000000004,20.0,20.0
1.0,52.39464517336444,80.78929034675046,109.18393552009084,52.39464517338041,80.78929034675659,109.18393552009266
