time,s1,s2,s3,s4,s5,s6
0.0,20.0,20.0,20.0,20.000000000000004,20.0,20.0
1.0,51.87125422338478,79.74250844677469,107.61376267011646,51.87125422339413,79.74250844677033,107.61376267011468
