time,s1,s2,s3,s4,s5,s6
0.0,20.0,20.0,20.0,20.000000000000004,20.0,20.0
1.0,52.16004206628753,80.32008413258546,108.4801261988445,52.160042066299184,80.32008413258792,108.48012619884545
