time,s1,s2,s3,s4,s5,s6
0.0,20.0,20.0,20.0,20.000000000000004,20.0,20.0
1.0,63.1044341112402,102.20886822249562,141.3133023336951,63.10443411124872,102.20886822250361,141.31330233369744
