time,s1,s2,s3,s4,s5,s6
0.0,20.0,20.0,20.0,20.000000000000004,20.0,20.0
1.0,52.990631186938515,81.98126237389579,110.97189356082,52.99063118694567,81.98126237389613,110.97189356082482
