time,s1,s2,s3,s4,s5,s6
0.0,20.0,20.0,20.0,20.000000000000004,20.0,20.0
1.0,56.3966576013525,88.79331520273014,121.1899728040693,56.396657601364225,88.79331520272714,121.189972804073
