time,s1,s2,s3,s4,s5,s6
0.0,20.0,20.0,20.0,20.000000000000004,20.0,20.0
1.0,55.60674448705894,87.21348897414029,118.8202334611812,55.60674448706593,87.21348897413618,118.82023346118015
