time,s1,s2,s3,s4,s5,s6
0.0,20.0,20.0,20.0,20.000000000000004,20.0,20.0
1.0,55.46060283197572,86.92120566397469,118.3818084959086,55.460602831992745,86.92120566398273,118.38180849591188
