time,s1,s2,s3,s4,s5,s6
0.0,20.0,20.0,20.0,20.000000000000004,20.0,20.0
1.0,57.58549384902818,91.17098769807289,124.756481547054,57.58549384903463,91.17098769806873,124.75648154705742
