time,s1,s2,s3,s4,s5,s6
0.0,20.0,20.0,20.0,20.000000000000004,20.0,20.0
1.0,63.50074998003998,103.00149996010327,142.5022499401083,63.500749980051395,103.00149996009523,142.50224994009858
