time,s1,s2,s3,s4,s5,s6
0.0,20.0,20.0,20.0,20.000000000000004,20.0,20.0
1.0,62.48022406087923,100.96044812177502,139.4406721826337,62.4802240608804,100.9604481217822,139.44067218263677
