time,s1,s2,s3,s4,s5,s6
0.0,20.0,20.0,20.0,20.000000000000004,20.0,20.0
1.0,55.01276265529931,86.025525310598,117.03828796585204,55.0127626553033,86.02552531059823,117.03828796585744
