time,s1,s2,s3,s4,s5,s6
0.0,20.0,20.0,20.0,20.000000000000004,20.0,20.0
1.0,58.23703694411512,92.47407388824855,126.71111083231429,58.23703694412514,92.4740738882411,126.71111083230934
