time,s1,s2,s3,s4,s5,s6
0.0,20.0,20.0,20.0,20.000000000000004,20.0,20.0
1.0,54.20637352588872,84.41274705179026,114.61912057766638,54.206373525892836,84.41274705179505,114.61912057766482
