time,s1,s2,s3,s4,s5,s6
0.0,20.0,20.0,20.0,20.000000000000004,20.0,20.0
1.0,64.43721328571964,104.87442657158357,145.31163985699195,64.4372132858595,104.87442657167534,145.31163985690606
