time,s1,s2,s3,s4,s5,s6
0.0,20.0,20.0,20.0,20.000000000000004,20.0,20.0
1.0,54.14701163906706,84.2940232781419,114.44103491717486,54.14701163907262,84.29402327814576,114.44103491717942
