time,s1,s2,s3,s4,s5,s6
0.0,20.0,20.0,20.0,20.000000000000004,20.0,20.0
1.0,55.077448098615925,86.15489619725653,117.23234429585399,55.0774480986239,86.1548961972578,117.23234429585473
