time,s1,s2,s3,s4,s5,s6
0.0,20.0,20.0,20.0,20.000000000000004,20.0,20.0
1.0,51.79739352783042,79.59478705568868,107.39218058350072,51.79739352783545,79.59478705569367,107.39218058350546
