time,s1,s2,s3,s4,s5,s6
0.0,20.0,20.0,20.0,20.000000000000004,20.0,20.0
1.0,61.01824290412442,98.03648580826413,135.0547287123527,61.01824290413036,98.03648580825754,135.05472871234971
