time,s1,s2,s3,s4,s5,s6
0.0,20.0,20.0,20.0,20.000000000000004,20.0,20.0
1.0,56.72877122340154,89.45754244682638,122.18631367020684,56.72877122341577,89.45754244683255,122.18631367020937
