time,s1,s2,s3,s4,s5,s6
0.0,20.0,20.0,20.0,20.000000000000004,20.0,20.0
1.0,55.101502437550465,86.20300487511045,117.30450731263534,55.10150243755389,86.20300487510679,117.30450731264249
