time,s1,s2,s3,s4,s5,s6
0.0,20.0,20.0,20.0,20.000000000000004,20.0,20.0
1.0,60.458423034326216,96.91684606866718,133.3752691029955,60.45842303433713,96.91684606867466,133.37526910299803
