time,s1,s2,s3,s4,s5,s6
0.0,20.0,20.0,20.0,20.000000000000004,20.0,20.0
1.0,57.37357302510233,90.74714605022339,124.12071907529386,57.3735730251087,90.74714605022031,124.12071907528403
