time,s1,s2,s3,s4,s5,s6
0.0,20.0,20.0,20.0,20.000000000000004,20.0,20.0
1.0,55.04956894128338,86.09913788258515,117.1487068238547,55.04956894128546,86.0991378825814,117.1487068238575
