time,s1,s2,s3,s4,s5,s6
0.0,20.0,20.0,20.0,20.000000000000004,20.0,20.0
1.0,63.53508902991805,103.07017805986081,142.60526708977568,63.535089029927136,103.07017805986735,142.60526708977346
