time,s1,s2,s3,s4,s5,s6
0.0,20.0,20.0,20.0,20.000000000000004,20.0,20.0
1.0,55.35749348964221,86.71498697930227,118.07248046890976,55.35749348964584,86.71498697929644,118.07248046890585
