time,s1,s2,s3,s4,s5,s6
0.0,20.0,20.0,20.0,20.000000000000004,20.0,20.0
1.0,55.22443283420236,86.44886566842959,117.67329850262409,55.22443283420583,86.44886566842837,117.67329850263027
