time,s1,s2,s3,s4,s5,s6
0.0,20.0,20.0,20.0,20.000000000000004,20.0,20.0
1.0,53.71197426042245,83.4239485208703,113.13592278128114,53.71197426043481,83.4239485208806,113.13592278128623
