time,s1,s2,s3,s4,s5,s6
0.0,20.0,20.0,20.0,20.000000000000004,20.0,20.0
1.0,55.193753078279244,86.38750615659393,117.58125923484306,55.19375307829324,86.38750615658816,117.58125923484536
