time,s1,s2,s3,s4,s5,s6
0.0,20.0,20.0,20.0,20.000000000000004,20.0,20.0
1.0,58.74664488511045,93.49328977023156,128.23993465529506,58.74664488511952,93.49328977023686,128.23993465530694
