time,s1,s2,s3,s4,s5,s6
0.0,20.0,20.0,20.0,20.000000000000004,20.0,20.0
1.0,60.93739973738816,97.87479947479403,134.81219921216794,60.93739973739682,97.87479947479952,134.81219921216154
