time,s1,s2,s3,s4,s5,s6
0.0,20.0,20.0,20.0,20.000000000000004,20.0,20.0
1.0,54.22049242993826,84.44098485988118,114.66147728978399,54.220492429937224,84.44098485987597,114.66147728978063
