time,s1,s2,s3,s4,s5,s6
0.0,20.0,20.0,20.0,20.000000000000004,20.0,20.0
1.0,54.20273558641041,84.40547117283934,114.60820675923367,54.20273558641398,84.40547117283899,114.6082067592357
