time,s1,s2,s3,s4,s5,s6
0.0,20.0,20.0,20.0,20.000000000000004,20.0,20.0
1.0,60.31010238236877,96.62020476476607,132.93030714712367,60.31010238237539,96.6202047647677,132.93030714711358
