time,s1,s2,s3,s4,s5,s6
0.0,20.0,20.0,20.0,20.000000000000004,20.0,20.0
1.0,53.58267465665422,83.16534931332325,112.74802396995503,53.58267465665482,83.16534931332089,112.74802396995533
