time,s1,s2,s3,s4,s5,s6
0.0,20.0,20.0,20.0,20.000000000000004,20.0,20.0
1.0,53.07897880437602,82.15795760878119,111.23693641314756,53.07897880438871,82.15795760879297,111.23693641315198
