time,s1,s2,s3,s4,s5,s6
0.0,20.0,20.0,20.0,20.000000000000004,20.0,20.0
1.0,54.624598970136375,85.24919794028875,115.87379691038628,54.6245989701351,85.24919794028088,115.87379691038709
