time,s1,s2,s3,s4,s5,s6
0.0,20.0,20.0,20.0,20.000000000000004,20.0,20.0
1.0,60.12817629353796,96.25635258708517,132.3845288805933,60.128176293541465,96.25635258707337,132.38452888058185
