time,s1,s2,s3,s4,s5,s6
0.0,20.0,20.0,20.0,20.000000000000004,20.0,20.0
1.0,53.57056752847438,83.14113505695113,112.71170258538349,53.57056752847746,83.14113505695798,112.71170258538999
