time,s1,s2,s3,s4,s5,s6
0.0,20.0,20.0,20.0,20.000000000000004,20.0,20.0
1.0,53.712936845323945,83.4258736906741,113.13881053599573,53.7129368453361,83.42587369068485,113.13881053599701
