time,s1,s2,s3,s4,s5,s6
0.0,20.0,20.0,20.0,20.000000000000004,20.0,20.0
1.0,55.95233550581112,87.90467101164242,119.85700651743255,55.95233550581072,87.90467101164175,119.85700651743778
