time,s1,s2,s3,s4,s5,s6
0.0,20.0,20.0,20.0,20.000000000000004,20.0,20.0
1.0,54.12551763751187,84.25103527502412,114.37655291251112,54.1255176375178,84.25103527503025,114.37655291250687
