time,s1,s2,s3,s4,s5,s6
0.0,20.0,20.0,20.0,20.000000000000004,20.0,20.0
1.0,58.131438758728564,92.26287751747651,126.39431627617458,58.13143875873476,92.26287751747226,126.394316276172
