time,s1,s2,s3,s4,s5,s6
0.0,20.0,20.0,20.0,20.000000000000004,20.0,20.0
1.0,57.1373354305931,90.27467086119955,123.41200629176598,57.13733543060341,90.27467086119681,123.41200629175987
