time,s1,s2,s3,s4,s5,s6
0.0,20.0,20.0,20.0,20.000000000000004,20.0,20.0
1.0,58.266563628175454,92.53312725637628,126.79969088451644,58.266563628184244,92.53312725636663,126.79969088451146
