time,s1,s2,s3,s4,s5,s6
0.0,20.0,20.0,20.0,20.000000000000004,20.0,20.0
1.0,55.098581369438776,86.19716273888781,117.29574410829647,55.09858136943882,86.19716273887809,117.29574410829778
