time,s1,s2,s3,s4,s5,s6
0.0,20.0,20.0,20.0,20.000000000000004,20.0,20.0
1.0,53.89129989950865,83.78259979902138,113.67389969849903,53.89129989951389,83.78259979902836,113.67389969849687
