time,s1,s2,s3,s4,s5,s6
0.0,20.0,20.0,20.0,20.000000000000004,20.0,20.0
1.0,58.7261897224299,93.45237944487022,128.1785691672753,58.72618972243647,93.45237944486894,128.17856916727607
