time,s1,s2,s3,s4,s5,s6
0.0,20.0,20.0,20.0,20.000000000000004,20.0,20.0
1.0,53.39732590177369,82.79465180356456,112.19197770532413,53.39732590177734,82.79465180357326,112.19197770533155
