time,s1,s2,s3,s4,s5,s6
0.0,20.0,20.0,20.0,20.000000000000004,20.0,20.0
1.0,56.894320442444965,89.78864088491108,122.68296132732755,56.894320442457655,89.78864088490985,122.68296132732809
