time,s1,s2,s3,s4,s5,s6
0.0,20.0,20.0,20.0,20.000000000000004,20.0,20.0
1.0,56.04083645687051,88.08167291375528,120.12250937061114,56.04083645687761,88.0816729137689,120.12250937061674
