time,s1,s2,s3,s4,s5,s6
0.0,20.0,20.0,20.0,20.000000000000004,20.0,20.0
1.0,57.57937177462328,91.15874354926275,124.73811532386352,57.57937177463238,91.15874354926584,124.73811532386767
