time,s1,s2,s3,s4,s5,s6
0.0,20.0,20.0,20.0,20.000000000000004,20.0,20.0
1.0,53.30966186018029,82.61932372037734,111.928985580539,53.30966186018847,82.6193237203905,111.92898558054404
