time,s1,s2,s3,s4,s5,s6
0.0,20.0,20.0,20.0,20.000000000000004,20.0,20.0
1.0,52.629956443647316,81.2599128873211,109.889869330951,52.629956443655054,81.2599128873248,109.88986933095434
