time,s1,s2,s3,s4,s5,s6
0.0,20.0,20.0,20.0,20.000000000000004,20.0,20.0
1.0,54.8996109854739,85.79922197095986,116.69883295642724,54.89961098548294,85.79922197098072,116.69883295642623
