time,s1,s2,s3,s4,s5,s6
0.0,20.0,20.0,20.0,20.000000000000004,20.0,20.0
1.0,61.71508775189045,99.43017550380277,137.14526325566194,61.71508775190409,99.43017550379429,137.1452632556642
