time,s1,s2,s3,s4,s5,s6
0.0,20.0,20.0,20.0,20.000000000000004,20.0,20.0
1.0,56.58611966788207,89.17223933577336,121.75835900360192,56.5861196678892,89.1722393357659,121.75835900359631
