time,s1,s2,s3,s4,s5,s6
0.0,20.0,20.0,20.0,20.000000000000004,20.0,20.0
1.0,64.12910233901798,104.2582046780386,144.38730701699814,64.12910233902502,104.25820467804603,144.38730701700297
