time,s1,s2,s3,s4,s5,s6
0.0,20.0,20.0,20.0,20.000000000000004,20.0,20.0
1.0,54.179353276619054,84.35870655325792,114.53805982986404,54.17935327662743,84.35870655325775,114.53805982986597
