time,s1,s2,s3,s4,s5,s6
0.0,20.0,20.0,20.0,20.000000000000004,20.0,20.0
1.0,55.889681346606004,87.77936269323091,119.66904403980314,55.88968134662059,87.77936269324266,119.66904403981923
