time,s1,s2,s3,s4,s5,s6
0.0,20.0,20.0,20.0,20.000000000000004,20.0,20.0
1.0,55.51893434419335,87.03786868840763,118.55680303258751,55.51893434420103,87.03786868841055,118.55680303258524
