time,s1,s2,s3,s4,s5,s6
0.0,20.0,20.0,20.0,20.000000000000004,20.0,20.0
1.0,52.63755510947783,81.27511021897544,109.91266532842968,52.63755510948021,81.27511021897618,109.91266532843419
