time,s1,s2,s3,s4,s5,s6
0.0,20.0,20.0,20.0,20.000000000000004,20.0,20.0
1.0,59.48061008322851,94.96122016646898,130.44183024965486,59.48061008323475,94.96122016646505,130.44183024964536
