time,s1,s2,s3,s4,s5,s6
0.0,20.0,20.0,20.0,20.000000000000004,20.0,20.0
1.0,55.950181133626245,87.90036226728319,119.85054340089465,55.95018113363441,87.9003622672765,119.85054340089803
