time,s1,s2,s3,s4,s5,s6
0.0,20.0,20.0,20.0,20.000000000000004,20.0,20.0
1.0,53.25370836421818,82.5074167284485,111.76112509264078,53.253708364222746,82.50741672845547,111.7611250926471
