time,s1,s2,s3,s4,s5,s6
0.0,20.0,20.0,20.0,20.000000000000004,20.0,20.0
1.0,58.787411600965214,93.57482320195132,128.36223480288749,58.7874116009715,93.57482320195231,128.36223480289618
