time,s1,s2,s3,s4,s5,s6
0.0,20.0,20.0,20.0,20.000000000000004,20.0,20.0
1.0,52.18716339246963,80.37432678497886,108.561490177448,52.18716339248479,80.37432678497913,108.56149017744339
