time,s1,s2,s3,s4,s5,s6
0.0,20.0,20.0,20.0,20.000000000000004,20.0,20.0
1.0,57.61006189870724,91.22012379742085,124.83018569608596,57.61006189870876,91.22012379740934,124.83018569607624
