time,s1,s2,s3,s4,s5,s6
0.0,20.0,20.0,20.0,20.000000000000004,20.0,20.0
1.0,56.78632759179857,89.57265518360997,122.35898277537575,56.78632759180914,89.57265518361118,122.35898277537491
