time,s1,s2,s3,s4,s5,s6
0.0,20.0,20.0,20.0,20.000000000000004,20.0,20.0
1.0,57.678246529548176,91.35649305912011,125.03473958863398,57.67824652955668,91.35649305912251,125.03473958862686
