time,s1,s2,s3,s4,s5,s6
0.0,20.0,20.0,20.0,20.000000000000004,20.0,20.0
1.0,61.137983465735516,98.275966931473,135.413950397156,61.1379834657388,98.27596693146657,135.4139503971503
