time,s1,s2,s3,s4,s5,s6
0.0,20.0,20.0,20.0,20.000000000000004,20.0,20.0
1.0,60.551342101806085,97.10268420362114,133.65402630538136,60.55134210180913,97.10268420361594,133.6540263053761
