time,s1,s2,s3,s4,s5,s6
0.0,20.0,20.0,20.0,20.000000000000004,20.0,20.0
1.0,53.217158240489056,82.43431648098192,111.65147472146217,53.21715824049282,82.43431648099227,111.65147472146444
