time,s1,s2,s3,s4,s5,s6
0.0,20.0,20.0,20.0,20.000000000000004,20.0,20.0
1.0,55.261408202503304,86.52281640503092,117.7842246074988,55.26140820250659,86.52281640502626,117.78422460749653
