time,s1,s2,s3,s4,s5,s6
0.0,20.0,20.0,20.0,20.000000000000004,20.0,20.0
1.0,59.65747040059789,95.31494080121614,130.9724112017978,59.657470400605376,95.31494080121527,130.97241120179933
