time,s1,s2,s3,s4,s5,s6
0.0,20.0,20.0,20.0,20.000000000000004,20.0,20.0
1.0,54.405320547856704,84.81064109573481,115.21596164355006,54.40532054786573,84.81064109573386,115.21596164355509
