time,s1,s2,s3,s4,s5,s6
0.0,20.0,20.0,20.0,20.000000000000004,20.0,20.0
1.0,55.171231967778056,86.34246393557393,117.51369590332726,55.17123196778624,86.34246393557532,117.51369590332624
