time,s1,s2,s3,s4,s5,s6
0.0,20.0,20.0,20.0,20.000000000000004,20.0,20.0
1.0,57.708890866453146,91.41778173290595,125.12667259932608,57.70889086646303,91.41778173291988,125.12667259933018
