time,s1,s2,s3,s4,s5,s6
0.0,20.0,20.0,20.0,20.000000000000004,20.0,20.0
1.0,59.615001918447135,95.23000383692201,130.84500575534952,59.61500191845184,95.23000383692367,130.84500575534827
