time,s1,s2,s3,s4,s5,s6
0.0,20.0,20.0,20.0,20.000000000000004,20.0,20.0
1.0,55.09433271214952,86.18866542431292,117.28299813645111,55.0943327121519,86.18866542431867,117.2829981364598
