time,s1,s2,s3,s4,s5,s6
0.0,20.0,20.0,20.0,20.000000000000004,20.0,20.0
1.0,57.65325848937539,91.30651697876638,124.95977546812436,57.65325848938574,91.30651697877319,124.9597754681274
