time,s1,s2,s3,s4,s5,s6
0.0,20.0,20.0,20.0,20.000000000000004,20.0,20.0
1.0,57.50353886886585,91.00707773774778,124.51061660657516,57.503538868870685,91.00707773774319,124.51061660656845
