time,s1,s2,s3,s4,s5,s6
0.0,20.0,20.0,20.0,20.000000000000004,20.0,20.0
1.0,59.58476688481302,95.16953376964261,130.75430065445494,59.58476688481615,95.16953376964756,130.75430065445573
