time,s1,s2,s3,s4,s5,s6
0.0,20.0,20.0,20.0,20.000000000000004,20.0,20.0
1.0,58.44866610730699,92.89733221463382,127.34599832192117,58.448666107320406,92.89733221463158,127.34599832191331
