time,s1,s2,s3,s4,s5,s6
0.0,20.0,20.0,20.0,20.000000000000004,20.0,20.0
1.0,57.048463522968945,90.09692704594434,123.1453905688833,57.048463522974956,90.09692704594248,123.14539056887828
