time,s1,s2,s3,s4,s5,s6
0.0,20.0,20.0,20.0,20.000000000000004,20.0,20.0
1.0,53.31297026275847,82.62594052554844,111.93891078830336,53.31297026276814,82.62594052554974,111.93891078830491
