time,s1,s2,s3,s4,s5,s6
0.0,20.0,20.0,20.0,20.000000000000004,20.0,20.0
1.0,59.57013394153395,95.14026788308718,130.7104018246226,59.57013394153705,95.14026788309087,130.7104018246161
