time,s1,s2,s3,s4,s5,s6
0.0,20.0,20.0,20.0,20.000000000000004,20.0,20.0
1.0,62.25092206777394,100.50184413556026,138.75276620331516,62.25092206777611,100.50184413556109,138.75276620331448
