time,s1,s2,s3,s4,s5,s6
0.0,20.0,20.0,20.0,20.000000000000004,20.0,20.0
1.0,52.158045844605034,80.3160916892312,108.47413753381025,52.15804584461837,80.31609168923373,108.47413753381124
