time,s1,s2,s3,s4,s5,s6
0.0,20.0,20.0,20.0,20.000000000000004,20.0,20.0
1.0,54.87003748832568,85.74007497665384,116.61011246494631,54.87003748833169,85.7400749766555,116.61011246494624
