time,s1,s2,s3,s4,s5,s6
0.0,20.0,20.0,20.0,20.000000000000004,20.0,20.0
1.0,59.27784853050519,94.5556970609488,129.83354559130547,59.27784853078566,94.55569706124382,129.83354559158124
