time,s1,s2,s3,s4,s5,s6
0.0,20.0,20.0,20.0,20.000000000000004,20.0,20.0
1.0,55.77808264285002,87.55616528572597,119.3342479285512,55.778082642860824,87.55616528572817,119.33424792855006
