time,s1,s2,s3,s4,s5,s6
0.0,20.0,20.0,20.0,20.000000000000004,20.0,20.0
1.0,59.860667091734996,95.72133418349317,131.58200127520286,59.86066709174533,95.72133418349293,131.58200127519567
