time,s1,s2,s3,s4,s5,s6
0.0,20.0,20.0,20.0,20.000000000000004,20.0,20.0
1.0,57.548288995988564,91.0965779920108,124.64486698795784,57.548288995999705,91.09657799199887,124.64486698795008
