time,s1,s2,s3,s4,s5,s6
0.0,20.0,20.0,20.0,20.000000000000004,20.0,20.0
1.0,58.42036197185989,92.8407239437385,127.2610859155686,58.42036197185971,92.8407239437315,127.26108591556661
