time,s1,s2,s3,s4,s5,s6
0.0,20.0,20.0,20.0,20.000000000000004,20.0,20.0
1.0,58.025462331625235,92.05092466325993,126.0763869948434,58.0254623316285,92.05092466325823,126.07638699484195
