time,s1,s2,s3,s4,s5,s6
0.0,20.0,20.0,20.0,20.000000000000004,20.0,20.0
1.0,53.168520525349905,82.33704105071048,111.50556157603525,53.168520525349564,82.33704105070811,111.50556157603471
