time,s1,s2,s3,s4,s5,s6
0.0,20.0,20.0,20.0,20.000000000000004,20.0,20.0
1.0,54.101747888465944,84.20349577694452,114.30524366539969,54.10174788847176,84.20349577695053,114.30524366540972
