time,s1,s2,s3,s4,s5,s6
0.0,20.0,20.0,20.0,20.000000000000004,20.0,20.0
1.0,53.48253585894895,82.96507171792247,112.44760757687152,53.48253585896098,82.96507171794073,112.44760757688688
