time,s1,s2,s3,s4,s5,s6
0.0,20.0,20.0,20.0,20.000000000000004,20.0,20.0
1.0,51.94443803811796,79.88887607625958,107.83331411435822,51.94443803812948,79.88887607626411,107.83331411435654
