time,s1,s2,s3,s4,s5,s6
0.0,20.0,20.0,20.0,20.000000000000004,20.0,20.0
1.0,60.62275536082421,97.24551072164563,133.86826608240526,60.622755360822616,97.24551072163675,133.86826608240648
