time,s1,s2,s3,s4,s5,s6
0.0,20.0,20.0,20.0,20.000000000000004,20.0,20.0
1.0,55.095979951904425,86.1919599038246,117.28793985572838,55.09597995191083,86.19195990383406,117.28793985573682
