time,s1,s2,s3,s4,s5,s6
0.0,20.0,20.0,20.0,20.000000000000004,20.0,20.0
1.0,56.757947560933815,89.5158951218957,122.27384268279243,56.75794756095468,89.5158951218955,122.27384268278948
