time,s1,s2,s3,s4,s5,s6
0.0,20.0,20.0,20.0,20.000000000000004,20.0,20.0
1.0,60.027470045721714,96.05494009144823,132.0824101371419,60.02747004572164,96.05494009145042,132.08241013713558
