time,s1,s2,s3,s4,s5,s6
0.0,20.0,20.0,20.0,20.000000000000004,20.0,20.0
1.0,60.652915191611,97.30583038323664,133.95874557481667,60.65291519161024,97.30583038323337,133.9587455748116
