time,s1,s2,s3,s4,s5,s6
0.0,20.0,20.0,20.0,20.000000000000004,20.0,20.0
1.0,55.35650929867403,86.71301859736923,118.06952789600501,55.35650929867901,86.71301859736988,118.0695278960081
