time,s1,s2,s3,s4,s5,s6
0.0,20.0,20.0,20.0,20.000000000000004,20.0,20.0
1.0,55.30040351013949,86.60080702029572,117.90121053041808,55.30040351014592,86.60080702030135,117.9012105304215
