time,s1,s2,s3,s4,s5,s6
0.0,20.0,20.0,20.0,20.000000000000004,20.0,20.0
1.0,58.34553871151777,92.69107742304521,127.03661613452778,58.345538711518586,92.691077423039,127.03661613452788
