time,s1,s2,s3,s4,s5,s6
0.0,20.0,20.0,20.0,20.000000000000004,20.0,20.0
1.0,53.62238239787534,83.24476479576524,112.86714719361461,53.62238239788037,83.24476479577257,112.86714719361561
