time,s1,s2,s3,s4,s5,s6
0.0,20.0,20.0,20.0,20.000000000000004,20.0,20.0
1.0,56.920487915749945,89.84097583150994,122.76146374722882,56.92048791575864,89.84097583151649,122.76146374722352
