time,s1,s2,s3,s4,s5,s6
0.0,20.0,20.0,20.0,20.000000000000004,20.0,20.0
1.0,54.12755115242035,84.25510230485594,114.38265345725227,54.12755115242375,84.25510230485878,114.3826534572521
