time,s1,s2,s3,s4,s5,s6
0.0,20.0,20.0,20.0,20.000000000000004,20.0,20.0
1.0,63.10653029613627,102.21306059229005,141.31959088839722,63.106530296145884,102.21306059229983,141.3195908884112
