time,s1,s2,s3,s4,s5,s6
0.0,20.0,20.0,20.0,20.000000000000004,20.0,20.0
1.0,53.603647777747575,83.20729555551192,112.81094333322467,53.603647777749956,83.20729555550805,112.81094333321775
