time,s1,s2,s3,s4,s5,s6
0.0,20.0,20.0,20.0,20.000000000000004,20.0,20.0
1.0,57.309123279675376,90.61824655937279,123.92736983902475,57.30912327967755,90.61824655936722,123.92736983901766
