time,s1,s2,s3,s4,s5,s6
0.0,20.0,20.0,20.0,20.000000000000004,20.0,20.0
1.0,62.32924097101797,100.65848194204628,138.98772291305067,62.32924097103213,100.65848194205834,138.98772291306454
