time,s1,s2,s3,s4,s5,s6
0.0,20.0,20.0,20.0,20.000000000000004,20.0,20.0
1.0,55.386747005933685,86.77349401189971,118.16024101783141,55.38674700593678,86.77349401190392,118.16024101783589
