time,s1,s2,s3,s4,s5,s6
0.0,20.0,20.0,20.0,20.000000000000004,20.0,20.0
1.0,54.60150817698208,85.20301635398206,115.80452453095911,54.601508176991615,85.20301635399225,115.80452453096663
