time,s1,s2,s3,s4,s5,s6
0.0,20.0,20.0,20.0,20.000000000000004,20.0,20.0
1.0,56.6367270382368,89.27345407649769,121.91018111472079,56.63672703824864,89.27345407650827,121.91018111472675
