time,s1,s2,s3,s4,s5,s6
0.0,20.0,20.0,20.0,20.000000000000004,20.0,20.0
1.0,57.240829492395,90.48165898481717,123.7224884771984,57.24082949240723,90.48165898482205,123.72248847719901
