time,s1,s2,s3,s4,s5,s6
0.0,20.0,20.0,20.0,20.000000000000004,20.0,20.0
1.0,54.412635565316194,84.82527113064604,115.23790669592347,54.412635565321374,84.82527113064671,115.23790669592553
