time,s1,s2,s3,s4,s5,s6
0.0,20.0,20.0,20.0,20.000000000000004,20.0,20.0
1.0,57.29849938194867,90.5969987639268,123.89549814585835,57.29849938195824,90.59699876393475,123.8954981458597
