time,s1,s2,s3,s4,s5,s6
0.0,20.0,20.0,20.0,20.000000000000004,20.0,20.0
1.0,57.51614705356741,91.03229410715733,124.54844116068844,57.516147053575665,91.03229410714982,124.54844116068158
