time,s1,s2,s3,s4,s5,s6
0.0,20.0,20.0,20.0,20.000000000000004,20.0,20.0
1.0,57.36457826880597,90.72915653764889,124.0937348064424,57.364578268817745,90.7291565376486,124.0937348064439
