time,s1,s2,s3,s4,s5,s6
0.0,20.0,20.0,20.0,20.000000000000004,20.0,20.0
1.0,56.85485379002142,89.70970758006249,122.56456137005856,56.8548537900196,89.7097075800619,122.56456137005503
