time,s1,s2,s3,s4,s5,s6
0.0,20.0,20.0,20.0,20.000000000000004,20.0,20.0
1.0,53.96322990514277,83.92645981029303,113.8896897153929,53.96322990514544,83.92645981029082,113.88968971539123
