time,s1,s2,s3,s4,s5,s6
0.0,20.0,20.0,20.0,20.000000000000004,20.0,20.0
1.0,58.18059951430775,92.36119902861944,126.54179854287196,58.180599514307524,92.36119902861185,126.54179854286747
