time,s1,s2,s3,s4,s5,s6
0.0,20.0,20.0,20.0,20.000000000000004,20.0,20.0
1.0,55.80011237529763,87.6002247506203,119.40033712589539,55.800112375304565,87.60022475062057,119.40033712589808
