time,s1,s2,s3,s4,s5,s6
0.0,20.0,20.0,20.0,20.000000000000004,20.0,20.0
1.0,58.21545124609081,92.43090249219343,126.64635373822912,58.215451246096,92.4309024921936,126.64635373822686
