time,s1,s2,s3,s4,s5,s6
0.0,20.0,20.0,20.0,20.000000000000004,20.0,20.0
1.0,56.920326632613325,89.8406532652304,122.76097989783935,56.9203266326231,89.84065326524602,122.76097989783118
