time,s1,s2,s3,s4,s5,s6
0.0,20.0,20.0,20.0,20.000000000000004,20.0,20.0
1.0,57.47843174261821,90.9568634852513,124.43529522783908,57.478431742624466,90.95686348524006,124.43529522783673
