time,s1,s2,s3,s4,s5,s6
0.0,20.0,20.0,20.0,20.000000000000004,20.0,20.0
1.0,55.16037438398132,86.32074876798217,117.4811231519565,55.160374383984845,86.32074876798094,117.48112315195667
