time,s1,s2,s3,s4,s5,s6
0.0,20.0,20.0,20.0,20.000000000000004,20.0,20.0
1.0,59.95511690172322,95.91023380346995,131.86535070515527,59.95511690173001,95.91023380346279,131.8653507051512
