time,s1,s2,s3,s4,s5,s6
0.0,20.0,20.0,20.0,20.000000000000004,20.0,20.0
1.0,57.48798190467366,90.97596380936521,124.46394571400523,57.48798190467114,90.97596380936474,124.46394571400708
