time,s1,s2,s3,s4,s5,s6
0.0,20.0,20.0,20.0,20.000000000000004,20.0,20.0
1.0,67.41398436904453,110.82796873809268,154.24195310696598,67.41398436928621,110.82796873836759,154.24195310723647
