time,s1,s2,s3,s4,s5,s6
0.0,20.0,20.0,20.0,20.000000000000004,20.0,20.0
1.0,58.718670545598485,93.4373410912029,128.15601163674884,58.71867054560394,93.43734109119244,128.1560116367435
