time,s1,s2,s3,s4,s5,s6
0.0,20.0,20.0,20.0,20.000000000000004,20.0,20.0
1.0,60.590821840739956,97.18164368150144,133.77246552221138,60.59082184074607,97.1816436815034,133.7724655222156
