time,s1,s2,s3,s4,s5,s6
0.0,20.0,20.0,20.0,20.000000000000004,20.0,20.0
1.0,58.01070383241375,92.02140766485309,126.03211149724193,58.010703832430764,92.02140766485167,126.03211149723319
