time,s1,s2,s3,s4,s5,s6
0.0,20.0,20.0,20.0,20.000000000000004,20.0,20.0
1.0,56.10659628680203,88.21319257361506,120.31978886039087,56.106596286807616,88.21319257361809,120.31978886039316
