time,s1,s2,s3,s4,s5,s6
0.0,20.0,20.0,20.0,20.000000000000004,20.0,20.0
1.0,55.49054312824029,86.98108625649459,118.47162938471465,55.4905431282463,86.98108625649185,118.47162938471789
