time,s1,s2,s3,s4,s5,s6
0.0,20.0,20.0,20.0,20.000000000000004,20.0,20.0
1.0,54.74894338022632,85.49788676047433,116.24683014068926,54.74894338023544,85.49788676048038,116.2468301406906
