time,s1,s2,s3,s4,s5,s6
0.0,20.0,20.0,20.0,20.000000000000004,20.0,20.0
1.0,55.033682269753804,86.0673645395265,117.10104680926025,55.03368226975584,86.06736453952215,117.10104680926383
