time,s1,s2,s3,s4,s5,s6
0.0,20.0,20.0,20.0,20.000000000000004,20.0,20.0
1.0,65.37633749891407,106.75267499784673,148.12901249674206,65.3763374989131,106.75267499784412,148.1290124967327
