time,s1,s2,s3,s4,s5,s6
0.0,20.0,20.0,20.0,20.000000000000004,20.0,20.0
1.0,58.10617219003487,92.21234438008975,126.31851657009898,58.10617219004444,92.21234438009047,126.3185165700971
