time,s1,s2,s3,s4,s5,s6
0.0,20.0,20.0,20.0,20.000000000000004,20.0,20.0
1.0,53.29825420536587,82.59650841073523,111.89476261606696,53.298254205364984,82.59650841074246,111.89476261606634
