time,s1,s2,s3,s4,s5,s6
0.0,20.0,20.0,20.0,20.000000000000004,20.0,20.0
1.0,58.738233795670425,93.47646759134719,128.21470138698422,58.7382337956805,93.47646759135299,128.21470138699624
