time,s1,s2,s3,s4,s5,s6
0.0,20.0,20.0,20.0,20.000000000000004,20.0,20.0
1.0,56.09742456010933,88.19484912023937,120.29227368032505,56.09742456011856,88.1948491202491,120.2922736803321
