time,s1,s2,s3,s4,s5,s6
0.0,20.0,20.0,20.0,20.000000000000004,20.0,20.0
1.0,53.89347401247164,83.78694802495068,113.68042203739476,53.89347401247754,83.78694802495379,113.68042203739535
