time,s1,s2,s3,s4,s5,s6
0.0,20.0,20.0,20.0,20.000000000000004,20.0,20.0
1.0,54.31765736770116,84.63531473541082,114.95297210310679,54.317657367705024,84.63531473541725,114.9529721031096
