time,s1,s2,s3,s4,s5,s6
0.0,20.0,20.0,20.0,20.000000000000004,20.0,20.0
1.0,57.78839686957221,91.5767937391577,125.3651906087012,57.78839686957509,91.57679373915138,125.36519060869341
