time,s1,s2,s3,s4,s5,s6
0.0,20.0,20.0,20.0,20.000000000000004,20.0,20.0
1.0,57.32300722282166,90.64601444567911,123.96902166848233,57.32300722283728,90.64601444568052,123.96902166848808
