time,s1,s2,s3,s4,s5,s6
0.0,20.0,20.0,20.0,20.000000000000004,20.0,20.0
1.0,57.862942131175316,91.72588426237151,125.58882639352476,57.862942131181306,91.72588426237184,125.58882639351617
