time,s1,s2,s3,s4,s5,s6
0.0,20.0,20.0,20.0,20.000000000000004,20.0,20.0
1.0,59.50980593142202,95.019611862856,130.52941779422312,59.50980593142056,95.01961186283975,130.5294177942173
