time,s1,s2,s3,s4,s5,s6
0.0,20.0,20.0,20.0,20.000000000000004,20.0,20.0
1.0,62.28611960876033,100.57223921754142,138.85835882630138,62.286119608774214,100.57223921755684,138.85835882629772
