time,s1,s2,s3,s4,s5,s6
0.0,20.0,20.0,20.0,20.000000000000004,20.0,20.0
1.0,55.33508502055635,86.67017004113218,118.00525506165525,55.33508502056051,86.6701700411266,118.00525506166183
