time,s1,s2,s3,s4,s5,s6
0.0,20.0,20.0,20.0,20.000000000000004,20.0,20.0
1.0,64.22803260217887,104.45606520437875,144.68409780651422,64.22803260218689,104.45606520437562,144.68409780650404
