time,s1,s2,s3,s4,s5,s6
0.0,20.0,20.0,20.0,20.000000000000004,20.0,20.0
1.0,49.928188162718484,75.85637632547895,101.78456448819485,49.928188162734315,75.85637632548006,101.7845644882037
