time,s1,s2,s3,s4,s5,s6
0.0,20.0,20.0,20.0,20.000000000000004,20.0,20.0
1.0,55.59187732612196,87.1837546522735,118.77563197838217,55.59187732612634,87.1837546522645,118.77563197838447
