time,s1,s2,s3,s4,s5,s6
0.0,20.0,20.0,20.0,20.000000000000004,20.0,20.0
1.0,52.16227118333266,80.32454236668013,108.48681354998229,52.16227118334372,80.32454236668468,108.48681354998153
