time,s1,s2,s3,s4,s5,s6
0.0,20.0,20.0,20.0,20.000000000000004,20.0,20.0
1.0,55.25992468942589,86.51984937888106,117.77977406829027,55.25992468943865,86.5198493788875,117.77977406829383
