time,s1,s2,s3,s4,s5,s6
0.0,20.0,20.0,20.0,20.000000000000004,20.0,20.0
1.0,56.799835937251046,89.59967187451988,122.39950781173135,56.79983593726322,89.59967187452185,122.399507811729
