time,s1,s2,s3,s4,s5,s6
0.0,20.0,20.0,20.0,20.000000000000004,20.0,20.0
1.0,56.621639145353214,89.24327829073063,121.86491743608886,56.62163914535998,89.24327829074443,121.86491743609223
