time,s1,s2,s3,s4,s5,s6
0.0,20.0,20.0,20.0,20.000000000000004,20.0,20.0
1.0,53.44833581438514,82.89667162877485,112.34500744312936,53.44833581439433,82.89667162878041,112.34500744313054
