time,s1,s2,s3,s4,s5,s6
0.0,20.0,20.0,20.0,20.000000000000004,20.0,20.0
1.0,56.650443744005784,89.30088748801616,121.9513312319994,56.65044374401318,89.30088748802913,121.95133123200449
