time,s1,s2,s3,s4,s5,s6
0.0,20.0,20.0,20.0,20.000000000000004,20.0,20.0
1.0,57.6747813430033,91.34956268602699,125.02434402899533,57.67478134301358,91.34956268603372,125.02434402899655
