time,s1,s2,s3,s4,s5,s6
0.0,20.0,20.0,20.0,20.000000000000004,20.0,20.0
1.0,61.306567958938444,98.61313591787899,135.91970387679507,61.30656795894365,98.61313591788249,135.91970387678646
