time,s1,s2,s3,s4,s5,s6
0.0,20.0,20.0,20.0,20.000000000000004,20.0,20.0
1.0,61.545246372534876,99.09049274509657,136.63573911763763,61.54524637253497,99.09049274510187,136.6357391176447
