time,s1,s2,s3,s4,s5,s6
0.0,20.0,20.0,20.0,20.000000000000004,20.0,20.0
1.0,58.42547315777141,92.85094631556663,127.27641947330306,58.42547315777709,92.85094631555133,127.27641947329975
