time,s1,s2,s3,s4,s5,s6
0.0,20.0,20.0,20.0,20.000000000000004,20.0,20.0
1.0,54.27176838956365,84.54353677912732,114.81530516866997,54.27176838956205,84.54353677912994,114.8153051686761
