time,s1,s2,s3,s4,s5,s6
0.0,20.0,20.0,20.0,20.000000000000004,20.0,20.0
1.0,57.33174583101069,90.66349166206794,123.99523749307792,57.3317458310397,90.66349166207391,123.99523749307222
