time,s1,s2,s3,s4,s5,s6
0.0,20.0,20.0,20.0,20.000000000000004,20.0,20.0
1.0,55.92291187424894,87.84582374851561,119.76873562273941,55.92291187426213,87.84582374852053,119.76873562273832
