time,s1,s2,s3,s4,s5,s6
0.0,20.0,20.0,20.0,20.000000000000004,20.0,20.0
1.0,56.14476977997789,88.28953955997163,120.43430933992295,56.14476977998683,88.28953955997508,120.43430933992403
