time,s1,s2,s3,s4,s5,s6
0.0,20.0,20.0,20.0,20.000000000000004,20.0,20.0
1.0,56.94960527695943,89.89921055392199,122.84881583084535,56.94960527696953,89.89921055392078,122.8488158308432
