time,s1,s2,s3,s4,s5,s6
0.0,20.0,20.0,20.0,20.000000000000004,20.0,20.0
1.0,62.694868928966144,101.3897378579446,140.08460678686976,62.69486892897255,101.38973785794474,140.08460678686757
