time,s1,s2,s3,s4,s5,s6
0.0,20.0,20.0,20.0,20.000000000000004,20.0,20.0
1.0,50.238350985955734,76.4767019719231,102.71505295784978,50.238350985962754,76.47670197192839,102.71505295784834
