time,s1,s2,s3,s4,s5,s6
0.0,20.0,20.0,20.0,20.000000000000004,20.0,20.0
1.0,57.631374695158314,91.26274939034366,124.8941240854639,57.6313746951671,91.26274939033202,124.89412408545857
