time,s1,s2,s3,s4,s5,s6
0.0,20.0,20.0,20.0,20.000000000000004,20.0,20.0
1.0,63.59398568685117,103.18797137371453,142.78195706055774,63.59398568685749,103.18797137372687,142.78195706057335
