time,s1,s2,s3,s4,s5,s6
0.0,20.0,20.0,20.0,20.000000000000004,20.0,20.0
1.0,59.97006141188227,95.94012282377416,131.91018423564628,59.9700614118841,95.94012282378849,131.9101842356498
