time,s1,s2,s3,s4,s5,s6
0.0,20.0,20.0,20.0,20.000000000000004,20.0,20.0
1.0,54.24668293468484,84.4933658693853,114.74004880403645,54.246682934694675,84.4933658693952,114.74004880404229
