time,s1,s2,s3,s4,s5,s6
0.0,20.0,20.0,20.0,20.000000000000004,20.0,20.0
1.0,54.53212176456705,85.06424352914608,115.59636529371116,54.53212176458083,85.06424352915738,115.59636529370721
