time,s1,s2,s3,s4,s5,s6
0.0,20.0,20.0,20.0,20.000000000000004,20.0,20.0
1.0,55.6230322600814,87.24606452018779,118.8690967802564,55.62303226008855,87.24606452019329,118.86909678026116
