time,s1,s2,s3,s4,s5,s6
0.0,20.0,20.0,20.0,20.000000000000004,20.0,20.0
1.0,56.5520833333626,89.10416666673548,121.65625000003953,56.55208333337531,89.10416666673135,121.65625000003075
