time,s1,s2,s3,s4,s5,s6
0.0,20.0,20.0,20.0,20.000000000000004,20.0,20.0
1.0,56.552083333363996,89.10416666673787,121.65625000004178,56.55208333337556,89.10416666673308,121.65625000003297
