time,s1,s2,s3,s4,s5,s6
0.0,20.0,20.0,20.0,20.000000000000004,20.0,20.0
1.0,56.55208333336549,89.10416666674071,121.65625000004522,56.55208333337868,89.10416666673767,121.6562500000376
