time,s1,s2,s3,s4,s5,s6
0.0,20.0,20.0,20.0,20.000000000000004,20.0,20.0
1.0,56.552083333362276,89.10416666673603,121.65625000003845,56.552083333375414,89.10416666673143,121.65625000003018
