time,s1,s2,s3,s4,s5,s6
0.0,20.0,20.0,20.0,20.000000000000004,20.0,20.0
1.0,56.552083333363626,89.10416666674044,121.65625000004516,56.55208333337759,89.10416666673584,121.65625000003514
