time,s1,s2,s3,s4,s5,s6
0.0,20.0,20.0,20.0,20.000000000000004,20.0,20.0
1.0,56.55208333336586,89.10416666674135,121.65625000004528,56.55208333337812,89.10416666673731,121.65625000003811
