time,s1,s2,s3,s4,s5,s6
0.0,20.0,20.0,20.0,20.000000000000004,20.0,20.0
1.0,56.55208333336245,89.10416666673741,121.65625000003928,56.55208333337461,89.10416666673069,121.65625000003081
