time,s1,s2,s3,s4,s5,s6
0.0,20.0,20.0,20.0,20.000000000000004,20.0,20.0
1.0,56.55208333336458,89.10416666674233,121.6562500000461,56.55208333337718,89.10416666673616,121.65625000003624
