time,s1,s2,s3,s4,s5,s6
0.0,20.0,20.0,20.0,20.000000000000004,20.0,20.0
1.0,56.552083333365246,89.10416666674075,121.65625000004466,56.55208333337648,89.1041666667357,121.65625000003627
