time,s1,s2,s3,s4,s5,s6
0.0,20.0,20.0,20.0,20.000000000000004,20.0,20.0
1.0,56.55208333336397,89.10416666673906,121.65625000004488,56.55208333337636,89.10416666673505,121.6562500000347
