time,s1,s2,s3,s4,s5,s6
0.0,20.0,20.0,20.0,19.999999999999996,20.0,20.0
1.0,56.09220622282503,90.01707372121972,121.40570124049947,56.36718133863465,89.48403471907466,121.75142242871634
