time,s1,s2,s3,s4,s5,s6
0.0,20.0,19.999999999999996,20.0,20.0,20.000000000000004,20.0
1.0,57.453552227121996,88.8096089755289,121.86087990240085,56.04509014018933,89.25128106952923,120.77380666322344
