time,s1,s2,s3,s4,s5,s6
0.0,20.0,20.0,20.0,20.0,20.0,20.0
1.0,56.46680902927075,88.55042002244389,122.27017352917169,56.57441735410731,88.61763924484417,120.55497741467119
