time,s1,s2,s3,s4,s5,s6
0.0,20.0,20.0,20.0,20.0,20.000000000000004,20.0
1.0,55.73623742013417,89.25318298645963,122.17954607378331,56.471948902955745,88.68703812806956,121.83848483602443
