time,s1,s2,s3,s4,s5,s6
0.0,20.0,20.0,20.0,20.0,20.000000000000004,20.0
1.0,55.919845124074925,89.69563151875028,121.5654042959688,55.224177999557234,89.54481804474963,121.45999895473858
