time,s1,s2,s3,s4,s5,s6
0.0,20.0,20.0,20.0,20.0,20.0,20.0
1.0,57.59675642363427,89.2463919413592,121.91411805939039,56.682707825421566,90.5931813005472,121.14468051865092
