time,s1,s2,s3,s4,s5,s6
0.0,20.0,20.0,20.0,20.0,20.0,20.000000000000004
1.0,57.49894795363192,89.46710422558871,122.0983493947095,55.551846643651906,88.92096928789313,122.54313456275266
