time,s1,s2,s3,s4,s5,s6
0.0,20.0,19.999999999999996,20.0,20.0,20.0,20.0
1.0,56.69069159474544,89.72888839688117,121.49518586857133,56.79335738747854,89.52669438108512,121.5609719645986
