time,s1,s2,s3,s4,s5,s6
0.0,20.0,20.0,20.0,20.0,20.0,20.0
1.0,56.303921047902065,88.80682298330179,121.9491484290254,56.79775684763175,88.88959642801078,121.94984876229138
