time,s1,s2,s3,s4,s5,s6
0.0,20.0,20.0,20.0,20.0,20.0,20.0
1.0,57.556702195117154,88.86657881157059,121.55044539651783,56.51438265378518,89.68331806464258,120.81746154357985
