time,s1,s2,s3,s4,s5,s6
0.0,20.000000000000004,20.0,20.0,20.0,19.999999999999996,20.000000000000004
1.0,56.50030795949698,89.8581789129853,122.24543757088406,56.61148690949663,88.14998183817278,123.03359068130045
