time,s1,s2,s3,s4,s5,s6
0.0,20.0,20.0,20.0,20.0,19.999999999999996,20.0
1.0,56.150954099772314,89.4758212892595,121.79232420995399,56.260732630175674,89.75984374905092,121.68545901623064
