time,s1,s2,s3,s4,s5,s6
0.0,20.0,20.0,20.0,20.0,20.0,20.0
1.0,55.79229205181292,89.86285244152265,122.47508102867337,57.072435149953435,89.87295932851316,121.17977375083112
