time,s1,s2,s3,s4,s5,s6
0.0,20.0,20.0,20.0,20.0,20.000000000000004,20.0
1.0,57.124966381184834,89.57865122691203,122.92307908233232,56.75417588914076,88.60349980113482,120.65249789095277
