time,s1,s2,s3,s4,s5,s6
0.0,20.0,20.000000000000004,20.0,20.0,20.0,20.0
1.0,55.797191818752424,87.83012916771506,121.08471488641311,55.776359165044944,88.0445187880547,121.28697394737836
