time,s1,s2,s3,s4,s5,s6
0.0,20.0,20.000000000000004,20.0,20.0,19.999999999999996,20.0
1.0,56.25726894674498,88.55281376612963,121.17499688596558,56.086026873450194,89.20686024531197,121.59409551360298
