time,s1,s2,s3,s4,s5,s6
0.0,20.0,19.999999999999996,20.0,20.0,20.0,20.000000000000004
1.0,57.19667027847833,88.88880528620719,122.45499062772558,56.166093995333426,88.86072917991343,121.61232386594003
