time,s1,s2,s3,s4,s5,s6
0.0,20.0,20.0,20.0,20.000000000000004,20.0,20.0
1.0,56.8266830425581,88.47600036576681,122.15278855870838,56.128728029827485,89.34738670606984,122.40534611549411
