time,s1,s2,s3,s4,s5,s6
0.0,20.0,20.0,20.0,20.0,19.999999999999996,20.0
1.0,57.1951180703375,88.6316120125232,121.9282308782855,57.13586114217411,88.42293703435944,121.48562078744787
