time,s1,s2,s3,s4,s5,s6
0.0,20.000000000000004,20.0,20.0,20.0,20.0,19.999999999999996
1.0,55.84033915670414,89.31223741302531,121.51145648463189,55.43274665464453,89.90707026086382,120.89807914010329
