time,s1,s2,s3,s4,s5,s6
0.0,20.0,20.0,20.0,20.0,20.0,20.0
1.0,56.97725230277928,89.50203968375669,121.29994781821226,57.32876313043355,89.17096788744004,121.48585463828437
