time,s1,s2,s3,s4,s5,s6
0.0,20.0,20.0,20.0,20.0,20.0,19.999999999999996
1.0,56.30204587004456,89.72696941789268,122.03889264698444,54.53474922201403,89.29093393247442,122.63453249493388
