time,s1,s2,s3,s4,s5,s6
0.0,20.0,20.000000000000004,20.0,20.0,20.0,20.0
1.0,56.58400302782572,88.08952731962371,122.1568257281078,55.76999102926695,89.2946093083468,121.49751149798027
