time,s1,s2,s3,s4,s5,s6
0.0,20.0,20.0,20.0,20.000000000000004,20.0,20.0
1.0,57.23038632312535,88.87595357904358,122.00578144642314,56.6644250637743,89.70265108526112,122.6182853439317
