time,s1,s2,s3,s4,s5,s6
0.0,20.0,20.0,20.0,20.0,19.999999999999996,20.0
1.0,57.600652327845665,88.84362928681873,121.69764211832393,55.08510956957495,88.3314769082491,122.78017223598819
