time,s1,s2,s3,s4,s5,s6
0.0,20.0,20.0,20.0,20.0,20.0,20.0
1.0,56.775964094212135,88.38822874932106,122.19653875358173,58.13538985954129,89.1930399592331,122.34840998047966
