time,s1,s2,s3,s4,s5,s6
0.0,20.0,20.0,20.0,20.0,20.0,20.0
1.0,56.81653585866825,89.1960685733842,121.60968187270497,57.507806556642485,88.69788731857064,121.33794308641792
