time,s1,s2,s3,s4,s5,s6
0.0,20.0,20.0,20.0,20.0,20.0,20.0
1.0,57.42179386168702,88.63327820482432,121.88281327167228,55.85838278982119,88.31896056718182,120.88560211595006
