time,s1,s2,s3,s4,s5,s6
0.0,20.0,20.0,20.0,20.0,19.999999999999996,19.999999999999996
1.0,56.70450486545579,89.58478666606017,122.02239801301897,57.00322054417643,89.59440297405911,121.36487087400857
