time,s1,s2,s3,s4,s5,s6
0.0,20.0,20.0,20.0,20.0,20.0,20.0
1.0,57.07452343723011,88.67827597172074,121.41747496957416,58.11643593971565,90.33297674950316,120.85540420814996
