time,s1,s2,s3,s4,s5,s6
0.0,20.0,20.0,20.0,20.0,20.0,20.0
1.0,56.45251705316888,89.13113521342012,122.42902694874229,56.15628678407132,89.50297734219198,120.81038641232979
