time,s1,s2,s3,s4,s5,s6
0.0,20.000000000000004,20.0,20.0,20.0,20.0,20.0
1.0,55.981555525398264,89.12626243007284,121.93893643140568,57.82613632867397,88.48936425103746,121.15897900695592
