time,s1,s2,s3,s4,s5,s6
0.0,20.0,19.999999999999996,20.0,20.0,19.999999999999996,20.0
1.0,57.39089664280026,88.91930530005993,121.39399227891008,56.82751689615705,89.46483551608384,120.50027635074701
