time,s1,s2,s3,s4,s5,s6
0.0,20.0,20.0,20.0,20.0,20.000000000000004,20.0
1.0,56.71645333978218,89.88131714130589,120.52554753648086,57.29415500875652,89.12686386488852,121.66141032475298
