time,s1,s2,s3,s4,s5,s6
0.0,20.0,20.0,20.0,20.000000000000004,20.000000000000004,20.0
1.0,57.1349505088138,90.14580747044889,121.51452588636047,56.47512877852108,88.40047671134009,121.22234300875662
