time,s1,s2,s3,s4,s5,s6
0.0,20.0,20.0,20.0,20.0,20.0,20.0
1.0,57.289913931247256,88.91208659975364,122.19707601368245,56.561469611903235,89.86985902190158,121.4471454223131
