time,s1,s2,s3,s4,s5,s6
0.0,20.0,20.0,20.000000000000004,20.0,20.0,20.000000000000004
1.0,56.5342806904145,89.91115762827525,121.6451145084097,56.21929238581193,88.46233590266517,121.18389628512625
