time,s1,s2,s3,s4,s5,s6
0.0,20.0,20.0,20.0,20.0,20.0,20.0
1.0,56.2421470142685,89.34683812228118,121.3889282195887,56.49132606153838,89.90869492396308,122.16245481760849
