time,s1,s2,s3,s4,s5,s6
0.0,20.0,20.0,20.0,20.0,20.000000000000004,20.0
1.0,56.6705582824023,88.18123147249025,121.26624088635084,56.37178053685364,88.40298589141644,120.42748021062428
