time,s1,s2,s3,s4,s5,s6
0.0,20.0,20.0,20.0,20.0,19.999999999999996,20.0
1.0,55.700407989072836,88.67102874609297,121.54711657430182,56.069689562321045,89.43915636892281,121.54842054640356
