time,s1,s2,s3,s4,s5,s6
0.0,20.0,20.0,20.0,20.0,20.0,20.0
1.0,56.33063578120805,90.22102229971237,121.73206238205401,55.8294330624198,88.47433576927129,121.91351596571104
