time,s1,s2,s3,s4,s5,s6
0.0,20.0,20.0,20.0,19.999999999999996,20.0,19.999999999999996
1.0,56.754452325165815,88.97333320458443,121.74452433183487,57.203721250067275,88.2210359726806,121.5973064170838
