time,s1,s2,s3,s4,s5,s6
0.0,20.0,20.0,20.0,20.0,20.0,20.0
1.0,56.189117688030024,89.02184041942193,122.2640532295377,56.56885050585342,89.84560261388904,122.46753435135943
