time,s1,s2,s3,s4,s5,s6
0.0,20.0,20.0,20.0,19.999999999999996,20.0,20.0
1.0,56.67941810092584,90.29902938241112,122.24214022221324,56.356926403558774,88.5799276118611,121.66135089912139
