time,s1,s2,s3,s4,s5,s6
0.0,20.0,19.999999999999996,20.0,20.0,20.0,20.000000000000004
1.0,57.34006629710947,89.08488830448896,122.80270447457531,56.50242575565049,89.56900859840275,121.52214990266262
