time,s1,s2,s3,s4,s5,s6
0.0,20.0,20.000000000000004,20.0,20.0,20.0,20.0
1.0,57.757973421595324,88.27068340957902,121.19222834709315,55.662943692126305,89.62184795455292,121.80271940980056
