time,s1,s2,s3,s4,s5,s6
0.0,20.0,20.000000000000004,20.0,20.000000000000004,20.0,20.0
1.0,55.80608350592141,88.20972927456354,121.55419324152285,55.97268378725953,88.82734443353492,121.40267916984124
