time,s1,s2,s3,s4,s5,s6
0.0,20.0,20.0,20.0,19.999999999999996,20.0,20.0
1.0,57.27971335030591,89.87720578263124,123.46925384390934,55.69014903379168,89.42135769855854,120.25286284137657
