time,s1,s2,s3,s4,s5,s6
0.0,20.0,20.0,20.0,20.0,20.0,19.999999999999996
1.0,56.44734789131728,88.4293743614501,120.9516018106933,57.098801249260234,89.60947244148045,122.08514742367396
