time,s1,s2,s3,s4,s5,s6
0.0,20.0,20.0,20.0,20.000000000000004,20.0,20.000000000000004
1.0,56.88175357430567,89.31981041863322,121.74748322903281,56.18445635183034,89.85547833782353,121.9393860115068
