time,s1,s2,s3,s4,s5,s6
0.0,20.0,20.0,20.0,20.0,20.0,20.0
1.0,56.267980249039326,90.37603165476543,121.68485585757628,57.98316890186692,90.16136419903258,121.80528344829806
