time,s1,s2,s3,s4,s5,s6
0.0,20.0,19.999999999999996,20.0,20.0,19.999999999999996,20.0
1.0,55.584187883426694,88.79946365193767,121.05116252638433,56.827785888606556,89.06495469264833,121.83923672675563
