time,s1,s2,s3,s4,s5,s6
0.0,20.0,20.0,20.0,20.0,19.999999999999996,20.0
1.0,56.70660615365655,89.98363620949554,120.5688076612282,56.82327820900395,90.20776518131481,121.8695326626571
