time,s1,s2,s3,s4,s5,s6
0.0,20.0,20.0,20.0,20.000000000000004,20.0,20.0
1.0,55.83341075814913,89.26084491224589,121.9200780755751,57.16561011308673,88.98903303760103,120.74973568210774
