time,s1,s2,s3,s4,s5,s6
0.0,20.0,20.0,20.0,20.000000000000004,20.0,20.0
1.0,56.576032091976245,89.54813647213061,120.43707855659983,55.72156077038901,89.54306630103824,122.01322580788991
