time,s1,s2,s3,s4,s5,s6
0.0,20.0,20.0,20.0,20.0,20.0,20.0
1.0,56.50365828140217,88.5357204450349,122.3558306428236,56.42375830862353,88.50049132348649,121.07310107495613
