time,s1,s2,s3,s4,s5,s6
0.0,20.0,19.999999999999996,20.0,20.0,20.0,20.0
1.0,56.66920622685497,88.93730316341927,120.82833208389404,55.85697464038306,88.7410579473913,121.93549898602754
