time,s1,s2,s3,s4,s5,s6
0.0,20.0,19.999999999999996,20.0,20.0,20.0,20.0
1.0,56.946993617290424,88.69021356391475,122.29516854954502,56.22948375070971,88.79638366955747,121.70381008299438
