time,s1,s2,s3,s4,s5,s6
0.0,20.0,20.0,20.0,20.0,20.0,20.0
1.0,56.97430870492165,89.64830389211113,122.20304294384802,55.55442874201027,88.82267554787545,121.23856970164194
