time,s1,s2,s3,s4,s5,s6
0.0,20.0,19.999999999999996,20.0,20.0,20.0,20.0
1.0,57.27010326264562,88.68378972189998,120.7584293723671,56.44057193701502,89.679171691878,122.81005528997765
