time,s1,s2,s3,s4,s5,s6
0.0,20.0,20.0,20.0,20.0,20.0,20.0
1.0,56.69753496822419,88.12189137570104,121.83113089053745,56.31415903584178,88.04647159750655,121.73653377710593
