time,s1,s2,s3,s4,s5,s6
0.0,20.0,20.0,20.0,20.0,20.0,20.0
1.0,56.46074214500591,89.47382712146958,121.8589252748219,57.40702216268203,89.81523451373076,121.79557138232988
