time,s1,s2,s3,s4,s5,s6
0.0,20.0,20.0,20.0,20.0,20.0,20.0
1.0,56.21765316011491,89.21853220385205,120.58092497176708,57.6915430306083,87.90265396500246,121.24763642919955
