time,s1,s2,s3,s4,s5,s6
0.0,20.0,20.0,20.0,20.0,20.0,20.0
1.0,56.52059917458163,89.32561053724409,121.54705117428388,56.32072989453476,89.30312319663463,121.66295885726679
