time,s1,s2,s3,s4,s5,s6
0.0,20.0,20.0,20.0,20.0,20.000000000000004,20.0
1.0,57.41905494464077,89.07029896271106,121.69651855037357,56.984185816379075,88.23866990706098,121.74507799430313
