time,s1,s2,s3,s4,s5,s6
0.0,20.0,19.999999999999996,20.0,20.0,20.0,20.0
1.0,55.6318521961782,88.93631077796621,119.79017245696402,57.17216973952106,89.43932649322831,120.83606792551168
