time,s1,s2,s3,s4,s5,s6
0.0,20.0,20.0,20.0,20.0,19.999999999999996,20.000000000000004
1.0,57.53285517906262,89.58050941782776,122.11014996666418,57.06874054768359,88.99280993292714,121.42496163685779
