time,s1,s2,s3,s4,s5,s6
0.0,20.0,20.0,20.0,20.0,20.0,20.0
1.0,56.852747112188275,89.85463789738576,122.14157330634137,57.189991332429386,89.61344387412521,120.86965381473868
