time,s1,s2,s3,s4,s5,s6
0.0,20.0,20.0,20.0,20.0,20.0,20.0
1.0,55.64408242552105,88.28428874815444,122.01507436376906,56.617630377796374,90.82753044646569,121.89479614260765
