time,s1,s2,s3,s4,s5,s6
0.0,20.0,20.000000000000004,20.0,20.0,20.0,20.0
1.0,55.687984252618314,89.75484308330672,121.77055098620573,56.6886989431246,88.90293024442761,121.76156222034348
