time,s1,s2,s3,s4,s5,s6
0.0,20.0,20.0,20.0,20.0,19.999999999999996,20.0
1.0,55.87239252220368,89.89195600468986,122.26878191705748,58.23548477624111,88.98357551112397,120.88854621116968
