time,s1,s2,s3,s4,s5,s6
0.0,20.0,20.0,20.0,19.999999999999996,20.0,20.0
1.0,55.52880476096156,89.37870851710954,122.14560526059695,56.362382378005634,89.01643874434939,121.08460227976498
