time,s1,s2,s3,s4,s5,s6
0.0,20.0,20.0,20.0,20.000000000000004,20.0,20.0
1.0,56.00535927579905,88.82331523588307,121.9557527648525,57.18288906823779,89.87479542118106,122.7544309942973
