time,s1,s2,s3,s4,s5,s6
0.0,20.0,20.0,20.0,20.0,20.0,20.0
1.0,56.376699709695956,90.23057108505577,120.6920238627714,56.012083824398665,89.41405139308989,121.39821439120806
