time,s1,s2,s3,s4,s5,s6
0.0,20.0,20.0,20.0,20.0,20.0,20.0
1.0,56.752713504326465,89.85275563818371,120.70922512534301,57.004593470835275,89.34323407514395,120.28143469795171
