time,s1,s2,s3,s4,s5,s6
0.0,20.0,20.0,20.0,20.0,20.0,20.0
1.0,55.38921074786043,90.02416562742164,121.7646128278339,56.76947615525943,90.01294447493987,122.66046047423359
