time,s1,s2,s3,s4,s5,s6
0.0,20.0,20.0,20.0,20.0,20.0,20.0
1.0,56.77510227390813,89.16108846538856,121.93800273070555,56.83308239051439,89.74238088118022,122.80155342721392
