time,s1,s2,s3,s4,s5,s6
0.0,20.0,20.0,20.0,20.0,20.000000000000004,20.0
1.0,56.00555444599004,88.86483561281855,121.76792635395628,55.6571973020083,88.8432889102074,121.91711471399603
