time,s1,s2,s3,s4,s5,s6
0.0,20.0,20.0,20.0,20.0,20.0,20.0
1.0,56.826726399665546,89.20816526698013,121.86643854844309,56.49202546377467,88.25924865617984,121.68247134861831
