time,s1,s2,s3,s4,s5,s6
0.0,20.0,20.0,20.0,20.0,20.0,20.0
1.0,55.82691972326063,90.64648474371737,122.18031017360275,55.495552226109645,89.74814932962502,122.48043852578988
