time,s1,s2,s3,s4,s5,s6
0.0,20.0,20.0,20.0,20.0,20.0,20.0
1.0,56.85933492922213,89.4931937978647,121.9153673526155,56.631419497629444,88.83645610663879,121.81011898497168
