time,s1,s2,s3,s4,s5,s6
0.0,20.0,20.000000000000004,20.0,20.0,19.999999999999996,20.0
1.0,55.93890781981355,88.79397017142273,122.28132180361513,56.800163573798216,89.36385108389277,121.3481777637999
