time,s1,s2,s3,s4,s5,s6
0.0,20.0,20.000000000000004,20.0,20.0,20.000000000000004,19.999999999999996
1.0,55.96747463694163,87.87448433345811,121.07665458401397,57.027938917938094,89.00492358529583,122.08726040068612
