time,s1,s2,s3,s4,s5,s6
0.0,20.0,20.0,20.0,20.0,20.000000000000004,20.0
1.0,56.627116607694376,89.33829792872382,123.03014655015892,57.17101561005387,88.23448187050585,121.79864740391172
