time,s1,s2,s3,s4,s5,s6
0.0,20.0,20.0,20.0,20.0,20.0,20.0
1.0,55.59547224058558,88.91782750986613,122.1635776524346,55.203898044731005,88.92170524989965,122.60342176412965
