time,s1,s2,s3,s4,s5,s6
0.0,20.0,20.0,20.0,19.999999999999996,20.0,20.0
1.0,56.04494375455387,88.92761403211863,121.47029432156138,57.593501044546066,90.24538503366847,120.69892989914966
