time,s1,s2,s3,s4,s5,s6
0.0,20.0,20.0,20.0,20.0,19.999999999999996,20.000000000000004
1.0,55.8283087429056,88.96421729184702,121.11939051749494,56.404489379808126,88.71905192840356,120.51265148851712
