time,s1,s2,s3,s4,s5,s6
0.0,20.0,20.0,20.0,20.0,19.999999999999996,20.0
1.0,57.058728046553554,89.15466960803309,121.28533983595426,55.36976116946084,88.63599033350113,121.61654799619954
