time,s1,s2,s3,s4,s5,s6
0.0,20.0,20.0,20.0,20.0,20.0,20.0
1.0,57.51331626534031,88.63211102136687,121.69706906380665,56.34944186597709,90.02863272013485,122.19258133152864
