time,s1,s2,s3,s4,s5,s6
0.0,20.0,20.0,20.0,20.0,20.0,20.0
1.0,56.12406396575473,89.39521279353914,120.65214601099248,56.54768768602605,89.19669832018799,121.165954219324
