time,s1,s2,s3,s4,s5,s6
0.0,20.0,20.0,20.0,20.0,20.0,20.0
1.0,57.870879916184805,89.29214561274495,122.47110598578121,56.29488296058348,88.59974153529802,121.7449364084793
