time,s1,s2,s3,s4,s5,s6
0.0,20.0,20.0,20.0,20.0,19.999999999999996,20.0
1.0,56.071058305632704,89.02009130011635,123.19004724388043,56.444011989888345,88.97930855933983,122.9281621746334
