time,s1,s2,s3,s4,s5,s6
0.0,20.0,20.0,20.0,20.0,20.0,20.0
1.0,56.81344005199288,89.78115239939105,121.21625547662336,56.31652730791573,88.08709792487704,123.02822507747253
