time,s1,s2,s3,s4,s5,s6
0.0,20.0,20.0,20.0,20.0,20.0,20.0
1.0,57.284421224295016,89.02100847408218,121.81239199320385,57.09826673495261,88.66729384514791,121.94673417811853
