time,s1,s2,s3,s4,s5,s6
0.0,20.0,19.999999999999996,20.0,19.999999999999996,20.000000000000004,20.0
1.0,56.58925987205555,88.39694061246992,122.67187290157452,56.35238573341967,88.99154724787618,120.88277381845768
