time,s1,s2,s3,s4,s5,s6
0.0,20.0,20.000000000000004,20.0,20.0,20.0,20.000000000000004
1.0,55.98827281582757,88.77266770554655,120.7691650821726,56.64477438614214,89.48364490482251,121.60326194004546
