time,s1,s2,s3,s4,s5,s6
0.0,20.0,20.0,20.0,20.0,20.0,20.0
1.0,55.55437613250797,89.11246373097222,121.51929872773633,57.06116045527757,88.78202874717334,121.78564020591296
