time,s1,s2,s3,s4,s5,s6
0.0,20.0,20.0,20.0,20.0,20.0,20.0
1.0,57.51719476369158,90.57276745339712,121.53745755837883,56.68751793047739,88.53649926145525,120.76524801105563
