time,s1,s2,s3,s4,s5,s6
0.0,20.0,20.0,20.0,20.0,19.999999999999996,20.0
1.0,56.283084433573165,89.7087556635627,120.15885829881243,55.89121387141988,89.72549563643913,121.54614127533715
