time,s1,s2,s3,s4,s5,s6
0.0,20.0,20.0,20.0,19.999999999999996,20.0,20.0
1.0,56.44930326713599,88.88522818014472,122.35426911536834,55.13288215331189,89.22265890756756,121.3308550554623
