time,s1,s2,s3,s4,s5,s6
0.0,20.0,20.000000000000004,20.0,20.0,20.0,20.0
1.0,57.37181195003384,89.66522350467056,121.34009292369257,56.03457519719195,88.57629529695292,121.64454204063932
