time,s1,s2,s3,s4,s5,s6
0.0,20.0,20.0,20.0,19.999999999999996,20.0,20.0
1.0,55.62220293475471,90.0120892964201,122.27080115183783,55.96685296100789,90.28294024601755,121.0238882524973
