time,s1,s2,s3,s4,s5,s6
0.0,20.0,20.0,20.0,20.0,20.0,20.0
1.0,56.433836173092736,89.57260150818072,121.24692838338123,56.20795765781698,89.60358654197404,122.14179452531789
