time,s1,s2,s3,s4,s5,s6
0.0,20.0,20.0,20.0,20.0,20.0,20.0
1.0,55.978069154500744,88.3138666792283,120.87394861783055,56.61706581450201,88.42970935919817,121.6977778983714
