time,s1,s2,s3,s4,s5,s6
0.0,20.0,20.0,20.0,20.0,20.0,20.0
1.0,55.851950566216736,90.56423567100833,121.78966063311054,56.88281640321879,88.69693169654472,122.26157832631947
