time,s1,s2,s3,s4,s5,s6
0.0,20.0,19.999999999999996,20.0,20.0,20.000000000000004,20.0
1.0,56.61420631841108,88.93949845473837,122.25598956934894,55.566758036961566,89.10520822352292,120.35297264497675
