time,s1,s2,s3,s4,s5,s6
0.0,20.0,20.0,20.0,20.0,20.0,19.999999999999996
1.0,54.71318516194839,89.40032229593618,122.18165959824252,56.9381920091138,88.86608731876873,122.73711246326155
