time,s1,s2,s3,s4,s5,s6
0.0,20.0,20.0,20.0,20.0,20.0,20.0
1.0,57.1462311543845,88.87862108579095,120.4239460276448,57.564526616007285,88.52381681912293,120.94982305684648
