time,s1,s2,s3,s4,s5,s6
0.0,20.0,20.0,20.0,20.0,20.0,20.0
1.0,56.512145206680415,90.68811697428245,122.5217166482054,57.07992466587307,90.82400824589543,121.5259387841045
