time,s1,s2,s3,s4,s5,s6
0.0,20.0,20.0,20.0,20.0,20.0,20.0
1.0,57.08112235838414,89.66954304615126,122.18288264157934,55.89136096022184,88.13468693412125,122.52986203554346
