time,s1,s2,s3,s4,s5,s6
0.0,20.0,20.0,20.0,20.0,20.0,20.000000000000004
1.0,56.95637446051141,88.52575178648898,122.51164186639465,55.02313987293456,88.26841753445731,121.64443576946117
