time,s1,s2,s3,s4,s5,s6
0.0,20.0,20.0,20.0,20.0,20.0,20.0
1.0,57.852206491506024,88.65687224810401,121.60273022472678,55.310818646663876,89.0371718690384,120.79575841393265
