time,s1,s2,s3,s4,s5,s6
0.0,20.0,20.0,20.0,20.0,20.000000000000004,20.000000000000004
1.0,57.82231820516445,89.20759219564127,122.16479091020793,56.58013260200776,90.21353247139035,121.81254133836028
