time,s1,s2,s3,s4,s5,s6
0.0,20.0,20.0,20.0,20.0,20.000000000000004,20.0
1.0,58.15023880437314,89.1877828220976,121.3908394959651,56.571035012545934,87.27677770913603,121.26251822280909
