time,s1,s2,s3,s4,s5,s6
0.0,20.0,20.0,20.0,20.0,19.999999999999996,20.000000000000004
1.0,57.10044941210188,90.16564302780412,121.40466610715609,55.77657971048633,88.50865341779549,122.20172441532
