time,s1,s2,s3,s4,s5,s6
0.0,20.0,20.0,20.0,20.0,19.999999999999996,20.0
1.0,56.39385474048628,89.62685497708677,122.33703768584738,54.9271934857813,90.01909289274114,120.89176292082001
