time,s1,s2,s3,s4,s5,s6
0.0,20.0,20.0,20.000000000000004,20.0,20.0,20.000000000000004
1.0,56.379984598768246,89.72467915916468,121.46842423437315,56.20887883824711,88.05087796974757,121.60045375515891
