time,s1,s2,s3,s4,s5,s6
0.0,20.0,20.0,20.0,20.0,20.0,20.0
1.0,55.56944575048486,87.98777201056726,122.13566943393913,57.20205343603613,89.0246943644073,120.96286480587587
