time,s1,s2,s3,s4,s5,s6
0.0,20.0,20.0,20.0,20.0,20.0,20.0
1.0,56.852503332899644,87.51640725620848,121.34626957952614,55.61670356283311,89.0946442368929,121.71488443530646
