time,s1,s2,s3,s4,s5,s6
0.0,20.0,20.0,20.0,20.0,20.0,20.0
1.0,55.404614536050524,89.06172609644399,122.54167306571141,57.3166995740197,89.44831789120329,121.51948190895864
