time,s1,s2,s3,s4,s5,s6
0.0,20.0,19.999999999999996,20.0,20.0,20.0,20.0
1.0,56.63381199374003,88.87221271169796,122.32195263866544,56.624640600602255,88.66276727568257,120.82524054079576
