time,s1,s2,s3,s4,s5,s6
0.0,20.0,20.0,20.0,20.0,20.0,20.0
1.0,55.74105171506538,88.61663299347057,121.5698083035648,56.854639512690774,89.32110766157857,121.7226723890531
