time,s1,s2,s3,s4,s5,s6
0.0,20.0,20.0,20.0,20.0,20.0,20.0
1.0,56.49439906098952,89.83190527301693,122.4058449268031,55.728328037030515,89.210462752166,121.87503756780336
