time,s1,s2,s3,s4,s5,s6
0.0,20.0,19.999999999999996,20.0,19.999999999999996,19.999999999999996,20.0
1.0,56.99054415519618,88.51187876219123,120.79248092373987,57.12491076778544,88.0521025560126,121.43207105279281
