time,s1,s2,s3,s4,s5,s6
0.0,20.0,20.0,20.0,20.0,20.0,20.0
1.0,56.23348822486122,89.92963110317206,122.2953522522574,56.78613198813949,88.52886270424742,121.87564922312541
