time,s1,s2,s3,s4,s5,s6
0.0,20.0,20.0,20.0,20.000000000000004,20.0,20.0
1.0,56.05702463966384,88.83341158933197,122.23887489763771,56.63010210666087,89.8652777957637,122.1240640491822
