time,s1,s2,s3,s4,s5,s6
0.0,20.0,20.0,20.0,20.0,19.999999999999996,19.999999999999996
1.0,56.26161407805228,89.73959948163676,121.27191792821768,57.15164445150487,90.2133272671833,121.92518529594213
