time,s1,s2,s3,s4,s5,s6
0.0,20.0,20.0,20.0,20.0,20.0,19.999999999999996
1.0,56.26600580625315,88.56926245073308,121.05819465547405,56.655675425074854,88.42083734526004,121.91258550332276
