time,s1,s2,s3,s4,s5,s6
0.0,20.0,20.0,20.0,20.0,20.0,20.0
1.0,56.52151460572108,89.66053176812392,121.95332559194972,57.032912898605595,89.18528516896018,121.97224843739934
