time,s1,s2,s3,s4,s5,s6
0.0,20.0,20.0,20.0,20.0,20.0,20.0
1.0,56.13911184568764,89.47291522168939,121.43726593136584,56.96491504554257,90.31542337656101,122.21999048981056
