time,s1,s2,s3,s4,s5,s6
0.0,20.0,20.0,20.0,20.0,20.0,20.0
1.0,55.74398333933705,88.64554487315557,121.66402006504396,55.66368246710656,88.41697479646358,122.07665240106721
