time,s1,s2,s3,s4,s5,s6
0.0,20.0,20.0,20.0,20.0,20.000000000000004,20.0
1.0,55.52391528650836,89.10404406337472,122.2755393379803,56.5062052077436,88.84515957345197,120.68037563253536
