time,s1,s2,s3,s4,s5,s6
0.0,20.0,20.0,20.0,20.0,20.0,20.0
1.0,55.50493630745768,89.67913038771225,121.71621214693563,57.199916650064736,89.82430386281112,122.4148337479448
