time,s1,s2,s3,s4,s5,s6
0.0,20.0,20.0,20.0,20.0,20.0,19.999999999999996
1.0,56.5393660947647,89.73873227000738,120.24045096015058,57.608441626768794,89.06130584348553,119.83243458279527
