time,s1,s2,s3,s4,s5,s6
0.0,20.0,20.0,20.0,20.0,19.999999999999996,19.999999999999996
1.0,56.595103678500514,89.04985827553206,120.77747410463303,55.71609778580979,88.66576440341291,121.50166051322951
