time,s1,s2,s3,s4,s5,s6
0.0,20.0,20.0,20.0,20.0,20.0,20.0
1.0,56.796755774020525,89.80182100158315,121.58359198969765,56.41993961724877,89.89875364048018,121.14929377120461
