time,s1,s2,s3,s4,s5,s6
0.0,20.0,20.0,20.0,20.0,19.999999999999996,20.0
1.0,55.536240331254646,88.8410898490179,122.11446949995013,57.52470185403807,88.79348098902321,120.60414596804209
