time,s1,s2,s3,s4,s5,s6
0.0,20.0,20.0,20.0,20.0,20.0,20.000000000000004
1.0,56.727826178775764,89.27033891449462,121.64645985307183,57.15791454410028,88.83913786121384,121.7779708230723
