time,s1,s2,s3,s4,s5,s6
0.0,20.0,20.0,20.0,19.999999999999996,20.0,20.0
1.0,57.07727205458265,89.90111481553981,121.02288282398578,57.85424686754896,89.1581314496432,122.08071405189297
