time,s1,s2,s3,s4,s5,s6
0.0,20.0,20.000000000000004,20.0,20.0,20.0,20.0
1.0,57.171299284246956,89.66547001656757,122.4699686289234,56.11550692006938,88.9424168173634,122.08017881036828
