time,s1,s2,s3,s4,s5,s6
0.0,20.0,20.0,20.0,20.0,20.0,20.000000000000004
1.0,56.7045502481907,88.94368164887376,121.18852380472481,56.632074305631306,89.60704665355334,122.7096437482397
