time,s1,s2,s3,s4,s5,s6
0.0,20.0,20.0,20.0,20.0,20.0,19.999999999999996
1.0,55.65202864455205,89.85564078302473,120.85177246323437,56.083817923472616,89.03458025628878,122.65091699283461
