time,s1,s2,s3,s4,s5,s6
0.0,20.0,20.0,20.0,19.999999999999996,20.0,20.0
1.0,56.60231708080161,88.90526455217149,121.10682445366334,56.76658439325135,89.06165309812474,120.60569891680365
