time,s1,s2,s3,s4,s5,s6
0.0,20.0,20.0,20.0,20.0,20.000000000000004,20.0
1.0,55.92311071588642,89.07828172301569,121.6102135371181,57.400908434965594,88.00890091622026,122.47022732239245
