time,s1,s2,s3,s4,s5,s6
0.0,20.0,20.0,20.0,20.0,20.0,20.0
1.0,56.41915328291824,88.24094473724264,121.26976107443558,56.954295052375194,88.59808375038331,122.31321923439977
