time,s1,s2,s3,s4,s5,s6
0.0,20.0,20.0,20.0,20.0,20.0,20.0
1.0,56.568563915532295,89.90841579871898,121.80091858499367,57.02783923588934,89.6028555967172,122.11718117960096
