time,s1,s2,s3,s4,s5,s6
0.0,20.0,20.000000000000004,20.0,20.0,20.0,20.000000000000004
1.0,56.75804869566421,89.434955189443,121.54657536573032,57.105025976308866,88.32122093522368,121.58360939622723
