time,s1,s2,s3,s4,s5,s6
0.0,20.0,19.999999999999996,20.0,20.000000000000004,20.0,20.0
1.0,57.550149108397996,88.90953357694623,121.26500205666729,56.21253505083625,89.68391445788205,120.6457698911043
