time,s1,s2,s3,s4,s5,s6
0.0,20.0,19.999999999999996,20.0,20.0,20.0,20.0
1.0,56.019004991967776,89.20960362639711,122.66354152325502,58.0341611749174,89.39738539225266,122.95486426992166
