time,s1,s2,s3,s4,s5,s6
0.0,20.0,20.0,20.0,20.0,20.0,20.0
1.0,56.620883037500874,88.67967456926372,122.38155853520774,56.41430175104243,90.17280069608826,121.06760542485624
