time,s1,s2,s3,s4,s5,s6
0.0,20.0,20.0,20.0,20.0,20.0,20.0
1.0,57.53728851156376,87.3434663842068,121.16624877802187,56.04076064388826,89.15335415603015,122.54868106652313
