time,s1,s2,s3,s4,s5,s6
0.0,20.0,20.0,20.0,20.0,20.0,20.0
1.0,57.38587942244726,87.9921380171094,121.67744033939906,57.02969899681737,89.08412630518762,121.41616044145968
