time,s1,s2,s3,s4,s5,s6
0.0,20.0,20.0,20.0,20.0,20.0,20.000000000000004
1.0,57.07358440667989,88.64647204043115,122.14922213493148,56.55054932118189,89.86371491839466,120.98802081077407
