time,s1,s2,s3,s4,s5,s6
0.0,20.0,20.0,20.0,20.0,20.000000000000004,20.0
1.0,56.8466666061081,89.54358207215788,121.41469330786441,57.762713175343244,89.20699794691599,121.24133816729423
