time,s1,s2,s3,s4,s5,s6
0.0,20.0,20.0,20.0,20.0,20.0,20.0
1.0,57.847008346250384,90.3038044431151,121.26177547493728,57.578678108784295,89.47000768671674,121.35136211704952
