time,s1,s2,s3,s4,s5,s6
0.0,20.0,20.0,20.0,20.0,20.0,20.0
1.0,56.60106393666398,89.60253031939959,121.1877567210318,57.252387736631334,88.92062720002933,121.39810730387339
