time,s1,s2,s3,s4,s5,s6
0.0,20.0,20.0,20.0,20.0,20.0,20.000000000000004
1.0,56.56557454982049,89.44012334013681,120.12885813618473,56.19445072610919,89.4094883685908,121.25846086174525
