time,s1,s2,s3,s4,s5,s6
0.0,20.0,20.0,20.0,20.0,20.0,20.0
1.0,56.62569842713663,89.22759481156666,121.45619917898517,55.74188385117685,90.13759359103213,122.4978991547565
