time,s1,s2,s3,s4,s5,s6
0.0,20.0,20.0,20.0,20.0,20.0,20.0
1.0,56.5991217931652,88.25938000088634,121.22435465032943,56.24893081509434,89.37778874770954,121.42040098344074
