time,s1,s2,s3,s4,s5,s6
0.0,20.0,20.0,20.0,20.0,19.999999999999996,20.0
1.0,56.775151101977045,89.48509094114961,122.03806513070131,57.36191166420175,90.6011587181518,121.45595471575933
