time,s1,s2,s3,s4,s5,s6
0.0,20.0,20.0,20.0,20.0,19.999999999999996,20.0
1.0,56.641495979727964,90.86839838056554,122.62221721728761,55.47658210463595,88.8945713411009,121.48444608428915
