time,s1,s2,s3,s4,s5,s6
0.0,20.0,20.0,20.0,20.0,20.0,20.0
1.0,57.19566146822191,89.57629109703736,122.16698949818549,56.737726942110655,89.08418561203924,122.1077736856831
