time,s1,s2,s3,s4,s5,s6
0.0,20.0,20.000000000000004,20.0,20.0,20.0,20.0
1.0,56.83148545449029,88.63797464752916,122.2461033109995,55.672884225469744,88.53385708760695,121.66075595989099
