time,s1,s2,s3,s4,s5,s6
0.0,20.0,20.0,20.0,20.0,20.0,19.999999999999996
1.0,56.93342541568629,88.70713496936244,121.21809316877659,57.09534334046131,89.28434442180045,122.15431301572198
