time,s1,s2,s3,s4,s5,s6
0.0,20.0,20.0,20.0,20.0,20.0,20.0
1.0,56.401320454528815,89.63683015142547,121.7706161874416,56.788342961772884,89.8095947138149,122.62883352265091
