time,s1,s2,s3,s4,s5,s6
0.0,20.0,20.0,20.0,19.999999999999996,20.0,20.0
1.0,56.25559727803355,89.30572497938542,121.34952395444739,55.60279823864478,89.73910762093402,122.22188946348318
