time,s1,s2,s3,s4,s5,s6
0.0,20.0,20.0,20.0,19.999999999999996,20.0,20.0
1.0,56.03519591391088,90.11990883372933,121.13174734713972,56.384108881489254,90.15866827185563,122.18112336870114
