time,s1,s2,s3,s4,s5,s6
0.0,20.0,20.0,20.0,20.0,20.0,20.0
1.0,56.28659067106619,89.90292005362335,121.30965930974105,56.5865832282294,88.85256099938213,121.7990660997485
