time,s1,s2,s3,s4,s5,s6
0.0,20.0,20.0,20.0,20.000000000000004,20.0,20.0
1.0,56.16966033160294,89.31526585322537,121.49874384848385,56.27960922672,89.57188061868504,121.49662263511098
