time,s1,s2,s3,s4,s5,s6
0.0,20.0,20.0,20.0,20.0,20.0,20.0
1.0,56.25439505131365,88.29095606036404,122.36281935368663,57.193553091054206,89.27037445479263,122.50454611514988
