time,s1,s2,s3,s4,s5,s6
0.0,20.0,20.0,20.0,20.0,20.000000000000004,20.0
1.0,56.31591976950216,88.6289766858355,120.23162757348416,57.01427025412024,90.20257547130643,121.94704429615986
