time,s1,s2,s3,s4,s5,s6
0.0,20.0,20.0,20.0,20.0,19.999999999999996,20.0
1.0,57.481752233827336,89.13962155286222,122.67585491579827,56.43623595910073,90.10699361545659,120.84889803272907
