time,s1,s2,s3,s4,s5,s6
0.0,20.0,19.999999999999996,20.0,20.0,20.0,20.0
1.0,55.78195324469998,88.59809920595589,121.21651227869495,56.71736703038606,88.86759171184798,122.00843397509163
