time,s1,s2,s3,s4,s5,s6
0.0,20.0,20.0,20.0,20.0,20.0,20.000000000000004
1.0,56.42074605467027,88.71802668409404,122.35951549308622,57.1381734493957,88.632073543099,122.71408527277308
