time,s1,s2,s3,s4,s5,s6
0.0,20.0,20.0,20.0,20.0,20.0,20.000000000000004
1.0,56.048585925378525,88.51421343800119,121.45506039829154,57.12420818018795,89.32551275808731,121.25784342508793
