time,s1,s2,s3,s4,s5,s6
0.0,20.0,20.0,20.0,20.0,20.000000000000004,20.0
1.0,55.724647628270844,90.26123119632562,121.34925559750431,56.597521947787506,89.8437677180894,120.8385181472873
