time,s1,s2,s3,s4,s5,s6
0.0,20.0,20.0,20.0,20.0,20.0,20.0
1.0,57.54827313639987,89.25855595190038,121.97473199289814,55.76205830034149,89.72085648284049,121.85904786988439
