time,s1,s2,s3,s4,s5,s6
0.0,20.0,20.0,20.0,20.0,20.0,20.0
1.0,57.238275530966945,88.83513017051655,121.92056372611017,56.84276215717973,89.48519352241105,121.10671035863734
