time,s1,s2,s3,s4,s5,s6
0.0,20.0,20.0,20.0,20.0,20.0,20.000000000000004
1.0,57.395476451818325,89.6625004901438,122.09698191488678,56.08437224604404,88.96720694647892,121.3430618926804
