time,s1,s2,s3,s4,s5,s6
0.0,20.0,20.0,20.0,20.0,19.999999999999996,20.0
1.0,56.57177596811261,90.02460571678522,121.62746195726868,56.926342365261746,88.82560394896689,121.97349472904372
