time,s1,s2,s3,s4,s5,s6
0.0,20.0,19.999999999999996,20.0,20.0,20.0,20.000000000000004
1.0,56.821668075288045,88.48505201765849,122.35669114973025,56.9330742577784,89.4747511973041,121.19152240563139
