time,s1,s2,s3,s4,s5,s6
0.0,20.0,20.0,20.0,20.0,20.0,20.0
1.0,55.71470541560166,89.04520212046101,121.27496655533619,56.44810808934576,88.58201170736075,120.83466442871425
