time,s1,s2,s3,s4,s5,s6
0.0,20.0,20.000000000000004,20.0,19.999999999999996,20.0,20.0
1.0,56.38554443881338,88.35218005326512,122.95873522528507,55.915440555744745,88.71088459321551,122.32009712541047
