time,s1,s2,s3,s4,s5,s6
0.0,20.0,20.000000000000004,20.0,19.999999999999996,20.000000000000004,20.0
1.0,55.62785999412765,89.08855317063959,121.02534957423617,56.905699131349664,88.80495243272959,122.32864998832024
