time,s1,s2,s3,s4,s5,s6
0.0,20.0,20.0,20.0,20.0,20.0,20.0
1.0,57.30453635998169,89.41081025779897,121.11816567763054,56.55365747406968,89.17578801637046,122.46778552481113
