time,s1,s2,s3,s4,s5,s6
0.0,20.0,19.999999999999996,20.0,20.0,20.0,20.000000000000004
1.0,56.60189422392971,88.53207852469879,122.40803715073505,56.77524247454652,90.0667974266149,121.21788495608433
