time,s1,s2,s3,s4,s5,s6
0.0,20.0,20.0,20.0,20.0,20.0,20.0
1.0,57.24593665499269,88.57288117908853,121.82008343692377,56.989858173539815,90.74523246183067,123.35102578920642
