time,s1,s2,s3,s4,s5,s6
0.0,20.0,20.0,20.0,20.0,20.0,20.0
1.0,57.09114646754008,89.92238083754417,120.53446393205809,56.956215508282085,89.48266489525676,121.3754629645629
