time,s1,s2,s3,s4,s5,s6
0.0,20.0,20.0,20.0,20.0,20.0,20.000000000000004
1.0,55.97358194422032,89.06084409335705,121.28467932038487,56.767062086569766,89.78884459218867,121.2755421862538
