time,s1,s2,s3,s4,s5,s6
0.0,20.0,20.0,20.0,20.0,20.0,20.0
1.0,55.58975038739412,89.35825274891828,121.89885713579324,56.937276357169445,88.5258425900949,122.66289891303671
