time,s1,s2,s3,s4,s5,s6
0.0,20.0,20.0,20.0,20.0,20.0,20.000000000000004
1.0,57.71088914690744,89.02159484462209,121.19031243457451,56.96863990260631,89.40608571711574,121.57025279002326
