time,s1,s2,s3,s4,s5,s6
0.0,20.0,20.0,20.000000000000004,20.0,20.0,20.0
1.0,56.630800007387286,88.49514998143152,121.53570238746039,56.2201904157841,88.87431708938587,121.95023673085416
