time,s1,s2,s3,s4,s5,s6
0.0,20.0,20.0,20.0,20.0,19.999999999999996,20.000000000000004
1.0,55.912909914932605,89.47039086858597,120.84719920409051,56.28063560528362,88.18661184996483,122.03468272793634
