time,s1,s2,s3,s4,s5,s6
0.0,20.0,20.0,20.0,20.0,20.0,20.000000000000004
1.0,55.63567525912949,88.95828705736534,121.69179844966638,56.30713371487644,88.56485194991154,120.74889364828996
