time,s1,s2,s3,s4,s5,s6
0.0,20.0,20.0,20.0,20.0,20.0,20.0
1.0,55.65357892129778,88.61436051755895,122.19858424497684,55.8564767495387,89.78880950717458,121.61486890265905
