time,s1,s2,s3,s4,s5,s6
0.0,20.0,20.0,20.0,20.0,20.0,20.000000000000004
1.0,56.16274327102274,90.53899332889233,120.56882644360911,56.28028399706468,89.30140141816352,121.264126548018
