time,s1,s2,s3,s4,s5,s6
0.0,20.000000000000004,20.0,20.0,20.0,20.000000000000004,20.0
1.0,56.11207312484535,89.61723266895854,120.43715315178497,57.34982839912893,88.41417394199144,121.78887313955457
