time,s1,s2,s3,s4,s5,s6
0.0,20.0,20.0,20.0,20.0,20.0,20.0
1.0,57.3341089084019,88.82439400416946,121.4735261790696,55.5107821898258,90.16906475600479,121.41933209811579
