time,s1,s2,s3,s4,s5,s6
0.0,20.0,20.0,20.0,20.0,20.0,20.0
1.0,55.71791829910897,90.15507330371847,121.7352027479122,55.71622602529828,88.91880138644358,122.16427913934386
