time,s1,s2,s3,s4,s5,s6
0.0,20.0,19.999999999999996,20.0,20.0,20.0,20.000000000000004
1.0,57.08648181650981,88.59964631205393,121.48734971848744,56.07451901405249,89.00638232379124,121.31572721415296
