time,s1,s2,s3,s4,s5,s6
0.0,20.0,20.0,20.0,20.0,20.0,20.0
1.0,56.84490266740357,88.7815480251247,121.72201097104514,57.15486844044005,89.10269656008056,122.28319539297611
