time,s1,s2,s3,s4,s5,s6
0.0,20.0,20.000000000000004,20.0,20.000000000000004,20.0,20.0
1.0,56.95236566759053,88.676424626642,121.99512049929143,57.12977096641401,89.54318350802663,120.46900746060368
