time,s1,s2,s3,s4,s5,s6
0.0,20.0,19.999999999999996,20.0,20.0,20.0,20.0
1.0,57.17177935198767,88.66063037274668,122.02267940737755,57.15763738753026,90.38647447055439,121.4804222797132
