time,s1,s2,s3,s4,s5,s6
0.0,20.0,20.0,20.0,19.999999999999996,20.0,20.0
1.0,56.54751314079512,90.56328489345704,121.0067103810633,57.53298896849277,89.47398665253375,121.49392339238698
