time,s1,s2,s3,s4,s5,s6
0.0,20.0,20.0,20.0,20.0,20.0,20.0
1.0,56.78698684537111,89.85049058215344,121.34222775500989,56.82336717089392,88.53379387940808,120.97991142018653
