time,s1,s2,s3,s4,s5,s6
0.0,20.0,20.0,20.0,20.0,20.0,20.0
1.0,56.23859348070647,89.07406295038251,121.08757549694067,55.55732930437586,89.017120918033,121.90967918370688
