time,s1,s2,s3,s4,s5,s6
0.0,20.0,20.000000000000004,20.0,20.0,19.999999999999996,19.999999999999996
1.0,56.23413394299065,87.85367541544254,121.79290936283417,57.28838679684792,90.61029432136858,122.43948909770269
