time,s1,s2,s3,s4,s5,s6
0.0,20.0,20.0,20.0,20.0,20.0,20.000000000000004
1.0,57.06464204456418,89.06582690594503,121.79361941326434,55.82978948998662,89.89527686789808,122.34665383588629
