time,s1,s2,s3,s4,s5,s6
0.0,20.0,20.0,20.0,20.0,20.0,20.0
1.0,55.88906165342917,89.83894269050828,122.4670215840896,54.63793069332196,89.08721385378188,121.13358234438391
