time,s1,s2,s3,s4,s5,s6
0.0,20.0,20.0,20.0,20.0,19.999999999999996,20.0
1.0,56.019500815725316,88.74475126343624,121.79821471477402,56.536499885601586,90.03907338881766,121.34980214900918
