time,s1,s2,s3,s4,s5,s6
0.0,20.0,20.000000000000004,20.0,20.0,20.0,20.0
1.0,57.32167896655758,88.85863955751064,121.64594952836364,56.92664019494793,89.39172282774163,121.82173505506891
