time,s1,s2,s3,s4,s5,s6
0.0,20.0,20.0,20.0,20.000000000000004,19.999999999999996,20.0
1.0,56.61404222761762,89.04189443589604,121.32775084430746,56.30948039692974,89.05079092090172,122.34829011965037
