time,s1,s2,s3,s4,s5,s6
0.0,20.0,19.999999999999996,20.0,19.999999999999996,20.0,20.0
1.0,56.26035460942188,88.54841407164861,120.29800728672053,56.51868318428545,88.41854000825441,121.53195561760262
