time,s1,s2,s3,s4,s5,s6
0.0,20.0,20.0,20.0,20.0,20.0,20.0
1.0,56.63951054406887,89.25593069362799,121.23351742503402,56.26045377464363,88.91013265134308,121.80696912007704
