time,s1,s2,s3,s4,s5,s6
0.0,20.0,20.0,20.0,20.0,20.0,20.0
1.0,57.14587583726711,88.00738628669082,122.21810553604513,55.59959260884474,88.60387731597919,121.32951514060537
