time,s1,s2,s3,s4,s5,s6
0.0,20.0,20.0,20.0,19.999999999999996,20.0,20.0
1.0,57.36900053839772,89.74891129746024,121.57773938294932,56.380909120236474,88.99121983358991,121.54763131233555
