time,s1,s2,s3,s4,s5,s6
0.0,20.0,20.0,20.0,20.0,20.0,20.0
1.0,56.25811104874154,90.43443782205941,120.62734078592715,56.988947830813885,90.13647801286939,120.94720613889288
