time,s1,s2,s3,s4,s5,s6
0.0,20.0,19.999999999999996,20.0,20.0,20.0,20.0
1.0,57.2693246494905,88.73686218753691,120.56861774760128,55.19728894988312,89.28957419523886,120.91603484105244
