time,s1,s2,s3,s4,s5,s6
0.0,20.0,20.0,20.0,20.0,20.0,20.000000000000004
1.0,57.4863681867748,88.0859338638084,121.35286655210994,56.50887994808492,89.2550437984718,121.76502578012534
