time,s1,s2,s3,s4,s5,s6
0.0,20.0,20.0,20.0,20.0,20.0,20.0
1.0,56.98098940830994,89.4229854518299,120.38082137048454,56.62914584725565,90.35663283667638,122.23091091348752
