time,s1,s2,s3,s4,s5,s6
0.0,20.0,20.0,20.0,20.0,19.999999999999996,20.0
1.0,57.24693300862653,89.23783569200211,121.8640677527992,56.69646488191369,88.27185115964828,122.07871680130246
