time,s1,s2,s3,s4,s5,s6
0.0,20.0,20.0,20.0,19.999999999999996,20.0,20.000000000000004
1.0,55.63611626953763,90.07966885418202,121.2391241322527,58.726610613117806,89.1802963584625,121.75947166774505
