time,s1,s2,s3,s4,s5,s6
0.0,20.0,20.0,20.0,20.0,20.0,20.0
1.0,56.74955402013434,89.67490760530052,121.49554969932467,57.75697169801345,88.33546732096202,123.17192010463748
