time,s1,s2,s3,s4,s5,s6
0.0,20.0,20.0,20.0,20.0,20.0,20.0
1.0,56.13331040600909,89.12169536308369,121.36129492079371,57.05444324451507,88.83950388847454,122.1816951999297
