time,s1,s2,s3,s4,s5,s6
0.0,20.0,20.0,20.0,20.0,19.999999999999996,20.0
1.0,55.22400268887287,89.40156846854774,121.85522361648043,56.32519040883248,87.96048512718853,122.28193083679682
