time,s1,s2,s3,s4,s5,s6
0.0,20.0,20.000000000000004,20.0,20.0,20.0,20.0
1.0,56.12518173629419,89.04194473191302,121.33046508910454,55.69208867316266,90.50141177518114,121.10274243122038
