time,s1,s2,s3,s4,s5,s6
0.0,20.0,20.0,20.0,20.0,20.0,20.0
1.0,56.48220773917691,89.11844922893874,122.69424817944977,56.897854951906886,88.71981111764674,121.03836211597849
