time,s1,s2,s3,s4,s5,s6
0.0,20.0,20.0,20.0,19.999999999999996,20.0,20.000000000000004
1.0,57.02654162779601,87.99627976413912,121.78497944513295,56.458057428038316,88.02409704331424,121.00211112895336
