time,s1,s2,s3,s4,s5,s6
0.0,20.0,20.0,20.0,20.0,20.0,20.000000000000004
1.0,55.813417926879424,88.81231824126247,121.65372730413617,56.75134696930252,89.31211754469368,121.95053967744865
