time,s1,s2,s3,s4,s5,s6
0.0,20.0,20.0,20.0,20.0,20.0,19.999999999999996
1.0,56.05943496729661,89.35405464581888,122.14841376673982,55.45023273541802,88.56201123055236,121.70886578516182
