time,s1,s2,s3,s4,s5,s6
0.0,20.0,20.0,20.0,20.0,19.999999999999996,20.0
1.0,55.831430581278404,89.64647519130435,120.99491541953635,56.760934273043745,88.93866682279851,121.44303705801491
