time,s1,s2,s3,s4,s5,s6
0.0,20.0,19.999999999999996,20.0,20.0,20.0,20.0
1.0,56.95857960832979,89.07020426508231,120.73874148035961,56.25269213456853,89.45393337502776,121.38593883259773
