time,s1,s2,s3,s4,s5,s6
0.0,20.0,20.0,20.0,19.999999999999996,20.0,20.0
1.0,57.21892490475102,89.48835094631838,121.9533263089613,56.278217758878874,89.62383944647064,122.34931828810046
