time,s1,s2,s3,s4,s5,s6
0.0,20.0,20.0,20.0,20.0,20.0,20.0
1.0,56.7505315422929,89.48761962838037,122.01772681091198,56.204749680262296,89.14861766382148,121.40930744802347
