time,s1,s2,s3,s4,s5,s6
0.0,20.0,20.0,20.0,20.0,20.0,20.0
1.0,56.26356290951503,89.11183707953283,121.12392407651743,56.714853421209796,89.89718960434607,122.7651745378549
