time,s1,s2,s3,s4,s5,s6
0.0,20.0,20.0,20.0,20.0,20.0,20.0
1.0,56.15465134206495,88.61068071349416,121.69419573867519,56.50659320134953,88.07274830155893,121.39345421160532
