time,s1,s2,s3,s4,s5,s6
0.0,20.0,19.999999999999996,20.0,20.0,20.0,20.0
1.0,56.04406384509804,88.77660771239727,119.75071730519247,56.24521529418729,89.7712703995143,121.17578193372779
