time,s1,s2,s3,s4,s5,s6
0.0,20.000000000000004,20.0,20.0,19.999999999999996,20.0,20.0
1.0,56.15209239461869,88.14993322433047,121.4795500460753,57.23753530670778,90.26834389964338,121.63962030683065
