time,s1,s2,s3,s4,s5,s6
0.0,20.0,20.0,20.0,20.0,20.0,20.0
1.0,57.033014407121655,89.16257441203203,122.89609218941925,56.97595532710308,88.33275246304719,120.90686844034694
