time,s1,s2,s3,s4,s5,s6
0.0,20.0,20.0,20.0,20.000000000000004,20.0,20.0
1.0,56.15178279540653,89.38690498435166,121.87299757211531,55.131300890226804,89.9563217365704,121.40051868633033
