time,s1,s2,s3,s4,s5,s6
0.0,20.0,20.0,20.0,20.0,20.0,20.0
1.0,55.913343594498926,88.7276004501609,121.7150866058796,56.4908735666917,89.35338029206488,122.11287966690664
