time,s1,s2,s3,s4,s5,s6
0.0,20.0,20.0,20.0,20.0,20.0,20.0
1.0,56.050730571637146,89.34058291499551,121.08778636128244,57.29118378029367,89.39448063357099,122.51546372560026
