time,s1,s2,s3,s4,s5,s6
0.0,20.0,20.000000000000004,20.0,20.0,19.999999999999996,20.0
1.0,56.75026193301538,89.00924305404608,122.59913181229948,56.0962886850831,88.93085259012722,121.50730700101394
