time,s1,s2,s3,s4,s5,s6
0.0,20.0,20.0,20.0,20.0,20.0,20.0
1.0,55.49410253253771,88.46572334911461,120.87639317352853,57.1219148155498,90.5607086781843,122.0400000445845
