time,s1,s2,s3,s4,s5,s6
0.0,20.0,19.999999999999996,20.0,19.999999999999996,20.0,20.0
1.0,56.35340635833152,88.72231012071376,120.92321903716746,57.54209726773633,89.33753333123823,122.14539711159499
