time,s1,s2,s3,s4,s5,s6
0.0,20.0,19.999999999999996,20.0,20.0,19.999999999999996,20.0
1.0,57.96193343339813,88.71431822922746,122.42030483411118,56.481098934574035,87.8585246191718,120.81328999070496
