time,s1,s2,s3,s4,s5,s6
0.0,20.0,19.999999999999996,20.0,20.0,20.0,20.000000000000004
1.0,56.32226292459075,89.97148535668171,122.56848267181674,56.59640496026089,88.8252579082449,121.2421640519343
