time,s1,s2,s3,s4,s5,s6
0.0,20.0,20.0,20.000000000000004,20.0,20.0,20.0
1.0,57.18130791107663,90.19835699028212,121.49829890701528,56.38072291915172,89.56739937680055,121.94919799752768
