time,s1,s2,s3,s4,s5,s6
0.0,20.0,20.0,20.0,20.0,20.0,20.0
1.0,56.425741109281596,89.19703418420534,121.58271002422578,57.707937282747984,89.3116547311121,121.25633627949405
