time,s1,s2,s3,s4,s5,s6
0.0,20.0,20.0,20.0,20.0,20.0,20.000000000000004
1.0,56.400743016851294,88.73817234141595,121.76300778009247,57.361661811176276,89.43915898947796,123.57820780073686
