time,s1,s2,s3,s4,s5,s6
0.0,20.0,20.0,20.0,20.0,20.0,20.000000000000004
1.0,56.69386266556355,88.87154384033846,121.88812475501948,55.77592249805686,88.85208524184982,121.38157149826255
