time,s1,s2,s3,s4,s5,s6
0.0,20.0,20.0,20.0,20.0,20.0,20.0
1.0,55.965929790082726,89.80352783982545,121.15965767036614,56.620835727149974,90.63016462889257,121.50691594673252
