time,s1,s2,s3,s4,s5,s6
0.0,20.0,20.0,20.0,20.0,20.0,20.000000000000004
1.0,56.912272403461685,88.44357490987908,120.46791305413575,56.816828241015614,89.34748811290018,121.18131927568488
