time,s1,s2,s3,s4,s5,s6
0.0,20.0,20.0,20.0,20.0,20.0,20.0
1.0,56.25334479153865,89.1468319852409,121.08581255628778,55.99033938369906,89.2873066731751,122.46541064743043
