time,s1,s2,s3,s4,s5,s6
0.0,20.0,20.0,20.0,20.0,20.0,20.0
1.0,57.217968935388285,89.2734518638695,122.33159479032022,56.534608971762225,88.55960939234501,121.74969297806336
