time,s1,s2,s3,s4,s5,s6
0.0,20.0,20.0,20.0,20.0,20.0,20.0
1.0,54.96947130314824,89.04194853073892,121.26523953552473,56.588148774047156,89.36070646163262,122.0581014360719
