time,s1,s2,s3,s4,s5,s6
0.0,20.0,20.0,20.0,20.0,20.0,20.0
1.0,57.50303330851291,88.28079643702091,121.08367361088989,57.118753579389995,90.30435847898971,122.38969429088492
