time,s1,s2,s3,s4,s5,s6
0.0,20.0,20.0,20.0,20.0,20.0,20.0
1.0,57.191514483733336,89.21549314613303,122.16553634324708,55.762017140357315,89.6805909404035,121.99422931077686
