time,s1,s2,s3,s4,s5,s6
0.0,20.0,19.999999999999996,20.0,20.0,20.0,20.0
1.0,56.37239846407334,89.26057696110891,121.2523277743453,55.35435753609816,89.30447335083045,121.70107481586054
