time,s1,s2,s3,s4,s5,s6
0.0,20.0,20.0,20.0,20.000000000000004,20.0,20.0
1.0,57.831519901670795,89.27589684016738,120.78331771098138,57.362078969548215,88.76923362314056,122.36359334582356
