time,s1,s2,s3,s4,s5,s6
0.0,20.0,20.0,20.0,20.0,20.0,19.999999999999996
1.0,56.61322679910724,88.3944562939198,120.76874840315244,56.60013860616927,90.2806838330395,121.02190207298742
