time,s1,s2,s3,s4,s5,s6
0.0,20.0,20.0,20.0,19.999999999999996,20.0,20.0
1.0,56.13194404022202,89.35985847020031,122.59605038498742,57.16139015714824,88.96309029215638,121.08535752060531
