time,s1,s2,s3,s4,s5,s6
0.0,20.0,20.0,20.0,20.0,20.0,20.0
1.0,56.34728051505998,88.69587718202345,121.56192887246355,58.855338124382094,90.21919531976717,122.23799335852122
