time,s1,s2,s3,s4,s5,s6
0.0,20.0,20.0,20.0,20.0,20.0,20.0
1.0,56.74944834225968,88.92296928294166,122.03691144873214,56.35175211613913,89.2637347942881,120.91412155296099
