time,s1,s2,s3,s4,s5,s6
0.0,20.0,20.0,20.0,20.0,20.0,20.0
1.0,57.15814136210234,88.59976790387304,122.2380808028876,57.754357846813214,89.70586898948831,120.76549207515261
