time,s1,s2,s3,s4,s5,s6
0.0,20.0,20.0,20.0,20.0,19.999999999999996,20.0
1.0,58.06156762038491,88.90169692652319,121.10213178554608,56.41766050506268,88.96689657415416,122.87669042259887
