time,s1,s2,s3,s4,s5,s6
0.0,20.0,20.0,20.0,20.0,20.0,20.0
1.0,57.79149704427274,89.20362463292469,122.58133642875822,56.43970254937781,89.80942875896551,122.57840768434872
