time,s1,s2,s3,s4,s5,s6
0.0,20.0,20.0,20.0,20.000000000000004,20.0,20.0
1.0,55.37451426064948,89.01795683770393,122.33985437256496,57.68051932943834,89.31565380996305,121.52938766214865
