time,s1,s2,s3,s4,s5,s6
0.0,20.0,20.0,20.0,20.0,20.0,20.000000000000004
1.0,55.74843075639558,88.46784773001265,121.03280467783043,56.68623774556242,90.29831007161198,122.31886509953682
