time,s1,s2,s3,s4,s5,s6
0.0,20.0,20.0,20.0,20.0,20.0,20.0
1.0,57.60346294740509,88.86611641936736,122.48079369101148,56.675301299552046,89.18253106616629,121.18150890897383
