time,s1,s2,s3,s4,s5,s6
0.0,20.0,20.0,20.0,20.0,19.999999999999996,20.0
1.0,56.595385564024724,88.90709109386542,122.20552555767331,56.2758115271656,88.85092313674099,121.81658712548803
