time,s1,s2,s3,s4,s5,s6
0.0,20.0,20.0,20.0,20.0,20.0,20.0
1.0,56.568016485615,89.41778922524853,122.49330940520392,56.61942316729145,87.85372107402756,121.13940682487248
