time,s1,s2,s3,s4,s5,s6
0.0,20.0,20.0,20.0,20.0,20.0,20.0
1.0,57.42230509556225,88.78862884443215,121.57018243263667,58.3098093141794,89.84909918813418,122.03810209587041
