time,s1,s2,s3,s4,s5,s6
0.0,20.0,20.0,20.0,20.0,20.0,20.0
1.0,55.95322408842424,88.768584457511,122.22005304661539,56.04071565475963,89.82948342949305,121.87934824671186
