time,s1,s2,s3,s4,s5,s6
0.0,20.0,20.0,20.0,19.999999999999996,20.000000000000004,20.0
1.0,56.188343273050435,88.45458577897062,122.55357037394927,55.68110099276148,90.04065263393817,121.45881896982608
