time,s1,s2,s3,s4,s5,s6
0.0,20.0,20.0,20.0,20.000000000000004,20.0,20.0
1.0,55.11373719824604,88.52406106250316,121.11345374305932,57.518423847786366,89.08455982733518,123.00590643337544
