time,s1,s2,s3,s4,s5,s6
0.0,20.0,20.000000000000004,20.0,20.0,20.0,20.0
1.0,57.187945587537115,88.63830077520527,122.60520137988497,56.361574265460746,90.25923670333535,121.77719481049415
