time,s1,s2,s3,s4,s5,s6
0.0,20.0,20.0,20.0,20.0,19.999999999999996,20.000000000000004
1.0,56.389797453381675,87.9675891881624,120.88404973126511,56.685152778485325,87.78307241454851,123.07498200169726
