time,s1,s2,s3,s4,s5,s6
0.0,20.0,20.0,20.0,20.0,20.000000000000004,20.0
1.0,56.534099608987944,89.66400987858852,122.666366519387,55.058704690730664,88.09196715495327,122.59201783609595
