time,s1,s2,s3,s4,s5,s6
0.0,20.0,20.0,20.0,20.0,20.000000000000004,20.0
1.0,57.37559451213254,88.69588094371197,121.37756892557056,56.98377248034336,87.93135511786747,121.83206188673468
