time,s1,s2,s3,s4,s5,s6
0.0,20.0,20.0,20.0,20.0,20.0,20.0
1.0,55.24656125052104,88.35696740197619,120.90545553058305,57.49444104871782,89.98706744615887,120.9813755788393
