time,s1,s2,s3,s4,s5,s6
0.0,20.0,20.0,20.0,20.0,20.0,20.0
1.0,56.70229721348293,90.38679309133997,121.98174274059656,56.5757648424691,89.83461640352692,121.38704253565223
