time,s1,s2,s3,s4,s5,s6
0.0,20.0,20.0,20.0,20.000000000000004,20.0,20.0
1.0,56.144120347803664,88.96884257902808,122.33415148575428,57.22022133306595,88.98176743958777,121.41294259726266
