time,s1,s2,s3,s4,s5,s6
0.0,20.0,20.0,20.0,20.0,20.0,20.0
1.0,56.850647151328985,89.30790153557462,121.66191975509761,56.2979031982975,88.98194531387425,121.48317698306666
