time,s1,s2,s3,s4,s5,s6
0.0,20.0,20.0,20.000000000000004,20.0,20.0,20.0
1.0,55.94328049790225,88.63399855137504,120.83380728246317,57.35398019179531,90.04093593026062,122.40900558494941
