time,s1,s2,s3,s4,s5,s6
0.0,20.0,20.0,20.0,20.0,20.0,20.0
1.0,56.761517111943775,90.58100217654535,121.3257282684396,56.81295201761788,88.46658058508714,122.61341051243113
