time,s1,s2,s3,s4,s5,s6
0.0,20.0,20.000000000000004,20.0,20.0,20.0,20.0
1.0,56.39954113861987,88.96366582069483,122.20491468572871,56.02309221559758,87.95232652704141,121.75232592735843
