time,s1,s2,s3,s4,s5,s6
0.0,20.0,20.0,20.0,20.0,20.0,20.000000000000004
1.0,56.121778916574456,88.80300957406985,120.84627761899787,57.02475308045914,89.98832913235489,121.67835670117931
