time,s1,s2,s3,s4,s5,s6
0.0,20.0,20.0,20.0,20.0,20.000000000000004,20.0
1.0,55.70849718984217,88.73541615398251,120.59701880828699,56.462157248705374,87.92889392406734,122.35496032658274
