time,s1,s2,s3,s4,s5,s6
0.0,20.0,20.0,20.0,20.0,20.0,20.0
1.0,56.732998855563515,88.75061166000015,122.31715770897034,56.3752738006519,89.08645935235226,120.6929622208608
