time,s1,s2,s3,s4,s5,s6
0.0,20.0,20.0,20.0,20.0,20.0,19.999999999999996
1.0,57.6462150828786,89.10445303465877,121.33813619146493,55.58708879368183,89.63218168748172,121.58600095842444
