time,s1,s2,s3,s4,s5,s6
0.0,20.0,20.0,20.0,20.0,20.0,20.0
1.0,56.80391557360528,89.08964148135362,122.80125430704402,55.9694438286959,89.87777755563692,121.62244281089679
