time,s1,s2,s3,s4,s5,s6
0.0,20.0,20.0,20.0,20.0,20.0,20.0
1.0,56.11635404713226,90.03257155499327,122.48310398658704,56.88395527916627,88.081725831535,122.24523634231764
