time,s1,s2,s3,s4,s5,s6
0.0,20.0,20.0,20.0,20.0,20.0,20.0
1.0,56.35220072456225,89.32007632334341,120.9123733608491,56.423555506913125,88.63213263500135,121.25234436026815
