time,s1,s2,s3,s4,s5,s6
0.0,20.0,20.000000000000004,20.0,20.0,20.0,20.0
1.0,56.27543660844543,88.64692632320529,121.812701017877,56.893594440552384,88.47787365496805,122.37238783018134
