time,s1,s2,s3,s4,s5,s6
0.0,20.0,20.0,20.0,20.0,20.0,20.0
1.0,56.83136691172004,89.60246665160597,121.65795591220376,58.27013859794103,89.97590739925614,120.72732245486922
