time,s1,s2,s3,s4,s5,s6
0.0,20.0,20.000000000000004,20.0,19.999999999999996,20.0,19.999999999999996
1.0,56.2672081524943,88.87713275942461,121.11486484021924,55.794435876921,88.24390901534487,121.1715261266672
