time,s1,s2,s3,s4,s5,s6
0.0,20.0,19.999999999999996,20.0,20.0,20.0,20.0
1.0,56.850785829550816,88.75457067802675,121.43902871803152,56.77328591567686,88.0396824951992,121.84595966429478
