time,s1,s2,s3,s4,s5,s6
0.0,20.0,20.0,20.0,20.0,20.0,20.0
1.0,55.78003395608435,88.85332996748271,121.77934431535618,55.94904431474235,89.58000652118278,121.20768572419904
