time,s1,s2,s3,s4,s5,s6
0.0,20.0,20.0,20.0,20.000000000000004,20.0,20.000000000000004
1.0,56.93314449510576,90.04711263718792,121.63268993523138,56.75055558877071,88.901094997272,121.37384846376088
