time,s1,s2,s3,s4,s5,s6
0.0,20.0,20.0,20.0,20.0,20.0,20.0
1.0,56.32363478370284,89.3806749116074,122.38772786368511,56.85860384702742,89.12803854530824,120.5876186210661
