time,s1,s2,s3,s4,s5,s6
0.0,20.0,19.999999999999996,20.0,20.0,20.0,20.0
1.0,56.739395129325565,88.17593583705735,121.98983169841416,55.39457033096735,89.90101020015832,121.23337820491203
