time,s1,s2,s3,s4,s5,s6
0.0,20.0,20.0,20.0,20.000000000000004,20.000000000000004,20.0
1.0,57.58508095854224,89.16511402512714,122.017932306354,56.15884347125204,90.0644695499689,121.69235721643611
