time,s1,s2,s3,s4,s5,s6
0.0,20.0,20.0,20.0,20.0,20.000000000000004,20.0
1.0,56.18812332440757,89.36742080827705,121.59221173983924,56.646759039655244,88.85103452075461,122.0525279148222
