time,s1,s2,s3,s4,s5,s6
0.0,20.0,20.0,20.0,20.0,20.0,20.0
1.0,55.940576592074336,88.18017080061946,120.64776882153649,55.21820470841348,87.92282786031292,121.79074753296348
