time,s1,s2,s3,s4,s5,s6
0.0,20.0,20.0,20.0,20.0,20.0,19.999999999999996
1.0,56.39561227861253,88.00645583453195,121.40665867042674,56.52212883757909,88.62380837577666,121.58657958171493
