time,s1,s2,s3,s4,s5,s6
0.0,20.0,20.000000000000004,20.0,19.999999999999996,20.0,20.0
1.0,57.75948543426864,88.92506184390788,122.26657548571359,56.59580709352782,89.30318800512052,121.94314233451246
