time,s1,s2,s3,s4,s5,s6
0.0,20.0,20.0,20.0,20.0,20.0,20.0
1.0,56.01949565217821,89.14642781148027,121.50894727973314,56.98393742695081,89.01238937617944,121.30200530875487
