time,s1,s2,s3,s4,s5,s6
0.0,20.0,20.0,20.0,19.999999999999996,20.0,20.0
1.0,56.11105893647641,89.71019551774806,121.32777571650459,56.199825496554254,88.89523502994572,122.26709189123098
