time,s1,s2,s3,s4,s5,s6
0.0,20.0,20.0,20.0,19.999999999999996,20.0,20.0
1.0,56.84774924296828,87.82092915589728,120.68311626842018,57.043046794614284,88.54331841061753,120.79132833484935
