time,s1,s2,s3,s4,s5,s6
0.0,20.0,20.0,20.0,20.0,20.0,20.0
1.0,55.9423765993666,89.8948479172314,120.72205094971596,56.721836710303776,88.61994124397916,121.77135777097504
