time,s1,s2,s3,s4,s5,s6
0.0,20.0,19.999999999999996,20.0,20.0,20.0,20.0
1.0,57.244591523379505,88.40093473672698,120.71337858272999,57.31531384406197,89.44343824263723,122.66995741473903
