time,s1,s2,s3,s4,s5,s6
0.0,20.0,20.0,20.0,20.0,19.999999999999996,20.0
1.0,57.09363792003888,89.69817163807151,121.9814383209018,57.00320896990012,89.37163089470879,121.3205043665757
