time,s1,s2,s3,s4,s5,s6
0.0,20.0,20.0,20.0,20.0,20.0,20.0
1.0,55.659197446536844,89.7456580410095,121.87028421075321,57.335616956608945,89.01421008248987,122.0740616658481
