time,s1,s2,s3,s4,s5,s6
0.0,20.0,20.0,20.0,20.0,20.0,20.0
1.0,57.09242989774397,89.74915597889267,120.7977287558894,56.765410127911835,87.76687918601111,121.52289644565758
