time,s1,s2,s3,s4,s5,s6
0.0,20.0,20.0,20.0,20.0,20.0,20.0
1.0,56.81142876180795,89.20574547519936,121.7005013764859,57.29240726303133,89.41893640981452,122.07635661746146
