time,s1,s2,s3,s4,s5,s6
0.0,20.0,20.0,20.0,20.0,20.0,20.0
1.0,56.388534840865915,89.3277195168599,123.34479014575506,56.33306430139021,88.88990755021615,121.39027005442145
