time,s1,s2,s3,s4,s5,s6
0.0,20.0,20.0,20.0,20.0,19.999999999999996,20.000000000000004
1.0,55.42706435828609,88.82605350668648,120.91878170498543,55.717516706493214,88.95674167715246,121.63589000579523
