time,s1,s2,s3,s4,s5,s6
0.0,20.0,20.0,20.0,20.0,20.0,20.0
1.0,58.04835091407752,89.07645614486796,121.36449492300326,56.79943513831231,89.31855057539163,121.01837711142728
