time,s1,s2,s3,s4,s5,s6
0.0,20.0,19.999999999999996,20.0,20.0,20.0,20.0
1.0,57.035758030429726,89.21467724863159,121.94642162671994,55.388709806301414,90.18846967653951,121.81361661211821
