time,s1,s2,s3,s4,s5,s6
0.0,20.0,20.0,20.0,20.0,20.0,20.0
1.0,56.337270227985044,89.38279480567792,122.4534129122487,56.82108335494473,88.20174260027903,121.95033751357049
