time,s1,s2,s3,s4,s5,s6
0.0,20.0,20.0,20.0,20.0,20.0,20.0
1.0,56.31271719477442,88.80897719429557,121.80036262581254,55.7196942753338,89.71700905177855,120.7185960537715
