time,s1,s2,s3,s4,s5,s6
0.0,20.0,20.000000000000004,20.0,20.0,20.0,20.0
1.0,56.824060358644225,88.57837325593722,121.0660640222123,57.91464209084221,88.72308559713794,120.87332596503627
