time,s1,s2,s3,s4,s5,s6
0.0,20.0,20.000000000000004,20.0,20.0,20.0,20.0
1.0,57.141547687209375,88.78508916326643,122.2100523167213,57.346248695827164,88.66573978387629,121.1063778219953
