time,s1,s2,s3,s4,s5,s6
0.0,20.0,20.0,20.0,20.0,20.000000000000004,20.000000000000004
1.0,57.08077597339654,89.52146587829942,120.96038678819669,55.95040636470982,89.02782040585777,120.92109718449763
