time,s1,s2,s3,s4,s5,s6
0.0,20.0,20.0,20.0,20.0,20.0,20.0
1.0,56.0097913785861,89.53584603945725,123.29605991067432,56.40539120724917,88.71172707754396,121.30342464257232
