time,s1,s2,s3,s4,s5,s6
0.0,20.0,20.0,20.0,20.0,20.0,20.0
1.0,56.510147364415886,89.27571075737151,122.76933180719381,56.94221120885791,87.99348696533788,122.21739039021173
