time,s1,s2,s3,s4,s5,s6
0.0,20.0,20.0,20.0,20.0,20.0,19.999999999999996
1.0,56.44662258254652,89.07684920814894,121.8528665825729,57.697730066001895,90.46979829379066,120.62989391041646
