time,s1,s2,s3,s4,s5,s6
0.0,20.0,20.0,20.0,20.0,20.0,20.0
1.0,55.90395116668326,88.96757733298755,121.8248118689763,56.481466550095696,88.08592986561415,122.16570784705372
