time,s1,s2,s3,s4,s5,s6
0.0,20.0,19.999999999999996,20.0,20.0,20.0,20.000000000000004
1.0,56.845804109613724,88.63428156067374,122.09471775169965,56.97057119140195,90.07669944775577,122.00737186405658
