time,s1,s2,s3,s4,s5,s6
0.0,20.0,20.0,20.0,20.0,20.0,20.0
1.0,56.60266724783388,90.42748710250936,120.32670996617189,56.68720357338009,89.3292141742712,122.560163463907
