time,s1,s2,s3,s4,s5,s6
0.0,20.0,20.0,20.0,20.0,20.0,20.000000000000004
1.0,55.80357872905215,88.58203513299853,121.11437329836122,57.21973072552241,88.98926845096985,121.45961414459629
