time,s1,s2,s3,s4,s5,s6
0.0,19.999999999999996,19.999999999999996,20.0,20.0,20.000000000000004,20.0
1.0,55.7034632915018,89.70855695209364,120.50582231180654,56.33930460133717,88.64249949180805,120.88695134718087
