time,s1,s2,s3,s4,s5,s6
0.0,20.0,20.0,19.999999999999996,20.0,20.0,20.0
1.0,56.18963333699933,89.49503925244515,121.3905465793845,55.9720183684976,89.14097469473208,121.29892187901629
