time,s1,s2,s3,s4,s5,s6
0.0,20.0,20.000000000000004,20.0,20.0,19.999999999999996,20.0
1.0,57.14903724916988,89.01661059036681,121.92303218984277,56.69478975174108,88.79980432539608,121.8116837339638
