time,s1,s2,s3,s4,s5,s6
0.0,19.999999999999996,20.000000000000004,20.0,20.0,20.0,20.0
1.0,56.45927840115064,89.11704235657905,122.99736882474534,56.77643880562548,89.12869660212229,121.26469877461088
