time,s1,s2,s3,s4,s5,s6
0.0,20.0,20.0,20.0,20.0,20.0,20.0
1.0,55.982080174194834,89.2238252753516,122.8003959646288,57.88473258865841,89.0939705878908,121.67668609224734
