time,s1,s2,s3,s4,s5,s6
0.0,20.0,20.0,20.000000000000004,20.000000000000004,20.0,20.0
1.0,56.87589029639384,89.8525437900225,120.93492635371045,56.97919856337545,89.17510599845953,121.10411147275325
