time,s1,s2,s3,s4,s5,s6
0.0,20.0,20.0,20.0,20.0,19.999999999999996,20.0
1.0,56.668395262587595,88.5116418808746,121.48177345660045,57.1134045828912,88.60261305931667,121.99870636713821
