time,s1,s2,s3,s4,s5,s6
0.0,20.0,20.0,20.0,20.0,20.0,20.0
1.0,56.1675378461455,89.39245740613153,121.9767149852332,55.70045447850309,89.43027216716935,120.89004239591483
