time,s1,s2,s3,s4,s5,s6
0.0,20.0,20.0,20.0,20.0,20.0,20.0
1.0,54.95529714115696,90.05413222177312,121.41584559329134,55.63480882992376,88.24973671747337,121.35156980962348
