time,s1,s2,s3,s4,s5,s6
0.0,20.0,20.0,20.0,20.0,20.000000000000004,20.000000000000004
1.0,56.25547193792202,88.23480668803391,121.07040103903032,56.48321585466384,88.9926062188519,121.7742051923846
