time,s1,s2,s3,s4,s5,s6
0.0,20.0,20.0,20.0,20.000000000000004,20.0,20.0
1.0,56.50140586670675,90.9409165671241,121.66956905740628,56.1107402351641,88.60126042772372,122.11021973014086
