time,s1,s2,s3,s4,s5,s6
0.0,20.0,20.0,20.0,20.0,20.0,20.0
1.0,56.810623135333074,89.65161697351863,122.48675508766141,56.645979312533775,87.67409822388436,121.19782332852841
