time,s1,s2,s3,s4,s5,s6
0.0,20.0,20.0,20.0,20.0,20.0,20.0
1.0,55.21511310742038,89.40928202080957,121.11204580094619,55.99127281902064,90.33886802328742,121.96148085351186
