time,s1,s2,s3,s4,s5,s6
0.0,20.0,20.0,20.0,20.0,20.0,20.0
1.0,56.540430294425846,88.5425108548897,119.99955738444325,56.34149459802583,89.36659511034613,121.756806984419
