time,s1,s2,s3,s4,s5,s6
0.0,20.0,19.999999999999996,20.0,20.0,20.0,20.0
1.0,55.40759934557847,88.29465444370341,122.63728919847821,56.210904178930505,88.06957177587759,121.8438923432206
