time,s1,s2,s3,s4,s5,s6
0.0,20.0,20.0,20.0,19.999999999999996,20.0,20.0
1.0,56.65536538004715,88.85588601390387,122.93279942824162,56.64869293644364,88.51717304639257,121.19198018681467
