time,s1,s2,s3,s4,s5,s6
0.0,20.0,20.0,20.0,20.0,20.0,20.0
1.0,56.27643233247508,88.90423557488135,121.81271306686168,55.68221234085795,89.41227978755636,122.49420803344917
