time,s1,s2,s3,s4,s5,s6
0.0,20.0,20.0,20.0,20.000000000000004,20.0,20.0
1.0,57.11185384877816,88.99101035592572,121.31343841219488,56.376927368196284,88.53445291248975,121.83341491720695
