time,s1,s2,s3,s4,s5,s6
0.0,20.0,20.0,20.0,20.000000000000004,20.0,20.0
1.0,56.90603125490475,89.3862662327958,122.25935277069422,55.9319733590168,88.96450500743914,121.8952916501131
