time,s1,s2,s3,s4,s5,s6
0.0,20.0,20.0,20.0,20.000000000000004,20.0,20.0
1.0,56.31855270328369,89.37172275380516,121.58425490892566,56.366151399593534,90.10404993069344,120.64156019686698
