time,s1,s2,s3,s4,s5,s6
0.0,20.0,20.000000000000004,20.0,20.0,20.0,20.0
1.0,56.30783357295829,88.91335012582246,122.68951395029417,55.39736904479039,89.7754812564457,120.83050484671715
