time,s1,s2,s3,s4,s5,s6
0.0,20.0,20.0,20.0,20.0,19.999999999999996,20.0
1.0,56.347892764845724,89.48723927213648,121.93107136138937,56.66767281554691,89.08068407000134,121.22331380868096
