time,s1,s2,s3,s4,s5,s6
0.0,20.0,20.0,20.0,20.0,20.0,20.0
1.0,56.053246327680014,88.42291252530931,121.34046453560121,57.10132593486367,88.89170457290601,122.95968792857671
