time,s1,s2,s3,s4,s5,s6
0.0,20.0,20.0,20.0,20.0,20.0,20.0
1.0,56.51372043105297,89.38449959139726,121.99152336604294,56.39485908207954,88.84815763181976,121.99570794397724
