time,s1,s2,s3,s4,s5,s6
0.0,20.0,20.0,20.0,20.0,20.0,20.0
1.0,57.338105919171625,88.8105909899875,120.84301558691294,57.15930339975048,88.86406115100337,122.76335360943793
