time,s1,s2,s3,s4,s5,s6
0.0,20.0,20.0,20.0,20.0,20.0,19.999999999999996
1.0,56.39503786911193,87.80623769927688,121.98097806747015,56.86745062468082,89.25584079778761,121.2887298634637
