time,s1,s2,s3,s4,s5,s6
0.0,20.0,20.0,20.0,20.0,20.0,20.000000000000004
1.0,56.638962308979984,89.21444367370145,121.4507385210454,56.50769032108488,89.59116030316412,122.32149791499268
