time,s1,s2,s3,s4,s5,s6
0.0,20.0,20.0,20.0,20.0,20.0,20.0
1.0,57.67741960323219,89.97175593274052,120.73298511675972,57.19023062379116,90.88277397552457,122.15226191141434
