time,s1,s2,s3,s4,s5,s6
0.0,20.0,20.0,20.0,20.0,20.0,20.0
1.0,56.46481938039432,89.5365971037426,122.1863753594801,56.2088525644544,88.75963444571111,122.064795849604
