time,s1,s2,s3,s4,s5,s6
0.0,20.0,20.0,20.0,20.0,20.0,20.0
1.0,57.34530193521052,90.76467623613016,120.93131905676083,56.226209870955856,89.54334712338265,122.1545226001958
