time,s1,s2,s3,s4,s5,s6
0.0,20.0,20.0,20.0,20.0,20.0,20.0
1.0,56.0917795636139,88.58355989663586,121.27574187992452,55.96623139951775,89.53214358136923,122.73592203583692
