time,s1,s2,s3,s4,s5,s6
0.0,20.0,20.0,20.0,20.0,20.000000000000004,20.0
1.0,55.735870640155774,88.2508070344774,121.79602558681754,57.577142182498946,89.70903925691442,121.88589826956644
