time,s1,s2,s3,s4,s5,s6
0.0,20.0,20.000000000000004,20.0,20.0,20.0,20.0
1.0,56.42166716901367,88.5939186856245,121.71691167740997,56.287154373180364,89.460414717564,121.86312965194541
