time,s1,s2,s3,s4,s5,s6
0.0,20.0,20.0,20.0,20.0,20.000000000000004,20.0
1.0,55.5908566276987,88.24254277179374,122.42198231309142,56.86130059399193,88.43727232650677,121.13865566946255
