time,s1,s2,s3,s4,s5,s6
0.0,20.0,20.000000000000004,20.0,19.999999999999996,20.0,20.0
1.0,55.61926525808995,89.10106601224861,122.40017150275476,56.04660956858787,88.69638911370302,121.6910461390006
