time,s1,s2,s3,s4,s5,s6
0.0,20.0,20.0,20.0,20.0,20.0,20.0
1.0,57.375391213716874,89.22384832597086,121.60744669683537,56.27885590531885,90.17498824658637,121.69130466481066
