time,s1,s2,s3,s4,s5,s6
0.0,20.0,20.0,20.0,20.0,20.0,20.0
1.0,55.37803779621888,90.5214231531812,121.79298539859172,56.911660956061674,89.22858139622053,121.90048767555876
