time,s1,s2,s3,s4,s5,s6
0.0,20.0,19.999999999999996,20.0,20.0,20.0,20.0
1.0,56.45008414524163,88.27361514785753,120.7077824960889,57.275750822020825,89.4764973542145,121.67299608760275
