time,s1,s2,s3,s4,s5,s6
0.0,20.0,20.000000000000004,20.0,20.0,20.0,20.0
1.0,57.57149625185837,89.08720120809933,121.62653815144466,55.48013096404559,89.49391460094719,121.10022798983479
