time,s1,s2,s3,s4,s5,s6
0.0,20.0,20.0,20.0,20.0,20.0,20.0
1.0,56.95608181300436,88.8849098181668,120.52375938138368,56.12272397396321,88.49217096574382,121.42039740380439
