time,s1,s2,s3,s4,s5,s6
0.0,20.0,20.000000000000004,20.0,20.000000000000004,20.0,20.0
1.0,57.86211785313363,88.35845023138369,121.95277144859591,56.51290736747909,88.88916208678863,121.58919505790506
