time,s1,s2,s3,s4,s5,s6
0.0,20.0,20.000000000000004,20.0,20.0,20.0,20.000000000000004
1.0,55.163096095351136,88.29973851127195,121.88141796058416,57.43258520560827,89.75715866328832,121.32620149252163
