time,s1,s2,s3,s4,s5,s6
0.0,20.0,20.0,20.0,20.0,20.000000000000004,20.0
1.0,55.960222969453554,89.12730262997607,121.60390389922611,56.91737940188209,89.67867361708512,122.78145820447625
