time,s1,s2,s3,s4,s5,s6
0.0,20.0,20.0,20.0,20.0,20.0,20.0
1.0,56.19364920855122,88.80649834753889,121.26130364782725,56.2665568724431,89.0815984335925,122.2974214678656
