time,s1,s2,s3,s4,s5,s6
0.0,20.0,20.000000000000004,20.0,20.0,20.0,20.0
1.0,57.11888637310851,89.17191519345013,120.27852016014506,58.35151966262763,88.2138093887324,120.75589255582184
