time,s1,s2,s3,s4,s5,s6
0.0,20.0,20.0,20.0,20.0,20.0,20.0
1.0,56.77550169616881,87.29863952047029,121.20111632835886,56.70506969256139,88.63957397271714,122.6772420891041
