time,s1,s2,s3,s4,s5,s6
0.0,20.0,20.0,20.0,20.0,20.0,19.999999999999996
1.0,56.33447337851855,88.76042672563241,122.26695689552872,56.784589022691755,89.32053439416946,121.93260955593922
