time,s1,s2,s3,s4,s5,s6
0.0,20.0,20.000000000000004,20.0,20.0,20.0,20.0
1.0,57.02073333138725,88.27456087184736,121.59360019382086,56.594929353222646,89.7760789079594,122.07737098889412
