time,s1,s2,s3,s4,s5,s6
0.0,20.0,20.0,20.0,19.999999999999996,20.0,20.0
1.0,57.32757745194486,88.80658244443677,122.42503058913613,56.87714448963055,89.48947051980801,120.43178373751908
