time,s1,s2,s3,s4,s5,s6
0.0,20.0,20.0,20.0,20.0,20.0,20.0
1.0,57.788693321825825,89.51859473622096,120.25890135352223,56.44001413175941,89.65669135906394,121.13159566837889
