time,s1,s2,s3,s4,s5,s6
0.0,20.0,20.0,20.0,20.0,20.0,20.0
1.0,55.72392215897385,89.09761600552889,122.20229205709464,56.18769101031917,89.60325267109538,120.49789869671011
