time,s1,s2,s3,s4,s5,s6
0.0,20.000000000000004,20.0,20.0,19.999999999999996,20.0,20.0
1.0,55.68111677715842,88.41671574214729,121.86512829493793,57.26642248128155,88.5457672546175,121.38630719717689
