time,s1,s2,s3,s4,s5,s6
0.0,20.0,20.000000000000004,20.0,19.999999999999996,20.0,20.0
1.0,57.152627703712454,88.22261963116387,121.7046704126709,56.460205036511546,89.86106844491897,121.86914329752958
