time,s1,s2,s3,s4,s5,s6
0.0,20.0,20.0,20.0,20.0,20.0,20.0
1.0,57.932559811074555,89.87301843945008,121.163020806735,57.1238718574252,88.82916133632718,121.04196920499228
