time,s1,s2,s3,s4,s5,s6
0.0,20.0,20.0,20.0,20.0,20.0,19.999999999999996
1.0,56.79031924999049,89.53961488726546,120.30643171330314,56.471877938484255,88.31938282310087,121.59437005866619
