time,s1,s2,s3,s4,s5,s6
0.0,20.0,20.0,20.0,20.0,19.999999999999996,20.0
1.0,56.05323738557219,90.02984546869159,121.7794442848598,56.523719794854514,89.06863813501234,120.90832503134251
