time,s1,s2,s3,s4,s5,s6
0.0,20.0,20.0,20.0,20.0,20.0,20.0
1.0,56.55248187074804,89.98245170354201,121.97042278652053,58.136789956202925,88.66708551092525,121.66214989568664
