time,s1,s2,s3,s4,s5,s6
0.0,20.000000000000004,20.0,20.0,19.999999999999996,20.000000000000004,20.0
1.0,55.3492312725723,88.94897822694695,120.92550499422457,56.44991109295745,88.62128634651037,120.90988007704767
