time,s1,s2,s3,s4,s5,s6
0.0,20.0,20.0,20.0,20.0,20.0,20.0
1.0,55.90457730741048,88.45032309054305,121.97075065153443,57.351077126196536,89.59191503978101,122.28328325933796
