time,s1,s2,s3,s4,s5,s6
0.0,20.0,20.0,20.0,20.0,20.0,19.999999999999996
1.0,56.68247241506284,89.5248336133748,121.46117083528051,56.762263785310935,88.95529364843219,121.79171759452764
