time,s1,s2,s3,s4,s5,s6
0.0,20.0,20.0,20.0,20.0,20.0,20.000000000000004
1.0,56.52142684127007,90.21023975102644,122.3096685999484,56.10866653758868,89.2541819418885,122.1053579695
