time,s1,s2,s3,s4,s5,s6
0.0,20.0,20.0,20.0,20.0,20.0,20.0
1.0,56.35298911977581,88.06460888122447,121.80770431211852,57.00220298864363,89.13566855612927,121.7114787941874
