time,s1,s2,s3,s4,s5,s6
0.0,20.0,20.0,20.0,20.0,20.0,20.0
1.0,56.405169676428685,89.69230917202871,122.1214371817458,56.83966699462136,90.00340950207682,120.85056716503814
