time,s1,s2,s3,s4,s5,s6
0.0,20.0,20.0,20.0,20.0,20.0,20.0
1.0,57.14042101311932,89.9464953599228,122.00959951487421,56.648110653265064,89.13930532819424,121.7483333643205
