time,s1,s2,s3,s4,s5,s6
0.0,20.0,20.0,20.0,20.0,20.0,19.999999999999996
1.0,56.87718925884494,88.93349481323305,121.94582165812736,56.67810681372979,87.19151982750584,122.47011714744117
