time,s1,s2,s3,s4,s5,s6
0.0,20.0,20.0,20.0,19.999999999999996,20.0,20.0
1.0,55.342109770503605,88.98550830598847,121.35086793069745,56.169433534163765,87.64263858147235,122.63756155280336
