time,s1,s2,s3,s4,s5,s6
0.0,20.0,20.0,20.0,20.000000000000004,20.000000000000004,20.0
1.0,56.7786959834731,89.80122903296144,122.07418891850875,56.326211331983615,88.19176320554618,121.92077994455005
