time,s1,s2,s3,s4,s5,s6
0.0,20.0,20.0,20.0,20.0,20.0,20.0
1.0,55.388538485040186,89.43960634020252,123.70373581174998,55.91951045108639,88.34420385055854,121.8847977322113
