time,s1,s2,s3,s4,s5,s6
0.0,20.0,19.999999999999996,20.0,20.0,20.0,20.000000000000004
1.0,56.890483535343485,89.07504898771256,122.70437458136487,55.94773814670696,89.40695318705642,122.03017251163625
