time,s1,s2,s3,s4,s5,s6
0.0,20.0,20.0,20.0,20.0,20.0,20.0
1.0,56.22741819415778,88.58307329435101,121.58715907954223,55.90702152676663,89.6716416062328,121.98935695454989
