time,s1,s2,s3,s4,s5,s6
0.0,20.0,20.0,20.0,20.0,19.999999999999996,20.000000000000004
1.0,55.78881719516262,89.47371229003723,120.85615672656644,56.21733763511687,90.74136842084684,121.20394648706714
