time,s1,s2,s3,s4,s5,s6
0.0,20.0,20.0,20.0,20.0,20.0,20.000000000000004
1.0,56.87584890417292,87.81527805479266,122.23335284708054,55.50253311332682,88.8745931174076,121.36756502428902
