time,s1,s2,s3,s4,s5,s6
0.0,20.0,20.0,20.0,20.0,20.0,19.999999999999996
1.0,56.57713174456477,90.11098051307152,121.4156476851121,57.33451742545166,88.6059269050784,121.85885253313798
