time,s1,s2,s3,s4,s5,s6
0.0,20.0,20.0,20.0,20.0,20.0,20.0
1.0,56.68288339784044,89.31584674253475,122.00440457475611,57.282239139982565,89.55366531942417,120.98898613295331
