time,s1,s2,s3,s4,s5,s6
0.0,20.0,20.0,20.0,20.0,20.0,19.999999999999996
1.0,56.07235961846264,88.41579400313312,121.88542673686939,57.53854846510948,89.57443807631532,121.08866084613494
