time,s1,s2,s3,s4,s5,s6
0.0,20.0,20.0,20.0,20.0,20.0,20.0
1.0,56.996376169749595,88.56386404734153,121.07806427953466,57.72811523455017,89.23586160965448,120.43634804055274
