time,s1,s2,s3,s4,s5,s6
0.0,20.0,20.0,20.0,20.0,20.0,20.0
1.0,58.71411854515428,89.52555706611821,120.70050712877162,56.24995237396422,87.86104841682614,121.036187695271
