time,s1,s2,s3,s4,s5,s6
0.0,20.0,20.0,20.0,20.0,20.0,20.000000000000004
1.0,55.45738541950651,89.5349811148753,121.0589393744942,56.30873942127165,88.19983602099862,121.39568922537423
