time,s1,s2,s3,s4,s5,s6
0.0,20.0,20.0,20.0,20.000000000000004,20.0,19.999999999999996
1.0,57.353730334618,88.50894181469822,121.46063887987171,57.31781625189612,89.49640437442122,121.48819773726652
