time,s1,s2,s3,s4,s5,s6
0.0,20.0,20.0,19.999999999999996,20.0,20.0,20.0
1.0,56.53927438760451,89.22746948409716,121.47216008991802,56.913291941328794,91.78105473380958,121.87873660533543
