time,s1,s2,s3,s4,s5,s6
0.0,20.0,20.0,20.0,20.0,19.999999999999996,20.0
1.0,56.58880575620114,89.3018274017735,121.17110105442904,57.11741556326654,89.75229267082563,122.07210362019302
