time,s1,s2,s3,s4,s5,s6
0.0,20.0,20.0,20.0,20.0,20.0,20.000000000000004
1.0,58.015748167980306,88.52876032602691,120.97376245677029,56.83282970304968,88.3769294598249,120.34578395546504
