time,s1,s2,s3,s4,s5,s6
0.0,20.0,20.0,20.0,20.0,20.0,20.0
1.0,56.654561979183114,88.73418280932808,121.67677045217282,55.84742008976757,90.81893508128913,123.18480179494753
