time,s1,s2,s3,s4,s5,s6
0.0,20.0,20.000000000000004,20.0,20.0,20.0,19.999999999999996
1.0,57.08714692995872,88.4311715141618,121.61823644244642,56.30550365572324,88.58906047935714,122.41745100220507
