time,s1,s2,s3,s4,s5,s6
0.0,20.0,20.0,20.0,20.0,20.0,20.0
1.0,56.14906977991638,90.16471048586462,121.70083730135553,56.56969182823144,89.8035453506802,121.82662382401132
