time,s1,s2,s3,s4,s5,s6
0.0,20.0,20.0,20.0,20.0,20.0,20.0
1.0,57.02077592866381,90.39511060987725,120.77564094548887,56.98688756000468,89.04232804581746,121.79872902222243
