time,s1,s2,s3,s4,s5,s6
0.0,20.0,20.0,20.0,20.0,19.999999999999996,20.0
1.0,56.57214634220443,88.97529821051549,121.51802662824778,57.61935238310869,88.88805703747201,121.46603857605038
