time,s1,s2,s3,s4,s5,s6
0.0,20.0,20.0,20.0,20.0,20.0,19.999999999999996
1.0,57.03078354664946,89.96922771965339,121.2273161327305,56.475183839551136,88.51392122523627,121.05094494372037
