time,s1,s2,s3,s4,s5,s6
0.0,20.0,20.0,20.0,20.0,19.999999999999996,20.0
1.0,56.33795126249789,88.57853941930406,121.03508513999047,57.28851608655211,88.4395131873318,121.42374794945621
