time,s1,s2,s3,s4,s5,s6
0.0,20.0,20.0,20.0,20.0,20.0,20.0
1.0,56.934380448689325,87.83317758554188,121.82540207820932,55.83654979893096,90.36717642067754,122.44063203858954
