time,s1,s2,s3,s4,s5,s6
0.0,19.999999999999996,20.0,20.0,19.999999999999996,20.0,20.0
1.0,56.39031168496362,89.78955812327274,120.77452457249578,57.09724392112706,87.72604672971985,122.10441838913182
