time,s1,s2,s3,s4,s5,s6
0.0,20.0,20.0,20.0,20.0,20.0,20.0
1.0,55.7850255711008,89.06790704761272,121.90139079621048,56.47589291775877,88.85063882385076,122.28549127985386
