time,s1,s2,s3,s4,s5,s6
0.0,20.0,20.000000000000004,20.0,20.0,20.0,20.0
1.0,56.28205733345449,89.7596002008705,121.22677853591102,56.771276004145165,88.92089890853651,121.70279245306715
