time,s1,s2,s3,s4,s5,s6
0.0,20.0,20.0,20.0,20.0,20.0,20.0
1.0,56.680429443528936,88.73043787070394,121.16432687643123,56.30177282286344,89.09301291526126,121.76010288980227
