time,s1,s2,s3,s4,s5,s6
0.0,20.0,20.0,20.0,20.0,20.000000000000004,20.0
1.0,56.47329418473322,88.61397297384949,121.14077763988612,57.07475083150724,88.42276413559925,122.03165801571637
