time,s1,s2,s3,s4,s5,s6
0.0,19.999999999999996,20.0,20.000000000000004,20.0,20.0,20.0
1.0,56.53927281806533,88.54429009060748,120.75340657326738,56.675420918338304,90.24312998893109,121.83650698150426
