time,s1,s2,s3,s4,s5,s6
0.0,20.0,19.999999999999996,20.0,20.0,20.0,20.0
1.0,56.79206505639429,88.10382428739868,121.10546531724694,55.44924966563934,88.44460384791118,121.37740229035047
