time,s1,s2,s3,s4,s5,s6
0.0,20.0,20.0,20.0,20.0,20.0,20.0
1.0,56.68753548927661,89.93798122873363,121.1385822619388,56.37092689939713,88.80787528496643,122.333601227228
