time,s1,s2,s3,s4,s5,s6
0.0,20.0,20.0,20.000000000000004,20.0,20.0,20.0
1.0,56.29938262209298,89.42799163523136,121.49493320345096,56.25929048158807,88.76385256996082,121.32046143493572
