time,s1,s2,s3,s4,s5,s6
0.0,20.0,20.0,20.0,20.0,20.0,20.0
1.0,56.73839320548227,88.0278605426991,121.13969003241087,56.91847732031308,89.72022581044895,121.84634878746294
