time,s1,s2,s3,s4,s5,s6
0.0,20.0,20.0,20.0,20.0,20.0,20.0
1.0,55.93403381637767,89.89940837071006,121.78146340874576,56.19906314977861,89.82877242534065,120.69320110929296
