time,s1,s2,s3,s4,s5,s6
0.0,20.0,20.0,20.0,20.0,20.0,20.0
1.0,56.50774818774005,90.70145989186462,121.05507873560083,56.38984781519843,88.91463490223398,122.18518363942411
