time,s1,s2,s3,s4,s5,s6
0.0,20.0,20.0,20.0,20.000000000000004,20.000000000000004,20.0
1.0,56.64155481559693,88.71474151141705,121.69204292540256,56.295229458585155,89.10190318828757,122.14583580197538
