time,s1,s2,s3,s4,s5,s6
0.0,20.0,19.999999999999996,20.0,20.0,20.0,20.0
1.0,57.077474459929235,89.03985842746984,122.19160367190187,56.207873504301745,89.88791060180925,120.29809307325345
