time,s1,s2,s3,s4,s5,s6
0.0,20.0,20.0,20.0,20.000000000000004,19.999999999999996,20.000000000000004
1.0,57.60608748000408,89.48731723992489,121.74052594850465,55.21176585424634,89.59456489128777,121.41087895929363
