time,s1,s2,s3,s4,s5,s6
0.0,20.0,20.0,20.0,20.0,19.999999999999996,20.0
1.0,55.81845048088839,88.7913612777743,122.10876873282432,56.360041165574394,89.2677185735885,120.38940471524087
