time,s1,s2,s3,s4,s5,s6
0.0,20.0,20.0,20.0,20.0,20.0,20.0
1.0,56.02682783201078,89.24171427435178,120.34630940113976,56.60378247115832,89.6095194991513,121.559029358565
