time,s1,s2,s3,s4,s5,s6
0.0,20.0,20.0,20.0,20.0,19.999999999999996,20.0
1.0,56.82622665702523,88.72057234952793,121.06605972247084,55.67511222900815,88.84312307081794,120.86071031710514
