time,s1,s2,s3,s4,s5,s6
0.0,20.0,20.0,20.0,20.0,20.0,20.0
1.0,56.645064699731265,89.39267320074376,121.43888335834902,57.3378618637571,89.64404669241645,122.02170671349911
