time,s1,s2,s3,s4,s5,s6
0.0,20.0,20.0,20.0,20.000000000000004,20.0,20.0
1.0,56.6383869308344,88.61201646084494,120.37029291259836,57.553483954986504,89.0951764098446,120.78247383503407
