time,s1,s2,s3,s4,s5,s6
0.0,20.0,20.0,20.0,20.0,20.0,20.0
1.0,55.99775219197342,88.25934675009653,121.00945877264212,56.27681946168528,87.99079012248156,122.61560797665385
