time,s1,s2,s3,s4,s5,s6
0.0,20.0,20.0,20.0,20.0,19.999999999999996,20.0
1.0,56.592334854890765,88.89371298077096,121.9683697660037,58.081195862569096,89.15519747001278,121.49586455017308
