time,s1,s2,s3,s4,s5,s6
0.0,19.999999999999996,19.999999999999996,20.0,20.0,20.0,20.0
1.0,55.98353112269584,89.16438287686512,121.69879256027075,55.97915952247259,88.44418435814134,121.74348541440679
