time,s1,s2,s3,s4,s5,s6
0.0,20.0,20.0,20.0,20.0,19.999999999999996,20.0
1.0,55.754557420775654,90.13538026701825,122.34515633903032,55.84697867690276,88.32140056362455,122.3377078925569
