time,s1,s2,s3,s4,s5,s6
0.0,20.0,20.0,20.0,20.0,20.0,20.0
1.0,56.35182028558002,89.14414574248694,120.58208477811505,57.06638990028677,89.25206985817124,120.95972483718671
