time,s1,s2,s3,s4,s5,s6
0.0,20.0,20.0,20.0,20.0,20.0,20.0
1.0,56.48893079547777,89.23816320341885,121.28502819002584,56.955966556829914,89.13490594535253,121.29651578706803
