time,s1,s2,s3,s4,s5,s6
0.0,20.0,20.0,20.0,20.0,20.0,20.0
1.0,56.32702428620433,89.2826049161475,121.2653878560684,56.399464375288645,89.74455519892277,122.50292932824735
