time,s1,s2,s3,s4,s5,s6
0.0,20.0,19.999999999999996,20.0,20.0,20.000000000000004,20.0
1.0,57.56656501790002,88.25521477203301,120.36204169784864,56.83531918694577,89.08479388425286,122.4550890043151
