time,s1,s2,s3,s4,s5,s6
0.0,20.0,20.0,20.0,20.0,20.0,20.0
1.0,56.58775237534104,88.2480994077409,121.61880433448951,57.12322061924013,88.86591167007504,121.45592708304346
