time,s1,s2,s3,s4,s5,s6
0.0,20.0,20.0,20.0,20.0,20.0,20.0
1.0,57.14906119344179,89.09685769424168,121.00794588495647,56.57574757945167,89.34157167557001,121.73235347057822
