time,s1,s2,s3,s4,s5,s6
0.0,20.000000000000004,20.0,20.0,20.0,20.0,20.0
1.0,56.35409296472204,88.47829668579445,121.45088808445612,57.14455409859743,89.18525976348195,121.71296734940472
