time,s1,s2,s3,s4,s5,s6
0.0,20.0,20.0,20.0,20.000000000000004,20.0,20.0
1.0,57.66101897999085,90.01078646242651,121.3241685536754,57.14554241687228,88.30852081309054,122.2133864207688
