time,s1,s2,s3,s4,s5,s6
0.0,20.0,20.0,20.0,20.0,20.0,20.0
1.0,57.30401113100575,88.62098776989038,121.46252898755783,56.64366358023481,87.56305080568383,121.24574966317043
