time,s1,s2,s3,s4,s5,s6
0.0,20.0,19.999999999999996,20.0,20.0,20.000000000000004,20.0
1.0,57.22156985429524,89.0181963048907,121.6500454961078,56.2814450080849,88.985181048633,121.58217226646556
