time,s1,s2,s3,s4,s5,s6
0.0,20.0,20.0,20.0,20.0,20.000000000000004,20.0
1.0,56.40145567832456,88.79195350492881,120.52494999950014,55.8857392361317,88.8734342883057,121.75694540404629
