time,s1,s2,s3,s4,s5,s6
0.0,20.0,20.0,20.0,20.0,20.0,20.0
1.0,55.53838809830443,89.29716376603577,121.7441312327978,57.21929819237052,87.7534908751063,120.68480718068317
