time,s1,s2,s3,s4,s5,s6
0.0,20.0,20.0,20.0,20.0,20.0,20.0
1.0,57.171337086438456,88.34910778330432,121.70498604542428,57.838835504519466,89.08897385928022,121.90365822554755
