time,s1,s2,s3,s4,s5,s6
0.0,20.0,20.0,20.0,20.0,20.0,20.000000000000004
1.0,57.17699234590561,89.7164583260004,122.33195590851145,56.291192063462496,89.52047604185348,122.47960438027619
