time,s1,s2,s3,s4,s5,s6
0.0,20.0,20.0,20.0,20.0,20.0,20.0
1.0,57.11590480538146,89.26337690911592,121.06074765249372,56.84661382701551,89.92278012252098,121.62415447833689
