time,s1,s2,s3,s4,s5,s6
0.0,20.0,20.0,20.0,19.999999999999996,20.0,20.0
1.0,56.57057512479513,88.85046088242773,121.71783757211469,57.58697428024229,88.33836527883173,122.17761544282291
