time,s1,s2,s3,s4,s5,s6
0.0,20.0,20.0,20.0,20.0,20.0,20.0
1.0,56.338859236923945,88.97939085644566,120.9035930189094,57.4695893784265,88.77579158555545,120.54587767111683
