time,s1,s2,s3,s4,s5,s6
0.0,20.0,20.0,20.0,20.0,20.0,19.999999999999996
1.0,57.40908386447509,88.85313864045597,122.11525890823845,57.04786989925971,88.60645249559995,121.85388350733731
