time,s1,s2,s3,s4,s5,s6
0.0,20.0,20.0,20.0,20.0,20.0,20.0
1.0,57.59604174697341,88.59754165789337,120.52649353354298,57.78155426871348,88.69344354191372,121.71514869694406
