time,s1,s2,s3,s4,s5,s6
0.0,20.0,19.999999999999996,20.0,20.0,20.0,20.0
1.0,56.81035634807725,88.94847900540522,120.4174334695989,56.83749467746309,90.4738023336792,121.80182003180101
