time,s1,s2,s3,s4,s5,s6
0.0,20.0,20.0,20.0,20.000000000000004,20.000000000000004,20.0
1.0,56.69690030526292,88.40231042160863,121.35958345744444,56.43587931944255,88.69982869536057,121.31857869361235
