time,s1,s2,s3,s4,s5,s6
0.0,20.0,20.0,20.0,20.0,20.0,20.0
1.0,56.456339570435915,88.72203990772094,121.39446016829115,55.875442742225516,89.0886138514948,121.56920281907216
