time,s1,s2,s3,s4,s5,s6
0.0,20.0,20.0,20.0,20.0,20.0,20.0
1.0,55.93718327823355,89.77422960080276,121.96228165996848,56.59296951826972,89.70308693594394,121.86560754000696
