time,s1,s2,s3,s4,s5,s6
0.0,20.0,20.0,20.0,20.0,19.999999999999996,20.000000000000004
1.0,56.922579590347574,89.67899740304418,121.54803004986397,56.3878481152663,88.43586929343137,121.54628018388831
