time,s1,s2,s3,s4,s5,s6
0.0,20.0,20.0,20.0,20.0,20.0,20.0
1.0,55.778960322451084,89.67649710668064,120.94921853626033,55.750029516470704,89.32552563326499,120.5535468823922
