time,s1,s2,s3,s4,s5,s6
0.0,20.0,20.0,20.0,20.0,20.0,20.000000000000004
1.0,57.61743107020767,88.71568582165742,122.35002847137116,54.86345924958852,89.79294523075606,122.14814392839487
