time,s1,s2,s3,s4,s5,s6
0.0,20.0,20.000000000000004,20.0,20.0,20.0,20.0
1.0,56.64537938624808,88.6833192756436,122.0353307297965,56.212108016429525,88.10809047533891,122.20948810840841
