time,s1,s2,s3,s4,s5,s6
0.0,20.0,20.0,20.0,20.0,20.0,20.0
1.0,56.172780284784935,89.87117106609804,121.04394549903819,56.3651661843525,89.23225334392556,121.24004914779383
