time,s1,s2,s3,s4,s5,s6
0.0,20.0,20.0,20.0,20.0,19.999999999999996,20.0
1.0,56.736836943152866,88.35839229362567,122.28893539756888,56.044086861209095,88.76427176596326,122.23631272835806
