time,s1,s2,s3,s4,s5,s6
0.0,20.0,19.999999999999996,20.000000000000004,20.0,20.0,20.000000000000004
1.0,56.422959180392866,88.29635822177201,121.37997435395448,56.846313440806355,89.44643343705594,121.74662634028127
