time,s1,s2,s3,s4,s5,s6
0.0,20.0,20.0,20.0,20.0,20.0,20.0
1.0,56.64306041752974,90.55840345747751,120.3597816794879,56.92506885762944,88.62117215582364,121.28679499200616
