time,s1,s2,s3,s4,s5,s6
0.0,20.0,20.0,20.0,20.0,20.0,20.0
1.0,55.86188271609332,89.04757193020765,120.8516435565653,56.99222486271548,89.94198545383682,120.2790451920748
