time,s1,s2,s3,s4,s5,s6
0.0,20.0,20.0,20.000000000000004,20.0,20.0,20.0
1.0,57.0054502714201,89.67684894741453,120.79830783306096,56.829439157806476,90.05218718101258,120.95127970295243
