time,s1,s2,s3,s4,s5,s6
0.0,20.0,20.0,20.0,20.0,20.0,20.0
1.0,57.41605128442359,89.77756258326666,122.12162705634117,56.81196565742262,88.72535180726527,122.73732762259363
