time,s1,s2,s3,s4,s5,s6
0.0,20.0,20.0,20.0,20.0,20.0,19.999999999999996
1.0,56.803673859281034,88.3328362610095,121.71117573402682,56.907919204734625,90.36976117559263,121.59541552626301
