time,s1,s2,s3,s4,s5,s6
0.0,20.0,20.0,20.0,19.999999999999996,20.0,20.0
1.0,57.860005844434035,88.61633755650699,120.66738842055179,56.177438096998266,89.5132815626994,122.03705623398008
