time,s1,s2,s3,s4,s5,s6
0.0,20.0,20.0,20.0,20.0,20.0,20.0
1.0,56.18010000272381,90.38931024800473,121.96674293175562,55.33161791792671,89.8946552611669,121.2861480954325
