time,s1,s2,s3,s4,s5,s6
0.0,20.0,20.0,20.0,20.0,20.0,20.0
1.0,57.056118015407904,89.48321785053551,122.38686587897769,56.81143157772431,88.57174080211459,121.4340160467472
