time,s1,s2,s3,s4,s5,s6
0.0,20.0,20.0,20.0,20.0,20.0,20.0
1.0,56.98936488111213,89.6469383084535,121.51314892150492,55.5028293027519,88.35711225166932,120.4696305009085
