time,s1,s2,s3,s4,s5,s6
0.0,20.0,20.0,20.0,20.0,20.0,20.0
1.0,56.42822058771138,88.99325114033604,121.81607081474351,56.7448652217325,88.86780044314558,120.9230514821231
