time,s1,s2,s3,s4,s5,s6
0.0,20.0,20.0,20.0,20.0,20.0,20.0
1.0,56.15889810130705,88.9839756729546,122.13277896019542,56.45158767186682,88.66132069202288,121.7989893121416
