time,s1,s2,s3,s4,s5,s6
0.0,20.0,19.999999999999996,20.0,20.0,20.0,20.0
1.0,57.09443834807482,89.07797702021786,121.20188228168007,56.656072782690885,89.65174478844325,121.93426530092604
