time,s1,s2,s3,s4,s5,s6
0.0,19.308023759956555,20.25897905649138,20.476795698963457,12.445929621027606,14.81342219620158,26.665436262166146
1.0,55.86010709332241,89.36314572323273,122.13304569900873,48.99801295440572,83.9175888629389,128.32168626220425
