time,s1,s2,s3,s4,s5,s6
0.0,24.898694560033597,25.092991836434138,14.29499727306367,18.52577975988921,16.396419396480983,21.546231056371628
1.0,61.450777893399454,94.19715850317549,115.95124727310895,55.077863093267325,85.5005860632183,123.20248105640974
