time,s1,s2,s3,s4,s5,s6
0.0,14.575580702478955,22.152813198863022,18.23169367459944,22.41272445590225,25.753091298792423,14.494901210681526
1.0,51.127664035844816,91.25697986560436,119.88794367464472,58.96480778928037,94.85725796552974,116.15115121071963
