time,s1,s2,s3,s4,s5,s6
0.0,13.157436969571336,24.048383681153464,26.473095836845676,11.056466311195884,23.232827650956505,16.315341899876
1.0,49.70952030293719,93.15255034789482,128.12934583689096,47.608549644574,92.33699431769382,117.97159189991412
