time,s1,s2,s3,s4,s5,s6
0.0,17.911075424001588,10.833991129299532,15.052252480783475,10.704986549651082,13.06861883884684,21.92551671381353
1.0,54.463158757367445,79.93815779604088,116.70850248082876,47.2570698830292,82.17278550558416,123.58176671385164
