time,s1,s2,s3,s4,s5,s6
0.0,27.172618907923848,24.519281751330325,16.149494363655155,13.153195554095628,12.421551161427029,22.784983186292
1.0,63.724702241289705,93.62344841807167,117.80574436370043,49.705278887473746,81.52571782816435,124.44123318633011
