time,s1,s2,s3,s4,s5,s6
0.0,25.447543631082556,15.50688594598567,20.673742001650627,15.62582210799346,17.865533179343696,24.255805538478086
1.0,61.99962696444841,84.61105261272702,122.3299920016959,52.17790544137158,86.96969984608101,125.9120555385162
