time,s1,s2,s3,s4,s5,s6
0.0,18.872464528188395,14.404256036807162,21.438082943453175,28.82533980482499,24.690653114092456,24.13171382920482
1.0,55.42454786155425,83.50842270354852,123.09433294349844,65.37742313820311,93.79481978082977,125.78796382924293
