time,s1,s2,s3,s4,s5,s6
0.0,25.06118918578555,13.203204438183063,10.380314075840907,11.834574347807903,26.963353459276814,14.01748961338663
1.0,61.61327251915141,82.30737110492441,112.03656407588619,48.38665768118602,96.06752012601413,115.67373961342474
