time,s1,s2,s3,s4,s5,s6
0.0,25.876667799682583,22.836309583869188,19.774930771026426,12.589423972209762,18.238750475144293,22.819088732313816
1.0,62.428751133048436,91.94047625061054,121.4311807710717,49.14150730558788,87.3429171418816,124.47533873235193
