time,s1,s2,s3,s4,s5,s6
0.0,14.10176584112026,19.324704652582422,22.457461588767522,24.037823926808258,16.859512440334854,20.87889267862401
1.0,50.65384917448612,88.42887131932378,124.1137115888128,60.58990726018637,85.96367910707217,122.53514267866213
