time,s1,s2,s3,s4,s5,s6
0.0,13.760731886441189,25.508448450278784,27.402216686833153,25.206961680551196,23.848010426162475,28.334069249913274
1.0,50.31281521980705,94.61261511702014,129.05846668687843,61.75904501392932,92.95217709289979,129.9903192499514
