time,s1,s2,s3,s4,s5,s6
0.0,19.104417143991455,19.48786268935266,23.552041120401398,10.23583799635143,24.39461609214508,25.35148287391545
1.0,55.65650047735731,88.592029356094,125.20829112044667,46.78792132972955,93.49878275888238,127.00773287395356
