time,s1,s2,s3,s4,s5,s6
0.0,11.415611996075288,21.426755056483458,12.326683286018842,29.7128942778555,18.46191571915508,14.265217838663313
1.0,47.96769532944114,90.53092172322481,113.98293328606412,66.26497761123362,87.5660823858924,115.92146783870143
