time,s1,s2,s3,s4,s5,s6
0.0,17.412488303670727,14.39962907919854,17.842600724582226,29.29520474418532,16.294302446664418,10.584087624791573
1.0,53.964571637036585,83.50379574593988,119.4988507246275,65.84728807756343,85.39846911340173,112.24033762482969
