time,s1,s2,s3,s4,s5,s6
0.0,27.648752823574945,15.548445377045137,14.57443108023357,14.051227118414179,24.90052038745284,24.49800200008326
1.0,64.2008361569408,84.65261204378649,116.23068108027884,50.6033104517923,94.00468705419016,126.15425200012137
