time,s1,s2,s3,s4,s5,s6
0.0,17.40103725489884,20.16457774978641,14.110925518852827,23.715747968580395,27.03460871737608,19.025016092022835
1.0,53.953120588264696,89.26874441652777,115.7671755188981,60.26783130195851,96.13877538411339,120.68126609206095
