time,s1,s2,s3,s4,s5,s6
0.0,27.955878488879147,21.301690913833706,12.18922784575815,14.81339258046616,22.37334158560416,20.54020633372896
1.0,64.50796182224501,90.40585758057506,113.84547784580343,51.36547591384428,91.47750825234147,122.19645633376707
