time,s1,s2,s3,s4,s5,s6
0.0,13.998631226994194,27.53466966414001,21.213701575312257,15.81103209619211,25.935741013749897,23.77294344558954
1.0,50.55071456036005,96.63883633088136,122.86995157535753,52.36311542957023,95.0399076804872,125.42919344562765
