time,s1,s2,s3,s4,s5,s6
0.0,13.359122925475653,29.174583216281366,21.57595042691149,10.371297370698082,23.720808831687926,25.00654457602937
1.0,49.91120625884151,98.27874988302271,123.23220042695677,46.9233807040762,92.82497549842523,126.66279457606748
