time,s1,s2,s3,s4,s5,s6
0.0,28.447214914124427,29.183643765158145,24.759898333742367,29.496265569815446,12.507294490187736,12.801018088080118
1.0,64.99929824749029,98.28781043189949,126.41614833378765,66.04834890319356,81.61146115692505,114.45726808811823
