time,s1,s2,s3,s4,s5,s6
0.0,29.168202964528334,22.232343208205627,11.088540556961537,29.09023573041246,23.501068698014294,20.576085937127278
1.0,65.72028629789419,91.33650987494698,112.74479055700681,65.64231906379058,92.60523536475161,122.23233593716539
