time,s1,s2,s3,s4,s5,s6
0.0,11.525111026820918,23.27819424604937,20.896488081564378,15.734949926128632,21.134162831639607,12.465943349132392
1.0,48.07719436018677,92.38236091279072,122.55273808160965,52.28703325950675,90.23832949837693,114.1221933491705
