time,s1,s2,s3,s4,s5,s6
0.0,16.734050743147137,27.29647263793403,11.322182092279927,11.600309204846257,24.527696896792825,28.87587781218232
1.0,53.28613407650941,96.40063930467007,112.97843209231839,48.15239253822167,93.63186356352425,130.5321278122125
