time,s1,s2,s3,s4,s5,s6
0.0,22.209602413410177,29.712603634648488,15.099734354949339,27.330437542131502,24.00583946690148,24.94323590771191
1.0,58.76168574677604,98.81677030138984,116.75598435499461,63.88252087550962,93.11000613363879,126.59948590775002
