time,s1,s2,s3,s4,s5,s6
0.0,16.897361892217724,24.185286771929256,14.373144476383954,28.605169844795277,27.530615995360876,12.699652008829421
1.0,53.44944522558135,93.2894534386697,116.02939447642912,65.15725317817287,96.63478266209671,114.35590200886456
