time,s1,s2,s3,s4,s5,s6
0.0,15.348302844223152,27.044948616937013,16.635617598083186,15.93271932218043,19.820609154008306,28.517535983002873
1.0,51.90038617758901,96.14911528367836,118.29186759812846,52.484802655558546,88.92477582074562,130.173785983041
