time,s1,s2,s3,s4,s5,s6
0.0,13.456005428919804,10.701731014423517,14.39611289181904,28.785245672772934,20.21891976965749,10.957620601768777
1.0,50.00808876228566,79.80589768116486,116.05236289186432,65.33732900615105,89.3230864363948,112.6138706018069
