time,s1,s2,s3,s4,s5,s6
0.0,20.31325441386067,14.391360286642795,16.431911216307427,11.094919940194922,18.225889698054043,26.181991295104318
1.0,56.86533774722616,83.4955269533835,118.08816121635265,47.6470032735736,87.33005636479172,127.83824129514193
