time,s1,s2,s3,s4,s5,s6
0.0,18.316829390100146,16.26557884614177,23.74968824679236,20.321186481281718,29.46517075141442,13.57596203490187
1.0,54.868912723466,85.36974551288311,125.40593824683764,56.873269814659835,98.56933741815173,115.23221203493998
