time,s1,s2,s3,s4,s5,s6
0.0,26.864340440019475,22.37617815798135,29.01144868712597,10.98158477678183,21.520428403420055,16.97284939468494
1.0,63.41642377338533,91.4803448247227,130.66769868717125,47.53366811015995,90.62459507015737,118.62909939472306
