time,s1,s2,s3,s4,s5,s6
0.0,17.6996732363179,17.051720884395863,12.558212618815718,22.986434700807266,18.700763760108657,22.59321067370307
1.0,54.25175656968376,86.15588755113721,114.21446261886099,59.53851803418539,87.80493042684597,124.24946067374118
