time,s1,s2,s3,s4,s5,s6
0.0,22.023949778275345,14.77811444980399,29.574635278270986,10.484884599801491,19.140588965870172,20.057684207551294
1.0,58.5760331116412,83.88228111654534,131.23088527831626,47.03696793317961,88.24475563260748,121.7139342075894
