time,s1,s2,s3,s4,s5,s6
0.0,23.793093807839632,13.542676015956062,27.01151905727325,26.58941749936852,11.506965338925168,13.827782808730028
1.0,60.34517714120549,82.64684268269741,128.66776905731854,63.14150083274664,80.61113200566248,115.48403280876813
