time,s1,s2,s3,s4,s5,s6
0.0,15.515627327092172,26.95556871974637,28.498122024754945,20.51693064457544,14.472022158216237,22.964681264252143
1.0,52.06771066045803,96.05973538648772,130.1543720248002,57.06901397795356,83.57618882495355,124.62093126429025
