time,s1,s2,s3,s4,s5,s6
0.0,21.416173599139356,18.218114381577365,26.988379095449982,17.791287617647363,17.424556037192943,15.493490712102076
1.0,57.96825693250521,87.32228104831871,128.64462909549525,54.34337095102548,86.52872270393026,117.14974071214019
