time,s1,s2,s3,s4,s5,s6
0.0,29.22581313162553,18.76561643590143,12.761766584249987,23.375356689398842,10.757016022780485,12.909952606868426
1.0,65.77789646499139,87.86978310264277,114.41801658429526,59.927440022776956,79.8611826895178,114.56620260690654
