time,s1,s2,s3,s4,s5,s6
0.0,22.915655667622755,18.52076718177652,16.906828183181478,28.924495862199795,23.336608410300297,17.658171725921278
1.0,59.467739000988615,87.62493384851787,118.56307818322675,65.47657919557791,92.44077507703761,119.31442172595939
