time,s1,s2,s3,s4,s5,s6
0.0,23.66291494813891,23.710811762292558,19.583452811743303,24.828599945412172,21.844112641054032,19.548908201624073
1.0,60.21499828150476,92.8149784290339,121.23970281178858,61.380683278790286,90.94827930779134,121.20515820166219
