time,s1,s2,s3,s4,s5,s6
0.0,15.386748242476436,19.224870508443946,11.29149907467413,28.51215159444553,14.841906934415217,26.28900993922003
1.0,51.93883157584229,88.32903717518529,112.94774907471941,65.06423492782365,83.94607360115253,127.94525993925814
