time,s1,s2,s3,s4,s5,s6
0.0,20.701775933747317,18.54388610980226,23.837783779222562,15.904625384017153,27.07420536382469,17.416229213221257
1.0,57.25385926711317,87.64805277654361,125.49403377926784,52.45670871739527,96.178372030562,119.07247921325937
