time,s1,s2,s3,s4,s5,s6
0.0,10.10946977529075,13.035293901890721,13.88224322125193,16.937820565046223,18.03156323616673,10.245524408997195
1.0,46.661553108656605,82.13946056863207,115.5384932212972,53.48990389842434,87.13572990290405,111.90177440903531
