time,s1,s2,s3,s4,s5,s6
0.0,25.57662741092086,12.663781310006392,25.051124888950547,19.244090722036965,26.811834690222632,13.182577638941996
1.0,62.12871074428672,81.76794797674773,126.70737488899582,55.79617405541509,95.91600135695995,114.8388276389801
