time,s1,s2,s3,s4,s5,s6
0.0,15.371326246680422,10.340036894798455,23.10537240030647,18.230872706226005,24.375775253506443,10.204296247135005
1.0,51.92340958004628,79.44420356153981,124.76162240035174,54.78295603960412,93.47994192024376,111.86054624717312
