time,s1,s2,s3,s4,s5,s6
0.0,19.66306939510881,18.872418453662647,20.068444195898447,24.31585439983829,20.13300335131199,27.849940158936334
1.0,56.21515272847466,87.976585120404,121.72469419594373,60.86793773321641,89.23717001804931,129.50619015897445
