time,s1,s2,s3,s4,s5,s6
0.0,13.505460864852143,12.4523954840882,26.525352343334017,18.577301478916915,24.746416246309707,26.77419570821149
1.0,50.057544198218,81.55656215082955,128.1816023433793,55.12938481229503,93.85058291304702,128.4304457082496
