time,s1,s2,s3,s4,s5,s6
0.0,23.830607429270167,29.01335201522522,25.863974866620683,26.663713869642944,11.886271557285937,14.448088918642396
1.0,60.382690762636024,98.11751868196657,127.52022486666596,63.21579720302106,80.99043822402325,116.10433891868051
