time,s1,s2,s3,s4,s5,s6
0.0,26.57640104621796,12.303929259576648,13.944709185103243,27.607087023603423,21.98169687400359,15.710217594633932
1.0,63.12848437958382,81.408095926318,115.60095918514853,64.15917035698155,91.0858635407409,117.36646759467205
