time,s1,s2,s3,s4,s5,s6
0.0,16.165689709535766,22.539692104202054,16.879272435739097,13.714808267580826,14.488480542914061,20.80353406082338
1.0,52.71777304290163,91.64385877094341,118.53552243578437,50.26689160095894,83.59264720965137,122.4597840608615
