time,s1,s2,s3,s4,s5,s6
0.0,18.93303563971178,12.243803972945875,12.339089496711493,21.673702546380206,12.638381587173228,19.08450998580355
1.0,55.48511897307763,81.34797063968722,113.99533949675677,58.22578587975832,81.74254825391054,120.74075998584166
