time,s1,s2,s3,s4,s5,s6
0.0,12.029911119573677,21.26145106002429,25.128884039212124,20.088979969020023,27.974234234254162,27.59248101410425
1.0,48.58199445293953,90.36561772676563,126.7851340392574,56.641063302398145,97.07840090099148,129.24873101414238
