time,s1,s2,s3,s4,s5,s6
0.0,11.43271478766102,18.71409413668382,24.0718836401401,23.307520752602343,29.750196030581286,12.721560828408007
1.0,47.98479812102688,87.81826080342518,125.72813364018538,59.859604085980465,98.8543626973186,114.37781082844612
