time,s1,s2,s3,s4,s5,s6
0.0,18.70381168071569,18.001989974215533,28.028128919148987,26.857107671714573,15.474221194885608,23.898356198960542
1.0,55.255895014081545,87.10615664095688,129.68437891919427,63.409191005092694,84.57838786162293,125.55460619899866
