time,s1,s2,s3,s4,s5,s6
0.0,13.93816050489601,11.07115189216806,28.278497387810027,29.76239043731767,10.34017606643741,11.046239878916921
1.0,50.49024383826187,80.17531855890941,129.9347473878553,66.31447377069578,79.44434273317472,112.70248987895503
