time,s1,s2,s3,s4,s5,s6
0.0,24.74969380370589,26.000966519863965,18.019907137381676,20.735208822366943,15.917533053557069,24.847608599177562
1.0,61.301777137071745,95.10513318660531,119.67615713742696,57.28729215574506,85.02169972029438,126.50385859921568
