time,s1,s2,s3,s4,s5,s6
0.0,10.924240130125238,15.007773733052911,29.65351607390559,27.622463371224256,22.959687814829817,17.785694708534738
1.0,47.4763234634911,84.11194039979426,131.30976607395087,64.17454670460238,92.06385448156713,119.44194470857285
