time,s1,s2,s3,s4,s5,s6
0.0,20.412277036989767,21.44165989914317,14.883657217462199,25.216275231115763,16.227135879678734,19.66779477102696
1.0,56.96436037035562,90.54582656588451,116.53990721750748,61.76835856449388,85.33130254641605,121.32404477106508
