time,s1,s2,s3,s4,s5,s6
0.0,21.17897656662266,15.687766308689248,15.917105484186509,28.113944447297218,19.035060666746965,10.31259857606502
1.0,57.731059899988516,84.7919329754306,117.57335548423178,64.66602778067534,88.13922733348427,111.96884857610313
