time,s1,s2,s3,s4,s5,s6
0.0,14.968249600113666,19.707976641378096,14.810293778575828,13.93041335401961,28.284130057678393,17.041633293821192
1.0,51.52033293347952,88.81214330811945,116.4665437786211,50.48249668739773,97.38829672441571,118.6978832938593
