time,s1,s2,s3,s4,s5,s6
0.0,18.072642621081574,16.671802262131074,12.312496203565598,23.61522160802066,23.419463463594568,11.17311765441838
1.0,54.62472595444743,85.77596892887242,113.96874620361088,60.16730494139878,92.52363013033188,112.82936765445649
