time,s1,s2,s3,s4,s5,s6
0.0,20.21570907740969,20.019092561841937,26.489608099065933,20.19336349971059,20.620908943925365,15.010823105652287
1.0,56.76779241077555,89.12325922858328,128.1458580991112,56.74544683308871,89.72507561066269,116.6670731056904
