time,s1,s2,s3,s4,s5,s6
0.0,12.184605915647806,27.362421044890308,11.950120703609805,15.048313066123603,12.804106551821217,29.054082873340214
1.0,48.736689249013665,96.46658771163166,113.60637070365507,51.60039639950172,81.90827321855853,130.71033287337832
