time,s1,s2,s3,s4,s5,s6
0.0,12.610958675306518,20.325636589554378,15.827475321152239,27.981465748601035,17.237480139710808,10.578569185305433
1.0,49.16304200867238,89.42980325629573,117.48372532119751,64.53354908197915,86.34164680644813,112.23481918534355
