time,s1,s2,s3,s4,s5,s6
0.0,21.120003311631827,21.69516675939619,28.647164097770155,24.76166368206992,26.001551449960367,20.180875122922124
1.0,57.672086644997684,90.79933342613754,130.30341409781542,61.31374701544804,95.10571811669769,121.83712512296024
