time,s1,s2,s3,s4,s5,s6
0.0,14.204239654134188,11.741935929091484,29.46455366896149,27.950217461042783,24.42730874311383,23.779393246656277
1.0,50.75632298750004,80.84610259583283,131.12080366900676,64.5023007944209,93.53147540985114,125.43564324669438
