time,s1,s2,s3,s4,s5,s6
0.0,25.71397046506904,12.2927644323191,12.106137476657864,27.918677693437207,25.105957236100878,29.223225576674665
1.0,62.266053798434896,81.39693109906045,113.76238747670314,64.47076102681532,94.21012390283819,130.87947557671276
