time,s1,s2,s3,s4,s5,s6
0.0,11.421329922363446,26.54800774198653,21.76436782778093,24.118453412682772,11.357361002681657,24.871054090897445
1.0,47.973413255729305,95.65217440872789,123.4206178278262,60.67053674606089,80.46152766941897,126.52730409093556
