time,s1,s2,s3,s4,s5,s6
0.0,24.554109948271723,19.65430900522056,10.620818062923918,11.951908704207149,24.618994054844286,15.854070696952407
1.0,61.10619328163758,88.75847567196192,112.27706806296919,48.50399203758526,93.7231607215816,117.51032069699052
