time,s1,s2,s3,s4,s5,s6
0.0,22.945902235668544,12.734141035816416,19.875997860468882,22.204820221316776,28.708003636136585,17.820393039925648
1.0,59.4979855690344,81.83830770255777,121.53224786051416,58.756903554694894,97.8121703028739,119.47664303996376
