time,s1,s2,s3,s4,s5,s6
0.0,11.870103003314444,21.42620501300705,21.625785158105046,13.662483661919342,16.311565909909863,10.894267382450366
1.0,48.4221863366803,90.5303716797484,123.28203515815032,50.21456699529746,85.41573257664717,112.55051738248848
