time,s1,s2,s3,s4,s5,s6
0.0,21.780300129630312,28.732418913997737,20.956755530064896,18.50547842160057,11.627911812158985,14.157898616205099
1.0,58.33238346299617,97.83658558073908,122.61300553011017,55.05756175497869,80.7320784788963,115.81414861624322
