time,s1,s2,s3,s4,s5,s6
0.0,12.24083629904089,28.938027968912763,16.250114601946954,21.96685512486065,10.851723785828726,23.067250959104108
1.0,48.79291963240675,98.04219463565411,117.90636460199222,58.518938458238765,79.95589045256604,124.72350095914221
