time,s1,s2,s3,s4,s5,s6
0.0,23.24781722109631,15.862593315131537,17.432353669510608,28.258928707283932,11.159107301622024,14.984473689264036
1.0,59.79990055446217,84.96675998187288,119.08860366955588,64.81101204066205,80.26327396835934,116.64072368930215
