time,s1,s2,s3,s4,s5,s6
0.0,19.761908712357965,29.25565464577979,24.27492237214676,22.38689811075805,28.962653707249977,28.940581731950733
1.0,56.31399204572382,98.35982131252113,125.93117237219204,58.93898144413617,98.0668203739873,130.59683173198886
