time,s1,s2,s3,s4,s5,s6
0.0,29.167231206447525,14.497666816745262,10.610552546523317,23.74775629140828,23.230925757312168,17.73430008270317
1.0,65.71931453981338,83.60183348348662,112.2668025465686,60.2998396247864,92.33509242404948,119.39055008274129
