time,s1,s2,s3,s4,s5,s6
0.0,10.645196955916226,29.56433328648201,28.697984649255947,28.688108137685756,27.50427295059155,16.856877811798476
1.0,47.197280289282084,98.66849995322336,130.35423464930122,65.24019147106387,96.60843961732886,118.51312781183658
