time,s1,s2,s3,s4,s5,s6
0.0,16.656652751054878,29.79253746016327,26.218876665173074,24.46568700433983,22.458304023085095,27.341347246033738
1.0,53.208736084420735,98.89670412690462,127.87512666521835,61.01777033771795,91.5624706898224,128.99759724607185
