time,s1,s2,s3,s4,s5,s6
0.0,22.714991921444593,19.121057027241175,10.993583765588982,26.63600342996562,11.313022414860036,27.02427629866229
1.0,59.26707525481045,88.22522369398253,112.64983376563426,63.18808676334373,80.41718908159734,128.6805262987004
