time,s1,s2,s3,s4,s5,s6
0.0,22.904248501064544,11.748076387883383,22.257214321435654,24.98052949861414,18.3248183422195,14.840195595338582
1.0,59.45633183443003,80.8522430546241,123.91346432148087,61.53261283199282,87.42898500895717,116.49644559537619
