time,s1,s2,s3,s4,s5,s6
0.0,24.07560543828548,13.908947278474045,18.36414731153355,15.468915319312163,29.03917719318408,17.127109753332636
1.0,60.627688771651336,83.0131139452154,120.02039731157883,52.02099865269028,98.1433438599214,118.78335975337075
