time,s1,s2,s3,s4,s5,s6
0.0,20.36996423488062,14.459444764991968,16.829614879335512,24.351612436876355,16.343936308324007,14.674082058411656
1.0,56.92204756824648,83.56361143173332,118.48586487938078,60.90369577025447,85.44810297506132,116.33033205844977
