time,s1,s2,s3,s4,s5,s6
0.0,27.12338771274397,17.880495138780592,10.551565806987632,22.822881609382534,21.623640405543398,22.995873288335677
1.0,63.67547104610983,86.98466180552194,112.20781580703292,59.374964942760656,90.72780707228071,124.65212328837379
