time,s1,s2,s3,s4,s5,s6
0.0,25.86800039497454,11.122777344560088,18.642471386075123,16.16231292869535,16.234999170431106,19.7456503612771
1.0,62.4200837283404,80.22694401130144,120.29872138612039,52.71439626207347,85.33916583716842,121.40190036131521
