time,s1,s2,s3,s4,s5,s6
0.0,27.166256250242796,28.544758848548767,20.590120357755985,10.882499584007235,23.536252161773234,17.21495552583963
1.0,63.71833958360865,97.64892551529012,122.24637035780125,47.434582917385356,92.64041882851055,118.87120552587774
