time,s1,s2,s3,s4,s5,s6
0.0,11.761715734687728,27.242314498553263,16.588999766249785,18.67779759775607,12.744784402070518,11.025985474980388
1.0,48.313799068053584,96.34648116529462,118.24524976629506,55.22988093113418,81.84895106880784,112.6822354750185
