time,s1,s2,s3,s4,s5,s6
0.0,16.045259781489356,29.705465264984138,22.47872812767973,22.50966451443432,26.640423082779144,18.219862722505347
1.0,52.59734311485298,98.80963193172458,124.13497812772489,59.0617478478119,95.74458974951497,119.8761127225405
