time,s1,s2,s3,s4,s5,s6
0.0,15.181828853327186,23.87681894183709,20.25209450684345,15.413200360984543,15.224258038812298,29.980567669415077
1.0,51.73391218669305,92.98098560857844,121.90834450688872,51.96528369436266,84.32842470554961,131.6368176694532
