time,s1,s2,s3,s4,s5,s6
0.0,11.053570004485024,22.64947329846858,27.6693117243776,14.553061557454736,13.407974205909914,22.492630614985877
1.0,47.60565333785088,91.75363996520993,129.32556172442287,51.105144890832854,82.51214087264722,124.14888061502398
