time,s1,s2,s3,s4,s5,s6
0.0,28.109617185010684,26.38823372553222,21.214386001515972,12.557385849760141,14.266018321897064,25.11368420907102
1.0,64.66170051837653,95.49240039227357,122.87063600156125,49.10946918313826,83.37018498863438,126.76993420910914
