time,s1,s2,s3,s4,s5,s6
0.0,27.426646016559996,14.44957590546931,21.654756857133833,27.93731090505638,27.571251344250292,20.51991326449594
1.0,63.97872934992586,83.55374257221067,123.31100685717911,64.4893942384345,96.67541801098761,122.17616326453405
