time,s1,s2,s3,s4,s5,s6
0.0,15.796846897978607,20.096252242111348,25.312654130959324,18.1018366063056,11.136155744635142,23.379631407646265
1.0,52.34893023134447,89.2004189088527,126.96890413100459,54.65391993968372,80.24032241137246,125.03588140768437
