time,s1,s2,s3,s4,s5,s6
0.0,13.073518171013456,13.621326959307812,28.66337195274163,20.577518727328737,14.458379552168978,17.40520138396881
1.0,49.62560150437708,82.72549362604825,130.3196219527868,57.12960206070632,83.56254621890481,119.06145138400395
