time,s1,s2,s3,s4,s5,s6
0.0,17.031153624238097,11.376508048658208,18.58728556657321,26.073633679267925,13.504907764540928,13.472917685101208
1.0,53.58323695760396,80.48067471539956,120.24353556661849,62.62571701264604,82.60907443127824,115.12916768513932
