time,s1,s2,s3,s4,s5,s6
0.0,25.168259970871336,24.22393568692197,14.127203202381857,16.36173624536558,19.040479434210816,13.867223909582847
1.0,61.72034330423361,93.32810235365801,115.7834532024203,52.91381957874099,88.14464610094225,115.52347390961303
