time,s1,s2,s3,s4,s5,s6
0.0,16.310645067604366,27.936466146908415,18.112654848441245,24.303893434989458,21.952633099623096,16.37950938197578
1.0,52.86272840097023,97.04063281364976,119.76890484848653,60.855976768367576,91.05679976636041,118.0357593820139
