time,s1,s2,s3,s4,s5,s6
0.0,28.429395341907785,15.2389311360278,22.14784236712518,16.812234339065327,14.256979600660957,15.637318665639697
1.0,64.98147867527365,84.34309780276915,123.80409236717045,53.36431767244345,83.36114626739827,117.29356866567781
