time,s1,s2,s3,s4,s5,s6
0.0,26.20715279848405,14.707660926693432,22.71118678038208,15.77848037172286,24.601862812049674,16.943197705473718
1.0,62.7592361318499,83.81182759343478,124.36743678042735,52.33056370510098,93.70602947878699,118.59944770551184
