time,s1,s2,s3,s4,s5,s6
0.0,24.059017325336136,25.74634772280276,16.82796461934529,15.451032443530671,19.05270059794394,14.984886488467088
1.0,60.61110065870199,94.85051438954412,118.48421461939057,52.003115776908786,88.15686726468125,116.6411364885052
