time,s1,s2,s3,s4,s5,s6
0.0,22.545501101361292,25.932762345020038,13.668342628601408,29.879514390867453,19.118466746353782,26.28424622953397
1.0,59.09758443472715,95.03692901176139,115.32459262864668,66.43159772424556,88.2226334130911,127.94049622957209
