time,s1,s2,s3,s4,s5,s6
0.0,12.630298015269636,22.713685288924196,25.992007707534185,23.021773185073496,14.317825914410218,26.331665399247928
1.0,49.182381348635495,91.81785195566555,127.64825770757946,59.57385651845161,83.42199258114753,127.98791539928604
