time,s1,s2,s3,s4,s5,s6
0.0,24.904098704897237,19.559872895605942,21.833974953228378,16.719917181610548,14.478477105662769,27.634516492011556
1.0,61.456182038263094,88.66403956234728,123.49022495327365,53.27200051498867,83.58264377240008,129.29076649204967
