time,s1,s2,s3,s4,s5,s6
0.0,19.76239462154579,27.748413946773915,21.033265692650694,15.373465658048586,27.1935475177928,28.881949470204315
1.0,56.31447795491165,96.85258061351527,122.68951569269598,51.9255489914267,96.29771418453012,130.53819947024243
