time,s1,s2,s3,s4,s5,s6
0.0,12.49922497934957,18.428050432595498,22.866578670145863,28.53781518712415,27.74135734512044,16.6088197119449
1.0,49.051308312711846,87.53221709933153,124.52282867018432,65.08989852049956,96.84552401185186,118.26506971197509
