time,s1,s2,s3,s4,s5,s6
0.0,16.627295523516985,25.550041103777108,12.189820280126673,29.919140256771158,20.925090113310283,19.353121365233182
1.0,53.17937885688284,94.65420777051845,113.84607028017194,66.47122359014928,90.0292567800476,121.00937136527129
