time,s1,s2,s3,s4,s5,s6
0.0,11.150560340305052,16.144022570629325,12.32505971567964,12.000705328830522,12.393102583977074,20.981837008678923
1.0,47.702643673670906,85.24818923737068,113.98130971572492,48.55278866220864,81.49726925071438,122.63808700871704
