time,s1,s2,s3,s4,s5,s6
0.0,11.136369727901322,26.568735903296503,29.49825890078033,18.86467030928279,20.618115030031664,20.98741902752746
1.0,47.68845306126718,95.67290257003785,131.1545089008256,55.41675364266091,89.72228169676897,122.64366902756558
