time,s1,s2,s3,s4,s5,s6
0.0,13.194185206448912,18.930446612402157,28.27485180175744,23.66278304736815,13.637760581751223,20.181826552568463
1.0,49.74626853981477,88.03461327914351,129.93110180180273,60.21486638074627,82.74192724848854,121.83807655260658
