time,s1,s2,s3,s4,s5,s6
0.0,18.46048633523893,19.99696139523163,18.12591769585734,20.774694146497538,12.376206307999054,19.27955912862574
1.0,55.01256966860478,89.10112806197299,119.78216769590261,57.32677747987565,81.48037297473637,120.93580912866385
