time,s1,s2,s3,s4,s5,s6
0.0,13.5494797644034,15.41742094781107,27.7575525690678,29.72088945123655,23.44836777122496,20.772165536500538
1.0,50.10156309776926,84.52158761455242,129.41380256911307,66.27297278461467,92.55253443796228,122.42841553653865
