time,s1,s2,s3,s4,s5,s6
0.0,21.298645935322856,11.27682790427537,27.36273070302932,26.603296150047118,21.416737921550784,25.19535607467278
1.0,57.85072926868871,80.38099457101671,129.0189807030746,63.155379483425236,90.52090458828809,126.85160607471089
