time,s1,s2,s3,s4,s5,s6
0.0,18.44156345277423,19.970042889109276,19.643728573909428,22.16434116498902,27.99308029367674,26.257579284259645
1.0,54.99364678614009,89.07420955585063,121.2999785739547,58.71642449836713,97.09724696041405,127.91382928429776
