time,s1,s2,s3,s4,s5,s6
0.0,26.073471703487584,22.24691462761049,27.05060286867883,29.895584576536937,25.224695997713837,21.634604895132476
1.0,62.62555503685344,91.35108129435184,128.7068528687241,66.44766790991505,94.32886266445115,123.29085489517058
