time,s1,s2,s3,s4,s5,s6
0.0,21.63068110863129,16.188060173166757,26.699357402523944,14.8415379348849,14.601337120625617,11.070463332227323
1.0,58.18276444199715,85.29222683990811,128.3556074025692,51.39362126826302,83.70550378736293,112.72671333226543
