time,s1,s2,s3,s4,s5,s6
0.0,10.72095332505677,27.63356621548053,10.903416026188994,28.825772461829885,13.912991050659008,17.478543088775638
1.0,47.273036658422626,96.73773288222188,112.55966602623427,65.377855795208,83.01715771739632,119.13479308881375
