time,s1,s2,s3,s4,s5,s6
0.0,19.95010257652767,20.927410734697347,14.889121205630026,20.758115488840126,21.145476065319407,12.496879056130108
1.0,56.50218590989353,90.0315774014387,116.54537120567531,57.31019882221824,90.24964273205673,114.15312905616823
