time,s1,s2,s3,s4,s5,s6
0.0,28.93824036069332,12.7011197089616,11.722519189383627,16.893369807838663,28.199602933558886,16.485263494435163
1.0,65.49032369405919,81.80528637570295,113.37876918942891,53.44545314121678,97.30376960029619,118.14151349447327
