time,s1,s2,s3,s4,s5,s6
0.0,21.675551771613915,13.670700811726626,22.000183935957885,11.426751993731049,17.31878232693572,20.145444482140924
1.0,58.22763510497977,82.77486747846797,123.65643393600317,47.97883532710917,86.42294899367303,121.80169448217904
