time,s1,s2,s3,s4,s5,s6
0.0,20.93122544461636,19.019590633151022,24.059709108118767,24.83179200534095,11.996223494995329,12.963454499894167
1.0,57.48330877798222,88.12375729989238,125.71595910816404,61.383875338719065,81.10039016173265,114.61970449993228
