time,s1,s2,s3,s4,s5,s6
0.0,16.758578575251228,10.795437869016064,22.96242040250977,27.013522652531837,18.460922134922683,19.61609286663677
1.0,53.310661908617085,79.89960453575742,124.61867040255504,63.565605985909954,87.56508880166,121.27234286667489
