time,s1,s2,s3,s4,s5,s6
0.0,22.750383383228904,22.17424428775724,13.858761645647423,14.235196045361983,10.42050437842456,22.999895834514135
1.0,59.302466716594765,91.27841095449858,115.5150116456927,50.7872793787401,79.52467104516188,124.65614583455225
