time,s1,s2,s3,s4,s5,s6
0.0,27.169018381373814,16.540934389045844,29.4212202597925,11.731193250902678,24.980021494240958,17.02473614405132
1.0,63.721101714739675,85.6451010557872,131.07747025983778,48.2832765842808,94.08418816097827,118.68098614408943
