time,s1,s2,s3,s4,s5,s6
0.0,22.340081777856128,27.835665625035656,26.396007850495536,15.025562591046734,12.889440731866266,22.23154226075916
1.0,58.892165111221985,96.93983229177701,128.0522578505408,51.57764592442485,81.99360739860359,123.88779226079727
