time,s1,s2,s3,s4,s5,s6
0.0,26.289624080531166,22.46012371355764,12.972553912796812,21.764653236330872,11.324000647726177,10.356162147103001
1.0,62.841707413897026,91.56429038029898,114.62880391284209,58.31673656970899,80.4281673144635,112.01241214714112
