time,s1,s2,s3,s4,s5,s6
0.0,23.36549241003086,10.069206335832856,24.524687763284806,22.022949373260925,26.77778536295291,10.30108477246644
1.0,59.91757574339672,79.17337300257421,126.18093776333008,58.57503270663904,95.88195202969023,111.95733477250455
