time,s1,s2,s3,s4,s5,s6
0.0,22.74739178088747,26.397270776961516,15.722930959120088,23.207374043000968,29.355758944398282,16.349096447441852
1.0,59.299475114253326,95.50143744370287,117.37918095916537,59.75945737637909,98.45992561113559,118.00534644747997
