time,s1,s2,s3,s4,s5,s6
0.0,10.32183118050505,25.702681968659157,28.42854926027928,24.493387622845162,20.56181535665474,26.313373972440502
1.0,46.87391451387091,94.80684863540051,130.08479926032456,61.04547095622328,89.66598202339206,127.96962397247862
