time,s1,s2,s3,s4,s5,s6
0.0,22.075749451759037,22.093634591959834,21.077937207203746,12.829342439603963,18.7949424404471,18.88317693401839
1.0,58.627832785124895,91.19780125870119,122.73418720724902,49.381425772982084,87.89910910718442,120.53942693405651
