time,s1,s2,s3,s4,s5,s6
0.0,14.059601149846632,19.459971254831608,26.0018065865574,29.563758000084288,10.578571115993183,26.31323509964747
1.0,50.611684483212485,88.56413792157295,127.65805658660267,66.11584133346241,79.6827377827305,127.96948509968558
