time,s1,s2,s3,s4,s5,s6
0.0,29.19332044928001,26.36110159638243,19.476881343280354,10.311898191481687,16.952257906941362,27.438288523707264
1.0,65.74540378264587,95.46526826312378,121.13313134332563,46.8639815248598,86.05642457367867,129.09453852374537
