time,s1,s2,s3,s4,s5,s6
0.0,21.861907597074723,17.300965959451258,11.962011206867018,29.86365658429335,10.874240490712559,29.200619710411495
1.0,58.413990930440576,86.40513262619261,113.6182612069123,66.41573991767146,79.97840715744988,130.85686971044962
