time,s1,s2,s3,s4,s5,s6
0.0,25.057975574745743,27.85710364584404,26.8948737876915,18.43983649028712,15.104091334765862,18.483169928556404
1.0,61.6100589081116,96.96127031258538,128.55112378773677,54.991919823665235,84.20825800150317,120.13941992859452
