time,s1,s2,s3,s4,s5,s6
0.0,12.815948749990056,27.216574880793495,13.11727355936749,11.924934705784896,25.665762001114416,10.447977725416251
1.0,49.368032083355914,96.32074154753485,114.77352355941277,48.47701803916301,94.76992866785173,112.10422772545436
