time,s1,s2,s3,s4,s5,s6
0.0,27.63286024358884,14.426693938913166,16.359628489571847,25.6683447171199,12.564052828206634,12.934874669440275
1.0,64.18494357695432,83.53086060565387,118.01587848961707,62.22042805049858,81.6682194949443,114.59112466947788
