time,s1,s2,s3,s4,s5,s6
0.0,10.49056554791558,26.038704174545618,15.058346189862238,20.609860046893967,10.339120295838066,19.16510415558622
1.0,47.04264888128144,95.14287084128696,116.71459618990751,57.161943380272085,79.44328696257539,120.82135415562433
