time,s1,s2,s3,s4,s5,s6
0.0,10.358449169849385,14.762288691407665,17.728516262429288,10.979973365592976,21.225802103718223,24.974811296835398
1.0,46.910532503215244,83.86645535814901,119.38476626247456,47.53205669897109,90.32996877045554,126.63106129687351
