time,s1,s2,s3,s4,s5,s6
0.0,11.438848685602672,21.64430755018011,17.80511512582533,10.53789192950623,11.070440008133309,25.570693469009854
1.0,47.99093201896853,90.74847421692147,119.4613651258706,47.08997526288435,80.17460667487062,127.22694346904797
