time,s1,s2,s3,s4,s5,s6
0.0,18.197769765402782,23.301495349566714,12.201825983086215,29.63561700406273,20.77961824079481,20.576870001108823
1.0,54.74985309876864,92.40566201630806,113.85807598313149,66.18770033744084,89.88378490753213,122.23312000114694
