time,s1,s2,s3,s4,s5,s6
0.0,11.014576142925268,12.576559408433887,24.69295916801822,20.220048298204127,28.00117796796555,24.557639085533282
1.0,47.56665947629112,81.68072607517524,126.3492091680635,56.77213163158224,97.10534463470286,126.2138890855714
