time,s1,s2,s3,s4,s5,s6
0.0,28.63938975360357,17.611737592785346,12.130898028801413,12.9812620193548,19.718898698326065,15.145159369665905
1.0,65.19147308696942,86.7159042595267,113.78714802884669,49.533345352732916,88.82306536506337,116.80140936970402
