time,s1,s2,s3,s4,s5,s6
0.0,17.354201671114346,24.015199897475654,19.140023847854607,18.470314403935312,25.9473149032889,18.756855869951373
1.0,53.9062850044802,93.119366564217,120.79627384789988,55.02239773731343,95.05148157002621,120.4131058699895
