time,s1,s2,s3,s4,s5,s6
0.0,23.345686246847237,15.757635154771672,15.299790679353627,16.137926738958473,25.040986744065524,14.058094592163705
1.0,59.897769580213094,84.86180182151303,116.9560406793989,52.69001007233659,94.14515341080283,115.71434459220183
