time,s1,s2,s3,s4,s5,s6
0.0,12.235735322082972,10.10003047978235,14.909830036614544,18.029769524325346,25.74757438923796,26.170445577205758
1.0,48.78781865544883,79.2041971465237,116.56608003665983,54.58185285770347,94.85174105597528,127.82669557724387
