time,s1,s2,s3,s4,s5,s6
0.0,10.930060325785703,12.198293950460542,12.726525042778295,14.160548658702247,22.509661987045746,11.086499547831973
1.0,47.48214365915156,81.30246061720189,114.38277504282357,50.71263199208036,91.61382865378306,112.74274954787009
