time,s1,s2,s3,s4,s5,s6
0.0,11.453363635249985,11.45045990438449,24.97617260711531,13.101617201498476,17.190578189591747,28.42652169170492
1.0,48.00544696861584,80.55462657112584,126.63242260716058,49.65370053487659,86.29474485632906,130.08277169174303
