time,s1,s2,s3,s4,s5,s6
0.0,10.748939914353208,18.990062502333522,24.4965808383939,13.729494733536864,15.606364942816548,19.44441590955367
1.0,47.301023247719066,88.09422916907488,126.15283083843917,50.28157806691498,84.71053160955387,121.10066590959178
