time,s1,s2,s3,s4,s5,s6
0.0,21.224705958658507,24.382090009117146,18.414856518829225,28.381764510862578,11.78349560594776,21.063435434747653
1.0,57.77678929202436,93.4862566758585,120.0711065188745,64.93384784424069,80.88766227268508,122.71968543478577
