time,s1,s2,s3,s4,s5,s6
0.0,19.224947262890556,29.58814024320157,19.79415865474806,17.62286583773614,11.35817886880086,17.176611455514493
1.0,55.77703059625641,98.69230690994291,121.45040865479334,54.17494917111426,80.46234553553818,118.8328614555526
