time,s1,s2,s3,s4,s5,s6
0.0,21.17059599840764,11.769093648346178,14.906623585637593,20.81725172981951,16.41423001249446,16.560535865714826
1.0,57.7226793317735,80.87326031508752,116.56287358568287,57.369335063197624,85.51839667923177,118.21678586575294
