time,s1,s2,s3,s4,s5,s6
0.0,11.041418694691432,10.86490401961839,14.96302312039866,15.14022157992968,14.981757102632923,15.385940609441029
1.0,47.59350202805729,79.96907068635974,116.61927312044394,51.692304913307794,84.08592376937024,117.04219060947915
