time,s1,s2,s3,s4,s5,s6
0.0,15.736009386844279,27.976680849683298,10.201567355968901,27.168419721155036,22.02672033064961,21.56831897958229
1.0,52.28809272021014,97.08084751642465,111.85781735601418,63.720503054533154,91.13088699738692,123.2245689796204
