time,s1,s2,s3,s4,s5,s6
0.0,16.56905259247115,22.32583985027386,13.311807573762302,14.214969060517333,24.7632367902349,14.438527513947143
1.0,53.12113592583701,91.4300065170152,114.96805757380758,50.767052393895455,93.86740345697221,116.09477751398526
