time,s1,s2,s3,s4,s5,s6
0.0,28.247633962238588,28.531865780775465,23.717524264388434,11.036974318626111,15.226184704470057,28.221345362935576
1.0,64.79971729560444,97.63603244751681,125.3737742644337,47.58905765200423,84.33035137120737,129.8775953629737
