time,s1,s2,s3,s4,s5,s6
0.0,29.525321405314347,29.264913652555393,17.9794083090923,29.30058590952711,24.88976657151302,15.52731633893396
1.0,66.0774047386802,98.36908031929674,119.63565830913758,65.85266924290522,93.99393323825034,117.18356633897207
