time,s1,s2,s3,s4,s5,s6
0.0,14.233345498306635,19.04796328359477,11.86411113427168,17.74890268489733,22.86198936140951,10.216197097801889
1.0,50.78542883167249,88.15212995033612,113.52036113431696,54.30098601827545,91.96615602814683,111.87244709784
