time,s1,s2,s3,s4,s5,s6
0.0,19.72589551452984,15.960757387354663,24.794815935910677,13.271886835545748,17.254442044648236,16.30001846969618
1.0,56.277978847895696,85.06492405409601,126.45106593595595,49.823970168923864,86.35860871138556,117.9562684697343
