time,s1,s2,s3,s4,s5,s6
0.0,16.711449228562916,12.995233688172709,13.66275359524967,28.596376056909687,29.380908961148965,16.510129154287977
1.0,53.26353256192877,82.09940035491405,115.31900359529494,65.1484593902878,98.48507562788627,118.1663791543261
