time,s1,s2,s3,s4,s5,s6
0.0,17.350121421273954,20.36848750024839,16.861772240862116,18.67788392510107,14.642929523293313,14.489828767183672
1.0,53.90220475463981,89.47265416698974,118.51802224090738,55.22996725847919,83.74709619003063,116.14607876722178
