time,s1,s2,s3,s4,s5,s6
0.0,28.41384836088739,29.58897077571817,15.127866894422544,17.979106814634576,21.522961353575518,20.621024828934125
1.0,64.96593169424966,98.6931374424542,116.784116894461,54.53119014800998,90.62712802030694,122.27727482896431
