time,s1,s2,s3,s4,s5,s6
0.0,13.764449182201144,22.862641387784368,12.359289384050854,21.18010243925805,12.898039127207984,29.46528462718201
1.0,50.316532515567005,91.96680805452571,114.01553938409613,57.73218577263617,82.0022057939453,131.12153462722011
