time,s1,s2,s3,s4,s5,s6
0.0,20.75823954761159,17.412982453198396,24.306249219564858,15.67987395032673,13.935423639834827,26.137623056620775
1.0,57.31032288097745,86.51714911993975,125.96249921961014,52.231957283704844,83.03959030657214,127.7938730566589
