time,s1,s2,s3,s4,s5,s6
0.0,10.177395255891676,21.63613454296069,23.757594419738123,15.106752253945473,13.705104754514895,24.808231167260708
1.0,46.7294785892553,90.74030120970113,125.41384441978329,51.65883558732306,82.80927142125073,126.46448116729584
