time,s1,s2,s3,s4,s5,s6
0.0,15.112071124062085,12.724518529716022,18.250882682739366,17.945607642549497,24.091785148374335,18.73913074814338
1.0,51.66415445742794,81.82868519645737,119.90713268278463,54.49769097592761,93.19595181511164,120.3953807481815
