time,s1,s2,s3,s4,s5,s6
0.0,12.298478727894253,11.155104850656524,27.40674137495763,15.539528073454086,24.34740481546274,13.383307760054608
1.0,48.850562061260106,80.25927151739788,129.0629913750029,52.0916114068322,93.45157148220005,115.03955776009272
