time,s1,s2,s3,s4,s5,s6
0.0,23.451148106205622,14.259655769511898,22.51411046839597,27.54167564664012,10.6204201574554,10.713729813760411
1.0,60.00323143957148,83.36382243625324,124.17036046844125,64.09375898001824,79.72458682419271,112.36997981379852
