time,s1,s2,s3,s4,s5,s6
0.0,29.52293222093055,10.802738067578188,15.588347790782235,24.860989163954283,13.405769097336368,11.497039067885538
1.0,66.07501555429641,79.90690473431954,117.24459779082751,61.4130724973324,82.50993576407369,113.15328906792365
