time,s1,s2,s3,s4,s5,s6
0.0,17.052294136120413,17.450693919511053,11.488083665699751,11.849883721157113,11.092918249086976,14.66084569384802
1.0,53.604377469486266,86.5548605862524,113.14433366574502,48.401967054535234,80.19708491582429,116.31709569388613
