time,s1,s2,s3,s4,s5,s6
0.0,19.497117923247437,15.102143850446605,29.671134411415945,23.50226297487921,27.733874004006157,17.142924349194097
1.0,56.049201256613294,84.20631051718796,131.32738441146122,60.05434630825732,96.83804067074347,118.7991743492322
