time,s1,s2,s3,s4,s5,s6
0.0,12.705424670041838,25.767360793786892,29.28012882248072,10.486355241518217,26.2241473512843,18.633120279661973
1.0,49.25750800340769,94.87152746052824,130.936378822526,47.03843857489633,95.32831401802162,120.28937027970008
