time,s1,s2,s3,s4,s5,s6
0.0,21.447009005646933,23.179294830367795,20.712763273756266,19.993949874709102,12.314757154114558,22.502259153120463
1.0,57.99909233901279,92.28346149710914,122.36901327380154,56.54603320808722,81.41892382085187,124.15850915315858
