time,s1,s2,s3,s4,s5,s6
0.0,23.344332524815222,28.431551709961415,20.18938234591423,10.670124539313822,22.29310457194897,16.066774201967235
1.0,59.89641585818108,97.53571837670276,121.8456323459595,47.22220787269194,91.39727123868629,117.72302420200535
