time,s1,s2,s3,s4,s5,s6
0.0,21.49158728217981,18.541248052583075,26.996821369272975,13.783132264655531,23.184647460307296,15.590892973996146
1.0,58.043670615545665,87.64541471932442,128.65307136931824,50.33521559803365,92.2888141270446,117.24714297403426
