time,s1,s2,s3,s4,s5,s6
0.0,20.60133110040687,20.511616997361422,28.82201469050592,27.75021790347406,22.151903406522834,23.4423972559711
1.0,57.15341443376914,89.61578366409746,130.47826469054436,64.30230123684947,91.25607007325426,125.09864725600129
