time,s1,s2,s3,s4,s5,s6
0.0,14.041000106485997,17.54865228760869,12.414015154641536,27.158472592248472,23.11061072156607,26.125505411504477
1.0,50.59308343985185,86.65281895435004,114.07026515468681,63.71055592562659,92.21477738830338,127.78175541154259
