time,s1,s2,s3,s4,s5,s6
0.0,27.529142031134977,24.70812957008673,10.610794660031555,25.13112959256059,22.649721473676458,26.530258111470932
1.0,64.08122536450084,93.81229623682808,112.26704466007683,61.683212925938705,91.75388814041376,128.18650811150906
