time,s1,s2,s3,s4,s5,s6
0.0,21.141120987389343,28.281166244896724,22.76271579742584,18.728441750398403,25.001453541747384,14.632060177221952
1.0,57.6932043207552,97.38533291163807,124.41896579747112,55.280525083776524,94.1056202084847,116.28831017726007
