time,s1,s2,s3,s4,s5,s6
0.0,19.541988600580098,14.774320287925338,16.854737738884264,10.665425959287965,25.906854667374283,20.04642555681762
1.0,56.094071933945955,83.87848695466668,118.51098773892954,47.21750929266608,95.01102133411159,121.70267555685574
