time,s1,s2,s3,s4,s5,s6
0.0,24.139169647033036,23.246224182543127,19.799568281324778,15.0545534729063,17.488657306429708,19.136595959686467
1.0,60.69125298039889,92.35039084928448,121.45581828137006,51.60663680628441,86.59282397316701,120.79284595972459
