time,s1,s2,s3,s4,s5,s6
0.0,26.907477172790184,11.679456056830514,15.83262658767838,20.648424458338276,10.800514099540226,15.83535540712777
1.0,63.45956050615604,80.78362272357187,117.48887658772365,57.20050779171639,79.90468076627754,117.49160540716588
