time,s1,s2,s3,s4,s5,s6
0.0,18.163272383769048,12.579946650223894,24.590744879699763,20.45962987611551,21.86450973512015,21.213292506144057
1.0,54.715355717134905,81.68411331696524,126.24699487974505,57.01171320949363,90.96867640185746,122.86954250618217
