time,s1,s2,s3,s4,s5,s6
0.0,26.859528278543543,18.593990769220376,18.51923768572927,12.039025590745785,28.975975236037733,12.28883712948744
1.0,63.4116116119094,87.69815743596172,120.17548768577454,48.5911089241239,98.08014190277504,113.94508712952555
