time,s1,s2,s3,s4,s5,s6
0.0,12.181468747033096,10.205484956131517,19.137980420053644,13.51837066595087,14.190846435359045,12.183725943398995
1.0,48.73355208039895,79.30965162287286,120.79423042009893,50.07045399932899,83.29501310209636,113.83997594343711
