time,s1,s2,s3,s4,s5,s6
0.0,13.675562020596388,23.661566083030493,10.893491862787346,14.600084041405793,25.609842763448434,12.583026397939337
1.0,50.227645353962245,92.76573274977184,112.54974186283262,51.152167374783915,94.71400943018575,114.23927639797745
