time,s1,s2,s3,s4,s5,s6
0.0,10.629233253851565,21.131983040553905,29.665794556097666,26.650458827885295,17.349206024248137,19.026741218454838
1.0,47.181316587217424,90.23614970729525,131.32204455614294,63.20254216126341,86.45337269098545,120.68299121849296
