time,s1,s2,s3,s4,s5,s6
0.0,20.32869504787978,19.88431996851496,11.910669042763484,12.372168610853699,17.81238934231556,19.8090326095029
1.0,56.880778381245634,88.98848663525631,113.56691904280876,48.92425194423181,86.91655600905287,121.46528260954102
