time,s1,s2,s3,s4,s5,s6
0.0,20.451710477148637,20.735057879568124,11.111525503027357,16.598100583889703,28.72338115350647,11.432830170169272
1.0,57.003793810514495,89.83922454630948,112.76777550307263,53.15018391726782,97.82754782024378,113.08908017020738
