time,s1,s2,s3,s4,s5,s6
0.0,11.36362200211024,14.28395443922913,18.817097273243903,22.513904854729226,21.83225067936768,27.396663107578348
1.0,47.9157053354761,83.38812110597048,120.47334727328918,59.06598818810734,90.93641734610499,129.05291310761646
