time,s1,s2,s3,s4,s5,s6
0.0,10.376042225112379,15.628926778096199,19.664518221363558,22.178969736938928,29.210943601156078,23.0826888967202
1.0,46.928125558477866,84.73309344483691,121.32076822140877,58.73105307031761,98.31511026789374,124.7389388967578
