time,s1,s2,s3,s4,s5,s6
0.0,17.264468016930863,15.674267347464141,21.345375144194236,10.545532900761103,17.914794415230816,13.515767251395403
1.0,53.81655135029672,84.77843401420549,123.00162514423951,47.097616234139224,87.01896108196813,115.17201725143352
