time,s1,s2,s3,s4,s5,s6
0.0,13.186743007719066,20.457963708299815,28.731937306275313,12.894593268339035,20.399427197153486,13.386873174859135
1.0,49.73882634108492,89.56213037504116,130.3881873063206,49.44667660171715,89.5035938638908,115.04312317489725
