time,s1,s2,s3,s4,s5,s6
0.0,15.102358373065547,14.591856536308324,17.45186352294591,27.088943469676014,26.649419699566938,29.582913697501343
1.0,51.654441706431406,83.69602320304968,119.10811352299119,63.64102680305413,95.75358636630425,131.23916369753945
