time,s1,s2,s3,s4,s5,s6
0.0,20.56535610556284,28.982928583934743,24.22371545856343,29.18006002050271,16.802341164469972,14.821446519905523
1.0,57.1174394389287,98.0870952506761,125.87996545860871,65.73214335388083,85.90650783120728,116.47769651994363
