time,s1,s2,s3,s4,s5,s6
0.0,26.156492440764833,24.65574928152345,13.256315602634071,25.69478323610955,10.049048282130098,21.14605827238234
1.0,62.70857577413069,93.75991594826479,114.91256560267935,62.246866569487665,79.15321494886742,122.80230827242046
