time,s1,s2,s3,s4,s5,s6
0.0,23.39381309797781,10.7921971863794,28.213147953528054,24.59639258081843,11.484639131194754,25.141396902874256
1.0,59.94589643134367,79.89636385312075,129.86939795357333,61.14847591419655,80.58880579793207,126.79764690291236
