time,s1,s2,s3,s4,s5,s6
0.0,28.150697826998186,15.163917332912689,19.754506931876662,24.783934652330792,29.009082456591027,17.8326257876179
1.0,64.70278116036404,84.26808399965404,121.41075693192194,61.33601798570891,98.11324912332834,119.48887578765601
