time,s1,s2,s3,s4,s5,s6
0.0,14.177978428327652,23.521532004828867,12.950803569610216,17.357006044464754,12.600698587538393,14.869015853996878
1.0,50.730061761693506,92.62569867157022,114.60705356965549,53.90908937784287,81.7048652542757,116.525265854035
