time,s1,s2,s3,s4,s5,s6
0.0,10.939410238270185,29.94694457722298,25.70160696792369,21.512464045667464,16.233342237227383,29.12167571544178
1.0,47.49149357163604,99.05111124396433,127.35785696796897,58.06454737904558,85.3375089039647,130.77792571547988
