time,s1,s2,s3,s4,s5,s6
0.0,25.598213339705474,22.32568454736093,16.32774564349142,17.16956037734256,19.189228975341717,12.877915631098132
1.0,62.15029667307133,91.42985121410229,117.9839956435367,53.72164371072068,88.29339564207903,114.53416563113625
