time,s1,s2,s3,s4,s5,s6
0.0,15.800816783979725,10.800053753160473,17.680043152191722,23.67502173537769,28.25415693446021,26.769849294344795
1.0,52.352900117345584,79.90422041990182,119.33629315223699,60.227105068755804,97.35832360119753,128.4260992943829
