time,s1,s2,s3,s4,s5,s6
0.0,27.780831280482275,10.034694627919148,23.390028451078116,18.225574471321735,27.153763141573855,16.495999362611165
1.0,64.33291461384813,79.1388612946605,125.04627845112338,54.77765780469985,96.25792980831116,118.15224936264927
