time,s1,s2,s3,s4,s5,s6
0.0,24.357914581854036,22.696628603076686,28.812214434487437,23.138383233146016,24.619610139454636,10.702296584896407
1.0,60.90999791521989,91.80079526981804,130.4684644345327,59.69046656652414,93.72377680619195,112.35854658493452
