time,s1,s2,s3,s4,s5,s6
0.0,12.631978667753065,21.988973861260845,12.41113397987636,24.878580554070446,20.23000647493804,21.624170238216834
1.0,49.184062001118924,91.0931405280022,114.06738397992163,61.43066388744857,89.33417314167535,123.28042023825495
