time,s1,s2,s3,s4,s5,s6
0.0,17.87917716561825,19.29257780660386,27.72450157538875,18.14725119084275,12.327574270012056,18.430489412838067
1.0,54.43126049898052,88.3967444733399,129.3807515754272,54.69933452421816,81.43174093674348,120.08673941286825
