time,s1,s2,s3,s4,s5,s6
0.0,12.051544099135562,21.422542705853157,24.980688709059955,27.309520798815157,14.602942423272856,14.75943475776164
1.0,48.60362743250142,90.52670937259451,126.63693870910522,63.86160413219328,83.70710909001016,116.41568475779975
