time,s1,s2,s3,s4,s5,s6
0.0,15.654957925803345,16.51064592942936,17.559712822095165,13.452215968583161,27.17440793990299,15.497023274631566
1.0,52.2070412591692,85.61481259617071,119.21596282214044,50.004299301961275,96.2785746066403,117.15327327466967
