time,s1,s2,s3,s4,s5,s6
0.0,10.205371300619497,15.245192798756285,18.91209009086256,25.157311878663172,24.428276635660104,10.479097958623525
1.0,46.757454633985354,84.34935946549764,120.56834009090784,61.70939521204129,93.53244330239741,112.13534795866164
