time,s1,s2,s3,s4,s5,s6
0.0,12.79840112862054,20.025456521994073,15.413816164465217,27.178757897840853,10.146898274520257,26.96192697279026
1.0,49.3504844619864,89.12962318873542,117.0700661645105,63.730841231218974,79.25106494125757,128.61817697282837
