time,s1,s2,s3,s4,s5,s6
0.0,29.305765132928855,14.660659667818248,14.604167808318905,20.097603817483535,20.41669572722504,14.823436747046099
1.0,65.85784846629471,83.7648263345596,116.26041780836418,56.64968715086165,89.52086239396235,116.47968674708422
