time,s1,s2,s3,s4,s5,s6
0.0,22.80741170982965,16.94447385241233,12.187161781741615,29.323414047341263,19.467355966026183,20.08439625467815
1.0,59.35949504319551,86.04864051915368,113.8434117817869,65.87549738071938,88.5715226327635,121.74064625471627
