time,s1,s2,s3,s4,s5,s6
0.0,18.325732597184434,15.96217063080669,18.60699493058978,25.998966683916617,18.77762154498155,26.13998901230086
1.0,54.87781593055029,85.06633729754805,120.26324493063505,62.551050017294735,87.88178821171887,127.79623901233897
