time,s1,s2,s3,s4,s5,s6
0.0,20.843744704952485,15.654472685494753,15.837534528875718,18.713645012854315,14.328122019384573,13.41587785882699
1.0,57.39582803831834,84.7586393522361,117.493784528921,55.265728346232436,83.4322886861219,115.0721278588651
