time,s1,s2,s3,s4,s5,s6
0.0,26.683369513583774,11.85020967604931,22.933395373917577,27.275469944164684,20.82163870242389,21.870091211412035
1.0,63.23545284694963,80.95437634279065,124.58964537396285,63.827553277542805,89.9258053691612,123.52634121145014
