time,s1,s2,s3,s4,s5,s6
0.0,23.26860380639815,11.32231620394974,16.397301032524528,13.607646100471491,16.73230185917955,20.765841704800636
1.0,59.820687139764004,80.42648287069109,118.0535510325698,50.15972943384961,85.83646852591686,122.42209170483875
