time,s1,s2,s3,s4,s5,s6
0.0,18.03569822248293,12.31167723757708,28.239194091137833,19.724671750392783,24.82446230552725,29.195808082575642
1.0,54.58778155584879,81.41584390431842,129.8954440911831,56.2767550837709,93.92862897226456,130.85205808261375
