time,s1,s2,s3,s4,s5,s6
0.0,12.68020546449112,13.45892044161975,18.83554445909666,21.938008035259166,10.88111849583566,10.81082484505176
1.0,49.23228879785698,82.5630871083611,120.49179445914194,58.49009136863729,79.98528516257298,112.46707484508987
