time,s1,s2,s3,s4,s5,s6
0.0,17.424470866430383,16.12704471736008,28.804054943024607,17.285984999404118,14.38585443185237,24.819272640248915
1.0,53.97655419979624,85.23121138410143,130.46030494306987,53.838068332782235,83.49002109858968,126.47552264028702
