time,s1,s2,s3,s4,s5,s6
0.0,18.862573976318497,15.193223980531464,20.441817875691076,20.73656621962995,23.49734468152308,15.23059760447392
1.0,55.41465730968436,84.2973906472728,122.09806787573635,57.28864955300807,92.6015113482604,116.88684760451203
