time,s1,s2,s3,s4,s5,s6
0.0,23.482107264365304,28.164117383326722,18.91477366841944,17.06819221948451,22.17030702889025,23.759490504131804
1.0,60.03419059773116,97.26828405006808,120.57102366846472,53.62027555286263,91.27447369562756,125.41574050416992
