time,s1,s2,s3,s4,s5,s6
0.0,27.489246155714333,16.640173265146515,25.997150946163618,11.713075983991757,10.69123378171284,22.57324364765255
1.0,64.0413294890802,85.74433993188786,127.65340094620889,48.26515931736988,79.79540044845015,124.22949364769066
