time,s1,s2,s3,s4,s5,s6
0.0,11.578284346997505,18.27307205030117,16.02462193509217,12.004058803161126,28.78145370113701,22.57927896218667
1.0,48.13036768036113,87.3772387170416,117.68087193513733,48.55614213653871,97.88562036787285,124.2355289622218
