time,s1,s2,s3,s4,s5,s6
0.0,14.031898244232446,13.70793943966661,26.831206990649022,28.97507060832699,16.896578786494636,25.064371159534787
1.0,50.5839815775983,82.81210610640795,128.48745699069428,65.52715394170511,86.00074545323196,126.7206211595729
