time,s1,s2,s3,s4,s5,s6
0.0,29.985246482814734,16.21764976006089,15.947452595576427,14.501005742414877,17.742587148770934,18.577993070061247
1.0,66.53732981618059,85.32181642680224,117.6037025956217,51.053089075793,86.84675381550825,120.23424307009935
