time,s1,s2,s3,s4,s5,s6
0.0,16.248518773190856,25.875468947737318,21.25557822061773,26.933412952352413,11.746520273901302,14.791524713517944
1.0,52.80060210655671,94.97963561447867,122.91182822066301,63.485496285730534,80.85068694063861,116.44777471355606
