time,s1,s2,s3,s4,s5,s6
0.0,28.551426605244412,16.998138756560977,16.389141142188308,14.930502220305556,27.639327375369252,20.275056496322122
1.0,65.10350993861027,86.10230542330233,118.04539114223358,51.48258555368368,96.74349404210656,121.93130649636024
