time,s1,s2,s3,s4,s5,s6
0.0,12.720550958573828,26.942738369485685,12.200877770523775,27.14010898447013,17.57745115201339,17.569411130306275
1.0,49.27263429193969,96.04690503622703,113.85712777056905,63.69219231784825,86.68161781875071,119.22566113034439
