time,s1,s2,s3,s4,s5,s6
0.0,20.13372468971518,10.453322450876495,25.242821730935926,18.891352436638105,17.907432120031764,20.030787496799295
1.0,56.68580802308104,79.55748911761785,126.8990717309812,55.44343577001622,87.01159878676908,121.6870374968374
