time,s1,s2,s3,s4,s5,s6
0.0,16.055309003339232,25.40504377969642,12.65217295408055,23.144935306631563,28.94491216011057,11.533917240277463
1.0,52.60739233670509,94.50921044643776,114.30842295412583,59.69701864000968,98.04907882684788,113.19016724031557
