time,s1,s2,s3,s4,s5,s6
0.0,25.198604695024898,26.658789657527265,29.144379636944503,29.956662989241227,26.564171365523023,19.894837347279648
1.0,61.750688028390755,95.76295632426861,130.80062963698978,66.50874632261934,95.66833803226034,121.55108734731776
