time,s1,s2,s3,s4,s5,s6
0.0,14.518683111391988,22.154280395558374,12.896967894497527,21.666659076687296,15.794180185957853,29.742732045547868
1.0,51.070766444757844,91.25844706229972,114.5532178945428,58.21874241006542,84.89834685269517,131.39898204558597
