time,s1,s2,s3,s4,s5,s6
0.0,13.65641424385739,19.073847716812942,16.22273622357534,24.772455020528156,28.62316130382829,23.099123492483454
1.0,50.20849757722325,88.1780143835543,117.87898622362061,61.32453835390628,97.7273279705656,124.75537349252157
