time,s1,s2,s3,s4,s5,s6
0.0,17.048912344717394,29.883470046177763,26.791650807688676,29.655846952932027,12.498452040500174,28.750952699144506
1.0,53.60099567808325,98.98763671291911,128.44790080773396,66.20793028631014,81.60261870723748,130.40720269918262
