time,s1,s2,s3,s4,s5,s6
0.0,25.791679340134635,18.36281471661696,29.89150409409808,12.93979837304229,20.82831782698225,25.36110105769354
1.0,62.34376267350049,87.4669813833583,131.54775409414336,49.49188170642041,89.93248449371956,127.01735105773166
