time,s1,s2,s3,s4,s5,s6
0.0,17.66409139932,25.907170809117353,10.012043761576441,26.87888392111853,26.28561352947256,11.018191377675212
1.0,54.21617473268586,95.01133747585871,111.66829376162171,63.43096725449665,95.38978019620987,112.67444137771332
