time,s1,s2,s3,s4,s5,s6
0.0,25.12935963118698,12.740742701617169,17.52411857556806,18.634573667761813,12.628438878894748,27.270104693421167
1.0,61.681442964552836,81.84490936835851,119.18036857561333,55.186657001139935,81.73260554563205,128.92635469345927
