time,s1,s2,s3,s4,s5,s6
0.0,21.892951223180276,13.800074108880613,10.069128439245397,27.120618101665546,26.233200132776965,27.140662481651873
1.0,58.44503455654613,82.90424077562196,111.72537843929067,63.67270143504366,95.33736679951429,128.79691248169
