time,s1,s2,s3,s4,s5,s6
0.0,19.287361327493556,12.764012925878607,26.531802514644184,27.873731463870765,15.799997066892493,19.390130194297573
1.0,55.839444660859414,81.86817959261995,128.18805251468945,64.42581479724888,84.9041637336298,121.04638019433568
