time,s1,s2,s3,s4,s5,s6
0.0,15.158780513223537,19.509446629618523,18.44098079261837,24.56864098336885,14.264873925134774,15.846496875903464
1.0,51.7108638465894,88.61361329635987,120.09723079266364,61.120724316746966,83.36904059187209,117.50274687594158
