time,s1,s2,s3,s4,s5,s6
0.0,19.191159201184234,23.797320097657547,10.317287511864816,27.855721596638766,11.616565861917758,29.40927479835892
1.0,55.74324253455009,92.9014867643989,111.9735375119101,64.40780493001688,80.72073252865508,131.06552479839704
