time,s1,s2,s3,s4,s5,s6
0.0,18.492305741216775,11.918346633506427,19.173164460869756,11.601037715165521,10.072255462055878,25.48086548744451
1.0,55.04438907458263,81.02251330024778,120.82941446091503,48.15312104854364,79.17642212879319,127.13711548748262
