time,s1,s2,s3,s4,s5,s6
0.0,22.917916026426404,24.644463587104106,15.664354784914272,14.298734028755952,24.755816266101327,20.8389320268952
1.0,59.46999935979226,93.74863025384545,117.32060478495954,50.850817362134066,93.85998293283865,122.49518202693332
