time,s1,s2,s3,s4,s5,s6
0.0,11.669892957594465,12.212927609796672,21.497337607532703,22.720615335644247,21.419997598281505,10.169088578525322
1.0,48.22197629096032,81.31709427653803,123.15358760757798,59.27269866902237,90.52416426501883,111.82533857856343
