time,s1,s2,s3,s4,s5,s6
0.0,29.902890737933507,14.071266237816937,11.721709650847767,25.86764632849819,12.059684884207737,25.09271050619719
1.0,66.45497407129936,83.17543290455829,113.37795965089305,62.4197296618763,81.16385155094505,126.7489605062353
