time,s1,s2,s3,s4,s5,s6
0.0,10.162250379922387,11.387792219937856,20.691541505212818,20.319264587122063,13.182046103810352,20.25611123920057
1.0,46.71433371328824,80.4919588866792,122.34779150525809,56.871347920500185,82.28621277054766,121.91236123923868
