time,s1,s2,s3,s4,s5,s6
0.0,12.61287905216205,22.913962608371577,16.35483103565027,14.400276379565497,28.16006741091817,16.976189363987736
1.0,49.16496238552791,92.01812927511293,118.01108103569555,50.95235971294362,97.26423407765549,118.63243936402586
