time,s1,s2,s3,s4,s5,s6
0.0,26.028529863355875,12.767815988570758,17.684583129597115,12.582707300539234,21.507920963569894,14.809415632942272
1.0,62.58061319672173,81.87198265531211,119.34083312964239,49.134790633917355,90.6120876303072,116.46566563298039
