time,s1,s2,s3,s4,s5,s6
0.0,27.867924310437978,16.173270206209036,20.650164759756567,24.460506889374894,10.587378197892722,14.993942795244275
1.0,64.42000764380384,85.27743687295039,122.30641475980184,61.01259022275301,79.69154486463003,116.6501927952824
