time,s1,s2,s3,s4,s5,s6
0.0,29.968612307302717,29.002755861688666,14.076771671331178,25.53256299004218,18.806426396954553,15.233336066407146
1.0,66.52069564066858,98.10692252843002,115.73302167137645,62.0846463234203,87.91059306369186,116.88958606644526
