time,s1,s2,s3,s4,s5,s6
0.0,15.022414156860124,13.664760898910481,22.248003488854735,13.130232481025132,25.409597021386865,22.188062474951103
1.0,51.57449749022598,82.76892756565184,123.90425348890001,49.68231581440325,94.51376368812419,123.84431247498922
