time,s1,s2,s3,s4,s5,s6
0.0,13.36378780947827,29.750937309119426,12.944533051078944,13.3282868278387,24.052181948459626,24.295350996929642
1.0,49.915871142844125,98.85510397586077,114.60078305112422,49.88037016121682,93.15634861519695,125.95160099696776
