time,s1,s2,s3,s4,s5,s6
0.0,28.658633234501885,16.235553307445326,27.364500599690146,28.393266636166278,18.128152994548113,26.871988598183094
1.0,65.21071656786773,85.33971997418668,129.02075059973544,64.9453499695444,87.23231966128543,128.5282385982212
