time,s1,s2,s3,s4,s5,s6
0.0,12.938920402784253,24.422278454674846,16.208723646025827,28.23161265332815,26.049666239110746,21.15985780953249
1.0,49.49100373615011,93.52644512141619,117.8649736460711,64.78369598670626,95.15383290584806,122.81610780957061
