time,s1,s2,s3,s4,s5,s6
0.0,16.377305959480303,27.167061920727154,20.798788303580505,22.643989185202543,21.872198994501545,22.333714409311096
1.0,52.92938929284616,96.2712285874685,122.45503830362578,59.196072518580664,90.97636566123886,123.98996440934921
