time,s1,s2,s3,s4,s5,s6
0.0,27.738356088672433,18.367939725086526,28.15006323552182,21.044897035747752,10.182772110289184,14.720507943468395
1.0,64.29043942203829,87.47210639182788,129.8063132355671,57.59698036912587,79.28693877702649,116.3767579435065
