time,s1,s2,s3,s4,s5,s6
0.0,18.7784937343785,26.31532673409866,12.558694147924562,25.126730460357194,19.404852916300932,23.36825069132381
1.0,55.33057706774436,95.41949340084001,114.21494414796985,61.67881379373531,88.50901958303825,125.02450069136192
