time,s1,s2,s3,s4,s5,s6
0.0,10.523345853662022,21.063746850002165,22.42880707534002,25.16778012963065,27.727430885437514,26.558733066078368
1.0,47.07542918702788,90.16791351674351,124.0850570753853,61.719863463008764,96.83159755217483,128.21498306611647
