time,s1,s2,s3,s4,s5,s6
0.0,13.553400482869606,23.59022490408302,27.818306838580074,24.933452997673076,22.706475499986926,25.324006382165535
1.0,50.10548381623546,92.69439157082437,129.47455683862535,61.48553633105119,91.81064216672424,126.98025638220365
