time,s1,s2,s3,s4,s5,s6
0.0,28.133870460210606,13.423589046606729,19.96689915107769,24.417018383250827,21.341393163383813,11.175814086303033
1.0,64.68595379357646,82.52775571334809,121.62314915112297,60.96910171662894,90.44555983012113,112.83206408634115
