time,s1,s2,s3,s4,s5,s6
0.0,28.668618774283562,24.026690111331497,10.57983345478474,29.557464365842176,28.655348179581612,22.954477418964817
1.0,65.220702107646,93.1308567780689,112.23608345482401,66.10954769921679,97.7595148463123,124.61072741899562
