time,s1,s2,s3,s4,s5,s6
0.0,22.40756115345992,29.387080421526626,14.040725420257797,25.371177555400486,27.67033127852028,15.77801323550547
1.0,58.95964448682578,98.49124708826798,115.69697542030308,61.92326088877861,96.7744979452576,117.43426323554358
