time,s1,s2,s3,s4,s5,s6
0.0,17.696127090093512,22.761330660951245,22.878008973737597,20.87234235071881,28.139634518428714,11.639949194125897
1.0,54.24821042345937,91.8654973276926,124.53425897378287,57.424425684096924,97.24380118516603,113.29619919416402
