time,s1,s2,s3,s4,s5,s6
0.0,10.94213520305534,10.471402888363016,17.335483605451063,10.507851666768481,24.270021590526735,11.537780535362966
1.0,47.4942185364212,79.57556955510437,118.99173360549634,47.059935000146595,93.37418825726405,113.19403053540108
