time,s1,s2,s3,s4,s5,s6
0.0,15.088610771302521,11.167690148401102,13.085557807289332,29.784244678142787,15.227836341759788,20.64855608296439
1.0,51.640694104664796,80.27185681513714,114.74180780732779,66.33632801151819,84.33200300849121,122.30480608299457
