time,s1,s2,s3,s4,s5,s6
0.0,21.44472012712105,12.822157729275052,26.136987718691287,28.447068610666868,26.655406926836243,12.975553384735319
1.0,57.99680346048691,81.9263243960164,127.79323771873656,64.99915194404498,95.75957359357355,114.63180338477343
