time,s1,s2,s3,s4,s5,s6
0.0,22.242622800277424,19.782770111281096,19.697461462431484,25.2978372811263,26.822880153562075,16.379655918393325
1.0,58.79470613364328,88.88693677802245,121.35371146247675,61.84992061450442,95.92704682029938,118.03590591843144
