time,s1,s2,s3,s4,s5,s6
0.0,18.00913452073376,23.32528713081564,13.69960033077938,21.699866151045992,25.81370063930883,21.05339206442484
1.0,54.56121785409962,92.42945379755699,115.35585033082465,58.25194948442411,94.91786730604615,122.70964206446295
