time,s1,s2,s3,s4,s5,s6
0.0,23.58216392346162,19.78775975149031,10.591483831589471,20.37512537388713,16.72954661973765,21.97589588261006
1.0,60.13424725682748,88.89192641823166,112.24773383163475,56.92720870726525,85.83371328647496,123.63214588264817
