time,s1,s2,s3,s4,s5,s6
0.0,20.448837656127754,28.69699444375668,27.597421582301497,12.108625399644103,16.060207086101045,17.30277474759606
1.0,57.00092098949361,97.80116111049803,129.25367158234678,48.66070873302222,85.16437375283836,118.95902474763417
