time,s1,s2,s3,s4,s5,s6
0.0,20.950171056497986,15.49266081417231,11.114559818711463,11.973261728382589,23.041663703154008,17.607740404923575
1.0,57.50225438986384,84.59682748091366,112.77080981875673,48.5253450617607,92.14583036989133,119.26399040496169
