time,s1,s2,s3,s4,s5,s6
0.0,17.652320419716958,17.589374347447105,12.791864872771967,12.920915086303603,23.386267167917488,27.07257140258537
1.0,54.204403753079234,86.69354101418314,114.44811487281042,49.472998419679016,92.49043383464893,128.72882140261555
