time,s1,s2,s3,s4,s5,s6
0.0,11.80565718844239,13.314795558833056,25.054188666649548,27.101126324650526,12.335177835498886,13.63654349253202
1.0,48.357740521808246,82.4189622255744,126.71043866669483,63.65320965802864,81.4393445022362,115.29279349257013
