time,s1,s2,s3,s4,s5,s6
0.0,10.40163829925811,19.996676412546776,13.438006340357763,17.090662197765006,18.267119164679436,10.329106940637933
1.0,46.95372163262397,89.10084307928813,115.09425634040304,53.64274553114312,87.37128583141674,111.98535694067604
