time,s1,s2,s3,s4,s5,s6
0.0,28.140692514003558,24.77910834651027,27.624209203204373,25.585319597325185,29.591316418264967,10.350984195283068
1.0,64.69277584736942,93.88327501325162,129.28045920324965,62.1374029307033,98.69548308500228,112.00723419532119
