time,s1,s2,s3,s4,s5,s6
0.0,12.940675422787864,19.949651922117937,12.671912926151624,13.596800966944413,28.431490312911954,23.875877984040674
1.0,49.49275875615372,89.05381858885929,114.3281629261969,50.14888430032253,97.53565697964927,125.53212798407878
