time,s1,s2,s3,s4,s5,s6
0.0,22.228187579681986,12.566709310919924,23.16973118428546,23.132435947058596,20.744368406686455,12.537574965775452
1.0,58.78027091304784,81.67087597766127,124.82598118433073,59.68451928043672,89.84853507342376,114.19382496581356
