time,s1,s2,s3,s4,s5,s6
0.0,13.82562349176968,19.86413401030902,26.025734138268255,28.22252418773059,26.233374850107737,13.793252917394746
1.0,50.37770682513553,88.96830067705037,127.68198413831354,64.7746075211087,95.33754151684505,115.44950291743285
