time,s1,s2,s3,s4,s5,s6
0.0,18.564198592421224,15.494511775504495,28.573914771074914,11.205480880872157,21.524714401673084,17.716044748777612
1.0,55.11628192578708,84.59867844224584,130.2301647711202,47.75756421425027,90.6288810684104,119.37229474881573
