time,s1,s2,s3,s4,s5,s6
0.0,23.583147976626055,10.064445168311842,20.102602767935995,19.525534465703068,26.948098704630024,18.76777408102265
1.0,60.13523130999191,79.16861183505318,121.75885276798127,56.07761779908118,96.05226537136734,120.42402408106076
