time,s1,s2,s3,s4,s5,s6
0.0,14.686878477926102,13.669877007282484,28.034211717353436,19.659987663159455,29.143696718152988,15.02799306521416
1.0,51.23896181129135,82.77404367402323,129.6904617173981,56.21207099653593,98.24786338488869,116.68424306525043
