time,s1,s2,s3,s4,s5,s6
0.0,28.253303152111968,21.425340037691775,20.560140443751955,14.408967877446777,23.211815650983752,15.933218033167098
1.0,64.80538648547783,90.52950670443312,122.21639044379722,50.9610512108249,92.31598231772107,117.58946803320521
