time,s1,s2,s3,s4,s5,s6
0.0,14.147275636633854,21.118147625332604,10.552540403944588,17.987634765703206,29.610141064047976,21.691568675920912
1.0,50.69935896999971,90.22231429207395,112.20879040398987,54.53971809908132,98.7143077307853,123.34781867595902
