time,s1,s2,s3,s4,s5,s6
0.0,27.164027182036445,25.265335075015344,16.028692980214238,24.617322127572386,26.54724889923625,27.463394111412892
1.0,63.716110515402306,94.3695017417567,117.6849429802595,61.1694054609505,95.65141556597356,129.119644111451
