time,s1,s2,s3,s4,s5,s6
0.0,29.12972400347637,27.755642227214775,17.2696281169454,13.554547896565865,18.634904582191233,20.71108537074504
1.0,65.68180733683865,96.85980889395081,118.92587811698385,50.10663122994127,87.73907124892267,122.36733537077522
