time,s1,s2,s3,s4,s5,s6
0.0,15.02377844803519,23.55249162947133,25.057524302832135,11.077862567365674,18.426095417931805,14.186047885232737
1.0,51.57586178139687,92.65665829620765,126.71377430287136,47.62994590074063,87.53026208466378,115.842297885264
