time,s1,s2,s3,s4,s5,s6
0.0,13.065751779784646,19.542004733290334,26.236379483126843,28.23381169451743,21.81914182591624,19.21197231173753
1.0,49.617835113150136,88.64617140003104,127.89262948317206,64.78589502789612,90.92330849265392,120.86822231177513
