time,s1,s2,s3,s4,s5,s6
0.0,29.0915232476074,11.140475971515276,20.217392029224204,16.716301380411657,14.842226873398314,11.295549375119453
1.0,65.64360658097326,80.24464263825662,121.87364202926948,53.26838471378977,83.94639354013563,112.95179937515756
