time,s1,s2,s3,s4,s5,s6
0.0,16.129270832016346,28.435584849785606,23.297337645898537,26.958835259848044,10.647198751722147,29.022926776996016
1.0,52.6813541653822,97.53975151652696,124.95358764594381,63.510918593226165,79.75136541845946,130.67917677703412
