time,s1,s2,s3,s4,s5,s6
0.0,28.39320545880542,18.418980015577052,22.100665312026337,14.211294063948225,12.174186505781357,20.10280979124668
1.0,64.94528879217128,87.5231466823184,123.75691531207161,50.763377397326344,81.27835317251868,121.7590597912848
