time,s1,s2,s3,s4,s5,s6
0.0,17.895473443898528,26.567883605549493,10.921764828378608,16.5447843230619,21.74883272782536,17.66191443614843
1.0,54.44755677726439,95.67205027229085,112.57801482842389,53.09686765644002,90.85299939456267,119.31816443618655
