time,s1,s2,s3,s4,s5,s6
0.0,27.963889662453102,18.87823279518291,18.20167946568956,17.27305111894569,11.037724443429337,27.28008449895473
1.0,64.51597299581896,87.98239946192426,119.85792946573483,53.82513445232381,80.14189111016665,128.93633449899284
