time,s1,s2,s3,s4,s5,s6
0.0,22.40203177637959,28.94733993866462,21.710051499049225,25.952513370986484,10.891084488492893,21.687446061396937
1.0,58.954115109745445,98.05150660540596,123.3663014990945,62.5045967043646,79.9952511552302,123.34369606143505
