time,s1,s2,s3,s4,s5,s6
0.0,11.413232370768231,18.321513445300752,23.94830040972764,15.721694458953108,12.824911837712067,17.727563249851123
1.0,47.965315704134085,87.4256801120421,125.60455040977291,52.273777792331224,81.92907850444938,119.38381324988923
