time,s1,s2,s3,s4,s5,s6
0.0,21.952870666204902,24.473195364683065,21.052691473225543,29.317576366403138,16.699476352393077,19.029384303018105
1.0,58.50495399957076,93.57736203142441,122.70894147327081,65.86965969978125,85.80364301913039,120.68563430305622
