time,s1,s2,s3,s4,s5,s6
0.0,17.02357291827864,19.019247995777967,22.836949644601177,18.734190188841264,23.382508810851245,26.1122635292513
1.0,53.575656251644496,88.12341466251931,124.49319964464645,55.28627352221938,92.48667547758856,127.76851352928941
