time,s1,s2,s3,s4,s5,s6
0.0,27.4470382821035,18.09311578515682,22.184531560396856,26.21340689420211,17.648727993430732,24.413239697144565
1.0,63.999121615469356,87.19728245189816,123.84078156044212,62.76549022758023,86.75289466016804,126.06948969718268
