time,s1,s2,s3,s4,s5,s6
0.0,28.505635252907474,25.648526008822103,21.92498709955121,17.120757690416102,12.000865171197477,11.179287833186113
1.0,65.05771858627332,94.75269267556345,123.58123709959648,53.67284102379422,81.10503183793479,112.83553783322422
