time,s1,s2,s3,s4,s5,s6
0.0,18.595421962398845,11.821088800615149,28.161173915346463,16.055527530009233,29.790329190245565,15.444013537548207
1.0,55.1475052957647,80.9252554673565,129.81742391539174,52.60761086338735,98.89449585698287,117.10026353758632
