time,s1,s2,s3,s4,s5,s6
0.0,26.216378868373994,27.764702821393122,15.027045481203345,11.707788741532994,10.933257851410552,10.689794515964126
1.0,62.76846220173985,96.86886948813446,116.68329548124862,48.259872074911115,80.03742451814787,112.34604451600224
