time,s1,s2,s3,s4,s5,s6
0.0,24.191168675032785,10.54726997421135,24.418116089015044,16.35971989500979,18.79038659953579,29.556908845731986
1.0,60.74325200839864,79.6514366409527,126.07436608906032,52.91180322838791,87.8945532662731,131.2131588457701
