time,s1,s2,s3,s4,s5,s6
0.0,20.86212066479676,20.27708416356025,26.285195874995914,14.106061429263633,11.955770162956545,18.251112552047566
1.0,57.41420399816262,89.3812508303016,127.94144587504118,50.658144762641754,81.05993682969385,119.90736255208569
