time,s1,s2,s3,s4,s5,s6
0.0,23.24137208346275,19.67623531597299,19.650799322579616,26.684294303638243,20.084154777143265,28.20256728235967
1.0,59.79345541682861,88.78040198271434,121.30704932262489,63.23637763701636,89.18832144388058,129.85881728239778
