time,s1,s2,s3,s4,s5,s6
0.0,18.752326991234852,22.70272141980629,19.98649652258449,21.372997158654442,11.377242835496782,26.4901394943357
1.0,55.30441032460071,91.80688808654764,121.64274652262976,57.92508049203256,80.4814095022341,128.1463894943738
