time,s1,s2,s3,s4,s5,s6
0.0,24.626990399224592,11.245172782092979,21.73240855465348,22.87348026755444,19.098925532602493,23.84685024151187
1.0,61.17907373259045,80.34933944883433,123.38865855469875,59.42556360093256,88.2030921993398,125.50310024154999
