time,s1,s2,s3,s4,s5,s6
0.0,10.397991522683594,14.60675380847167,20.312153746572807,25.89269971924899,21.59081367690284,11.416562761954474
1.0,46.950074856049454,83.71092047521302,121.96840374661808,62.44478305262711,90.69498034364015,113.0728127619926
