time,s1,s2,s3,s4,s5,s6
0.0,29.360498427303526,13.68612431554771,16.021454372944763,19.30932441763781,11.807826516796974,12.667430617704486
1.0,65.91258176066938,82.79029098228906,117.67770437299004,55.86140775101593,80.91199318353429,114.3236806177426
