time,s1,s2,s3,s4,s5,s6
0.0,24.577408952289428,13.799641145003044,17.073773167488202,23.839962892571137,28.392295554424653,14.83479904503342
1.0,61.12949228565529,82.9038078117444,118.73002316753347,60.39204622594926,97.49646222116196,116.49104904507153
