time,s1,s2,s3,s4,s5,s6
0.0,16.06871877420538,12.684771202394057,11.220417392788582,26.288578288909516,13.00113919701907,14.040956025483847
1.0,52.62080210757124,81.78893786913541,112.87666739283385,62.840661622287634,82.10530586375639,115.69720602552196
