time,s1,s2,s3,s4,s5,s6
0.0,27.05383619140365,24.301863719877048,23.5180833631416,15.047627681986956,15.342231715598833,10.679968301303349
1.0,63.605919524769504,93.4060303866184,125.17433336318688,51.599711015365074,84.44639838233614,112.33621830134146
