time,s1,s2,s3,s4,s5,s6
0.0,13.132290409161856,21.171495532400918,20.843345954150106,19.690395363737963,26.472702949783482,18.467020478120787
1.0,49.68437374252771,90.27566219914226,122.49959595419539,56.24247869711608,95.5768696165208,120.1232704781589
