time,s1,s2,s3,s4,s5,s6
0.0,10.280546816019314,13.295169449492947,13.728417491008912,17.474587280180693,25.490895572415734,14.38174995510799
1.0,46.83263014938517,82.3993361162343,115.38466749105419,54.026670613558814,94.59506223915305,116.0379999551461
