time,s1,s2,s3,s4,s5,s6
0.0,24.059104219649065,13.363176406555667,13.970575303568161,19.547093151880684,18.25431696776893,12.526325140156509
1.0,60.61118755301492,82.46734307329702,115.62682530361343,56.0991764852588,87.35848363450624,114.18257514019461
