time,s1,s2,s3,s4,s5,s6
0.0,10.124407259790253,21.161618664433053,23.378267688924588,23.453758824110317,23.102071610656978,29.40126009166148
1.0,46.67649059315611,90.2657853311744,125.03451768896986,60.00584215748843,92.20623827739429,131.05751009169958
