time,s1,s2,s3,s4,s5,s6
0.0,16.133622771144253,20.460544957937515,28.95305280144144,15.308798444001567,22.057582648097736,13.831134918799847
1.0,52.68570610451011,89.56471162467886,130.6093028014867,51.86088177737969,91.16174931483505,115.48738491883796
