time,s1,s2,s3,s4,s5,s6
0.0,28.998999244320736,22.420041175171875,12.58878411059445,27.235038142909787,18.610362501068405,17.21141810342317
1.0,65.5510825776866,91.52420784191322,114.24503411063972,63.78712147628791,87.71452916780572,118.86766810346128
