time,s1,s2,s3,s4,s5,s6
0.0,11.354444382812394,15.1054047576815,14.67210933453262,25.913433422194345,23.59669168003592,16.45085998421196
1.0,47.90652771617467,84.20957142441753,116.32835933457108,62.46551675556975,92.70085834676735,118.10710998424214
