time,s1,s2,s3,s4,s5,s6
0.0,29.483655011360263,18.954915539636204,17.860138373727345,13.452258378859174,19.241945521287477,10.821765748529486
1.0,66.03573834472613,88.05908220637755,119.51638837377261,50.00434171223729,88.34611218802479,112.4780157485676
