time,s1,s2,s3,s4,s5,s6
0.0,28.52570565334489,10.548200817389317,14.318139521253721,12.379235692106963,29.95353741739094,26.84269648365033
1.0,65.07778898671074,79.65236748413066,115.974389521299,48.93131902548508,99.05770408412826,128.49894648368843
