time,s1,s2,s3,s4,s5,s6
0.0,12.497560051447977,14.93464473640136,14.229912817670868,28.50477276028975,18.771999856662788,18.79988637074492
1.0,49.049643384813834,84.0388114031427,115.88616281771614,65.05685609366788,87.8761665234001,120.45613637078303
