time,s1,s2,s3,s4,s5,s6
0.0,24.36058542321554,24.873929508057536,23.1008535783036,26.240714771500738,22.398657574225382,16.594667419184635
1.0,60.9126687565814,93.97809617479889,124.75710357834888,62.792798104878855,91.5028242409627,118.25091741922274
