time,s1,s2,s3,s4,s5,s6
0.0,13.00398933167269,17.87404821660131,23.5226916052427,13.106578468786022,22.201756547703177,29.776160128397848
1.0,49.55607266503855,86.97821488334266,125.17894160528797,49.65866180216414,91.30592321444048,131.43241012843595
