time,s1,s2,s3,s4,s5,s6
0.0,27.40123647750321,20.6186153329872,28.848257856275914,12.93003604614216,26.974509041726012,20.102151904364263
1.0,63.95331981086907,89.72278199972855,130.5045078563212,49.48211937952028,96.07867570846332,121.75840190440238
