time,s1,s2,s3,s4,s5,s6
0.0,24.958834806755423,16.95473854895331,16.17103169102886,23.62949389963082,22.76158497207934,27.54947957162133
1.0,61.51091814012128,86.05890521569465,117.82728169107413,60.18157723300894,91.86575163881666,129.20572957165945
