time,s1,s2,s3,s4,s5,s6
0.0,11.31610720274537,14.156437827355276,26.689111507717772,21.159546033813253,13.237096063916063,14.439357783326372
1.0,47.86819053611123,83.26060449409663,128.34536150776304,57.71162936719137,82.34126273065337,116.09560778336449
