time,s1,s2,s3,s4,s5,s6
0.0,26.27098186362488,11.543723553166728,26.638939832283576,20.08948238146923,16.201464835110468,26.624032657480107
1.0,62.82306519699074,80.64789021990808,128.29518983232884,56.641565714847346,85.30563150184778,128.28028265751823
