time,s1,s2,s3,s4,s5,s6
0.0,26.53468410687217,13.138531398706135,25.42541014719309,23.141877122709737,11.570021565708545,18.595314666404228
1.0,63.08676744023803,82.24269806544748,127.08166014723837,59.69396045608785,80.67418823244586,120.25156466644233
