time,s1,s2,s3,s4,s5,s6
0.0,23.5335776306769,11.843902094041429,20.783840802463825,14.95875548506722,20.721022566102064,15.64341879311334
1.0,60.08566096404276,80.94806876078277,122.4400908025091,51.510838818445336,89.82518923283938,117.29966879315145
