time,s1,s2,s3,s4,s5,s6
0.0,29.813361783931583,10.087872257607165,21.072512848290287,14.696014319424375,11.211501375991745,26.767708715184266
1.0,66.36544511729744,79.19203892434851,122.72876284833556,51.24809765280249,80.31566804272906,128.42395871522237
