time,s1,s2,s3,s4,s5,s6
0.0,28.058820236974313,24.630195705807516,22.95770146344005,11.718329471715673,11.241076074201388,20.007590824641234
1.0,64.61090357034017,93.73436237254886,124.61395146348532,48.27041280509379,80.3452427409387,121.66384082467934
