time,s1,s2,s3,s4,s5,s6
0.0,10.064149354108448,23.375757956337814,29.85498702518329,10.309962442942217,10.714932142803079,14.861322867078526
1.0,46.61623268747431,92.47992462307917,131.51123702522858,46.862045776320336,79.81909880954039,116.51757286711664
