time,s1,s2,s3,s4,s5,s6
0.0,20.702939794170945,19.142716059168382,11.218831762105452,13.039731200085782,20.7885078686379,28.022675539828906
1.0,57.2550231275368,88.24688272590973,112.87508176215073,49.5918145334639,89.89267453537522,129.678925539867
