time,s1,s2,s3,s4,s5,s6
0.0,29.254928338823866,24.427816230862724,19.53949589396765,19.965515399260195,23.43698203041705,21.7860958285746
1.0,65.80701167218973,93.53198289760408,121.19574589401293,56.51759873263831,92.54114869715437,123.44234582861272
