time,s1,s2,s3,s4,s5,s6
0.0,25.099218960234666,23.32627242668057,23.99725247862102,10.950120827382168,28.072000577342862,28.437673189419478
1.0,61.65130229360052,92.43043909342192,125.6535024786663,47.502204160760286,97.17616724408018,130.0939231894576
