time,s1,s2,s3,s4,s5,s6
0.0,25.021974240976114,27.950867193599148,28.605931535094907,28.605638467641537,14.304949227692203,17.40681480654623
1.0,61.57405757434197,97.0550338603405,130.26218153514017,65.15772180101965,83.40911589442952,119.06306480658435
