time,s1,s2,s3,s4,s5,s6
0.0,28.136113328961866,13.692201846097172,14.459914271706083,12.44701941115278,13.077202269942577,28.388296123948194
1.0,64.68819666232773,82.79636851283853,116.11616427175136,48.9991027445309,82.18136893667989,130.04454612398632
