time,s1,s2,s3,s4,s5,s6
0.0,12.678443012252965,14.041100109921514,25.10753176924625,27.309303927942917,16.575065552282858,22.064146478500714
1.0,49.23052634561882,83.14526677666287,126.76378176929153,63.861387261321035,85.67923221902016,123.72039647853883
