time,s1,s2,s3,s4,s5,s6
0.0,19.772678022566932,15.268635485873894,19.864071681606035,12.03891873116153,23.73630919678902,14.655123763298983
1.0,56.32476135593279,84.37280215261524,121.52032168165131,48.59100206453965,92.84047586352634,116.3113737633371
