time,s1,s2,s3,s4,s5,s6
0.0,16.874351647003866,23.042645076066833,20.429954381485253,10.429391998620343,19.2508988322025,11.977019258176409
1.0,53.42643498036972,92.14681174280818,122.08620438153054,46.98147533199846,88.35506549893981,113.63326925821453
