time,s1,s2,s3,s4,s5,s6
0.0,23.791750752913682,19.470709319082985,27.98486492162484,22.489124338276675,28.08993889675978,16.49653160844418
1.0,60.34383408627954,88.57487598582433,129.64111492167012,59.04120767165479,97.19410556349709,118.15278160848229
