time,s1,s2,s3,s4,s5,s6
0.0,19.30911610492764,11.667658733792264,12.63736542710015,27.09013394687424,22.540342648452235,27.898462432787316
1.0,55.8611994382935,80.77182540053361,114.29361542714543,63.64221728025235,91.64450931518955,129.55471243282543
