time,s1,s2,s3,s4,s5,s6
0.0,13.222693716765884,14.194020426582144,10.59671412953994,16.317438738565343,13.194572331897804,14.183535896809506
1.0,49.77477705013174,83.29818709332349,112.25296412958522,52.869522071943464,82.29873899863512,115.83978589684762
