time,s1,s2,s3,s4,s5,s6
0.0,18.310465888318305,20.605932110063144,16.313553372568485,29.703374695544245,10.658925676057258,22.385489372536025
1.0,54.86254922168416,89.7100987768045,117.96980337261375,66.25545802892236,79.76309234279458,124.04173937257414
