time,s1,s2,s3,s4,s5,s6
0.0,17.65741447401247,26.52434851047964,13.737653520329978,13.880029961640268,28.55736703539914,10.614552077116697
1.0,54.209497807374746,95.62851517721568,115.39390352036844,50.43211329501568,97.66153370213057,112.27080207714688
