time,s1,s2,s3,s4,s5,s6
0.0,24.825808778220647,10.004007446153334,16.17857129018895,28.685604849342262,29.88797028527038,11.159481324661156
1.0,61.377892111586505,79.10817411289469,117.83482129023423,65.23768818272038,98.9921369520077,112.81573132469927
