time,s1,s2,s3,s4,s5,s6
0.0,17.236562724810796,29.14940694391273,15.878299937622044,26.56475912411877,23.343565617139568,24.179019655675553
1.0,53.78864605817665,98.25357361065409,117.53454993766732,63.11684245749689,92.44773228387689,125.83526965571366
