time,s1,s2,s3,s4,s5,s6
0.0,13.34855203678043,29.13602242937852,25.794809595787996,24.072164520910846,10.747752029358935,14.23778378151598
1.0,49.90063537014629,98.24018909611988,127.45105959583327,60.62424785428897,79.85191869609625,115.8940337815541
