time,s1,s2,s3,s4,s5,s6
0.0,24.760780653843298,11.336296274601303,28.915073826602125,17.407811009787032,19.033822186099297,20.339747649666887
1.0,61.312863987209155,80.44046294134264,130.57132382664741,53.959894343165146,88.13798885283661,121.995997649705
