time,s1,s2,s3,s4,s5,s6
0.0,21.410658124739825,21.20670215223436,20.959256316312704,24.395132243131442,12.903803148395491,11.752019805302904
1.0,57.96274145810568,90.3108688189757,122.61550631635798,60.947215576509564,82.00796981513281,113.40826980534102
