time,s1,s2,s3,s4,s5,s6
0.0,20.038387938238678,24.68081108377769,14.135140522830593,25.912688803104427,16.649905562463587,17.487611468452634
1.0,56.590471271604535,93.78497775051903,115.79139052287587,62.464772136482544,85.7540722292009,119.14386146849075
