time,s1,s2,s3,s4,s5,s6
0.0,26.389113667521144,29.52672113807281,28.888318951872478,29.520667546574355,20.797548069076335,28.613738591004815
1.0,62.941197000887,98.63088780481417,130.54456895191777,66.07275087995248,89.90171473581364,130.26998859104293
