time,s1,s2,s3,s4,s5,s6
0.0,24.216246010747902,29.554716559981134,22.585263971913246,13.513539435916506,16.56587991834006,29.062698069317207
1.0,60.76832934411376,98.65888322672248,124.24151397195853,50.06562276929462,85.67004658507737,130.71894806935532
