time,s1,s2,s3,s4,s5,s6
0.0,20.99088240574872,13.71758287242315,25.798919324230063,18.54122142010066,13.491142716839102,22.094752285448116
1.0,57.54296573911458,82.8217495391645,127.45516932427535,55.093304753478776,82.59530938357642,123.75100228548624
