time,s1,s2,s3,s4,s5,s6
0.0,29.000395033774893,28.430756347733798,22.992290598156174,23.555222304000225,14.04612124851573,21.412337292864272
1.0,65.55247836714075,97.53492301447514,124.64854059820145,60.107305637378346,83.15028791525305,123.0685872929024
