time,s1,s2,s3,s4,s5,s6
0.0,13.493828141282417,22.785923163021607,28.807291211370703,29.156939411659454,19.085878696875426,12.38291046376961
1.0,50.04591147464828,91.89008982976296,130.463541211416,65.70902274503757,88.19004536361274,114.03916046380772
