time,s1,s2,s3,s4,s5,s6
0.0,10.477606237984096,16.798689544269365,24.17692877944026,15.82208064506372,21.95205584568607,16.29648953802544
1.0,47.029689571349955,85.90285621101071,125.83317877948554,52.374163978441835,91.05622251242337,117.95273953806355
