time,s1,s2,s3,s4,s5,s6
0.0,12.062261086964492,11.819391553324852,25.30129862964827,25.437939165966828,11.612348388961484,19.214308493019185
1.0,48.61434442033035,80.9235582200662,126.95754862969355,61.990022499344946,80.71651505569879,120.8705584930573
