time,s1,s2,s3,s4,s5,s6
0.0,16.613021856313786,17.63040307084296,16.507103150869398,19.184100577518098,16.835193251838938,22.085885291870213
1.0,53.16510518967964,86.73456973758431,118.16335315091467,55.736183910896216,85.93935991857626,123.74213529190833
