time,s1,s2,s3,s4,s5,s6
0.0,24.021916061528287,25.68623285979207,13.252902961100457,27.15731679530477,14.055055084405634,21.09225705818572
1.0,60.573999394894145,94.79039952653342,114.90915296114574,63.70940012868289,83.15922175114295,122.74850705822384
