time,s1,s2,s3,s4,s5,s6
0.0,18.38907064727639,10.142739603700166,27.3028995638126,14.141655056674505,12.1058143172972,23.480535958305577
1.0,54.94115398063867,79.2469062704362,128.95914956385104,50.693738390049916,81.20998098402863,125.13678595833576
