time,s1,s2,s3,s4,s5,s6
0.0,18.404223200436938,19.902166375364835,21.467605342313902,26.631655730947607,21.801850425902032,18.878816736852773
1.0,54.956306533802795,89.00633304210618,123.12385534235918,63.18373906432572,90.90601709263935,120.53506673689088
