time,s1,s2,s3,s4,s5,s6
0.0,28.229264292748052,12.157412943134036,26.970341051731424,10.74725484109318,26.590407631747016,12.68110081362217
1.0,64.78134762611391,81.26157960987538,128.6265910517767,47.2993381744713,95.69457429848433,114.33735081366028
