time,s1,s2,s3,s4,s5,s6
0.0,15.397739333185287,18.27425523212059,29.194068199346937,26.963589194648918,26.300442004620376,24.535155513433587
1.0,51.94982266655114,87.37842189886194,130.8503181993922,63.51567252802704,95.40460867135769,126.19140551347171
