time,s1,s2,s3,s4,s5,s6
0.0,14.101422465563624,29.51855242961147,17.614987506161853,17.011844550074912,25.245565883854574,26.492869790059803
1.0,50.65350579892948,98.62271909635282,119.27123750620713,53.56392788345303,94.34973255059188,128.14911979009793
