time,s1,s2,s3,s4,s5,s6
0.0,11.469200116146128,26.801415319401485,16.73716426404124,28.483354275690587,10.757537838092457,28.894971898239316
1.0,48.021283449511984,95.90558198614283,118.39341426408652,65.03543760906871,79.86170450482977,130.55122189827742
