time,s1,s2,s3,s4,s5,s6
0.0,22.72799284070765,28.892842769009093,16.646030815444316,17.943733496475097,19.65676641682824,24.835623772738934
1.0,59.28007617407351,97.99700943575044,118.3022808154896,54.49581682985321,88.76093308356556,126.49187377277704
