time,s1,s2,s3,s4,s5,s6
0.0,19.76082720170968,17.4339648261523,24.414284051218804,25.51824324397151,20.620598220634587,29.32198751109113
1.0,56.31291053507554,86.53813149289365,126.07053405126408,62.070326577349626,89.7247648873719,130.97823751112924
