time,s1,s2,s3,s4,s5,s6
0.0,23.084985235733875,28.201910234174353,21.854164063091808,12.736226921981105,28.339789572203994,28.654710153938584
1.0,59.63706856909973,97.3060769009157,123.51041406313709,49.28831025535922,97.44395623894131,130.3109601539767
