time,s1,s2,s3,s4,s5,s6
0.0,29.838670427519546,23.67063628309884,24.812763268529594,12.816661849821122,25.025774605431497,19.305862146493595
1.0,66.3907537608854,92.7748029498402,126.46901326857487,49.36874518319924,94.12994127216881,120.96211214653171
