time,s1,s2,s3,s4,s5,s6
0.0,21.25640212834792,25.40820309784745,13.025443493816503,23.80398565138814,14.124811945794665,18.859903732316997
1.0,57.80848546171377,94.5123697645888,114.68169349386179,60.35606898476625,83.22897861253198,120.51615373235511
