time,s1,s2,s3,s4,s5,s6
0.0,26.92094884759016,17.309332002889153,23.13148510293418,18.13635918717446,23.225666214160935,19.265048293628613
1.0,63.47303218095602,86.4134986696305,124.78773510297945,54.68844252055258,92.32983288089825,120.92129829366672
