time,s1,s2,s3,s4,s5,s6
0.0,27.29840698332709,20.521533039019896,11.540379357201775,20.70878905474117,18.53431044649264,11.834573274556297
1.0,63.85049031669295,89.62569970576125,113.19662935724705,57.26087238811929,87.63847711322995,113.4908232745944
