time,s1,s2,s3,s4,s5,s6
0.0,23.625827183363644,14.088018760134657,10.725443663042673,22.212134756167018,19.800480125316298,10.460914783078163
1.0,60.1779105167295,83.19218542687601,112.38169366308794,58.76421808954514,88.90464679205361,112.11716478311628
