time,s1,s2,s3,s4,s5,s6
0.0,24.736813586885262,15.45080326549681,24.008702896621948,10.611908987658083,16.825170825614546,22.486388296811082
1.0,61.28889692025112,84.55496993223817,125.66495289666722,47.163992321036204,85.92933749235186,124.1426382968492
