time,s1,s2,s3,s4,s5,s6
0.0,19.89075560618901,28.771777293504886,20.85777852935933,20.5467326600598,19.164666256656126,16.886871167279935
1.0,56.44283893955487,97.87594396024623,122.51402852940461,57.09881599343792,88.26883292339343,118.54312116731805
