time,s1,s2,s3,s4,s5,s6
0.0,26.458905839248565,15.601841339899693,18.075050254129238,19.217927665944067,24.334630880335713,24.302476418973594
1.0,63.01098917261442,84.70600800664104,119.73130025417451,55.77001099932219,93.43879754707302,125.95872641901171
