time,s1,s2,s3,s4,s5,s6
0.0,12.953075803701966,15.573540657074044,22.322090348468155,22.462274666925374,13.720062117226357,20.727119963558476
1.0,49.50515913706782,84.6777073238154,123.97834034851343,59.01435800030349,82.82422878396368,122.38336996359659
