time,s1,s2,s3,s4,s5,s6
0.0,24.6452635688847,11.533712149119648,29.681616281682327,25.502387732272204,27.533008610280415,10.793557414704665
1.0,61.19734690225056,80.637878815861,131.3378662817276,62.054471065650326,96.63717527701773,112.44980741474278
