time,s1,s2,s3,s4,s5,s6
0.0,24.146809897550447,16.732971864718635,21.705233590089787,16.746234736888425,20.233921281960818,24.184911606920004
1.0,60.698893230916305,85.83713853145998,123.36148359013507,53.298318070266546,89.33808794869813,125.84116160695811
