time,s1,s2,s3,s4,s5,s6
0.0,27.37281315793625,11.087702041887496,22.726549057394468,16.673220563713343,29.168145032103926,11.380249857322456
1.0,63.924896491298526,80.19186870862353,124.38279905743292,53.22530389708875,98.27231169883535,113.03649985735264
