time,s1,s2,s3,s4,s5,s6
0.0,25.725625746725783,19.08058660109195,18.880511051117818,13.619323888864242,26.708645073061344,28.6604774955687
1.0,62.27770908009164,88.1847532678333,120.5367610511631,50.17140722224236,95.81281173979866,130.3167274956068
