time,s1,s2,s3,s4,s5,s6
0.0,26.1938784771709,17.727086422123644,11.047233012468512,28.287075923409617,10.398676344458629,20.722203515068998
1.0,62.745961810536755,86.831253088865,112.70348301251379,64.83915925678774,79.50284301119595,122.37845351510711
