time,s1,s2,s3,s4,s5,s6
0.0,26.65178875433999,17.357943861504978,27.41943587299368,15.262989705117224,18.148504973353916,11.95261196611597
1.0,63.20387208770585,86.46211052824633,129.07568587303896,51.81507303849534,87.25267164009122,113.60886196615408
