time,s1,s2,s3,s4,s5,s6
0.0,24.822926323771746,18.401233823146384,17.835192103465328,22.23830526119776,14.36773273491913,12.886530537228314
1.0,61.3750096571376,87.50540048988773,119.49144210351061,58.79038859457587,83.47189940165644,114.54278053726642
