time,s1,s2,s3,s4,s5,s6
0.0,14.168615005451041,14.445406787854296,20.289170411696738,12.65161427914937,12.313382155386767,13.263909576028333
1.0,50.7206983388169,83.54957345459565,121.94542041174202,49.20369761252749,81.41754882212408,114.92015957606645
