time,s1,s2,s3,s4,s5,s6
0.0,16.264965568570595,20.267484785757407,17.939348782167315,26.49389548496442,10.533289623421664,26.944341002929477
1.0,52.81704890193287,89.37165145249344,119.59559878220577,63.04597881833983,79.6374562901531,128.60059100295967
