time,s1,s2,s3,s4,s5,s6
0.0,17.75226825578362,25.01369403377653,13.456339786130878,19.370623535927624,25.76734819958807,14.053249089699339
1.0,54.304351589149476,94.11786070051788,115.11258978617616,55.92270686930574,94.87151486632538,115.70949908973745
