time,s1,s2,s3,s4,s5,s6
0.0,25.7268319734591,22.107276223396564,15.65078820585384,21.378675750397694,15.709019454730964,29.394157230235386
1.0,62.278915306824956,91.21144289013792,117.30703820589912,57.93075908377581,84.81318612146828,131.0504072302735
