time,s1,s2,s3,s4,s5,s6
0.0,14.65425099887537,13.981403446170546,26.459576958061586,27.79157132830027,27.90801633172029,18.513478650157623
1.0,51.20633433224123,83.0855701129119,128.11582695810685,64.34365466167839,97.0121829984576,120.16972865019574
