time,s1,s2,s3,s4,s5,s6
0.0,21.999290172427248,25.37597138332829,16.299958229902735,13.249735131774834,11.47503354769665,16.953992746976876
1.0,58.55137350579311,94.48013805006964,117.956208229948,49.801818465152955,80.57920021443397,118.610242747015
