time,s1,s2,s3,s4,s5,s6
0.0,28.863051886181854,27.52738427455579,26.426261627013425,16.6221260039705,18.113173539593834,10.33702834642706
1.0,65.41513521954771,96.63155094129714,128.0825116270587,53.174209337348614,87.21734020633114,111.99327834646517
