time,s1,s2,s3,s4,s5,s6
0.0,18.178293605825754,27.129920632058614,21.77021975816078,16.64843465276587,13.22895173190544,20.056031979753172
1.0,54.730376939191615,96.23408729879996,123.42646975820605,53.20051798614399,82.33311839864275,121.71228197979129
