time,s1,s2,s3,s4,s5,s6
0.0,10.871120500498787,10.749488170218516,20.623051187202954,19.932349780749423,21.100520381122003,10.887330313002577
1.0,47.42320383386465,79.85365483695986,122.27930118724822,56.48443311412754,90.20468704785932,112.54358031304069
