time,s1,s2,s3,s4,s5,s6
0.0,19.44813622583853,10.152894336789672,12.488283817640633,26.44385389485981,12.932227220347922,25.880874578926303
1.0,56.00021955920439,79.25706100353102,114.14453381768591,62.99593722823793,82.03639388708524,127.53712457896442
