time,s1,s2,s3,s4,s5,s6
0.0,10.282222782076415,21.905323759793838,19.15939214229573,10.423447121417365,20.98415019366793,23.255549733837714
1.0,46.834306115442274,91.00949042653518,120.815642142341,46.97553045479548,90.08831686040524,124.91179973387582
