time,s1,s2,s3,s4,s5,s6
0.0,12.283228687020962,18.259502584142382,18.48137516081637,14.719490424968498,10.429895651827849,21.515099623141033
1.0,48.83531202038682,87.36366925088373,120.13762516086165,51.27157375834662,79.53406231856516,123.17134962317914
