time,s1,s2,s3,s4,s5,s6
0.0,17.636039358291264,15.825793434664426,10.175354948543973,10.937738112090715,29.984110136591646,17.45507896199636
1.0,54.18812269165354,84.92996010140047,111.83160494858242,47.48982144546613,99.08827680332308,119.11132896202655
