time,s1,s2,s3,s4,s5,s6
0.0,29.00461588623292,17.98244283846811,29.207765455615863,12.749636798192336,23.722677597027698,20.74174952114607
1.0,65.55669921959878,87.08660950520945,130.86401545566113,49.301720131570455,92.82684426376501,122.39799952118419
