time,s1,s2,s3,s4,s5,s6
0.0,29.393845734888085,17.200236661166716,22.80846668434664,18.463747964760003,15.26427437205655,21.098928619669664
1.0,65.94592906825395,86.30440332790806,124.46471668439192,55.015831298138124,84.36844103879386,122.75517861970778
