time,s1,s2,s3,s4,s5,s6
0.0,16.63627941167514,22.196145658055755,15.662560509088461,28.89600407303053,15.247535457904085,29.42613008272588
1.0,53.188362745041,91.3003123247971,117.31881050913374,65.44808740640865,84.35170212464139,131.082380082764
