time,s1,s2,s3,s4,s5,s6
0.0,13.454814146474872,27.319421483229615,15.121984926799819,14.55703751711392,25.405355051609853,21.262708428239797
1.0,50.00689747984073,96.42358814997097,116.7782349268451,51.10912085049204,94.50952171834717,122.9189584282779
