time,s1,s2,s3,s4,s5,s6
0.0,28.812344459827486,20.1443619710657,17.003278175014536,10.225421893834596,16.89595961821019,20.755627923776167
1.0,65.36442779319334,89.24852863780706,118.65952817505982,46.777505227212714,86.0001262849475,122.41187792381427
