time,s1,s2,s3,s4,s5,s6
0.0,27.165076526141295,29.126724737373916,11.922515321062022,15.125192387870221,18.902278807970056,13.281859705995753
1.0,63.71715985950715,98.23089140411527,113.5787653211073,51.67727572124834,88.00644547470736,114.93810970603387
