time,s1,s2,s3,s4,s5,s6
0.0,17.967086624759965,14.96877901602998,10.491306769141316,18.30694108648759,24.267576646022405,13.006933121080023
1.0,54.51916995812582,84.07294568277133,112.1475567691866,54.85902441986571,93.37174331275972,114.66318312111814
