time,s1,s2,s3,s4,s5,s6
0.0,11.197674878709199,11.579945818664307,11.94093483619443,23.52826494768972,17.5800354157009,17.53623042726087
1.0,47.74975821207148,80.68411248540033,113.59718483623288,60.08034828106513,86.68420208243234,119.19248042729106
