time,s1,s2,s3,s4,s5,s6
0.0,25.941038189800857,16.994081677484377,26.767731417742493,19.1898802584776,15.303698184348578,26.0152209333042
1.0,62.493121523166714,86.09824834422572,128.42398141778776,55.74196359185572,84.40786485108589,127.6714709333423
