time,s1,s2,s3,s4,s5,s6
0.0,21.836200176087917,15.282905697076137,17.227096928566684,12.307466256257474,13.447885100733254,20.60276897833168
1.0,58.38828350945377,84.38707236381748,118.88334692861196,48.85954958963559,82.55205176747057,122.2590189783698
