time,s1,s2,s3,s4,s5,s6
0.0,20.83650626869848,17.01185954777071,25.937426349133126,20.095604594696425,21.289213082125478,12.293868410128823
1.0,57.388589602064336,86.11602621451206,127.5936763491784,56.64768792807455,90.3933797488628,113.95011841016694
