time,s1,s2,s3,s4,s5,s6
0.0,18.801497487101944,14.331050576240848,14.635814665410493,12.799679328501862,18.29704106380582,15.254695812058523
1.0,55.3535808204678,83.4352172429822,116.29206466545577,49.35176266187998,87.40120773054313,116.91094581209664
