time,s1,s2,s3,s4,s5,s6
0.0,20.080762118408426,10.975119829032511,24.777651918168445,21.56076229194261,23.938793374904392,11.967970982459423
1.0,56.63284545177429,80.07928649577386,126.43390191821372,58.11284562532072,93.0429600416417,113.62422098249753
