time,s1,s2,s3,s4,s5,s6
0.0,23.88557979622592,29.090099009098196,14.801814073650503,21.38187908061431,13.230957462200049,13.137774454700901
1.0,60.437663129591776,98.19426567583955,116.45806407369578,57.93396241399243,82.33512412893737,114.79402445473902
