time,s1,s2,s3,s4,s5,s6
0.0,25.616614264643793,24.75462149444192,13.04474101282457,15.616679012855707,26.316770376244406,11.76005211491101
1.0,62.16869759800965,93.85878816118327,114.70099101286985,52.16876234623383,95.42093704298172,113.41630211494912
