time,s1,s2,s3,s4,s5,s6
0.0,17.08261410102473,23.399575134239434,12.79683337866816,23.780085628117444,10.198546574200687,27.806226105132993
1.0,53.63469743439059,92.50374180098078,114.45308337871343,60.33216896149556,79.302713240938,129.4624761051711
