time,s1,s2,s3,s4,s5,s6
0.0,11.003742683420391,15.062155992154198,26.739174948246145,21.085791682836298,22.74798041580066,22.097234757302445
1.0,47.55582601678625,84.16632265889555,128.3954249482914,57.637875016214416,91.85214708253798,123.75348475734056
