time,s1,s2,s3,s4,s5,s6
0.0,10.395981008679014,14.409291464008538,29.55391699796053,24.970380490426287,21.42404271877019,11.493646862714543
1.0,46.94806434204487,83.51345813074988,131.2101669980058,61.52246382380441,90.5282093855075,113.14989686275266
