time,s1,s2,s3,s4,s5,s6
0.0,18.116259725064452,24.613996837050735,24.10060567320014,17.051391849328727,10.620289176110196,28.40532259565392
1.0,54.66834305843031,93.71816350379208,125.75685567324541,53.603475182706845,79.7244558428475,130.06157259569204
