time,s1,s2,s3,s4,s5,s6
0.0,25.096317880611164,27.07168888933967,26.068427491482694,20.64146085440461,14.804569320337631,29.093737579193032
1.0,61.648401213977024,96.17585555608102,127.72467749152797,57.19354418778273,83.90873598707495,130.74998757923115
