time,s1,s2,s3,s4,s5,s6
0.0,21.30546859576191,13.212324405253506,11.444519244176421,19.960480005082182,13.335283019675687,29.294368622855956
1.0,57.857551929127766,82.31649107199486,113.1007692442217,56.512563338460296,82.439449686413,130.95061862289407
