time,s1,s2,s3,s4,s5,s6
0.0,14.318678319093458,14.57780274325389,24.623820711553247,13.805039680460666,19.008517223728717,25.507863180396875
1.0,50.870761652459315,83.68196940999525,126.28007071159853,50.35712301383879,88.11268389046603,127.16411318043498
