time,s1,s2,s3,s4,s5,s6
0.0,29.355283503288657,27.84432174011561,12.166956337976988,22.192387359274505,27.774503719080826,15.47938054073137
1.0,65.90736683665452,96.94848840685697,113.82320633802226,58.74447069265263,96.87867038581814,117.13563054076948
