time,s1,s2,s3,s4,s5,s6
0.0,14.945372765442892,12.252649975673704,17.299176004208995,13.17315557820682,12.93870005973119,24.47404811341699
1.0,51.49745609880875,81.35681664241505,118.95542600425428,49.72523891158494,82.0428667264685,126.13029811345511
