time,s1,s2,s3,s4,s5,s6
0.0,10.962521232119617,13.890419761207795,22.56189052840446,22.225942630082876,25.65503536423037,25.7829357407985
1.0,47.51460456548547,82.99458642794914,124.21814052844974,58.77802596346099,94.75920203096769,127.4391857408366
