time,s1,s2,s3,s4,s5,s6
0.0,27.573066083207273,29.42581150044993,16.47187888871643,22.145102221613204,14.559799775409372,15.627001495236295
1.0,64.12514941657312,98.52997816719127,118.12812888876171,58.69718555499132,83.66396644214669,117.28325149527441
