time,s1,s2,s3,s4,s5,s6
0.0,21.43038226460275,12.486264694306135,27.45508253122744,28.785572361118167,29.285813346776532,22.480990607635576
1.0,57.982465597968606,81.59043136104748,129.11133253127272,65.33765569449628,98.38998001351385,124.13724060767369
