time,s1,s2,s3,s4,s5,s6
0.0,13.742985748527872,14.734567017179177,20.199635113625327,20.238070499323584,14.353759635602032,22.692253897096617
1.0,50.29506908189373,83.83873368392052,121.8558851136706,56.790153832701705,83.45792630233935,124.34850389713473
