time,s1,s2,s3,s4,s5,s6
0.0,23.259884652108674,14.42172117154991,19.53762863652464,13.627010409287802,18.00199447482477,20.612846274930632
1.0,59.81196798547453,83.52588783829125,121.19387863656992,50.17909374266592,87.10616114156208,122.26909627496875
