time,s1,s2,s3,s4,s5,s6
0.0,24.37945714294569,19.656242632981318,27.856525528310073,20.78025103521904,18.918936818371417,21.220744435559805
1.0,60.93154047631155,88.76040929972267,129.51277552835535,57.33233436859716,88.02310348510873,122.87699443559792
