time,s1,s2,s3,s4,s5,s6
0.0,22.116691500238932,14.901874347356124,16.429939284411926,17.018189159827795,17.415927482653643,13.363869596447362
1.0,58.668774833604786,84.00604101409748,118.0861892844572,53.57027249320591,86.52009414939096,115.02011959648547
