time,s1,s2,s3,s4,s5,s6
0.0,14.839484710902354,10.502632239217897,20.949614851518458,28.1614888151897,27.898189365544543,19.36244753176038
1.0,51.39156804426821,79.60679890595925,122.60586485156374,64.71357214856782,97.00235603228185,121.0186975317985
