time,s1,s2,s3,s4,s5,s6
0.0,11.055505417448215,13.095170813217178,10.091999381568183,29.942850830171817,24.43005491033425,11.20917369925779
1.0,47.607588750814074,82.19933747995853,111.74824938161346,66.49493416354994,93.53422157707156,112.8654236992959
