time,s1,s2,s3,s4,s5,s6
0.0,25.00657974625502,24.729596276803637,20.152895340369717,27.293732531314607,25.022229593570128,19.83940006192609
1.0,61.55866307962088,93.83376294354498,121.809145340415,63.845815864692725,94.12639626030744,121.4956500619642
