time,s1,s2,s3,s4,s5,s6
0.0,14.087421469512712,10.700871219858929,14.755832458342631,16.36658736414489,27.159344505909885,14.034557517851685
1.0,50.63950480287857,79.80503788660027,116.4120824583879,52.918670697523005,96.2635111726472,115.6908075178898
