time,s1,s2,s3,s4,s5,s6
0.0,12.430094077468691,28.252128595305777,28.125380713372486,11.174797112278151,26.829572278288992,21.824002384415863
1.0,48.98217741083455,97.35629526204713,129.78163071341777,47.72688044565627,95.9337389450263,123.48025238445398
