time,s1,s2,s3,s4,s5,s6
0.0,23.504279889514216,23.822567896477796,29.62086549643171,27.297327903855788,27.94433661639561,24.318428274019286
1.0,60.05636322288007,92.92673456321914,131.277115496477,63.84941123723391,97.04850328313293,125.9746782740574
