time,s1,s2,s3,s4,s5,s6
0.0,10.700872406707887,26.58084385560458,24.61901133488198,19.304445266810088,20.437408422008026,24.228746745504633
1.0,47.252955740073745,95.68501052234593,126.27526133492725,55.856528600188206,89.54157508874533,125.88499674554275
