time,s1,s2,s3,s4,s5,s6
0.0,23.78422891386405,22.191338204520633,10.150774236939723,21.250657580584893,14.856548969994325,15.532448374685258
1.0,60.33631224722991,91.29550487126198,111.807024236985,57.80274091396301,83.96071563673163,117.18869837472337
