time,s1,s2,s3,s4,s5,s6
0.0,21.21456624158494,17.90939279574242,12.149446510281994,19.152507568782454,27.443322881535988,25.471338611217973
1.0,57.7666495749508,87.01355946248377,113.80569651032727,55.70459090216057,96.5474895482733,127.12758861125609
