time,s1,s2,s3,s4,s5,s6
0.0,23.605324193169345,28.148950389293255,10.641293389795727,23.46796410987113,27.30463897961531,19.584837964064096
1.0,60.1574075265352,97.2531170560346,112.297543389841,60.02004744324925,96.40880564635262,121.2410879641022
