time,s1,s2,s3,s4,s5,s6
0.0,16.39780478172054,24.82922490736757,26.899874131590025,15.58280838293689,20.240774334852706,11.617858150894234
1.0,52.949888115086395,93.93339157410892,128.5561241316353,52.13489171631501,89.34494100159002,113.27410815093235
