time,s1,s2,s3,s4,s5,s6
0.0,26.30102504803847,16.716052882842078,28.958100324353346,10.161679103755748,26.189697069461054,26.019468796025382
1.0,62.853108381404326,85.82021954958343,130.61435032439863,46.713762437133866,95.29386373619838,127.67571879606349
