time,s1,s2,s3,s4,s5,s6
0.0,27.15602770237282,22.76913368234026,28.693025895042368,29.513017636262695,10.706938146445285,12.001452093415422
1.0,63.70811103573868,91.8733003490816,130.34927589508766,66.06510096964081,79.8111048131826,113.65770209345354
