time,s1,s2,s3,s4,s5,s6
0.0,17.81544219377275,27.851864685034116,22.04878327142682,17.922530187396802,29.325986564472664,20.71007567064374
1.0,54.36752552713861,96.95603135177547,123.7050332714721,54.474613520774916,98.43015323120997,122.36632567068185
