time,s1,s2,s3,s4,s5,s6
0.0,13.865452342215153,23.528270865310056,14.629763508800735,13.672598022095489,28.6432780395598,26.064896078374478
1.0,50.417535675581014,92.6324375320514,116.28601350884601,50.22468135547361,97.74744470629712,127.72114607841259
