time,s1,s2,s3,s4,s5,s6
0.0,28.331952738224405,16.423006069701287,23.176786527601497,11.230840316372,26.476529828448726,25.673591953437366
1.0,64.88403607159026,85.52717273644264,124.83303652764677,47.78292364975012,95.58069649518603,127.32984195347548
