time,s1,s2,s3,s4,s5,s6
0.0,22.477851513100312,22.36132153528562,10.40669249021433,19.358667084413078,14.247042431057457,28.807129698676338
1.0,59.02993484646617,91.46548820202696,112.0629424902596,55.91075041779119,83.35120909779477,130.46337969871445
