time,s1,s2,s3,s4,s5,s6
0.0,28.385006445634723,22.745941920648495,19.94482411848331,21.194786906855775,19.367049776102334,24.16103943718491
1.0,64.93708977900059,91.85010858738984,121.60107411852859,57.74687024023389,88.47121644283965,125.81728943722302
