time,s1,s2,s3,s4,s5,s6
0.0,13.594946398193805,10.651263544857386,11.723365421015368,17.735139431576798,22.556721960390043,10.588508335718686
1.0,50.14702973155966,79.75543021159874,113.37961542106065,54.28722276495491,91.66088862712736,112.2447583357568
