time,s1,s2,s3,s4,s5,s6
0.0,26.331928556468064,10.25441297293174,21.430264729672466,19.233112049542918,21.10779890672754,11.433959004769223
1.0,62.88401188983392,79.3585796396731,123.08651472971773,55.78519538292104,90.21196557346485,113.09020900480733
