time,s1,s2,s3,s4,s5,s6
0.0,11.647422019857283,13.013288186356572,15.871127008572262,15.78144816513294,19.829401238922532,13.930167867201375
1.0,48.19950535321956,82.11745485309261,117.52737700861071,52.33353149850835,88.93356790565396,115.58641786723156
