time,s1,s2,s3,s4,s5,s6
0.0,26.87338486814064,25.970801786588318,26.382071735447425,28.718229975938954,29.53267631292692,19.677140610407335
1.0,63.425468201504266,95.07496845332875,128.0383217354926,65.27031330931653,98.63684297966276,121.33339061044248
