time,s1,s2,s3,s4,s5,s6
0.0,26.30099694937983,26.32129833513919,11.346742402127912,15.25475808522796,17.082536269526088,17.504808699488517
1.0,62.85308028274569,95.42546500188054,113.00299240217319,51.806841418606076,86.1867029362634,119.16105869952663
