time,s1,s2,s3,s4,s5,s6
0.0,20.121448149802543,29.330839981748802,12.781688312574262,28.58336669507982,19.31848085512307,10.952291862489997
1.0,56.673531483164226,98.43500664848511,114.43793831261348,65.13545002845478,88.42264752185504,112.60854186252126
