time,s1,s2,s3,s4,s5,s6
0.0,19.086444292145018,17.838037513534257,25.453315933520816,25.54404569694152,14.033315494564704,24.340570768127233
1.0,55.638527625510875,86.94220418027561,127.10956593356609,62.09612903031964,83.13748216130202,125.99682076816535
