time,s1,s2,s3,s4,s5,s6
0.0,12.381323816911136,29.818629588356234,12.039441410035623,29.76357310967203,17.59040254001143,16.409779477628206
1.0,48.93340715027571,98.92279625509856,113.69569141008172,66.3156564430492,86.69456920674759,118.06602947766444
