time,s1,s2,s3,s4,s5,s6
0.0,11.47505705816756,22.779861076942993,12.495609223512114,16.262977888311518,22.79219013196569,29.615720716872712
1.0,48.027140391533415,91.88402774368434,114.1518592235574,52.81506122168964,91.89635679870301,131.27197071691083
