time,s1,s2,s3,s4,s5,s6
0.0,11.30438236181061,12.000081087041485,10.532400666247126,20.00467934027185,13.865564947315729,24.80000456543239
1.0,47.85646569517647,81.10424775378283,112.1886506662924,56.55676267364997,82.96973161405305,126.4562545654705
