time,s1,s2,s3,s4,s5,s6
0.0,10.64596636111416,28.389528129220302,13.11464286090889,25.097244546530128,23.434209140409617,14.74119866837041
1.0,47.19804969448002,97.49369479596166,114.77089286095416,61.64932787990825,92.53837580714693,116.39744866840853
