time,s1,s2,s3,s4,s5,s6
0.0,14.97258670435361,23.479564906802217,21.882634959613576,18.294903628540652,23.109772255075143,19.05668965147516
1.0,51.52467003771947,92.58373157354356,123.53888495965884,54.84698696191877,92.21393892181246,120.71293965151327
