time,s1,s2,s3,s4,s5,s6
0.0,25.52398413615977,23.487174594262008,18.12733707174803,16.29291247739818,13.59340857629318,28.781656548027257
1.0,62.076067469525626,92.59134126100335,119.7835870717933,52.8449958107763,82.6975752430305,130.43790654806537
