time,s1,s2,s3,s4,s5,s6
0.0,17.60855101713446,25.733361737890974,12.539768746198312,11.12262817526921,10.977782917861973,28.4048097426004
1.0,54.160634350498086,94.83752840463141,114.19601874624348,47.674711508646794,80.08194958459781,130.06105974263554
