time,s1,s2,s3,s4,s5,s6
0.0,26.956651586391736,24.83267495815361,19.057757850950168,18.69857118667926,17.82448576732607,25.870613669497256
1.0,63.50873491975401,93.93684162488964,120.71400785098862,55.250654520054674,86.9286524340575,127.52686366952744
