time,s1,s2,s3,s4,s5,s6
0.0,16.649576193782565,16.85199108787383,10.556017556502495,15.174144474420947,22.17021807677051,21.564854209006853
1.0,53.20165952714842,85.95615775461518,112.21226755654777,51.72622780779906,91.27438474350782,123.22110420904497
