time,s1,s2,s3,s4,s5,s6
0.0,13.776010600594846,12.050861858431247,15.446859912483559,14.134477232251701,20.7174536816374,28.76940560493861
1.0,50.3280939339607,81.1550285251726,117.10310991252884,50.68656056562982,89.82162034837472,130.42565560497673
