time,s1,s2,s3,s4,s5,s6
0.0,24.932108292043218,15.463565742855057,17.577109406478385,21.65829954672101,10.220823619049657,17.003642066367934
1.0,61.484191625409075,84.5677324095964,119.23335940652366,58.21038288009913,79.32499028578697,118.65989206640604
