time,s1,s2,s3,s4,s5,s6
0.0,28.799995649403375,21.16334139456395,28.087424710911108,11.972107401082535,21.725254470657227,26.101831294429175
1.0,65.35207898276923,90.2675080613053,129.74367471095638,48.52419073446065,90.82942113739453,127.75808129446729
