time,s1,s2,s3,s4,s5,s6
0.0,19.104596935176446,14.636859814449005,18.884350497251273,12.667917742801508,21.106552584861394,11.20251731711014
1.0,55.6566802685423,83.74102648119036,120.54060049729655,49.22000107617963,90.2107192515987,112.85876731714825
