time,s1,s2,s3,s4,s5,s6
0.0,11.059226161756659,26.90830967719358,20.709290212194816,26.833561955858098,15.182789579164899,13.213786578079239
1.0,47.61130949512251,96.01247634393494,122.36554021224009,63.385645289236216,84.28695624590222,114.87003657811735
