time,s1,s2,s3,s4,s5,s6
0.0,12.151974260096921,22.868002190339816,24.83504038317927,25.279980388108434,24.766767929063036,21.167438491100164
1.0,48.70405759346278,91.97216885708116,126.49129038322454,61.83206372148655,93.87093459580035,122.82368849113828
