time,s1,s2,s3,s4,s5,s6
0.0,11.805791120714842,14.85367649380457,27.535764639656655,27.516782265500936,26.18114473662446,29.35906309483081
1.0,48.3578744540807,83.95784316054592,129.19201463970194,64.06886559887906,95.28531140336177,131.01531309486893
