time,s1,s2,s3,s4,s5,s6
0.0,25.354260201542893,22.0410807504909,12.784264690328605,14.295501907271301,28.67254970893271,18.42688867229885
1.0,61.90634353490875,91.14524741723226,114.44051469037389,50.84758524064942,97.77671637567002,120.08313867233696
