time,s1,s2,s3,s4,s5,s6
0.0,24.955917371845224,27.911574254916196,17.56637384218253,11.196871046648635,18.249164404848337,24.786291191966995
1.0,61.50800070521108,97.01574092165754,119.2226238422278,47.74895438002675,87.35333107158564,126.44254119200511
