time,s1,s2,s3,s4,s5,s6
0.0,14.879970571707837,17.018021412975298,29.818487539121808,10.100649443373705,12.837875556133048,14.10114465325642
1.0,51.432053905073694,86.12218807971665,131.47473753916708,46.65273277675182,81.94204222287036,115.75739465329454
