time,s1,s2,s3,s4,s5,s6
0.0,23.225639142751362,10.249621742949927,20.263600459246888,27.586218267297493,10.057129019999254,17.824414229680396
1.0,59.77772247611722,79.35378840969128,121.91985045929216,64.13830160067562,79.16129568673657,119.48066422971851
