time,s1,s2,s3,s4,s5,s6
0.0,18.790386930672376,23.793834549539987,23.724253014403637,16.185555146628083,16.389227227562227,13.59619177674932
1.0,55.34247026403823,92.89800121628134,125.38050301444892,52.7376384800062,85.49339389429954,115.25244177678744
