time,s1,s2,s3,s4,s5,s6
0.0,12.438141912564273,11.582484515407094,28.009642881725295,23.022525552581236,12.467638118594369,11.058961797949728
1.0,48.990225245930134,80.68665118214844,129.66589288177056,59.57460888595936,81.57180478533168,112.71521179798785
