time,s1,s2,s3,s4,s5,s6
0.0,13.84433409172414,20.86239691516983,28.09706753249326,14.753365831429786,21.844134230399707,28.347216547852497
1.0,50.39641742508999,89.96656358191117,129.75331753253855,51.305449164807904,90.94830089713702,130.0034665478906
