time,s1,s2,s3,s4,s5,s6
0.0,16.46875828358487,11.539885281871388,29.882580134483618,27.843356701874644,21.49498578210409,27.712165967970638
1.0,53.020841616950726,80.64405194861274,131.5388301345289,64.39544003525276,90.59915244884141,129.36841596800875
