time,s1,s2,s3,s4,s5,s6
0.0,17.204437667470238,18.053026112362488,20.96314171325879,22.632814234264792,20.22554377167718,16.431689840056915
1.0,53.75652100083192,87.1571927790988,122.61939171329801,59.18489756763975,89.32971043840915,118.08793984008818
