time,s1,s2,s3,s4,s5,s6
0.0,10.614320785112923,16.273966195846892,14.369253705054856,15.510162838271102,17.72788184536716,27.443368200418792
1.0,47.16640411847878,85.37813286258825,116.02550370510014,52.06224617164922,86.83204851210448,129.09961820045692
