time,s1,s2,s3,s4,s5,s6
0.0,11.972730741506068,15.528301089607368,22.161349619724255,29.541302884354938,27.661833700826573,12.83001191682811
1.0,48.52481407487193,84.63246775634872,123.81759961976952,66.09338621773306,96.76600036756389,114.48626191686623
