time,s1,s2,s3,s4,s5,s6
0.0,13.810005879874016,18.367925691725198,18.44517356941979,22.5999173642935,14.605142540730196,18.733454428300305
1.0,50.36208921323988,87.47209235846654,120.10142356946507,59.15200069767162,83.70930920746751,120.38970442833842
