time,s1,s2,s3,s4,s5,s6
0.0,25.622756083335453,19.460007381629435,15.849109837703226,17.772043825870906,10.854772261161349,17.930006386663543
1.0,62.17483941670131,88.56417404837079,117.5053598377485,54.324127159249024,79.95893892789866,119.58625638670166
