time,s1,s2,s3,s4,s5,s6
0.0,17.59636249527538,22.417122202922666,25.749180421793902,12.06013601044742,21.36220113617958,17.70165431758267
1.0,54.148445828641236,91.52128886966402,127.40543042183918,48.61221934382554,90.46636780291689,119.35790431762078
