time,s1,s2,s3,s4,s5,s6
0.0,15.850976345009329,28.862097079371736,21.774255164339,10.633087254107195,23.76676164080946,12.261537399367672
1.0,52.403059678375186,97.96626374611309,123.43050516438427,47.18517058748532,92.87092830754678,113.91778739940578
