time,s1,s2,s3,s4,s5,s6
0.0,19.9544294897809,13.731284479903552,17.956485886085012,14.476679062706452,23.079496505626892,12.055143558582625
1.0,56.50651282314676,82.8354511466449,119.6127358861303,51.028762396084566,92.1836631723642,113.71139355862074
