time,s1,s2,s3,s4,s5,s6
0.0,14.306615508359808,17.71062381788346,22.052261028325688,25.757932217079205,20.80959745512034,17.35378409181867
1.0,50.85869884172567,86.81479048462481,123.70851102837096,62.31001555045732,89.91376412185765,119.01003409185678
