time,s1,s2,s3,s4,s5,s6
0.0,18.485379441531798,18.53719409705849,16.575072496647962,19.467977739118083,15.59946307698472,12.626128212298543
1.0,55.037462774897655,87.64136076379984,118.23132249669324,56.020061072496205,84.70362974372203,114.28237821233665
