time,s1,s2,s3,s4,s5,s6
0.0,13.841799604722926,26.185045477378914,12.105203078317277,17.897163889794903,26.84755667865354,26.20590113082324
1.0,50.39388293808878,95.28921214412026,113.76145307836255,54.44924722317302,95.95172334539086,127.86215113086135
