time,s1,s2,s3,s4,s5,s6
0.0,12.222603315172183,15.357152481139929,29.553706929421722,18.563442820884887,27.152718537660007,29.409493715599226
1.0,48.77468664853804,84.46131914788128,131.209956929467,55.11552615426301,96.25688520439732,131.06574371563732
