time,s1,s2,s3,s4,s5,s6
0.0,22.631213554195114,28.309089709899226,23.754888794156663,10.23902864202757,10.826363499285476,10.74542198510192
1.0,59.18329688756097,97.41325637664058,125.41113879420195,46.791111975405684,79.93053016602279,112.40167198514004
