time,s1,s2,s3,s4,s5,s6
0.0,18.323230906473825,10.034737817856401,14.544344577956425,15.990744670305673,14.12955820637298,21.488656551610582
1.0,54.87531423983968,79.13890448459775,116.2005945780017,52.542828003683795,83.23372487311029,123.14490655164869
