time,s1,s2,s3,s4,s5,s6
0.0,13.31930011608775,25.84793543371896,28.62791398489833,21.20737490821884,15.913175935137293,21.126499668360324
1.0,49.8713834494536,94.95210210046031,130.2841639849436,57.75945824159696,85.0173426018746,122.78274966839844
