time,s1,s2,s3,s4,s5,s6
0.0,10.81138139672044,20.85031423003339,21.600210688584227,28.522765500055318,18.425429500922007,21.12532460806773
1.0,47.36346473008407,89.95448089677383,123.25646068862939,65.0748488334329,87.52959616765784,122.78157460810287
