time,s1,s2,s3,s4,s5,s6
0.0,22.37321109275936,15.984335749175088,22.04347556421423,16.54209977546479,19.905062777061328,20.482612974063922
1.0,58.92529442612522,85.08850241591644,123.69972556425951,53.094183108842905,89.00922944379865,122.13886297410204
