time,s1,s2,s3,s4,s5,s6
0.0,20.02794894778299,15.373153379117177,29.70547722980388,16.591546972223718,23.960743422232014,13.903646421666595
1.0,56.580032281148846,84.47732004585853,131.36172722984915,53.14363030560183,93.06491008896933,115.5598964217047
