time,s1,s2,s3,s4,s5,s6
0.0,20.06265825478432,25.902452614090137,12.039227149433431,24.009162924528205,10.648109247977198,18.684552755708385
1.0,56.61474158815018,95.00661928083149,113.6954771494787,60.56124625790632,79.75227591471452,120.3408027557465
