time,s1,s2,s3,s4,s5,s6
0.0,14.834986028335383,13.466978331168121,15.612637012653266,13.067680811882651,11.012639128387185,28.2833966408367
1.0,51.387069361701236,82.57114499790947,117.26888701269854,49.61976414526077,80.11680579512449,129.9396466408748
