time,s1,s2,s3,s4,s5,s6
0.0,25.02348767510469,17.975189441083764,17.631884552285634,20.11707091536545,16.11936263024159,15.470974623211529
1.0,61.57557100847055,87.0793561078251,119.2881345523309,56.66915424874357,85.2235292969789,117.12722462324965
