time,s1,s2,s3,s4,s5,s6
0.0,10.402858564527747,10.003061233888424,11.034097776166332,25.605686729393952,13.89764172896619,16.049561020133012
1.0,46.954941897893605,79.10722790062977,112.69034777621161,62.15777006277207,83.0018083957035,117.70581102017113
