time,s1,s2,s3,s4,s5,s6
0.0,28.941045300112847,27.61725141841047,15.609934869656026,29.398832359572687,14.575790192612889,13.147277123288983
1.0,65.4931286334787,96.72141808515181,117.2661848697013,65.9509156929508,83.6799568593502,114.8035271233271
