time,s1,s2,s3,s4,s5,s6
0.0,11.024277187219134,23.83137685805349,13.786995367706522,21.67279929770063,20.470653273369244,19.396244849066093
1.0,47.57636052058499,92.93554352479484,115.4432453677518,58.22488263107875,89.57481994010656,121.0524948491042
