time,s1,s2,s3,s4,s5,s6
0.0,19.519259219051783,13.186783123061506,12.31360896201669,17.284743905532082,15.700737352128924,15.004202277342127
1.0,56.07134255241764,82.29094978980285,113.96985896206196,53.8368272389102,84.80490401886624,116.66045227738024
