time,s1,s2,s3,s4,s5,s6
0.0,15.146856736306763,23.06001888369999,27.167762784957166,18.457582388994062,23.771063914740203,19.42701063672215
1.0,51.69894006967262,92.16418555044135,128.82401278500245,55.009665722372176,92.87523058147752,121.08326063676026
