time,s1,s2,s3,s4,s5,s6
0.0,29.852569401364068,23.097250087641903,29.319561900878842,29.939767790729444,17.40215186006896,27.694063474660055
1.0,66.40465273472992,92.20141675438325,130.97581190092413,66.49185112410757,86.50631852680627,129.35031347469817
