time,s1,s2,s3,s4,s5,s6
0.0,22.48674540707593,28.79413747688064,29.38585293412629,29.351954478827068,20.084165447885642,15.227856537956255
1.0,59.03882874044179,97.89830414362198,131.04210293417157,65.90403781220519,89.18833211462295,116.88410653799437
