time,s1,s2,s3,s4,s5,s6
0.0,13.919226694203527,14.245411978893586,19.175035925339397,24.98410004641114,12.766319051270823,17.54142904449456
1.0,50.47131002756715,83.34957864563403,120.83128592538456,61.536183379788724,81.87048571800666,119.1976790445297
