time,s1,s2,s3,s4,s5,s6
0.0,14.50785733856968,13.236033688408554,25.541311523270355,23.6899736041865,10.847311399597563,19.35379124947118
1.0,51.059940671935536,82.3402003551499,127.19756152331563,60.24205693756462,79.95147806633487,121.0100412495093
