time,s1,s2,s3,s4,s5,s6
0.0,15.519348769906538,15.914116885494739,24.48105040641982,24.386013772930575,17.457160542730605,16.949589810524657
1.0,52.07143210327239,85.01828355223608,126.1373004064651,60.93809710630869,86.56132720946792,118.60583981056277
