time,s1,s2,s3,s4,s5,s6
0.0,26.058280958454358,15.472575979964194,24.37218922650338,16.818224827852788,20.433452857034567,29.72131659177077
1.0,62.61036429181799,84.57674264670463,126.02843922654854,53.37030816123037,89.5376195237704,131.3775665918059
