time,s1,s2,s3,s4,s5,s6
0.0,20.0,20.0,20.0,20.000000000000004,20.0,20.0
1.0,59.79844221009192,95.59688442020501,131.39532663028763,59.798442210087984,95.59688442019822,131.39532663028479
