time,s1,s2,s3,s4,s5,s6
0.0,20.0,20.0,20.0,20.000000000000004,20.0,20.0
1.0,53.9944361451903,83.98887229040437,113.98330843560535,53.99443614520291,83.98887229041702,113.98330843560964
