time,s1,s2,s3,s4,s5,s6
0.0,20.0,20.0,20.0,20.000000000000004,20.0,20.0
1.0,53.31533579775083,82.63067159551485,111.94600739325078,53.31533579775409,82.63067159551585,111.94600739325797
