time,s1,s2,s3,s4,s5,s6
0.0,20.0,20.0,20.0,20.000000000000004,20.0,20.0
1.0,57.517520162671985,91.03504032535734,124.55256048798132,57.51752016268111,91.03504032535352,124.55256048798122
