time,s1,s2,s3,s4,s5,s6
0.0,20.0,20.0,20.0,20.000000000000004,20.0,20.0
1.0,56.115322633200805,88.2306452664283,120.34596789962114,56.11532263321376,88.23064526643928,120.34596789961952
