time,s1,s2,s3,s4,s5,s6
0.0,20.0,20.0,20.0,20.000000000000004,20.0,20.0
1.0,57.543818481358585,91.08763696273746,124.63145544407094,57.54381848136751,91.08763696273621,124.63145544406798
