time,s1,s2,s3,s4,s5,s6
0.0,20.0,20.0,20.0,20.000000000000004,20.0,20.0
1.0,62.40172120704416,100.80344241409898,139.20516362109987,62.40172120704937,100.8034424140962,139.20516362110234
