time,s1,s2,s3,s4,s5,s6
0.0,20.0,20.0,20.0,20.000000000000004,20.0,20.0
1.0,53.25472070089757,82.50944140181689,111.7641621026848,53.254720700904,82.50944140181758,111.764162102684
