time,s1,s2,s3,s4,s5,s6
0.0,20.0,20.0,20.0,20.000000000000004,20.0,20.0
1.0,56.12389156595174,88.24778313192759,120.37167469785496,56.1238915659617,88.24778313193174,120.37167469786012
