time,s1,s2,s3,s4,s5,s6
0.0,20.0,20.0,20.0,20.000000000000004,20.0,20.0
1.0,58.02780218109339,92.05560436220159,126.08340654325005,58.02780218110163,92.05560436219861,126.08340654324252
