time,s1,s2,s3,s4,s5,s6
0.0,20.0,20.0,20.0,20.000000000000004,20.0,20.0
1.0,58.53889841281125,93.07779682565813,127.61669523847343,58.53889841282381,93.07779682565574,127.61669523846572
