time,s1,s2,s3,s4,s5,s6
0.0,20.0,20.0,20.0,20.000000000000004,20.0,20.0
1.0,52.74851442468599,81.49702884939235,110.24554327405963,52.74851442469914,81.49702884939956,110.2455432740573
