time,s1,s2,s3,s4,s5,s6
0.0,20.0,20.0,20.0,20.000000000000004,20.0,20.0
1.0,52.78046985769199,81.56093971539329,110.34140957305226,52.78046985770121,81.5609397153942,110.34140957305421
