time,s1,s2,s3,s4,s5,s6
0.0,20.0,20.0,20.0,20.000000000000004,20.0,20.0
1.0,55.63078217363468,87.26156434728838,118.89234652090545,55.63078217363861,87.26156434728726,118.892346520903
