time,s1,s2,s3,s4,s5,s6
0.0,20.0,20.0,20.0,20.000000000000004,20.0,20.0
1.0,57.40015861052592,90.80031722108336,124.20047583158009,57.40015861054134,90.8003172210846,124.20047583159159
