time,s1,s2,s3,s4,s5,s6
0.0,20.0,20.0,20.0,20.000000000000004,20.0,20.0
1.0,52.254728978301564,80.50945795661121,108.76418693487635,52.25472897830625,80.50945795661279,108.76418693487659
