time,s1,s2,s3,s4,s5,s6
0.0,20.0,20.0,20.0,20.000000000000004,20.0,20.0
1.0,56.27829520019027,88.55659040040099,120.83488560057339,56.278295200203885,88.55659040041385,120.8348856005785
