time,s1,s2,s3,s4,s5,s6
0.0,20.0,20.0,20.0,20.000000000000004,20.0,20.0
1.0,55.691040581434166,87.38208116289579,119.07312174430575,55.691040581440866,87.38208116289229,119.07312174430267
