time,s1,s2,s3,s4,s5,s6
0.0,20.0,20.0,20.0,20.000000000000004,20.0,20.0
1.0,56.23298607704058,88.46597215409878,120.69895823111781,56.23298607704558,88.46597215410443,120.69895823111978
