time,s1,s2,s3,s4,s5,s6
0.0,20.0,20.0,20.0,20.000000000000004,20.0,20.0
1.0,56.92842842690139,89.85685685382963,122.78528528070531,56.92842842690909,89.85685685382663,122.7852852807072
