time,s1,s2,s3,s4,s5,s6
0.0,20.0,20.0,20.0,20.000000000000004,20.0,20.0
1.0,57.35446159669998,90.70892319343423,124.06338479011018,57.354461596726246,90.70892319343832,124.06338479010317
