time,s1,s2,s3,s4,s5,s6
0.0,20.0,20.0,20.0,20.000000000000004,20.0,20.0
1.0,58.47960717100797,92.95921434204473,127.43882151302213,58.4796071710178,92.95921434203504,127.43882151302111
