time,s1,s2,s3,s4,s5,s6
0.0,20.0,20.0,20.0,20.000000000000004,20.0,20.0
1.0,60.75653594309149,97.51307188618976,134.26960782923607,60.75653594309563,97.51307188618824,134.26960782923285
