time,s1,s2,s3,s4,s5,s6
0.0,20.0,20.0,20.0,20.000000000000004,20.0,20.0
1.0,57.92429118735001,91.84858237473293,125.7728735620797,57.92429118735974,91.84858237473179,125.77287356207111
