time,s1,s2,s3,s4,s5,s6
0.0,20.0,20.0,20.0,20.000000000000004,20.0,20.0
1.0,64.77505439923652,105.5501087985017,146.32516319773808,64.77505439924535,105.55010879850593,146.32516319773532
