time,s1,s2,s3,s4,s5,s6
0.0,20.0,20.0,20.0,20.000000000000004,20.0,20.0
1.0,57.9898855651763,91.97977113036782,125.96965669551858,57.98988556517783,91.97977113036211,125.96965669551744
