time,s1,s2,s3,s4,s5,s6
0.0,20.0,20.0,20.0,20.000000000000004,20.0,20.0
1.0,57.508014731272894,91.01602946255358,124.52404419378226,57.50801473127786,91.0160294625475,124.52404419377922
