time,s1,s2,s3,s4,s5,s6
0.0,20.0,20.0,20.0,20.000000000000004,20.0,20.0
1.0,65.38881013960635,106.77762027921989,148.16643041880602,65.38881013960929,106.77762027921715,148.16643041880144
