time,s1,s2,s3,s4,s5,s6
0.0,20.0,20.0,20.0,20.000000000000004,20.0,20.0
1.0,60.4013649610274,96.80272992206986,133.20409488306365,60.401364961033735,96.80272992206307,133.20409488306188
