time,s1,s2,s3,s4,s5,s6
0.0,20.0,20.0,20.0,20.000000000000004,20.0,20.0
1.0,52.61688306332051,81.23376612663414,109.85064918992762,52.61688306332313,81.23376612664251,109.85064918993166
