time,s1,s2,s3,s4,s5,s6
0.0,20.0,20.0,20.0,20.000000000000004,20.0,20.0
1.0,58.855243028412104,93.71048605685601,128.56572908525274,58.855243028420055,93.71048605684999,128.5657290852515
