time,s1,s2,s3,s4,s5,s6
0.0,20.0,20.0,20.0,20.000000000000004,20.0,20.0
1.0,53.30232142512822,82.604642850272,111.90696427538904,53.302321425128746,82.60464285027659,111.906964275399
