time,s1,s2,s3,s4,s5,s6
0.0,20.0,20.0,20.0,20.000000000000004,20.0,20.0
1.0,53.69369096138165,83.38738192278186,113.08107288413846,53.69369096139173,83.38738192278669,113.08107288414072
