time,s1,s2,s3,s4,s5,s6
0.0,20.0,20.0,20.0,20.000000000000004,20.0,20.0
1.0,58.69472841934005,93.38945683869508,128.08418525801835,58.69472841935185,93.38945683870509,128.0841852580286
