time,s1,s2,s3,s4,s5,s6
0.0,20.0,20.0,20.0,20.000000000000004,20.0,20.0
1.0,51.400451360714776,78.80090272145245,106.201354082161,51.400451360724105,78.80090272145901,106.20135408215793
