time,s1,s2,s3,s4,s5,s6
0.0,20.0,20.0,20.0,20.000000000000004,20.0,20.0
1.0,54.38280927272481,84.76561854546607,115.14842781818304,54.38280927272895,84.7656185454602,115.14842781818837
