time,s1,s2,s3,s4,s5,s6
0.0,20.0,20.0,20.0,20.000000000000004,20.0,20.0
1.0,62.13459883366909,100.26919766735095,138.40379650101167,62.13459883367866,100.2691976673637,138.4037965010253
