time,s1,s2,s3,s4,s5,s6
0.0,20.0,20.0,20.0,20.000000000000004,20.0,20.0
1.0,54.93400451414698,85.86800902831335,116.8020135424602,54.93400451415348,85.86800902832297,116.8020135424579
