time,s1,s2,s3,s4,s5,s6
0.0,20.0,20.0,20.0,20.000000000000004,20.0,20.0
1.0,55.267746067148934,86.5354921343365,117.8032382014906,55.2677460671618,86.53549213434323,117.80323820149358
