time,s1,s2,s3,s4,s5,s6
0.0,20.0,20.0,20.0,20.000000000000004,20.0,20.0
1.0,56.869583880792106,89.73916776159122,122.6087516423616,56.86958388080244,89.73916776159919,122.6087516423608
