time,s1,s2,s3,s4,s5,s6
0.0,20.0,20.0,20.0,20.000000000000004,20.0,20.0
1.0,54.22690401720219,84.45380803441662,114.68071205158088,54.2269040172048,84.45380803442222,114.68071205157918
