time,s1,s2,s3,s4,s5,s6
0.0,20.0,20.0,20.0,20.000000000000004,20.0,20.0
1.0,55.34952565698876,86.69905131399688,118.04857697095713,55.349525656998836,86.69905131399682,118.04857697096013
