time,s1,s2,s3,s4,s5,s6
0.0,20.0,20.0,20.0,20.000000000000004,20.0,20.0
1.0,50.46719969352917,76.93439938708012,103.40159908057474,50.46719969353842,76.93439938707866,103.401599080567
