time,s1,s2,s3,s4,s5,s6
0.0,20.0,20.0,20.0,20.000000000000004,20.0,20.0
1.0,60.86008151159041,97.72016302320385,134.58024453477952,60.86008151159992,97.7201630232107,134.5802445347776
