time,s1,s2,s3,s4,s5,s6
0.0,20.0,20.0,20.0,20.000000000000004,20.0,20.0
1.0,51.7558569574873,79.51171391499837,107.26757087244462,51.755856957495055,79.51171391499844,107.26757087244596
