time,s1,s2,s3,s4,s5,s6
0.0,20.0,20.0,20.0,20.000000000000004,20.0,20.0
1.0,56.21484602835345,88.42969205673326,120.64453808506488,56.214846028367276,88.42969205673432,120.64453808507139
