time,s1,s2,s3,s4,s5,s6
0.0,20.0,20.0,20.0,20.000000000000004,20.0,20.0
1.0,54.01954238091861,84.03908476184098,114.05862714273363,54.019542380916015,84.03908476184318,114.05862714273364
