time,s1,s2,s3,s4,s5,s6
0.0,20.0,20.0,20.0,20.000000000000004,20.0,20.0
1.0,57.41517942313692,90.83035884630827,124.24553826943044,57.415179423149716,90.83035884630903,124.24553826943213
