time,s1,s2,s3,s4,s5,s6
0.0,20.0,20.0,20.0,20.000000000000004,20.0,20.0
1.0,63.198458379076975,102.39691675818322,141.5953751372311,63.19845837908811,102.39691675818118,141.59537513723086
