time,s1,s2,s3,s4,s5,s6
0.0,20.0,20.0,20.0,20.000000000000004,20.0,20.0
1.0,59.436517808182955,94.87303561637496,130.3095534245454,59.43651780818796,94.87303561637466,130.30955342454305
