time,s1,s2,s3,s4,s5,s6
0.0,20.0,20.0,20.0,20.000000000000004,20.0,20.0
1.0,60.16482042975343,96.32964085952634,132.49446128926544,60.16482042976679,96.32964085952881,132.4944612892554
