time,s1,s2,s3,s4,s5,s6
0.0,20.0,20.0,20.0,20.000000000000004,20.0,20.0
1.0,54.25878377079479,84.5175675415998,114.77635131234518,54.25878377079968,84.51756754159649,114.77635131234693
