time,s1,s2,s3,s4,s5,s6
0.0,20.0,20.0,20.0,20.000000000000004,20.0,20.0
1.0,51.875871263504315,79.75174252702912,107.62761379051146,51.87587126351417,79.75174252702924,107.62761379050949
