time,s1,s2,s3,s4,s5,s6
0.0,20.0,20.0,20.0,20.000000000000004,20.0,20.0
1.0,53.73561886323503,83.47123772648452,113.20685658969055,53.73561886323629,83.47123772648067,113.20685658968831
