time,s1,s2,s3,s4,s5,s6
0.0,20.0,20.0,20.0,20.000000000000004,20.0,20.0
1.0,56.02624495998259,88.05248991998832,120.07873487997443,56.02624495999425,88.05248992000129,120.07873487997036
