time,s1,s2,s3,s4,s5,s6
0.0,20.0,20.0,20.0,20.000000000000004,20.0,20.0
1.0,61.73385547010649,99.4677109402258,137.20156641030871,61.73385547011229,99.46771094022853,137.20156641030076
