time,s1,s2,s3,s4,s5,s6
0.0,20.0,20.0,20.0,20.000000000000004,20.0,20.0
1.0,55.378820240108,86.75764048023296,118.13646072032148,55.378820240112205,86.75764048023375,118.13646072031867
