time,s1,s2,s3,s4,s5,s6
0.0,20.0,20.0,20.0,20.000000000000004,20.0,20.0
1.0,57.01879254084599,90.03758508171936,123.05637762255424,57.018792540855635,90.03758508171607,123.0563776225543
