time,s1,s2,s3,s4,s5,s6
0.0,20.0,20.0,20.0,20.000000000000004,20.0,20.0
1.0,55.5778695191869,87.15573903839763,118.7336085575632,55.57786951918611,87.1557390383905,118.73360855756621
