time,s1,s2,s3,s4,s5,s6
0.0,20.0,20.0,20.0,20.000000000000004,20.0,20.0
1.0,58.34159027677153,92.68318055357103,127.02477083030891,58.34159027678171,92.68318055356002,127.02477083030307
