time,s1,s2,s3,s4,s5,s6
0.0,20.0,20.0,20.0,20.000000000000004,20.0,20.0
1.0,60.1297421594016,96.25948431880832,132.3892264781907,60.129742159406064,96.25948431880389,132.389226478177
