time,s1,s2,s3,s4,s5,s6
0.0,20.0,20.0,20.0,20.000000000000004,20.0,20.0
1.0,55.654005111548955,87.30801022314056,118.96201533468967,55.65400511156362,87.30801022314516,118.9620153346913
