time,s1,s2,s3,s4,s5,s6
0.0,20.0,20.0,20.0,20.000000000000004,20.0,20.0
1.0,56.401887753152906,88.80377550632181,121.20566325942978,56.40188775315679,88.80377550631975,121.2056632594329
