time,s1,s2,s3,s4,s5,s6
0.0,20.0,20.0,20.0,20.000000000000004,20.0,20.0
1.0,54.46683048819939,84.93366097641275,115.40049146460129,54.46683048820735,84.93366097641717,115.40049146460768
