time,s1,s2,s3,s4,s5,s6
0.0,20.0,20.0,20.0,20.000000000000004,20.0,20.0
1.0,55.967490082950334,87.93498016592295,119.90247024884624,55.96749008295899,87.93498016592986,119.90247024885599
