time,s1,s2,s3,s4,s5,s6
0.0,20.0,20.0,20.0,20.000000000000004,20.0,20.0
1.0,54.97653818312966,85.95307636628814,116.92961454940558,54.976538183140036,85.95307636629569,116.92961454940951
