time,s1,s2,s3,s4,s5,s6
0.0,20.0,20.0,20.0,20.000000000000004,20.0,20.0
1.0,51.39509713457844,78.79019426916851,106.18529140371734,51.395097134585725,78.7901942691741,106.18529140371527
