time,s1,s2,s3,s4,s5,s6
0.0,20.0,20.0,20.0,20.000000000000004,20.0,20.0
1.0,59.23668436772783,94.47336873546617,129.7100531031761,59.236684367734554,94.47336873546885,129.71005310317798
