time,s1,s2,s3,s4,s5,s6
0.0,20.0,20.0,20.0,20.000000000000004,20.0,20.0
1.0,50.88011659320516,77.76023318644285,104.6403497796625,50.88011659321744,77.7602331864565,104.64034977966273
