time,s1,s2,s3,s4,s5,s6
0.0,20.0,20.0,20.0,20.000000000000004,20.0,20.0
1.0,57.170752665669724,90.34150533135222,123.51225799700353,57.17075266567047,90.34150533135369,123.51225799700107
