time,s1,s2,s3,s4,s5,s6
0.0,20.0,20.0,20.0,20.000000000000004,20.0,20.0
1.0,52.904663801694795,81.80932760339269,110.71399140508484,52.9046638016988,81.80932760340106,110.71399140508633
