time,s1,s2,s3,s4,s5,s6
0.0,20.0,20.0,20.0,20.000000000000004,20.0,20.0
1.0,61.035263695259104,98.0705273905324,135.10579108576079,61.0352636952656,98.07052739052773,135.10579108575476
