time,s1,s2,s3,s4,s5,s6
0.0,20.0,20.0,20.0,20.000000000000004,20.0,20.0
1.0,59.292183945551926,94.58436789112616,129.87655183666848,59.29218394556259,94.58436789112744,129.8765518366652
