time,s1,s2,s3,s4,s5,s6
0.0,20.0,20.0,20.0,20.000000000000004,20.0,20.0
1.0,56.062823465452546,88.12564693111949,120.18847039690777,56.06282346544603,88.12564693113855,120.188470396925
