time,s1,s2,s3,s4,s5,s6
0.0,20.0,20.0,20.0,20.000000000000004,20.0,20.0
1.0,54.93782768103155,85.87565536209216,116.81348304310649,54.93782768103883,85.8756553620951,116.8134830431114
