time,s1,s2,s3,s4,s5,s6
0.0,20.0,20.0,20.0,20.000000000000004,20.0,20.0
1.0,54.04315251193192,84.08630502386896,114.1294575357851,54.04315251194352,84.0863050238786,114.12945753578862
