time,s1,s2,s3,s4,s5,s6
0.0,20.0,20.0,20.0,20.000000000000004,20.0,20.0
1.0,56.28515428872547,88.57030857748059,120.8554628661894,56.285154288738575,88.57030857748724,120.85546286619648
