time,s1,s2,s3,s4,s5,s6
0.0,20.0,20.0,20.0,20.000000000000004,20.0,20.0
1.0,55.300966557757526,86.60193311553225,117.9028996732556,55.300966557771574,86.6019331155298,117.9028996732633
