time,s1,s2,s3,s4,s5,s6
0.0,20.0,20.0,20.0,20.000000000000004,20.0,20.0
1.0,55.523617875273445,87.04723575057945,118.57085362584245,55.523617875278106,87.04723575057531,118.57085362584102
