time,s1,s2,s3,s4,s5,s6
0.0,20.0,20.0,20.0,20.000000000000004,20.0,20.0
1.0,60.43500139398151,96.87000278797781,133.30500418194896,60.435001393990206,96.87000278798439,133.30500418194697
