time,s1,s2,s3,s4,s5,s6
0.0,20.0,20.0,20.0,20.000000000000004,20.0,20.0
1.0,55.8205775451694,87.64115509034036,119.46173263546697,55.8205775451714,87.64115509034764,119.46173263547654
