time,s1,s2,s3,s4,s5,s6
0.0,20.0,20.0,20.0,20.000000000000004,20.0,20.0
1.0,59.02605167942821,94.0521033588781,129.07815503829406,59.0260516794397,94.05210335887797,129.0781550382925
