time,s1,s2,s3,s4,s5,s6
0.0,20.0,20.0,20.0,20.000000000000004,20.0,20.0
1.0,55.43884777253625,86.87769554510118,118.31654331763255,55.438847772549,86.87769554510473,118.3165433176292
