time,s1,s2,s3,s4,s5,s6
0.0,20.0,20.0,20.0,20.000000000000004,20.0,20.0
1.0,55.23039929306449,86.46079858615525,117.69119787920017,55.23039929307157,86.46079858616478,117.69119787918805
