time,s1,s2,s3,s4,s5,s6
0.0,20.0,20.0,20.0,20.000000000000004,20.0,20.0
1.0,59.94385163591363,95.88770327184687,131.83155490772884,59.943851635918776,95.88770327184231,131.831554907717
