time,s1,s2,s3,s4,s5,s6
0.0,20.0,20.0,20.0,20.000000000000004,20.0,20.0
1.0,63.783849321279604,103.56769864258095,143.3515479638683,63.783849321287235,103.56769864259623,143.35154796387727
