time,s1,s2,s3,s4,s5,s6
0.0,20.0,20.0,20.0,20.000000000000004,20.0,20.0
1.0,55.58379688064801,87.16759376132794,118.75139064196185,55.58379688065765,87.16759376132856,118.75139064195918
