time,s1,s2,s3,s4,s5,s6
0.0,20.0,20.0,20.0,20.000000000000004,20.0,20.0
1.0,59.89930861609444,95.79861723220935,131.6979258482932,59.89930861610229,95.79861723221812,131.69792584829696
