time,s1,s2,s3,s4,s5,s6
0.0,20.0,20.0,20.0,20.000000000000004,20.0,20.0
1.0,59.65542967685336,95.31085935370783,130.9662890305326,59.65542967686126,95.31085935372778,130.96628903054508
