time,s1,s2,s3,s4,s5,s6
0.0,20.0,20.0,20.0,20.000000000000004,20.0,20.0
1.0,54.68097342147986,85.36194684297908,116.04292026444514,54.680973421484296,85.3619468429869,116.0429202644488
