time,s1,s2,s3,s4,s5,s6
0.0,20.0,20.0,20.0,20.000000000000004,20.0,20.0
1.0,56.12979872438039,88.25959744879584,120.38939617316169,56.12979872439108,88.25959744880329,120.38939617316134
