time,s1,s2,s3,s4,s5,s6
0.0,20.0,20.0,20.0,20.000000000000004,20.0,20.0
1.0,54.090154202003035,84.18030840401251,114.27046260598978,54.090154202007234,84.18030840401218,114.27046260599394
