time,s1,s2,s3,s4,s5,s6
0.0,20.0,20.0,20.0,20.000000000000004,20.0,20.0
1.0,55.754176374058325,87.50835274813545,119.26252912217015,55.754176374069864,87.50835274813711,119.26252912217018
