time,s1,s2,s3,s4,s5,s6
0.0,20.0,20.0,20.0,20.000000000000004,20.0,20.0
1.0,54.39720278376478,84.79440556754273,115.19160835126166,54.397202783770126,84.79440556753437,115.19160835126084
