time,s1,s2,s3,s4,s5,s6
0.0,20.0,20.0,20.0,20.000000000000004,20.0,20.0
1.0,53.85886836806627,83.71773673614014,113.57660510415995,53.858868368069295,83.71773673613808,113.57660510416304
