time,s1,s2,s3,s4,s5,s6
0.0,20.0,20.0,20.0,20.000000000000004,20.0,20.0
1.0,57.66428215625785,91.32856431254184,124.99284646877203,57.664282156269984,91.32856431253288,124.99284646876663
