time,s1,s2,s3,s4,s5,s6
0.0,20.0,20.0,20.0,20.000000000000004,20.0,20.0
1.0,56.494955330736545,88.98991066127826,121.48486599173926,56.49495533075206,88.98991066126291,121.48486599173583
