time,s1,s2,s3,s4,s5,s6
0.0,20.0,20.0,20.0,20.000000000000004,20.0,20.0
1.0,54.16913429264578,84.3382685853115,114.50740287793069,54.16913429265597,84.33826858532122,114.50740287794474
