time,s1,s2,s3,s4,s5,s6
0.0,20.0,20.0,20.0,20.000000000000004,20.0,20.0
1.0,58.028840193111236,92.05768038624466,126.08652057932639,58.028840193121084,92.05768038624458,126.08652057932089
