time,s1,s2,s3,s4,s5,s6
0.0,20.0,20.0,20.0,20.000000000000004,20.0,20.0
1.0,56.65690100894189,89.31380201789882,121.97070302682971,56.65690100895947,89.31380201792129,121.97070302684031
