time,s1,s2,s3,s4,s5,s6
0.0,20.0,20.0,20.0,20.000000000000004,20.0,20.0
1.0,58.42442574153861,92.84885148310097,127.27327722460154,58.424425741542876,92.84885148309357,127.273277224601
