time,s1,s2,s3,s4,s5,s6
0.0,20.0,20.0,20.0,20.000000000000004,20.0,20.0
1.0,57.536723683965235,91.07344736794137,124.6101710518513,57.53672368398264,91.07344736793873,124.61017105184277
