time,s1,s2,s3,s4,s5,s6
0.0,20.0,20.0,20.0,20.000000000000004,20.0,20.0
1.0,56.72847313226022,89.45694626453106,122.18541939675521,56.72847313226988,89.45694626453292,122.18541939675058
