time,s1,s2,s3,s4,s5,s6
0.0,20.0,20.0,20.0,20.000000000000004,20.0,20.0
1.0,56.0384851789426,88.07697035788544,120.11545553677519,56.03848517893683,88.0769703578765,120.11545553676687
