time,s1,s2,s3,s4,s5,s6
0.0,20.0,20.0,20.0,20.000000000000004,20.0,20.0
1.0,56.06950559267443,88.13901118537234,120.2085167780453,56.06950559268555,88.13901118537721,120.20851677804923
