time,s1,s2,s3,s4,s5,s6
0.0,20.0,20.0,20.0,20.000000000000004,20.0,20.0
1.0,56.330626618249525,88.66125323650239,120.99187985469237,56.330626618257625,88.6612532364982,120.99187985468438
