time,s1,s2,s3,s4,s5,s6
0.0,20.0,20.0,20.0,20.000000000000004,20.0,20.0
1.0,54.01357103896336,84.02714207794612,114.04071311690772,54.013571038977275,84.0271420779603,114.04071311691115
