time,s1,s2,s3,s4,s5,s6
0.0,20.0,20.0,20.0,20.000000000000004,20.0,20.0
1.0,57.549983459613955,91.0999669192526,124.64995037885537,57.54998345962117,91.09996691925866,124.64995037885285
