time,s1,s2,s3,s4,s5,s6
0.0,20.0,20.0,20.0,20.000000000000004,20.0,20.0
1.0,52.56027271955012,81.12054543911938,109.68081815866135,52.56027271956012,81.12054543912579,109.68081815866304
