time,s1,s2,s3,s4,s5,s6
0.0,20.0,20.0,20.0,20.000000000000004,20.0,20.0
1.0,61.38815478490639,98.77630956982145,136.16446435467486,61.388154784910625,98.7763095698171,136.1644643546743
