time,s1,s2,s3,s4,s5,s6
0.0,20.0,20.0,20.0,20.000000000000004,20.0,20.0
1.0,61.02516150209655,98.05032300420748,135.07548450626382,61.025161502102684,98.05032300420211,135.07548450625788
