time,s1,s2,s3,s4,s5,s6
0.0,20.0,20.0,20.0,20.000000000000004,20.0,20.0
1.0,61.365244580802184,98.7304891616239,136.0957337423912,61.36524458081141,98.73048916162188,136.095733742388
