time,s1,s2,s3,s4,s5,s6
0.0,20.0,20.0,20.0,20.000000000000004,20.0,20.0
1.0,54.10218622929047,84.20437245859074,114.30655868787225,54.10218622929877,84.20437245860089,114.30655868788234
