time,s1,s2,s3,s4,s5,s6
0.0,20.0,20.0,20.0,20.000000000000004,20.0,20.0
1.0,62.19990145756556,100.39980291544015,138.59970437285415,62.19990145778252,100.39980291556051,138.599704372877
