time,s1,s2,s3,s4,s5,s6
0.0,20.0,20.0,20.0,20.000000000000004,20.0,20.0
1.0,53.75702312315659,83.51404624630239,113.27106936942917,53.75702312315996,83.51404624631039,113.2710693694306
