time,s1,s2,s3,s4,s5,s6
0.0,20.0,20.0,20.0,20.000000000000004,20.0,20.0
1.0,54.521553806767486,85.043107613554,115.5646614202958,54.521553806776126,85.0431076135518,115.5646614202916
