time,s1,s2,s3,s4,s5,s6
0.0,20.0,20.0,20.0,20.000000000000004,20.0,20.0
1.0,54.29281238340178,84.58562476681443,114.87843715019673,54.29281238340609,84.58562476681965,114.87843715020378
