time,s1,s2,s3,s4,s5,s6
0.0,20.0,20.0,20.0,20.000000000000004,20.0,20.0
1.0,56.390021170249184,88.78004234051993,121.1700635107412,56.39002117025775,88.78004234052369,121.17006351074258
