time,s1,s2,s3,s4,s5,s6
0.0,20.0,20.0,20.0,20.000000000000004,20.0,20.0
1.0,57.718427777046514,91.43685555412786,125.15528333115967,57.7184277770647,91.43685555412908,125.15528333115458
