time,s1,s2,s3,s4,s5,s6
0.0,20.0,20.0,20.0,20.000000000000004,20.0,20.0
1.0,53.998283160930065,83.99656632189483,113.9948494828318,53.99828316093691,83.99656632189779,113.99484948283315
