time,s1,s2,s3,s4,s5,s6
0.0,20.0,20.0,20.0,20.000000000000004,20.0,20.0
1.0,56.074348961429436,88.14869792287786,120.22304688426902,56.07434896144154,88.14869792287809,120.22304688426351
