time,s1,s2,s3,s4,s5,s6
0.0,20.0,20.0,20.0,20.000000000000004,20.0,20.0
1.0,57.72609371815415,91.4521874363226,125.17828115447485,57.72609371817218,91.45218743633532,125.17828115447657
