time,s1,s2,s3,s4,s5,s6
0.0,20.0,20.0,20.0,20.000000000000004,20.0,20.0
1.0,56.47388810898418,88.94777621796896,121.42166432690445,56.473888108992234,88.94777621796607,121.421664326896
