time,s1,s2,s3,s4,s5,s6
0.0,20.0,20.0,20.0,20.000000000000004,20.0,20.0
1.0,59.19499551144272,94.38999102290484,129.5849865343126,59.194995511447026,94.38999102289898,129.5849865343141
