time,s1,s2,s3,s4,s5,s6
0.0,20.0,20.0,20.0,20.000000000000004,20.0,20.0
1.0,55.777227762501866,87.55445552502846,119.33168328751128,55.77722776251832,87.55445552503005,119.33168328751768
