time,s1,s2,s3,s4,s5,s6
0.0,20.0,20.0,20.0,20.000000000000004,20.0,20.0
1.0,59.226436496212955,94.4528729924428,129.67930948864557,59.22643649621544,94.45287299244416,129.6793094886478
