time,s1,s2,s3,s4,s5,s6
0.0,20.0,20.0,20.0,20.000000000000004,20.0,20.0
1.0,58.023688468838,92.04737693769323,126.07106540650187,58.02368846884269,92.04737693769047,126.07106540649292
