time,s1,s2,s3,s4,s5,s6
0.0,20.0,20.0,20.0,20.000000000000004,20.0,20.0
1.0,54.682531313080936,85.3650626261765,116.04759393922002,54.68253131308733,85.36506262617523,116.04759393922355
