time,s1,s2,s3,s4,s5,s6
0.0,20.0,20.0,20.0,20.000000000000004,20.0,20.0
1.0,61.288871190400215,98.57774238080509,135.86661357114713,61.28887119040311,98.57774238079998,135.8666135711428
