time,s1,s2,s3,s4,s5,s6
0.0,20.0,20.0,20.0,20.000000000000004,20.0,20.0
1.0,54.91560844919941,85.83121689842764,116.7468253476074,54.91560844921034,85.83121689842875,116.74682534761304
