time,s1,s2,s3,s4,s5,s6
0.0,20.0,20.0,20.0,20.000000000000004,20.0,20.0
1.0,59.212250761509225,94.4245015230507,129.6367522845368,59.212250761519726,94.42450152304738,129.63675228454443
