time,s1,s2,s3,s4,s5,s6
0.0,20.0,20.0,20.0,20.000000000000004,20.0,20.0
1.0,57.56809318498245,91.13618636998534,124.70427955495549,57.568093184986694,91.13618636998932,124.7042795549527
