time,s1,s2,s3,s4,s5,s6
0.0,20.0,20.0,20.0,20.000000000000004,20.0,20.0
1.0,62.53524588814526,101.0704917763149,139.60573766442687,62.53524588814994,101.0704917763097,139.60573766442806
