time,s1,s2,s3,s4,s5,s6
0.0,20.0,20.0,20.0,20.000000000000004,20.0,20.0
1.0,66.17093189286169,108.34186378571084,150.5127956785226,66.17093189286743,108.34186378571717,150.51279567851927
