time,s1,s2,s3,s4,s5,s6
0.0,20.0,20.0,20.0,20.000000000000004,20.0,20.0
1.0,60.58241454156183,97.16482908313313,133.7472436246665,60.58241454157351,97.16482908313967,133.7472436246664
