time,s1,s2,s3,s4,s5,s6
0.0,20.0,20.0,20.0,20.000000000000004,20.0,20.0
1.0,61.27745972560017,98.5549194512225,135.83237917679907,61.277459725602824,98.55491945122007,135.8323791767994
