time,s1,s2,s3,s4,s5,s6
0.0,20.0,20.0,20.0,20.000000000000004,20.0,20.0
1.0,54.967572769460546,85.93514553894585,116.90271830840108,54.96757276947158,85.93514553896486,116.90271830841274
