time,s1,s2,s3,s4,s5,s6
0.0,20.0,20.0,20.0,20.000000000000004,20.0,20.0
1.0,50.82814865720116,77.65629731441595,104.48444597159386,50.82814865720192,77.65629731441902,104.48444597159913
