time,s1,s2,s3,s4,s5,s6
0.0,20.0,20.0,20.0,20.000000000000004,20.0,20.0
1.0,53.088908629594115,82.17781725920476,111.26672588877864,53.088908629603566,82.17781725921338,111.26672588879215
