time,s1,s2,s3,s4,s5,s6
0.0,20.0,20.0,20.0,20.000000000000004,20.0,20.0
1.0,70.74933987969999,117.49867975974249,164.24801963941496,70.74933988005763,117.49867976003011,164.2480196395823
