time,s1,s2,s3,s4,s5,s6
0.0,20.0,20.0,20.0,20.000000000000004,20.0,20.0
1.0,57.1728227723344,90.34564554469912,123.51846831701629,57.172822772346464,90.34564554469847,123.51846831702095
