time,s1,s2,s3,s4,s5,s6
0.0,20.0,20.0,20.0,20.000000000000004,20.0,20.0
1.0,55.50037468617637,87.00074937236064,118.50112405850663,55.50037468618173,87.0007493723642,118.50112405849922
