time,s1,s2,s3,s4,s5,s6
0.0,20.0,20.0,20.0,20.000000000000004,20.0,20.0
1.0,55.76918566271755,87.5383713254578,119.30755698815892,55.76918566272436,87.53837132546091,119.30755698816384
