time,s1,s2,s3,s4,s5,s6
0.0,20.0,20.0,20.0,20.000000000000004,20.0,20.0
1.0,55.97622431499856,87.95244863002713,119.92867294503256,55.97622431501037,87.95244863003911,119.92867294503344
