time,s1,s2,s3,s4,s5,s6
0.0,20.0,20.0,20.0,20.000000000000004,20.0,20.0
1.0,54.47295766707809,84.94591533417308,115.4188730012394,54.47295766708531,84.9459153341793,115.41887300123116
