time,s1,s2,s3,s4,s5,s6
0.0,20.0,20.0,20.0,20.000000000000004,20.0,20.0
1.0,57.38985178257261,90.77970356516515,124.16955534770281,57.389851782585175,90.77970356516718,124.1695553477024
