time,s1,s2,s3,s4,s5,s6
0.0,20.0,20.0,20.0,20.000000000000004,20.0,20.0
1.0,60.085660271477536,96.17132054297647,132.25698081444318,60.08566027147815,96.17132054297846,132.25698081443224
