time,s1,s2,s3,s4,s5,s6
0.0,20.0,20.0,20.0,20.000000000000004,20.0,20.0
1.0,55.323480501700516,86.64696100343896,117.97044150512365,55.3234805017135,86.64696100344501,117.97044150512632
