time,s1,s2,s3,s4,s5,s6
0.0,20.0,20.0,20.0,20.000000000000004,20.0,20.0
1.0,53.22647202202998,82.4529440440804,111.67941606610424,53.22647202205174,82.45294404409884,111.67941606610208
