time,s1,s2,s3,s4,s5,s6
0.0,20.0,20.0,20.0,20.000000000000004,20.0,20.0
1.0,61.06735427561131,98.13470855123376,135.20206282680667,61.06735427562317,98.13470855123342,135.202062826804
