time,s1,s2,s3,s4,s5,s6
0.0,20.0,20.0,20.0,20.000000000000004,20.0,20.0
1.0,55.82715333760391,87.6543066752176,119.4814600127614,55.82715333760869,87.65430667521633,119.48146001276785
