time,s1,s2,s3,s4,s5,s6
0.0,20.0,20.0,20.0,20.000000000000004,20.0,20.0
1.0,59.358899748158834,94.71779949632304,130.07669924447652,59.358899748161726,94.71779949633031,130.076699244476
