time,s1,s2,s3,s4,s5,s6
0.0,20.0,20.0,20.0,20.000000000000004,20.0,20.0
1.0,57.98103718854794,91.96207437711794,125.94311156563327,57.981037188553124,91.96207437710939,125.94311156563302
