time,s1,s2,s3,s4,s5,s6
0.0,20.0,20.0,20.0,20.000000000000004,20.0,20.0
1.0,57.22102502788434,90.44205005579788,123.66307508368388,57.22102502789336,90.44205005580389,123.66307508368602
