time,s1,s2,s3,s4,s5,s6
0.0,20.0,20.0,20.0,20.000000000000004,20.0,20.0
1.0,58.92147328840777,93.84294657684231,128.76441986523105,58.92147328841624,93.84294657683333,128.76441986522636
