time,s1,s2,s3,s4,s5,s6
0.0,20.0,20.0,20.0,20.000000000000004,20.0,20.0
1.0,59.63972027975305,95.2794405595364,130.9191608392918,59.63972027976814,95.27944055954387,130.91916083928962
