time,s1,s2,s3,s4,s5,s6
0.0,20.0,20.0,20.0,20.000000000000004,20.0,20.0
1.0,57.204575251522236,90.40915050305586,123.61372575454857,57.20457525152167,90.40915050305797,123.61372575454928
