time,s1,s2,s3,s4,s5,s6
0.0,20.0,20.0,20.0,20.000000000000004,20.0,20.0
1.0,54.548658856143604,85.0973177123114,115.64597656844091,54.548658856150794,85.09731771230997,115.64597656843995
