time,s1,s2,s3,s4,s5,s6
0.0,20.0,20.0,20.0,20.000000000000004,20.0,20.0
1.0,52.75331824483471,81.50663648968954,110.25995473449231,52.753318244842724,81.50663648969645,110.25995473449541
