time,s1,s2,s3,s4,s5,s6
0.0,20.0,20.0,20.0,20.000000000000004,20.0,20.0
1.0,58.8989811295325,93.79796225907747,128.69694338858267,58.89898112953819,93.79796225907646,128.6969433885905
