time,s1,s2,s3,s4,s5,s6
0.0,20.0,20.0,20.0,20.000000000000004,20.0,20.0
1.0,56.93452554252232,89.86905108505351,122.80357662753312,56.93452554252704,89.86905108505289,122.80357662753178
