time,s1,s2,s3,s4,s5,s6
0.0,20.0,20.0,20.0,20.000000000000004,20.0,20.0
1.0,57.319296249172254,90.6385924983735,123.95788874752199,57.31929624918638,90.63859249837252,123.95788874751608
