time,s1,s2,s3,s4,s5,s6
0.0,20.0,20.0,20.0,20.000000000000004,20.0,20.0
1.0,55.278522129098825,86.55704425823315,117.83556638730406,55.27852212911433,86.55704425823552,117.83556638730613
