time,s1,s2,s3,s4,s5,s6
0.0,20.0,20.0,20.0,20.000000000000004,20.0,20.0
1.0,60.62386116990169,97.24772233982827,133.87158350970668,60.62386116990868,97.24772233982489,133.87158350970824
