time,s1,s2,s3,s4,s5,s6
0.0,20.0,20.0,20.0,20.000000000000004,20.0,20.0
1.0,54.83384853181457,85.66769706364772,116.50154559544438,54.83384853182081,85.66769706365034,116.5015455954449
