time,s1,s2,s3,s4,s5,s6
0.0,20.0,20.0,20.0,20.000000000000004,20.0,20.0
1.0,59.669195860687566,95.33839172138349,131.00758758205953,59.669195860695254,95.33839172139345,131.00758758206246
