time,s1,s2,s3,s4,s5,s6
0.0,20.0,20.0,20.0,20.000000000000004,20.0,20.0
1.0,52.987811323137656,81.97562264631493,110.96343396945194,52.98781132315146,81.97562264632121,110.96343396945912
