time,s1,s2,s3,s4,s5,s6
0.0,20.0,20.0,20.0,20.000000000000004,20.0,20.0
1.0,55.16956448089148,86.33912896181523,117.50869344269422,55.1695644808981,86.33912896181583,117.50869344270063
