time,s1,s2,s3,s4,s5,s6
0.0,20.0,20.0,20.0,20.000000000000004,20.0,20.0
1.0,58.198812660888976,92.39762532180644,126.59643798266946,58.1988126608981,92.39762532180873,126.59643798267678
