time,s1,s2,s3,s4,s5,s6
0.0,20.0,20.0,20.0,20.000000000000004,20.0,20.0
1.0,55.56886204902918,87.13772409808723,118.7065861471216,55.568862049031964,87.13772409808858,118.7065861471273
