time,s1,s2,s3,s4,s5,s6
0.0,20.0,20.0,20.0,20.000000000000004,20.0,20.0
1.0,54.905867488456764,85.8117349769289,116.7176024653563,54.90586748846383,85.81173497693602,116.71760246536087
