time,s1,s2,s3,s4,s5,s6
0.0,20.0,20.0,20.0,20.000000000000004,20.0,20.0
1.0,56.031724903927525,88.06344980788606,120.09517471179896,56.03172490393944,88.06344980789027,120.09517471179727
