time,s1,s2,s3,s4,s5,s6
0.0,20.0,20.0,20.0,20.000000000000004,20.0,20.0
1.0,52.813073124544644,81.62614624912366,110.4392193736756,52.81307312455244,81.62614624912655,110.43921937367377
