time,s1,s2,s3,s4,s5,s6
0.0,20.0,20.0,20.0,20.000000000000004,20.0,20.0
1.0,58.64275004646906,93.28550009296796,127.92825013943917,58.64275004647601,93.2855000929672,127.92825013943735
