time,s1,s2,s3,s4,s5,s6
0.0,20.0,20.0,20.0,20.000000000000004,20.0,20.0
1.0,56.45348327022923,88.90696654048308,121.36044981069068,56.45348327023915,88.9069665404894,121.36044981069577
