time,s1,s2,s3,s4,s5,s6
0.0,20.0,20.0,20.0,20.000000000000004,20.0,20.0
1.0,55.505628980986586,87.01125796200728,118.51688694296925,55.50562898099734,87.0112579620029,118.51688694296753
