time,s1,s2,s3,s4,s5,s6
0.0,20.0,20.0,20.0,20.000000000000004,20.0,20.0
1.0,58.444934013743676,92.88986802750094,127.33480204123393,58.44493401374872,92.88986802750134,127.33480204122628
