time,s1,s2,s3,s4,s5,s6
0.0,20.0,20.0,20.0,20.000000000000004,20.0,20.0
1.0,55.35016946549946,86.70033893102388,118.05050839650154,55.35016946550342,86.70033893102271,118.05050839650852
