time,s1,s2,s3,s4,s5,s6
0.0,20.0,20.0,20.0,20.000000000000004,20.0,20.0
1.0,59.601379315154716,95.20275863033314,130.80413794549716,59.601379315159285,95.20275863034048,130.80413794550066
