time,s1,s2,s3,s4,s5,s6
0.0,20.0,20.0,20.0,20.000000000000004,20.0,20.0
1.0,55.36932070053669,86.73864140111259,118.10796210165171,55.36932070054489,86.73864140111247,118.10796210165262
