time,s1,s2,s3,s4,s5,s6
0.0,20.0,20.0,20.0,20.000000000000004,20.0,20.0
1.0,54.51109173586024,85.02218347173681,115.53327520757043,54.511091735866735,85.0221834717369,115.53327520756939
