time,s1,s2,s3,s4,s5,s6
0.0,20.0,20.0,20.0,20.000000000000004,20.0,20.0
1.0,62.76345883437869,101.52691766877234,140.29037650311722,62.76345883439256,101.52691766877086,140.290376503125
