time,s1,s2,s3,s4,s5,s6
0.0,20.0,20.0,20.0,20.000000000000004,20.0,20.0
1.0,54.9841624903291,85.96832498067425,116.95248747097551,54.984162490337596,85.9683249806765,116.95248747097807
