time,s1,s2,s3,s4,s5,s6
0.0,20.0,20.0,20.0,20.000000000000004,20.0,20.0
1.0,60.35321377202361,96.7064275440683,133.0596413160769,60.35321377202712,96.70642754407278,133.0596413160769
