time,s1,s2,s3,s4,s5,s6
0.0,20.0,20.0,20.0,20.000000000000004,20.0,20.0
1.0,56.82872091203586,89.65744182408304,122.48616273609494,56.82872091204161,89.65744182408761,122.48616273610038
