time,s1,s2,s3,s4,s5,s6
0.0,20.0,20.0,20.0,20.000000000000004,20.0,20.0
1.0,59.89830294818033,95.79660589637872,131.69490884454848,59.89830294817942,95.79660589638527,131.69490884454754
