time,s1,s2,s3,s4,s5,s6
0.0,20.0,20.0,20.0,20.000000000000004,20.0,20.0
1.0,57.75189508414877,91.50379016831135,125.25568525241559,57.751895084153084,91.50379016830985,125.25568525241943
