time,s1,s2,s3,s4,s5,s6
0.0,20.0,20.0,20.0,20.000000000000004,20.0,20.0
1.0,54.32951624077691,84.65903248158034,114.9885487223573,54.32951624079005,84.6590324815876,114.98854872236568
