time,s1,s2,s3,s4,s5,s6
0.0,20.0,20.0,20.0,20.000000000000004,20.0,20.0
1.0,66.99301107398244,109.98602214825127,152.97903322207566,66.99301107423382,109.98602214842323,152.97903322204382
