time,s1,s2,s3,s4,s5,s6
0.0,20.0,20.0,20.0,20.000000000000004,20.0,20.0
1.0,56.014370615221935,88.02874123046401,120.04311184567098,56.01437061522098,88.02874123046706,120.04311184567702
