time,s1,s2,s3,s4,s5,s6
0.0,20.0,20.0,20.0,20.000000000000004,20.0,20.0
1.0,53.96989756267636,83.9397951253622,113.90969268803147,53.96989756268636,83.93979512536482,113.90969268803397
