time,s1,s2,s3,s4,s5,s6
0.0,20.0,20.0,20.0,20.000000000000004,20.0,20.0
1.0,57.55743902068561,91.114878041385,124.67231706203096,57.557439020690786,91.1148780413892,124.67231706202948
