time,s1,s2,s3,s4,s5,s6
0.0,20.0,20.0,20.0,20.000000000000004,20.0,20.0
1.0,54.61610311283006,85.23220622567129,115.84830933848077,54.616103112835475,85.23220622566943,115.84830933848282
