time,s1,s2,s3,s4,s5,s6
0.0,20.0,20.0,20.0,20.000000000000004,20.0,20.0
1.0,56.20704120714957,88.41408241432164,120.62112362145012,56.20704120716472,88.41408241432231,120.62112362144485
