time,s1,s2,s3,s4,s5,s6
0.0,20.0,20.0,20.0,20.000000000000004,20.0,20.0
1.0,53.826887646180246,83.65377529237063,113.48066293853392,53.826887646193626,83.65377529238654,113.48066293854299
