time,s1,s2,s3,s4,s5,s6
0.0,20.0,20.0,20.0,20.000000000000004,20.0,20.0
1.0,53.11302407876417,82.22604815757224,111.33907223633992,53.11302407877733,82.22604815758382,111.33907223634888
