time,s1,s2,s3,s4,s5,s6
0.0,20.0,20.0,20.0,20.000000000000004,20.0,20.0
1.0,57.19803738518681,90.39607477040778,123.59411215557972,57.19803738519515,90.39607477041115,123.59411215557984
