time,s1,s2,s3,s4,s5,s6
0.0,20.0,20.0,20.0,20.000000000000004,20.0,20.0
1.0,63.42753285792235,102.8550657158621,142.28259857377952,63.427532857923154,102.85506571586802,142.28259857377967
