time,s1,s2,s3,s4,s5,s6
0.0,20.0,20.0,20.0,20.000000000000004,20.0,20.0
1.0,54.81110169381142,85.6222033876484,116.43330508144552,54.8111016938215,85.62220338765246,116.43330508145176
