time,s1,s2,s3,s4,s5,s6
0.0,20.0,20.0,20.0,20.000000000000004,20.0,20.0
1.0,55.2672274511104,86.53445490225803,117.80168235335266,55.2672274511184,86.53445490225793,117.80168235335336
