time,s1,s2,s3,s4,s5,s6
0.0,20.0,20.0,20.0,20.000000000000004,20.0,20.0
1.0,58.84300911255967,93.6860182251366,128.52902733767604,58.84300911256392,93.68601822513845,128.52902733767598
