time,s1,s2,s3,s4,s5,s6
0.0,20.0,20.0,20.0,20.000000000000004,20.0,20.0
1.0,54.53428405018647,85.06856810039054,115.6028521505371,54.53428405019472,85.0685681003928,115.60285215053564
