time,s1,s2,s3,s4,s5,s6
0.0,20.0,20.0,20.0,20.000000000000004,20.0,20.0
1.0,63.303253955309266,102.60650791063385,141.90976186589856,63.30325395531325,102.60650791062506,141.90976186588998
