time,s1,s2,s3,s4,s5,s6
0.0,20.0,20.0,20.0,20.000000000000004,20.0,20.0
1.0,63.07773530327007,102.15547060655564,141.23320590981544,63.07773530326871,102.15547060655717,141.23320590980993
