time,s1,s2,s3,s4,s5,s6
0.0,20.0,20.0,20.0,20.000000000000004,20.0,20.0
1.0,52.50648489734449,81.01296979470916,109.51945469203108,52.506484897357204,81.01296979471778,109.51945469203012
