time,s1,s2,s3,s4,s5,s6
0.0,20.0,20.0,20.0,20.000000000000004,20.0,20.0
1.0,58.00946497893695,92.0189299578933,126.02839493680119,58.00946497895344,92.01892995789898,126.02839493680104
