time,s1,s2,s3,s4,s5,s6
0.0,20.0,20.0,20.0,20.000000000000004,20.0,20.0
1.0,51.39228789813276,78.78457579628393,106.17686369439741,51.392287898146115,78.78457579629253,106.17686369440182
