time,s1,s2,s3,s4,s5,s6
0.0,20.0,20.0,20.0,20.000000000000004,20.0,20.0
1.0,54.67761024979674,85.35522049961483,116.03283074939259,54.677610249809966,85.35522049962313,116.03283074940137
