time,s1,s2,s3,s4,s5,s6
0.0,20.0,20.0,20.0,20.000000000000004,20.0,20.0
1.0,58.70087147156658,93.40174294314596,128.10261441468765,58.70087147157105,93.40174294314792,128.10261441468816
