time,s1,s2,s3,s4,s5,s6
0.0,20.0,20.0,20.0,20.000000000000004,20.0,20.0
1.0,54.93125919836166,85.86251839673082,116.79377759506204,54.93125919836068,85.86251839673034,116.79377759506283
