time,s1,s2,s3,s4,s5,s6
0.0,20.0,20.0,20.0,20.000000000000004,20.0,20.0
1.0,54.550479216739,85.10095843349335,115.6514376501894,54.55047921675205,85.10095843349424,115.65143765019022
