time,s1,s2,s3,s4,s5,s6
0.0,20.0,20.0,20.0,20.000000000000004,20.0,20.0
1.0,60.010581783315004,96.0211635666431,132.03174534994082,60.010581783318514,96.02116356663599,132.03174534993084
