time,s1,s2,s3,s4,s5,s6
0.0,20.0,20.0,20.0,20.000000000000004,20.0,20.0
1.0,56.16182968257378,88.32365936517847,120.48548904773372,56.16182968258802,88.32365936518511,120.48548904773187
