time,s1,s2,s3,s4,s5,s6
0.0,20.0,20.0,20.0,20.000000000000004,20.0,20.0
1.0,52.596836673743496,81.19367334751766,109.79051002124507,52.59683667376517,81.19367334753096,109.79051002124257
