time,s1,s2,s3,s4,s5,s6
0.0,20.0,20.0,20.0,20.000000000000004,20.0,20.0
1.0,52.99808426056466,81.99616852115302,110.99425278172083,52.998084260570074,81.99616852116233,110.99425278172743
