time,s1,s2,s3,s4,s5,s6
0.0,20.0,20.0,20.0,20.000000000000004,20.0,20.0
1.0,55.103361926765096,86.20672385355206,117.31008578028501,55.10336192676772,86.2067238535449,117.31008578028782
