time,s1,s2,s3,s4,s5,s6
0.0,20.0,20.0,20.0,20.000000000000004,20.0,20.0
1.0,54.35712094537248,84.7142418907491,115.07136283608205,54.357120945372806,84.71424189075256,115.07136283608796
