time,s1,s2,s3,s4,s5,s6
0.0,20.0,20.0,20.0,20.000000000000004,20.0,20.0
1.0,56.7585632089222,89.51712641784981,122.2756896267166,56.75856320892083,89.51712641784128,122.27568962671246
