time,s1,s2,s3,s4,s5,s6
0.0,20.0,20.0,20.0,20.000000000000004,20.0,20.0
1.0,57.561607018223256,91.12321403645925,124.68482105463633,57.561607018226844,91.12321403645838,124.68482105463634
