time,s1,s2,s3,s4,s5,s6
0.0,20.0,20.0,20.0,20.000000000000004,20.0,20.0
1.0,52.416880305116486,80.83376061024805,109.25064091534819,52.41688030512249,80.83376061024663,109.25064091534517
