time,s1,s2,s3,s4,s5,s6
0.0,20.0,20.0,20.0,20.000000000000004,20.0,20.0
1.0,55.77678342822746,87.55356685646777,119.33035028467782,55.776783428237565,87.55356685647986,119.33035028468271
