time,s1,s2,s3,s4,s5,s6
0.0,20.0,20.0,20.0,20.000000000000004,20.0,20.0
1.0,53.528596718035345,83.05719343610102,112.5857901541211,53.52859671804159,83.05719343610285,112.58579015411537
