time,s1,s2,s3,s4,s5,s6
0.0,20.0,20.0,20.0,20.000000000000004,20.0,20.0
1.0,53.62832386892202,83.25664773785154,112.88497160672692,53.628323868923324,83.25664773784823,112.88497160672647
