time,s1,s2,s3,s4,s5,s6
0.0,20.0,20.0,20.0,20.000000000000004,20.0,20.0
1.0,57.28076241671478,90.56152483345271,123.84228725013878,57.2807624167248,90.56152483345183,123.84228725013796
