time,s1,s2,s3,s4,s5,s6
0.0,20.0,20.0,20.0,20.000000000000004,20.0,20.0
1.0,63.115814861378794,102.2316297227726,141.34744458413763,63.11581486137941,102.23162972277858,141.34744458414133
