time,s1,s2,s3,s4,s5,s6
0.0,20.0,20.0,20.0,20.000000000000004,20.0,20.0
1.0,54.735222141431834,85.47044428287548,116.20566642428241,54.73522214143855,85.47044428288024,116.20566642428321
