time,s1,s2,s3,s4,s5,s6
0.0,20.0,20.0,20.0,20.000000000000004,20.0,20.0
1.0,60.37528514687442,96.75057029376548,133.12585544061042,60.37528514688451,96.75057029376589,133.12585544060389
