time,s1,s2,s3,s4,s5,s6
0.0,20.0,20.0,20.0,20.000000000000004,20.0,20.0
1.0,61.09948897106596,98.19897794214279,135.2984669131846,61.099488971071125,98.1989779421379,135.29846691317698
