time,s1,s2,s3,s4,s5,s6
0.0,20.0,20.0,20.0,20.000000000000004,20.0,20.0
1.0,52.25157880582903,80.50315761168635,108.7547364174994,52.25157880583872,80.50315761168528,108.75473641749977
