time,s1,s2,s3,s4,s5,s6
0.0,20.0,20.0,20.0,20.000000000000004,20.0,20.0
1.0,54.573041425662794,85.1460828513242,115.71912427694394,54.57304142567027,85.14608285132445,115.719124276944
