time,s1,s2,s3,s4,s5,s6
0.0,20.0,20.0,20.0,20.000000000000004,20.0,20.0
1.0,56.543007612400054,89.0860152248182,121.62902283718554,56.54300761240645,89.08601522481736,121.62902283718797
