time,s1,s2,s3,s4,s5,s6
0.0,20.0,20.0,20.0,20.000000000000004,20.0,20.0
1.0,54.887384387460415,85.7747687749364,116.66215316238822,54.88738438747758,85.77476877494945,116.66215316238504
