time,s1,s2,s3,s4,s5,s6
0.0,20.0,20.0,20.0,20.000000000000004,20.0,20.0
1.0,53.15960968405925,82.31921936813917,111.47882905217334,53.159609684064,82.31921936813168,111.47882905217546
