time,s1,s2,s3,s4,s5,s6
0.0,20.0,20.0,20.0,20.000000000000004,20.0,20.0
1.0,64.02795626751022,104.05591253501515,144.08386880250097,64.02795626751092,104.0559125350241,144.08386880250185
