time,s1,s2,s3,s4,s5,s6
0.0,20.0,20.0,20.0,20.000000000000004,20.0,20.0
1.0,55.09577595210689,86.1915519042407,117.2873278563583,55.095775952120164,86.19155190425928,117.28732785636532
