time,s1,s2,s3,s4,s5,s6
0.0,20.0,20.0,20.0,20.000000000000004,20.0,20.0
1.0,50.22022019480622,76.44044038963094,102.66066058440911,50.22022019481561,76.4404403896391,102.66066058440606
