time,s1,s2,s3,s4,s5,s6
0.0,20.0,20.0,20.0,20.000000000000004,20.0,20.0
1.0,56.82081046667936,89.64162093337009,122.46243140000931,56.82081046668796,89.64162093336768,122.46243139999929
