time,s1,s2,s3,s4,s5,s6
0.0,20.0,20.0,20.0,20.000000000000004,20.0,20.0
1.0,56.35109470820244,88.7021894164211,121.05328412458144,56.351094708213736,88.70218941641767,121.05328412457723
