time,s1,s2,s3,s4,s5,s6
0.0,20.0,20.0,20.0,20.000000000000004,20.0,20.0
1.0,53.367913761917755,82.73582752384233,112.10374128574955,53.367913761916434,82.7358275238484,112.10374128574304
