time,s1,s2,s3,s4,s5,s6
0.0,20.0,20.0,20.0,20.000000000000004,20.0,20.0
1.0,58.40651922032139,92.81303844064706,127.21955766094709,58.406519220327354,92.8130384406524,127.21955766095074
