time,s1,s2,s3,s4,s5,s6
0.0,20.0,20.0,20.0,20.000000000000004,20.0,20.0
1.0,54.05061981799582,84.10123963600729,114.1518594539917,54.05061981800805,84.10123963601144,114.15185945399135
