time,s1,s2,s3,s4,s5,s6
0.0,20.0,20.0,20.0,20.000000000000004,20.0,20.0
1.0,59.62498715016018,95.24997430033906,130.8749614505047,59.624987150173446,95.24997430035265,130.87496145050687
