time,s1,s2,s3,s4,s5,s6
0.0,20.0,20.0,20.0,20.000000000000004,20.0,20.0
1.0,65.55282431057323,107.10564862116237,148.65847293169745,65.5528243105778,107.10564862115532,148.65847293168704
