time,s1,s2,s3,s4,s5,s6
0.0,20.0,20.0,20.0,20.000000000000004,20.0,20.0
1.0,56.72311160001831,89.44622320006106,122.16933480004874,56.72311160002511,89.44622320005314,122.16933480005181
