time,s1,s2,s3,s4,s5,s6
0.0,20.0,20.0,20.0,20.000000000000004,20.0,20.0
1.0,54.54912388086268,85.09824776173525,115.64737164256013,54.54912388087326,85.09824776173514,115.64737164256093
