time,s1,s2,s3,s4,s5,s6
0.0,20.0,20.0,20.0,20.000000000000004,20.0,20.0
1.0,64.44889148240543,104.89778296481451,145.34667444719082,64.4488914824105,104.89778296482501,145.34667444719008
