time,s1,s2,s3,s4,s5,s6
0.0,20.0,20.0,20.0,20.000000000000004,20.0,20.0
1.0,56.12354990457942,88.24709980917491,120.37064971372402,56.123549904581836,88.2470998091776,120.37064971372257
