time,s1,s2,s3,s4,s5,s6
0.0,20.0,20.0,20.0,20.000000000000004,20.0,20.0
1.0,55.55400398417905,87.10800796838687,118.66201195255692,55.554003984188896,87.10800796839052,118.66201195255928
