time,s1,s2,s3,s4,s5,s6
0.0,20.0,20.0,20.0,20.000000000000004,20.0,20.0
1.0,56.680584978704836,89.36116995744483,122.04175493615114,56.68058497871812,89.36116995744952,122.04175493614977
