time,s1,s2,s3,s4,s5,s6
0.0,20.0,20.0,20.0,20.000000000000004,20.0,20.0
1.0,55.51902858965712,87.03805717933224,118.55708576896862,55.51902858967138,87.03805717934159,118.55708576897116
