time,s1,s2,s3,s4,s5,s6
0.0,20.0,20.0,20.0,20.000000000000004,20.0,20.0
1.0,54.325301560596294,84.65060312121034,114.97590468179223,54.32530156059821,84.65060312121162,114.97590468179826
