time,s1,s2,s3,s4,s5,s6
0.0,20.0,20.0,20.0,20.000000000000004,20.0,20.0
1.0,56.61349822664113,89.22699645330762,121.84049467993128,56.61349822665011,89.22699645331055,121.84049467992523
