time,s1,s2,s3,s4,s5,s6
0.0,20.0,20.0,20.0,20.000000000000004,20.0,20.0
1.0,60.83369659503316,97.66739319008049,134.5010897850737,60.83369659504222,97.6673931900691,134.50108978506898
