time,s1,s2,s3,s4,s5,s6
0.0,20.0,20.0,20.0,20.000000000000004,20.0,20.0
1.0,54.29764125482763,84.59528250967139,114.89292376448279,54.297641254831674,84.59528250967713,114.89292376448427
