time,s1,s2,s3,s4,s5,s6
0.0,20.0,20.0,20.0,20.000000000000004,20.0,20.0
1.0,56.89659571535613,89.7931914307396,122.68978714608986,56.89659571536712,89.79319143074846,122.68978714609628
