time,s1,s2,s3,s4,s5,s6
0.0,20.0,20.0,20.0,20.000000000000004,20.0,20.0
1.0,53.7532674403106,83.50653488065105,113.25980232093656,53.75326744031578,83.50653488064798,113.2598023209408
