time,s1,s2,s3,s4,s5,s6
0.0,20.0,20.0,20.0,20.000000000000004,20.0,20.0
1.0,57.4449992963622,90.88999859273373,124.33499788904558,57.44499929636861,90.88999859272673,124.3349978890418
