time,s1,s2,s3,s4,s5,s6
0.0,20.0,20.0,20.0,20.000000000000004,20.0,20.0
1.0,54.04034385554164,84.0806877110897,114.12103156661001,54.040343855554255,84.08068771109795,114.12103156661139
