time,s1,s2,s3,s4,s5,s6
0.0,20.0,20.0,20.0,20.000000000000004,20.0,20.0
1.0,58.952132720398446,93.9042654408072,128.85639816119027,58.95213272040554,93.90426544081285,128.85639816119513
