time,s1,s2,s3,s4,s5,s6
0.0,20.0,20.0,20.0,20.000000000000004,20.0,20.0
1.0,56.823631554928895,89.6472631098754,122.47089466477345,56.82363155493196,89.64726310987692,122.47089466477195
