time,s1,s2,s3,s4,s5,s6
0.0,20.0,20.0,20.0,20.000000000000004,20.0,20.0
1.0,55.8759162497643,87.75183249955856,119.62774874931517,55.87591624977506,87.75183249956534,119.62774874931392
