time,s1,s2,s3,s4,s5,s6
0.0,20.0,20.0,20.0,20.000000000000004,20.0,20.0
1.0,57.72310986315122,91.4462197263249,125.16932958944092,57.723109863161014,91.44621972631975,125.16932958943494
