time,s1,s2,s3,s4,s5,s6
0.0,20.0,20.0,20.0,20.000000000000004,20.0,20.0
1.0,57.621416375169446,91.24283275036208,124.86424912551732,57.62141637518107,91.24283275037453,124.86424912551124
