time,s1,s2,s3,s4,s5,s6
0.0,20.0,20.0,20.0,20.000000000000004,20.0,20.0
1.0,57.38659500690187,90.77319001382229,124.15978502069333,57.386595006909864,90.77319001382779,124.1597850206935
