time,s1,s2,s3,s4,s5,s6
0.0,20.0,20.0,20.0,20.000000000000004,20.0,20.0
1.0,59.273908001197796,94.54781600239887,129.82172400355955,59.27390800119911,94.54781600239463,129.82172400354898
