time,s1,s2,s3,s4,s5,s6
0.0,20.0,20.0,20.0,20.000000000000004,20.0,20.0
1.0,58.95137333981512,93.90274667964738,128.85412001945022,58.95137333982419,93.90274667964778,128.85412001944925
