time,s1,s2,s3,s4,s5,s6
0.0,20.0,20.0,20.0,20.000000000000004,20.0,20.0
1.0,57.39225826249551,90.78451652501496,124.17677478748783,57.3922582625042,90.78451652501174,124.17677478748516
