time,s1,s2,s3,s4,s5,s6
0.0,20.0,20.0,20.0,20.000000000000004,20.0,20.0
1.0,53.280553069417564,82.56110613885289,111.84165920827974,53.28055306942147,82.56110613886365,111.84165920828339
