time,s1,s2,s3,s4,s5,s6
0.0,20.0,20.0,20.0,20.000000000000004,20.0,20.0
1.0,57.397144171660386,90.79428834333828,124.19143251497222,57.39714417166188,90.79428834333281,124.19143251497155
