time,s1,s2,s3,s4,s5,s6
0.0,20.0,20.0,20.0,20.000000000000004,20.0,20.0
1.0,53.39560952864292,82.79121905730955,112.18682858592345,53.39560952864761,82.7912190573093,112.18682858592946
