time,s1,s2,s3,s4,s5,s6
0.0,20.0,20.0,20.0,20.000000000000004,20.0,20.0
1.0,61.01959076070861,98.03918152143655,135.0587722821054,61.01959076071566,98.03918152142384,135.05877228210238
