time,s1,s2,s3,s4,s5,s6
0.0,20.0,20.0,20.0,20.000000000000004,20.0,20.0
1.0,60.984213977766245,97.96842795554947,134.95264193329643,60.98421397778441,97.96842795555472,134.9526419332882
