time,s1,s2,s3,s4,s5,s6
0.0,20.0,20.0,20.0,20.000000000000004,20.0,20.0
1.0,56.47107395318079,88.942147906389,121.41322185955212,56.47107395318801,88.94214790639599,121.41322185956005
