time,s1,s2,s3,s4,s5,s6
0.0,20.0,20.0,20.0,20.000000000000004,20.0,20.0
1.0,55.86745445476498,87.73490890954892,119.60236336428144,55.867454454768634,87.73490890954575,119.60236336428173
