time,s1,s2,s3,s4,s5,s6
0.0,20.0,20.0,20.0,20.000000000000004,20.0,20.0
1.0,59.889732036717206,95.77946407345308,131.66919611012884,59.889732036714115,95.77946407343816,131.66919611012744
