time,s1,s2,s3,s4,s5,s6
0.0,20.0,20.0,20.0,20.000000000000004,20.0,20.0
1.0,55.057148670633254,86.11429734129392,117.17144601191337,55.057148670642924,86.11429734129193,117.1714460119114
