time,s1,s2,s3,s4,s5,s6
0.0,20.0,20.0,20.0,20.000000000000004,20.0,20.0
1.0,57.108639754554474,90.21727950911688,123.32591926363932,57.10863975455565,90.21727950911995,123.32591926363277
