time,s1,s2,s3,s4,s5,s6
0.0,20.0,20.0,20.0,20.000000000000004,20.0,20.0
1.0,53.84521558374,83.69043116749401,113.53564675122783,53.84521558374893,83.69043116750653,113.53564675123405
