time,s1,s2,s3,s4,s5,s6
0.0,20.0,20.0,20.0,20.000000000000004,20.0,20.0
1.0,50.16750382079703,76.33500764162594,102.50251146243731,50.1675038208101,76.33500764163493,102.50251146243905
