time,s1,s2,s3,s4,s5,s6
0.0,20.0,20.0,20.0,20.000000000000004,20.0,20.0
1.0,55.246434566983766,86.49286913399072,117.73930370094122,55.246434566990665,86.49286913399092,117.7393037009397
