time,s1,s2,s3,s4,s5,s6
0.0,20.0,20.0,20.0,20.000000000000004,20.0,20.0
1.0,54.27668101847516,84.55336203696378,114.83004305541374,54.276681018484865,84.5533620369731,114.83004305542599
