time,s1,s2,s3,s4,s5,s6
0.0,20.0,20.0,20.0,20.000000000000004,20.0,20.0
1.0,60.05211702903949,96.1042340580925,132.1563510871111,60.05211702904138,96.10423405810059,132.15635108710393
