time,s1,s2,s3,s4,s5,s6
0.0,20.0,20.0,20.0,20.000000000000004,20.0,20.0
1.0,61.38891207649273,98.77782415299122,136.16673622946263,61.38891207649485,98.77782415299173,136.1667362294586
