time,s1,s2,s3,s4,s5,s6
0.0,20.0,20.0,20.0,20.000000000000004,20.0,20.0
1.0,52.763886688943515,81.52777337789766,110.29166006680313,52.76388668894731,81.52777337790027,110.29166006680472
