time,s1,s2,s3,s4,s5,s6
0.0,20.0,20.0,20.0,20.000000000000004,20.0,20.0
1.0,56.50204808893585,89.0040961779142,121.50614426684159,56.502048088955334,89.00409617791621,121.50614426683951
