time,s1,s2,s3,s4,s5,s6
0.0,20.0,20.0,20.0,20.000000000000004,20.0,20.0
1.0,54.467757587025645,84.93551517408562,115.40327276110528,54.467757587036125,84.9355151740918,115.40327276111306
