time,s1,s2,s3,s4,s5,s6
0.0,20.0,20.0,20.0,20.000000000000004,20.0,20.0
1.0,54.49941894763809,84.998837895288,115.49825684291153,54.499418947641885,84.99883789529595,115.49825684291008
