time,s1,s2,s3,s4,s5,s6
0.0,20.0,20.0,20.0,20.000000000000004,20.0,20.0
1.0,57.25273894969217,90.50547789940236,123.7582168490662,57.25273894970238,90.50547789939995,123.75821684905965
