time,s1,s2,s3,s4,s5,s6
0.0,20.0,20.0,20.0,20.000000000000004,20.0,20.0
1.0,53.84857095006174,83.69714190014733,113.54571285020522,53.848570950069444,83.69714190015061,113.54571285020867
