time,s1,s2,s3,s4,s5,s6
0.0,20.0,20.0,20.0,20.000000000000004,20.0,20.0
1.0,58.36594112308351,92.73188224617333,127.0978233692,58.36594112309552,92.7318822461693,127.09782336919592
