time,s1,s2,s3,s4,s5,s6
0.0,20.0,20.0,20.0,20.000000000000004,20.0,20.0
1.0,61.42376860606625,98.84753721214402,136.27130581816562,61.42376860607381,98.84753721213605,136.27130581815592
