time,s1,s2,s3,s4,s5,s6
0.0,20.0,20.0,20.0,20.000000000000004,20.0,20.0
1.0,60.785684747924684,97.5713694958729,134.3570542437909,60.78568474792909,97.57136949587397,134.35705424379032
