time,s1,s2,s3,s4,s5,s6
0.0,20.0,20.0,20.0,20.000000000000004,20.0,20.0
1.0,54.20415447019033,84.40830894040296,114.6124634105953,54.20415447019956,84.40830894041414,114.61246341059449
