time,s1,s2,s3,s4,s5,s6
0.0,20.0,20.0,20.0,20.000000000000004,20.0,20.0
1.0,58.86805068372152,93.73610136747439,128.60415205119236,58.868050683730246,93.73610136747114,128.60415205118653
