time,s1,s2,s3,s4,s5,s6
0.0,20.0,20.0,20.0,20.000000000000004,20.0,20.0
1.0,56.41084227682771,88.82168455366276,121.23252683044382,56.41084227683186,88.82168455365994,121.23252683044663
