time,s1,s2,s3,s4,s5,s6
0.0,20.0,20.0,20.0,20.000000000000004,20.0,20.0
1.0,60.47854359031446,96.95708718065006,133.43563077095598,60.47854359031902,96.95708718065852,133.43563077095678
