time,s1,s2,s3,s4,s5,s6
0.0,20.0,20.0,20.0,20.000000000000004,20.0,20.0
1.0,56.63297347595706,89.26594695194518,121.89892042787602,56.632973475966295,89.2659469519462,121.89892042787719
