time,s1,s2,s3,s4,s5,s6
0.0,20.0,20.0,20.0,20.000000000000004,20.0,20.0
1.0,54.69491937663254,85.38983875327365,116.08475812988229,54.69491937663493,85.38983875327351,116.0847581298836
