time,s1,s2,s3,s4,s5,s6
0.0,20.0,20.0,20.0,20.000000000000004,20.0,20.0
1.0,61.17748464868083,98.3549692973682,135.53245394599517,61.17748464868227,98.35496929735962,135.53245394599205
