time,s1,s2,s3,s4,s5,s6
0.0,20.0,20.0,20.0,20.000000000000004,20.0,20.0
1.0,54.44139317313267,84.8827863462775,115.32417951937751,54.441393173129086,84.88278634627457,115.32417951938702
