time,s1,s2,s3,s4,s5,s6
0.0,20.0,20.0,20.0,20.000000000000004,20.0,20.0
1.0,57.86571817389739,91.73143634780189,125.5971545216614,57.86571817390194,91.73143634780712,125.59715452165696
