time,s1,s2,s3,s4,s5,s6
0.0,20.0,20.0,20.0,20.000000000000004,20.0,20.0
1.0,58.448789632336684,92.897579264688,127.34636889699439,58.44878963234566,92.89757926467932,127.34636889698918
