time,s1,s2,s3,s4,s5,s6
0.0,20.0,20.0,20.0,20.000000000000004,20.0,20.0
1.0,54.07753091351532,84.1550618270429,114.23259274055661,54.07753091353034,84.15506182705916,114.23259274055583
