time,s1,s2,s3,s4,s5,s6
0.0,20.0,20.0,20.0,20.000000000000004,20.0,20.0
1.0,55.393012243275166,86.78602448656066,118.17903672979878,55.39301224327639,86.78602448655352,118.17903672979924
