time,s1,s2,s3,s4,s5,s6
0.0,20.0,20.0,20.0,20.000000000000004,20.0,20.0
1.0,53.63241420981149,83.26482841963325,112.89724262943551,53.63241420981488,83.2648284196483,112.89724262943757
