time,s1,s2,s3,s4,s5,s6
0.0,20.0,20.0,20.0,20.000000000000004,20.0,20.0
1.0,55.08427597200394,86.16855194402521,117.25282791601096,55.08427597200851,86.16855194402908,117.25282791601379
