time,s1,s2,s3,s4,s5,s6
0.0,20.0,20.0,20.0,20.000000000000004,20.0,20.0
1.0,53.42503323716542,82.8500664743573,112.27509971149311,53.4250332371834,82.85006647435628,112.27509971148889
