time,s1,s2,s3,s4,s5,s6
0.0,20.0,20.0,20.0,20.000000000000004,20.0,20.0
1.0,51.61670433926119,79.23340867854155,106.85011301781289,51.616704339273525,79.23340867856363,106.85011301781883
