time,s1,s2,s3,s4,s5,s6
0.0,20.0,20.0,20.0,20.000000000000004,20.0,20.0
1.0,53.3834675052203,82.76693501046077,112.15040251565664,53.38346750522079,82.7669350104568,112.15040251565111
