time,s1,s2,s3,s4,s5,s6
0.0,20.0,20.0,20.0,20.000000000000004,20.0,20.0
1.0,57.56177111205152,91.12354222411085,124.68531333612339,57.56177111205284,91.12354222411398,124.68531333613082
