time,s1,s2,s3,s4,s5,s6
0.0,20.0,20.0,20.0,20.000000000000004,20.0,20.0
1.0,54.37545968198833,84.75091936400014,115.12637904596112,54.37545968199666,84.7509193639971,115.12637904595769
