time,s1,s2,s3,s4,s5,s6
0.0,20.0,20.0,20.0,20.000000000000004,20.0,20.0
1.0,56.26433704341406,88.52867408686691,120.79301113027753,56.26433704342445,88.52867408686853,120.79301113027738
