time,s1,s2,s3,s4,s5,s6
0.0,20.0,20.0,20.0,20.000000000000004,20.0,20.0
1.0,54.799948524061975,85.5998970481341,116.39984557215986,54.79994852407608,85.59989704815425,116.39984557218158
