time,s1,s2,s3,s4,s5,s6
0.0,20.0,20.0,20.0,20.000000000000004,20.0,20.0
1.0,55.59914028521388,87.198280570457,118.79742085565255,55.59914028521452,87.19828057045211,118.79742085565017
