time,s1,s2,s3,s4,s5,s6
0.0,20.0,20.0,20.0,20.000000000000004,20.0,20.0
1.0,54.37187291663308,84.74374583328878,115.11561874988311,54.37187291663781,84.74374583328199,115.11561874988381
