time,s1,s2,s3,s4,s5,s6
0.0,20.0,20.0,20.0,20.000000000000004,20.0,20.0
1.0,65.01923722634008,106.03847445270674,147.05771167902262,65.01923722634675,106.03847445270213,147.05771167901383
