time,s1,s2,s3,s4,s5,s6
0.0,20.0,20.0,20.0,20.000000000000004,20.0,20.0
1.0,60.12972818461169,96.25945636923757,132.3891845538334,60.129728184616084,96.25945636923296,132.38918455382174
