time,s1,s2,s3,s4,s5,s6
0.0,20.0,20.0,20.0,20.000000000000004,20.0,20.0
1.0,54.81568126878244,85.63136253759527,116.44704380619703,54.81568126899586,85.63136253785399,116.4470438064499
