time,s1,s2,s3,s4,s5,s6
0.0,20.0,20.0,20.0,20.000000000000004,20.0,20.0
1.0,55.07689557748702,86.1537911550002,117.23068673248315,55.07689557749687,86.1537911550053,117.23068673248989
