time,s1,s2,s3,s4,s5,s6
0.0,20.0,20.0,20.0,20.000000000000004,20.0,20.0
1.0,51.018057952315566,78.0361159046604,105.05417385694162,51.01805795232395,78.03611590465533,105.05417385693244
