time,s1,s2,s3,s4,s5,s6
0.0,20.0,20.0,20.0,20.000000000000004,20.0,20.0
1.0,55.46303357278221,86.92606714559291,118.38910071835369,55.46303357279555,86.9260671455989,118.38910071835576
