time,s1,s2,s3,s4,s5,s6
0.0,20.0,20.0,20.0,20.000000000000004,20.0,20.0
1.0,58.03175193827752,92.06350387657699,126.09525581482828,58.03175193828416,92.06350387657123,126.09525581482418
