time,s1,s2,s3,s4,s5,s6
0.0,20.0,20.0,20.0,20.000000000000004,20.0,20.0
1.0,51.12644597801091,78.2528919560457,105.37933793402112,51.12644597801912,78.2528919560445,105.37933793401919
