time,s1,s2,s3,s4,s5,s6
0.0,20.0,20.0,20.0,20.000000000000004,20.0,20.0
1.0,53.38028642222683,82.76057284447322,112.14085926669522,53.3802864222304,82.76057284448098,112.1408592666941
