time,s1,s2,s3,s4,s5,s6
0.0,20.0,20.0,20.0,20.000000000000004,20.0,20.0
1.0,52.6321002449718,81.26420048996769,109.89630073490031,52.63210024497532,81.26420048996832,109.89630073490608
