time,s1,s2,s3,s4,s5,s6
0.0,20.0,20.0,20.0,20.000000000000004,20.0,20.0
1.0,57.22582228795912,90.45164457592992,123.67746686386482,57.225822287968846,90.45164457593704,123.67746686386432
