time,s1,s2,s3,s4,s5,s6
0.0,20.0,20.0,20.0,20.000000000000004,20.0,20.0
1.0,58.78122742584979,93.56245485172252,128.34368227755172,58.78122742585674,93.56245485171439,128.34368227755022
