time,s1,s2,s3,s4,s5,s6
0.0,20.0,20.0,20.0,20.000000000000004,20.0,20.0
1.0,55.98340416610879,87.96680833225413,119.95021249835938,55.98340416612131,87.96680833226394,119.95021249835905
