time,s1,s2,s3,s4,s5,s6
0.0,20.0,20.0,20.0,20.000000000000004,20.0,20.0
1.0,53.96265096514489,83.92530193031295,113.88795289545489,53.962650965154324,83.92530193032428,113.88795289545618
