time,s1,s2,s3,s4,s5,s6
0.0,20.0,20.0,20.0,20.000000000000004,20.0,20.0
1.0,60.93065756091839,97.8613151218439,134.7919726827386,60.93065756092544,97.86131512184159,134.79197268273435
