time,s1,s2,s3,s4,s5,s6
0.0,20.0,20.0,20.0,20.000000000000004,20.0,20.0
1.0,52.89691844286931,81.79383688575034,110.69075532857636,52.89691844287399,81.79383688575078,110.69075532857406
