time,s1,s2,s3,s4,s5,s6
0.0,20.0,20.0,20.0,20.000000000000004,20.0,20.0
1.0,54.34596118219454,84.69192236440004,115.03788354657027,54.34596118220773,84.6919223644104,115.03788354657625
