time,s1,s2,s3,s4,s5,s6
0.0,20.0,20.0,20.0,20.000000000000004,20.0,20.0
1.0,59.684540588404204,95.36908117682849,131.05362176519085,59.6845405884072,95.36908117682724,131.0536217651948
