time,s1,s2,s3,s4,s5,s6
0.0,20.0,20.0,20.0,20.000000000000004,20.0,20.0
1.0,58.645230223067585,93.29046044615353,127.93569066921243,58.645230223074066,93.29046044614827,127.93569066920843
