time,s1,s2,s3,s4,s5,s6
0.0,20.0,20.0,20.0,20.000000000000004,20.0,20.0
1.0,54.10007130359579,84.200142607219,114.30021391080638,54.10007130360295,84.20014260722058,114.30021391080658
