time,s1,s2,s3,s4,s5,s6
0.0,20.0,20.0,20.0,20.000000000000004,20.0,20.0
1.0,57.92263996937647,91.84527993876881,125.76791990811451,57.922639969380114,91.84527993875875,125.76791990810881
