time,s1,s2,s3,s4,s5,s6
0.0,20.0,20.0,20.0,20.000000000000004,20.0,20.0
1.0,63.42473020039813,102.84946040080462,142.2741906011808,63.424730200401456,102.84946040080416,142.27419060117185
