time,s1,s2,s3,s4,s5,s6
0.0,20.0,20.0,20.0,20.000000000000004,20.0,20.0
1.0,55.953600184838834,87.90720036970629,119.86080055452737,55.95360018484185,87.90720036970427,119.86080055453003
