time,s1,s2,s3,s4,s5,s6
0.0,20.0,20.0,20.0,20.000000000000004,20.0,20.0
1.0,58.4625690327066,92.92513806543131,127.38770709810487,58.46256903271253,92.92513806543548,127.38770709811182
