time,s1,s2,s3,s4,s5,s6
0.0,20.0,20.0,20.0,20.000000000000004,20.0,20.0
1.0,61.0981218755093,98.19624375103251,135.2943656265148,61.09812187552701,98.19624375103885,135.29436562650574
