time,s1,s2,s3,s4,s5,s6
0.0,20.0,20.0,20.0,20.000000000000004,20.0,20.0
1.0,57.472156277705,90.9443125554182,124.41646883308643,57.472156277706965,90.94431255541801,124.41646883308374
