time,s1,s2,s3,s4,s5,s6
0.0,20.0,20.0,20.0,20.000000000000004,20.0,20.0
1.0,55.18714751837098,86.37429503677221,117.56144255511936,55.18714751838778,86.37429503677588,117.56144255512154
