time,s1,s2,s3,s4,s5,s6
0.0,20.0,20.0,20.0,20.000000000000004,20.0,20.0
1.0,58.83063468075848,93.66126936153296,128.49190404225385,58.830634680758884,93.66126936152841,128.49190404225013
