time,s1,s2,s3,s4,s5,s6
0.0,20.0,20.0,20.0,20.000000000000004,20.0,20.0
1.0,58.100498303407676,92.20099660684761,126.30149491023494,58.10049830341978,92.20099660684737,126.30149491023445
