time,s1,s2,s3,s4,s5,s6
0.0,20.0,20.0,20.0,20.000000000000004,20.0,20.0
1.0,56.73629033805601,89.47258067613382,122.20887101416281,56.736290338074376,89.47258067613717,122.20887101416746
