time,s1,s2,s3,s4,s5,s6
0.0,20.0,20.0,20.0,20.000000000000004,20.0,20.0
1.0,64.18128137585762,104.36256275174819,144.54384412725074,64.18128137600272,104.36256275196398,144.54384412734916
