time,s1,s2,s3,s4,s5,s6
0.0,20.0,20.0,20.0,20.000000000000004,20.0,20.0
1.0,55.6941652072675,87.38833041455426,119.08249562179026,55.6941652072796,87.38833041455999,119.08249562179948
