time,s1,s2,s3,s4,s5,s6
0.0,20.0,20.0,20.0,20.000000000000004,20.0,20.0
1.0,56.96342356304568,89.92684712611499,122.89027068913819,56.96342356305176,89.92684712611486,122.89027068913892
