time,s1,s2,s3,s4,s5,s6
0.0,20.0,20.0,20.0,20.000000000000004,20.0,20.0
1.0,54.531289477511834,85.06257895504007,115.59386843252264,54.53128947751554,85.0625789550391,115.59386843251735
