time,s1,s2,s3,s4,s5,s6
0.0,20.0,20.0,20.0,20.000000000000004,20.0,20.0
1.0,54.60014861530641,85.20029723064165,115.80044584591909,54.60014861531368,85.20029723063466,115.80044584592109
