time,s1,s2,s3,s4,s5,s6
0.0,20.0,20.0,20.0,20.000000000000004,20.0,20.0
1.0,63.54861053243522,103.09722106488668,142.64583159731333,63.54861053245054,103.09722106489295,142.6458315973177
