time,s1,s2,s3,s4,s5,s6
0.0,20.0,20.0,20.0,20.000000000000004,20.0,20.0
1.0,59.42680522010164,94.8536104402301,130.28041566033227,59.426805220108605,94.85361044023297,130.2804156603314
