time,s1,s2,s3,s4,s5,s6
0.0,20.0,20.0,20.0,20.000000000000004,20.0,20.0
1.0,55.90749803990923,87.81499607983872,119.72249411972419,55.90749803992223,87.81499607984775,119.72249411972676
