time,s1,s2,s3,s4,s5,s6
0.0,20.0,20.0,20.0,20.000000000000004,20.0,20.0
1.0,55.59552161264767,87.19104322530953,118.78656483793111,55.59552161265026,87.19104322530413,118.78656483793847
