time,s1,s2,s3,s4,s5,s6
0.0,20.0,20.0,20.0,20.000000000000004,20.0,20.0
1.0,54.07061427423831,84.14122854848233,114.21184282267339,54.07061427424885,84.14122854847838,114.21184282266863
