time,s1,s2,s3,s4,s5,s6
0.0,20.0,20.0,20.0,20.000000000000004,20.0,20.0
1.0,55.258183286542675,86.5163665731074,117.77454985962508,55.25818328654998,86.51636657310603,117.77454985962683
