time,s1,s2,s3,s4,s5,s6
0.0,20.0,20.0,20.0,20.000000000000004,20.0,20.0
1.0,55.42402967463795,86.84805934929958,118.27208902390893,55.424029674652296,86.84805934930237,118.27208902390625
