time,s1,s2,s3,s4,s5,s6
0.0,20.0,20.0,20.0,20.000000000000004,20.0,20.0
1.0,57.793688492256024,91.58737698452546,125.38106547674647,57.793688492266035,91.58737698452597,125.38106547673968
