time,s1,s2,s3,s4,s5,s6
0.0,20.0,20.0,20.0,20.000000000000004,20.0,20.0
1.0,55.54879459399058,87.09758918800836,118.64638378198293,55.54879459398998,87.09758918800893,118.64638378198322
