time,s1,s2,s3,s4,s5,s6
0.0,20.0,20.0,20.0,20.000000000000004,20.0,20.0
1.0,50.360156568863694,76.72031313774797,103.0804697065897,50.36015656887382,76.72031313775356,103.08046970659139
