time,s1,s2,s3,s4,s5,s6
0.0,20.0,20.0,20.0,20.000000000000004,20.0,20.0
1.0,54.56339058334498,85.1267811666985,115.69017175003759,54.56339058335673,85.12678116671086,115.69017175004704
