time,s1,s2,s3,s4,s5,s6
0.0,20.0,20.0,20.0,20.000000000000004,20.0,20.0
1.0,63.51462825217345,103.02925650439173,142.54388475657268,63.51462825219508,103.02925650439812,142.54388475657808
