time,s1,s2,s3,s4,s5,s6
0.0,20.0,20.0,20.0,20.000000000000004,20.0,20.0
1.0,57.70663102084012,91.41326204171132,125.11989306252396,57.70663102085933,91.413262041716,125.11989306251954
