time,s1,s2,s3,s4,s5,s6
0.0,20.0,20.0,20.0,20.000000000000004,20.0,20.0
1.0,55.587002883145416,87.1740057663175,118.76100864945838,55.58700288314926,87.17400576631611,118.76100864945707
