time,s1,s2,s3,s4,s5,s6
0.0,20.0,20.0,20.0,20.000000000000004,20.0,20.0
1.0,56.98527013344419,89.97054026691035,122.95581040032106,56.98527013345908,89.97054026690587,122.95581040032066
