time,s1,s2,s3,s4,s5,s6
0.0,20.0,20.0,20.0,20.000000000000004,20.0,20.0
1.0,55.870698548482636,87.74139709698835,119.61209564543184,55.8706985484876,87.74139709698412,119.61209564543105
