time,s1,s2,s3,s4,s5,s6
0.0,20.0,20.0,20.0,20.000000000000004,20.0,20.0
1.0,53.102279070486134,82.2045581409869,111.3068372114441,53.10227907049562,82.2045581409935,111.30683721145073
