time,s1,s2,s3,s4,s5,s6
0.0,20.0,20.0,20.0,20.000000000000004,20.0,20.0
1.0,56.577687827302455,89.15537565461943,121.73306348189871,56.577687827315465,89.1553756546342,121.7330634818943
