time,s1,s2,s3,s4,s5,s6
0.0,20.0,20.0,20.0,20.000000000000004,20.0,20.0
1.0,55.30891459812516,86.61782919626958,117.92674379437474,55.3089145981345,86.61782919627917,117.92674379438259
