time,s1,s2,s3,s4,s5,s6
0.0,20.0,20.0,20.0,20.000000000000004,20.0,20.0
1.0,55.241312099040584,86.48262419810366,117.72393629712181,55.24131209905323,86.48262419810581,117.72393629712232
