time,s1,s2,s3,s4,s5,s6
0.0,20.0,20.0,20.0,20.000000000000004,20.0,20.0
1.0,64.85152317429353,105.70304634859599,146.55456952287923,64.85152317430381,105.70304634861301,146.55456952288176
