time,s1,s2,s3,s4,s5,s6
0.0,20.0,20.0,20.0,20.000000000000004,20.0,20.0
1.0,59.3864547549628,94.77290950995302,130.15936426492613,59.38645475496325,94.77290950995686,130.15936426493172
