time,s1,s2,s3,s4,s5,s6
0.0,20.0,20.0,20.0,20.000000000000004,20.0,20.0
1.0,58.22276647365096,92.44553294731776,126.66829942094174,58.222766473659355,92.44553294732114,126.66829942093543
