time,s1,s2,s3,s4,s5,s6
0.0,20.0,20.0,20.0,20.000000000000004,20.0,20.0
1.0,58.44837300917146,92.89674601835145,127.34511902748949,58.448373009176294,92.89674601834324,127.34511902747914
