time,s1,s2,s3,s4,s5,s6
0.0,20.0,20.0,20.0,20.000000000000004,20.0,20.0
1.0,54.95089772146349,85.9017954429517,116.85269316441557,54.95089772147755,85.90179544296106,116.85269316441942
