time,s1,s2,s3,s4,s5,s6
0.0,20.0,20.0,20.0,20.000000000000004,20.0,20.0
1.0,50.12330336381067,76.24660672762704,102.36991009142965,50.1233033638163,76.24660672762856,102.36991009143479
