time,s1,s2,s3,s4,s5,s6
0.0,20.0,20.0,20.0,20.000000000000004,20.0,20.0
1.0,53.98639176992201,83.97278353985698,113.95917530975412,53.98639176992778,83.9727835398636,113.95917530976392
