time,s1,s2,s3,s4,s5,s6
0.0,20.0,20.0,20.0,20.000000000000004,20.0,20.0
1.0,54.88078404216287,85.76156808432403,116.64235212646628,54.880784042169736,85.76156808432933,116.64235212646317
