time,s1,s2,s3,s4,s5,s6
0.0,20.0,20.0,20.0,20.000000000000004,20.0,20.0
1.0,53.49318980873551,82.98637961748604,112.47956942620559,53.49318980874555,82.9863796174927,112.47956942621589
