time,s1,s2,s3,s4,s5,s6
0.0,20.0,20.0,20.0,20.000000000000004,20.0,20.0
1.0,59.25206410654714,94.50412821312275,129.75619231965365,59.252064106552,94.50412821312116,129.75619231965464
