time,s1,s2,s3,s4,s5,s6
0.0,20.0,20.0,20.0,20.000000000000004,20.0,20.0
1.0,56.226627651804684,88.45325530362314,120.67988295538596,56.22662765180569,88.453255303623,120.6798829553861
