time,s1,s2,s3,s4,s5,s6
0.0,20.0,20.0,20.0,20.000000000000004,20.0,20.0
1.0,55.21776575343729,86.43553150690528,117.65329726031625,55.21776575344576,86.43553150689931,117.65329726031437
