time,s1,s2,s3,s4,s5,s6
0.0,20.0,20.0,20.0,20.000000000000004,20.0,20.0
1.0,57.035540074817334,90.07108014965506,123.10662022447013,57.03554007482347,90.07108014965553,123.10662022448125
