time,s1,s2,s3,s4,s5,s6
0.0,20.0,20.0,20.0,20.000000000000004,20.0,20.0
1.0,62.76127444881246,101.52254889764615,140.28382334643703,62.76127444881744,101.52254889764751,140.28382334644968
