time,s1,s2,s3,s4,s5,s6
0.0,20.0,20.0,20.0,20.000000000000004,20.0,20.0
1.0,54.02868394799647,84.05736789600485,114.08605184399713,54.02868394799996,84.0573678960164,114.08605184400119
