time,s1,s2,s3,s4,s5,s6
0.0,20.0,20.0,20.0,20.000000000000004,20.0,20.0
1.0,55.887993424890524,87.77598684979966,119.6639802746499,55.88799342490491,87.7759868498116,119.66398027466074
