time,s1,s2,s3,s4,s5,s6
0.0,20.0,20.0,20.0,20.000000000000004,20.0,20.0
1.0,61.158930016213716,98.31786003242351,135.47679004858492,61.15893001621653,98.31786003241216,135.47679004857355
