time,s1,s2,s3,s4,s5,s6
0.0,20.0,20.0,20.0,20.000000000000004,20.0,20.0
1.0,53.32228297950194,82.6445659590076,111.96684893848462,53.322282979509865,82.64456595901282,111.96684893848584
