time,s1,s2,s3,s4,s5,s6
0.0,20.0,20.0,20.0,20.000000000000004,20.0,20.0
1.0,54.31140954188574,84.6228190837828,114.93422862563995,54.311409541889184,84.6228190837858,114.93422862564658
