time,s1,s2,s3,s4,s5,s6
0.0,20.0,20.0,20.0,20.000000000000004,20.0,20.0
1.0,65.2071266358713,106.41425327175578,147.6213799076002,65.20712663587747,106.41425327175506,147.62137990759274
