time,s1,s2,s3,s4,s5,s6
0.0,20.0,20.0,20.0,20.000000000000004,20.0,20.0
1.0,57.94427674787123,91.88855349599302,125.83283024369436,57.94427674808996,91.88855349597242,125.83283024363962
