time,s1,s2,s3,s4,s5,s6
0.0,20.0,20.0,20.0,20.000000000000004,20.0,20.0
1.0,55.680192819052195,87.36038563813003,119.04057845714932,55.68019281906262,87.36038563813196,119.04057845714654
