time,s1,s2,s3,s4,s5,s6
0.0,20.0,20.0,20.0,20.000000000000004,20.0,20.0
1.0,54.070196060920004,84.14039212183712,114.21058818271463,54.07019606093423,84.14039212184358,114.21058818270527
