time,s1,s2,s3,s4,s5,s6
0.0,20.0,20.0,20.0,20.000000000000004,20.0,20.0
1.0,55.60772018043957,87.21544036090623,118.82316054133605,55.60772018044559,87.21544036090535,118.82316054133642
