time,s1,s2,s3,s4,s5,s6
0.0,20.0,20.0,20.0,20.000000000000004,20.0,20.0
1.0,60.692017354971206,97.38403470996363,134.07605206490518,60.692017354981935,97.38403470996371,134.07605206489887
