time,s1,s2,s3,s4,s5,s6
0.0,20.0,20.0,20.0,20.000000000000004,20.0,20.0
1.0,60.032696694535524,96.06539338906543,132.09809008356348,60.03269669453689,96.06539338907228,132.0980900835647
