time,s1,s2,s3,s4,s5,s6
0.0,20.0,20.0,20.0,20.000000000000004,20.0,20.0
1.0,58.63652373231072,93.27304746463774,127.90957119693817,58.636523732316924,93.27304746464088,127.90957119693755
