time,s1,s2,s3,s4,s5,s6
0.0,20.0,20.0,20.0,20.000000000000004,20.0,20.0
1.0,52.324504057797384,80.64900811561566,108.97351217340194,52.324504057805605,80.6490081156198,108.97351217340105
