time,s1,s2,s3,s4,s5,s6
0.0,20.0,20.0,20.0,20.000000000000004,20.0,20.0
1.0,58.684117851807784,93.36823570363563,128.0523535554197,58.68411785183182,93.36823570364749,128.0523535554198
