time,s1,s2,s3,s4,s5,s6
0.0,20.0,20.0,20.0,20.000000000000004,20.0,20.0
1.0,67.74493603560417,111.48987207119063,155.23480810673135,67.7449360356116,111.48987207118667,155.23480810672766
