time,s1,s2,s3,s4,s5,s6
0.0,20.0,20.0,20.0,20.000000000000004,20.0,20.0
1.0,52.25421984008477,80.5084396801973,108.76265952026209,52.25421984009574,80.50843968019866,108.76265952026019
