time,s1,s2,s3,s4,s5,s6
0.0,20.0,20.0,20.0,20.000000000000004,20.0,20.0
1.0,59.81753882341177,95.63507764684937,131.4526164702339,59.817538823418396,95.63507764685181,131.45261647022738
