time,s1,s2,s3,s4,s5,s6
0.0,20.0,20.0,20.0,20.000000000000004,20.0,20.0
1.0,62.22646835200077,100.45293670400957,138.67940505598804,62.226468352005526,100.45293670401475,138.67940505598352
