time,s1,s2,s3,s4,s5,s6
0.0,20.0,20.0,20.0,20.000000000000004,20.0,20.0
1.0,55.738519408116204,87.47703881625438,119.21555822434935,55.73851940813132,87.47703881626272,119.21555822435327
