time,s1,s2,s3,s4,s5,s6
0.0,20.0,20.0,20.0,20.000000000000004,20.0,20.0
1.0,59.77885102971041,95.55770205944124,131.33655308912148,59.77885102970945,95.55770205944003,131.3365530891213
