time,s1,s2,s3,s4,s5,s6
0.0,20.0,20.0,20.0,20.000000000000004,20.0,20.0
1.0,57.84457191689956,91.68914383381625,125.5337157506774,57.844571916904016,91.68914383381113,125.53371575067337
