time,s1,s2,s3,s4,s5,s6
0.0,20.0,20.0,20.0,20.000000000000004,20.0,20.0
1.0,61.601010213138764,99.20202042630837,136.80303063943063,61.601010213148626,99.20202042630552,136.80303063942657
