time,s1,s2,s3,s4,s5,s6
0.0,20.0,20.0,20.0,20.000000000000004,20.0,20.0
1.0,58.01830337785185,92.03660675571868,126.0549101335366,58.01830337785906,92.03660675571686,126.05491013353645
