time,s1,s2,s3,s4,s5,s6
0.0,20.0,20.0,20.0,20.000000000000004,20.0,20.0
1.0,53.240306905937906,82.48061381189757,111.72092071782231,53.24030690594152,82.48061381190664,111.72092071782667
