time,s1,s2,s3,s4,s5,s6
0.0,20.0,20.0,20.0,20.000000000000004,20.0,20.0
1.0,60.19411573330029,96.3882314666245,132.58234719990216,60.19411573330749,96.38823146662736,132.5823471999083
