time,s1,s2,s3,s4,s5,s6
0.0,20.0,20.0,20.0,20.000000000000004,20.0,20.0
1.0,54.61996867007299,85.23993734015546,115.85990601018901,54.61996867007817,85.23993734016145,115.85990601019036
