time,s1,s2,s3,s4,s5,s6
0.0,20.0,20.0,20.0,20.000000000000004,20.0,20.0
1.0,60.99801486193674,97.99602972388305,134.9940445858017,60.998014861936824,97.99602972387996,134.994044585794
