time,s1,s2,s3,s4,s5,s6
0.0,20.0,20.0,20.0,20.000000000000004,20.0,20.0
1.0,53.841414962852504,83.68282992570832,113.52424488854425,53.84141496285553,83.68282992571473,113.52424488854541
