time,s1,s2,s3,s4,s5,s6
0.0,20.0,20.0,20.0,20.000000000000004,20.0,20.0
1.0,55.59655491325245,87.19310982653855,118.78966473978025,55.59655491325488,87.19310982652898,118.78966473978367
