time,s1,s2,s3,s4,s5,s6
0.0,20.0,20.0,20.0,20.000000000000004,20.0,20.0
1.0,57.48354670826983,90.96709341653028,124.45064012475645,57.48354670827149,90.96709341653083,124.45064012475942
