time,s1,s2,s3,s4,s5,s6
0.0,20.0,20.0,20.0,20.000000000000004,20.0,20.0
1.0,59.066143575898934,94.13228715182835,129.19843072770942,59.06614357590952,94.13228715182244,129.19843072769856
