time,s1,s2,s3,s4,s5,s6
0.0,20.0,20.0,20.0,20.000000000000004,20.0,20.0
1.0,64.1883538672315,104.37670773448511,144.56506160169806,64.18835386724005,104.37670773449548,144.56506160171415
