time,s1,s2,s3,s4,s5,s6
0.0,20.0,20.0,20.0,20.000000000000004,20.0,20.0
1.0,55.521236347614945,87.04247269524504,118.56370904283924,55.52123634761522,87.04247269524093,118.5637090428508
