time,s1,s2,s3,s4,s5,s6
0.0,20.0,20.0,20.0,20.000000000000004,20.0,20.0
1.0,52.76808275317391,81.53616550635252,110.30424825947773,52.76808275317723,81.53616550634823,110.30424825947253
