time,s1,s2,s3,s4,s5,s6
0.0,20.0,20.0,20.0,20.000000000000004,20.0,20.0
1.0,52.50012417985029,81.00024835973464,109.50037253958517,52.50012417985972,81.00024835973682,109.5003725395916
