time,s1,s2,s3,s4,s5,s6
0.0,20.0,20.0,20.0,20.000000000000004,20.0,20.0
1.0,52.54447650586336,81.0889530117434,109.63342951758713,52.54447650587403,81.08895301174923,109.6334295175889
