time,s1,s2,s3,s4,s5,s6
0.0,20.0,20.0,20.0,20.000000000000004,20.0,20.0
1.0,60.10778188711623,96.21556377425816,132.3233456613643,60.10778188712037,96.21556377425702,132.32334566135253
