time,s1,s2,s3,s4,s5,s6
0.0,20.0,20.0,20.0,20.000000000000004,20.0,20.0
1.0,58.77593445649835,93.55186891301491,128.32780336949594,58.7759344565001,93.55186891300977,128.32780336949637
