time,s1,s2,s3,s4,s5,s6
0.0,20.0,20.0,20.0,20.000000000000004,20.0,20.0
1.0,58.93644392971086,93.87288785943669,128.8093317891026,58.936443929711224,93.87288785942987,128.80933178910144
