time,s1,s2,s3,s4,s5,s6
0.0,20.0,20.0,20.0,20.000000000000004,20.0,20.0
1.0,57.5751808277236,91.15036165545439,124.72554248312804,57.57518082772312,91.15036165544379,124.72554248312493
