time,s1,s2,s3,s4,s5,s6
0.0,20.0,20.0,20.0,20.000000000000004,20.0,20.0
1.0,56.66184971591806,89.32369943185795,121.98554914773285,56.661849715925115,89.32369943185229,121.98554914772676
