time,s1,s2,s3,s4,s5,s6
0.0,20.0,20.0,20.0,20.000000000000004,20.0,20.0
1.0,53.459989458511345,82.91997891703387,112.37996837551853,53.45998945852091,82.91997891704008,112.37996837552116
