time,s1,s2,s3,s4,s5,s6
0.0,20.0,20.0,20.0,20.000000000000004,20.0,20.0
1.0,63.93530706780523,103.87061413564155,143.80592120343618,63.93530706781397,103.87061413565195,143.8059212034495
