time,s1,s2,s3,s4,s5,s6
0.0,20.0,20.0,20.0,20.000000000000004,20.0,20.0
1.0,55.549728578778335,87.09945715758224,118.64918573636007,55.54972857878102,87.09945715758269,118.64918573635987
