time,s1,s2,s3,s4,s5,s6
0.0,20.0,20.0,20.0,20.000000000000004,20.0,20.0
1.0,59.81124333040585,95.6224866608188,131.43372999118873,59.81124333040106,95.62248666080582,131.43372999119265
