time,s1,s2,s3,s4,s5,s6
0.0,20.0,20.0,20.0,20.000000000000004,20.0,20.0
1.0,56.92930176838802,89.85860353679631,122.78790530514883,56.929301768395746,89.85860353679905,122.78790530514789
