time,s1,s2,s3,s4,s5,s6
0.0,20.0,20.0,20.0,20.000000000000004,20.0,20.0
1.0,59.62134348035585,95.24268696071181,130.86403044103912,59.62134348036179,95.24268696071111,130.86403044103844
