time,s1,s2,s3,s4,s5,s6
0.0,20.0,20.0,20.0,20.000000000000004,20.0,20.0
1.0,60.75029949291253,97.50059898584189,134.25089847873468,60.75029949291863,97.50059898584144,134.25089847872468
