time,s1,s2,s3,s4,s5,s6
0.0,20.0,20.0,20.0,20.000000000000004,20.0,20.0
1.0,58.49218643410293,92.98437286823477,127.4765593023235,58.492186434114934,92.98437286822968,127.47655930231642
