time,s1,s2,s3,s4,s5,s6
0.0,20.0,20.0,20.0,20.000000000000004,20.0,20.0
1.0,58.287372883380314,92.5747457667897,126.86211865013235,58.28737288338793,92.57474576677629,126.86211865012923
