time,s1,s2,s3,s4,s5,s6
0.0,20.0,20.0,20.0,20.000000000000004,20.0,20.0
1.0,56.568668988417215,89.13733797685089,121.7060069652529,56.56866898842731,89.1373379768568,121.70600696524014
