time,s1,s2,s3,s4,s5,s6
0.0,20.0,20.0,20.0,20.000000000000004,20.0,20.0
1.0,56.485185017403595,88.97037003482652,121.45555505219224,56.48518501741758,88.97037003482346,121.45555505219329
