time,s1,s2,s3,s4,s5,s6
0.0,20.0,20.0,20.0,20.000000000000004,20.0,20.0
1.0,55.213384454610434,86.42676890923296,117.64015336382064,55.21338445461176,86.42676890923624,117.64015336382316
