time,s1,s2,s3,s4,s5,s6
0.0,20.0,20.0,20.0,20.000000000000004,20.0,20.0
1.0,56.190519564127754,88.3810391282786,120.57155869239546,56.190519564137034,88.38103912828089,120.57155869239608
