time,s1,s2,s3,s4,s5,s6
0.0,20.0,20.0,20.0,20.000000000000004,20.0,20.0
1.0,53.26954277597886,82.53908555196207,111.80862832792025,53.26954277598443,82.5390855519655,111.80862832791655
