time,s1,s2,s3,s4,s5,s6
0.0,20.0,20.0,20.0,20.000000000000004,20.0,20.0
1.0,53.94928003439346,83.89856006880967,113.84784010320206,53.94928003441043,83.89856006882223,113.84784010320408
