time,s1,s2,s3,s4,s5,s6
0.0,20.0,20.0,20.0,20.000000000000004,20.0,20.0
1.0,55.37491303096411,86.74982606195132,118.12473909290281,55.37491303096962,86.74982606195827,118.12473909291401
