time,s1,s2,s3,s4,s5,s6
0.0,20.0,20.0,20.0,20.000000000000004,20.0,20.0
1.0,63.03740393933366,102.07480787868721,141.112211817995,63.03740393934109,102.0748078786823,141.11221181799135
