time,s1,s2,s3,s4,s5,s6
0.0,20.0,20.0,20.0,20.000000000000004,20.0,20.0
1.0,52.57907786736489,81.15815573474546,109.73723360209212,52.57907786737181,81.15815573475138,109.73723360209365
