time,s1,s2,s3,s4,s5,s6
0.0,20.0,20.0,20.0,20.000000000000004,20.0,20.0
1.0,57.380981488977326,90.7619629779761,124.14294446690684,57.380981488988766,90.76196297797654,124.14294446690687
