time,s1,s2,s3,s4,s5,s6
0.0,20.0,20.0,20.0,20.000000000000004,20.0,20.0
1.0,59.71508863027506,95.43017726057332,131.1452658908373,59.71508863027724,95.43017726057495,131.1452658908382
