time,s1,s2,s3,s4,s5,s6
0.0,20.0,20.0,20.0,20.000000000000004,20.0,20.0
1.0,55.91143960939052,87.822879218797,119.73431882816129,55.911439609403295,87.8228792188103,119.73431882817124
