time,s1,s2,s3,s4,s5,s6
0.0,18.574119713678737,25.267656856281306,19.8741241097637,26.303248085089827,12.56570430038102,33.900949325643424
1.0,46.688462093486876,85.9633321447137,106.21501129677802,62.99295742909007,91.96405986413166,118.43214332681866
