time,s1,s2,s3,s4,s5,s6
0.0,26.396353456169223,16.58251866311133,-4.963390154521488,15.138720929209278,2.7585490604324363,1.6799436798142438
1.0,65.93819817632564,80.80079809393155,116.99613881397212,53.7755265933061,81.74883537416143,109.36526217325378
