time,s1,s2,s3,s4,s5,s6
0.0,18.726233456864378,22.821634353001727,24.847843988443206,-1.873038953491001,26.86093284896028,25.300081102597836
1.0,66.98206198775561,98.04863014549619,117.92801735524954,61.59340514263762,83.46136961588724,113.61433930060637
