time,s1,s2,s3,s4,s5,s6
0.0,30.6506258737811,20.963708554381988,5.264840204773879,16.20847546992452,14.237676538712138,3.807055762908316
1.0,68.6900958476561,86.18808221749929,127.78246509692343,40.601707942542575,79.46386283548587,128.83984510673307
