time,s1,s2,s3,s4,s5,s6
0.0,18.783244727902886,43.036984155030325,14.779541002755327,30.448251941549895,13.296478249350107,17.23359372311777
1.0,66.77931735824485,81.6957890292795,119.3096770763988,59.540187205731506,87.00303326146027,129.335678014958
