time,s1,s2,s3,s4,s5,s6
0.0,26.67995387279004,25.52805840529592,17.90965048160149,29.3453354747753,8.269435066046217,18.914970077783302
1.0,54.76895002367338,83.3755558023348,120.46335480222129,44.82846576679172,84.75183015358998,120.66276563362145
