time,s1,s2,s3,s4,s5,s6
0.0,28.697991950120738,4.3285361289089614,25.513643617101074,29.129775928128616,22.554382106077732,19.237077058779278
1.0,55.90948315134378,79.39002142035793,124.29337121605249,45.861225711580005,70.78416882956402,110.95671125855658
