time,s1,s2,s3,s4,s5,s6
0.0,22.866391746964005,25.78161706920282,13.286732129204855,24.15004894042391,26.988087194382626,20.089358447662573
1.0,66.38316568652687,95.9540966556613,121.36194512908719,54.72665097799885,97.79702294679791,125.77976369167975
