time,s1,s2,s3,s4,s5,s6
0.0,11.323278104805109,24.17111037628016,21.896930273307134,25.415565117695465,17.294865248643358,28.249457193277287
1.0,72.9308147938811,110.62293996031605,126.64140312426231,60.75599519403007,101.23103648243774,120.77165476388303
