time,s1,s2,s3,s4,s5,s6
0.0,11.413354037406554,23.453784048309938,25.176421501014424,10.789573135638639,12.335641659754314,17.840144429167697
1.0,59.905049896021026,103.75156633278888,118.1322027245321,48.83714959925215,102.59735689434211,132.0881420800341
