time,s1,s2,s3,s4,s5,s6
0.0,30.446058761035697,16.224939123049293,5.049272674736223,15.073337098660517,18.38011437282281,10.505063724791464
1.0,68.70007873179947,72.77309356405085,118.11485724338918,51.916289009511786,93.270999461003,122.944478105065
