time,s1,s2,s3,s4,s5,s6
0.0,24.37668211780616,15.069568308383719,22.704058368318936,27.300675722551965,24.082499524048895,40.83909657769327
1.0,44.99498251862818,94.86714228794322,143.28146879099052,53.69930071971382,86.17620699846856,103.66400422984168
