time,s1,s2,s3,s4,s5,s6
0.0,11.759956693590944,33.44371334152924,8.402211213663865,21.12262967300427,31.169141471690462,27.41053819714956
1.0,38.73471668203892,84.72280459684356,134.28398779218554,46.061998744947275,71.87767987982868,121.30618630560173
