time,s1,s2,s3,s4,s5,s6
0.0,20.340757967639632,27.38795845778501,16.449304240732776,25.520318569665147,24.06343596264947,17.284376925200586
1.0,62.74918796496586,88.21505763788888,117.82996555617402,54.38679914334101,95.43865060325052,120.56794315930853
