time,s1,s2,s3,s4,s5,s6
0.0,18.31243288191954,21.557052417089697,26.65427325211546,26.36108111947628,6.344508479865505,24.463887184412215
1.0,54.3408318969902,90.53544130257609,112.62422110498747,47.0259694156947,75.2845392734772,110.17556858632412
