time,s1,s2,s3,s4,s5,s6
0.0,44.47591669233584,9.906040492649062,46.798693213728626,9.585762304072288,28.989680736006193,21.99331252147774
1.0,56.89522479279666,112.94110382415494,136.80416073140094,43.15111918666753,87.53888426850557,112.42841757494747
