time,s1,s2,s3,s4,s5,s6
0.0,26.12541345925589,23.456306649921597,12.852738828075648,23.59390291147168,27.25694156962794,26.335740048257428
1.0,51.18390367392517,84.37076045951453,113.82101732859881,54.54554674488495,75.53463719430968,127.69009173937552
