time,s1,s2,s3,s4,s5,s6
0.0,16.296484569267385,42.123951428319174,7.694542032240987,14.175313246215127,4.164735088497567,10.180015719564024
1.0,62.068163273847794,95.90007252986636,133.58705393168617,75.51635441720659,82.7616034983327,125.31865771264623
