time,s1,s2,s3,s4,s5,s6
0.0,18.198968042654396,21.654965898824116,20.03807023235095,25.366115508464894,39.433310978708306,27.6944461957829
1.0,54.93753992299705,83.29037326646846,124.89207270149414,55.75522055127214,74.91588630847141,126.9362065964977
