time,s1,s2,s3,s4,s5,s6
0.0,29.795551354465964,18.31093360177058,21.450986468809035,33.396472362820205,15.671977860835415,28.56783334052482
1.0,49.21280970605711,97.52430772364075,133.5990976540664,67.50118224220225,87.63865860399576,114.78353929620657
