time,s1,s2,s3,s4,s5,s6
0.0,27.92958489021221,31.978722129794768,28.873174467960148,9.854853172045424,20.72230568548695,20.960012065611142
1.0,43.36651930529271,87.1940959564828,134.2826495482866,49.436923910643365,90.92965181996692,125.08585633603997
