time,s1,s2,s3,s4,s5,s6
0.0,7.137384463812932,26.909129874178376,16.77732419985445,3.542001797156889,36.5523268075534,16.434301396744576
1.0,67.92378193287821,83.75206966894838,108.64047688215125,51.89871740970902,81.50663750010779,118.71745386288023
