time,s1,s2,s3,s4,s5,s6
0.0,14.627510108716587,46.360731073505704,9.714416693372307,41.812559361218234,25.07979681798348,19.65544134157284
1.0,33.901690410925326,76.54099163877592,124.43102546565609,51.7287856476728,90.79545136983904,126.53619992389592
