time,s1,s2,s3,s4,s5,s6
0.0,19.278797797476535,14.157066391561717,7.967788380901261,22.96702794230339,28.8109767124891,29.396734536035904
1.0,66.8476964812805,99.78859395423208,128.39685669159988,54.862033012207355,89.90446412588932,123.89295345777977
