time,s1,s2,s3,s4,s5,s6
0.0,28.34430623661998,18.678852029261268,22.13436971623732,2.2291790135168092,25.940900244963878,27.161515284589115
1.0,26.763604874203082,79.11720383164436,99.83113456969518,52.46837179218288,101.00191927016724,133.70878216673532
