time,s1,s2,s3,s4,s5,s6
0.0,20.185159019689035,17.6329424712943,0.8546821341081561,14.131943469365886,35.39011677393882,33.3769725751816
1.0,61.19600341764956,92.61645832778059,114.55283760942837,52.216000059325275,107.0564901305377,115.59302623730191
