time,s1,s2,s3,s4,s5,s6
0.0,24.01457329759568,10.452089704843086,28.295274174519342,18.818497278938473,29.299494692399495,18.098401937682617
1.0,54.806904116701055,102.9460388618781,117.68486256166486,45.2602605210331,102.18625782474847,141.66623697213964
