time,s1,s2,s3,s4,s5,s6
0.0,13.83219160018182,10.969554682066423,12.278990369053894,22.358548140639975,39.30033059902042,35.01749304641206
1.0,60.60376124657171,68.98155244754582,122.855827648173,52.177550612464096,83.89311579690128,124.02381265603317
