time,s1,s2,s3,s4,s5,s6
0.0,11.699524925673462,19.354821512885625,7.905477140848484,-0.6382229706681635,4.586862518959274,19.28710812075879
1.0,42.590652062821505,89.21024825565092,103.81921017711045,71.24830318036383,79.56770877177202,114.23508909070773
