time,s1,s2,s3,s4,s5,s6
0.0,30.378848790610895,14.024103669319842,32.24895151803708,13.49212280042256,14.822107161795739,32.3791075860845
1.0,61.322728925595655,95.92025860979268,132.04970912825752,58.66891845660116,82.70696616002506,116.23399856686686
