time,s1,s2,s3,s4,s5,s6
0.0,37.95284113269617,3.5347242568901756,9.536533115713306,40.42624646699116,6.300811252066843,34.5214598108559
1.0,49.160811375930294,83.90675854740387,103.49415591743181,48.25858872671665,85.82813256179605,128.93112876919773
