time,s1,s2,s3,s4,s5,s6
0.0,10.548146102861104,22.054883300265068,7.128296525988912,22.079036348419304,28.209720172636494,17.48450910559562
1.0,58.44962010606723,92.29302956441127,110.61179602356924,62.91565927604439,94.22229002346542,127.30084799464598
