time,s1,s2,s3,s4,s5,s6
0.0,20.551505170862228,19.79747621985783,22.52272827873871,21.233711233845582,40.10885531706218,35.156366152907275
1.0,44.28285822242565,83.6863226606845,133.48391167407516,61.58313092835638,91.1755665308297,140.35642459662813
