time,s1,s2,s3,s4,s5,s6
0.0,25.88249162894554,29.670901012351784,42.876957912551546,19.08961810673379,14.378529246959078,16.95647084497265
1.0,62.717757529567436,106.2174958505162,123.59102500642477,54.7354197281941,103.65928281151322,103.26273282790658
