time,s1,s2,s3,s4,s5,s6
0.0,38.51798809579546,14.85315731750078,19.029695492705493,28.675400384881677,10.682885730506284,20.611155472968115
1.0,70.64614226405622,90.42125600779158,134.0444576228795,37.85702219332535,107.18024561287186,136.64526095730517
