time,s1,s2,s3,s4,s5,s6
0.0,5.244296610915889,21.950955922258974,5.742497606087536,12.234120571369152,11.242189460010321,25.722716295497225
1.0,53.031109877886244,91.04463442828448,116.25340642671871,29.59639288752971,78.70128125305779,121.76939325064217
