time,s1,s2,s3,s4,s5,s6
0.0,25.56990997029391,23.41511633602408,20.32696706311575,30.449699849983183,11.963828591516975,19.72873028613332
1.0,67.63766222647489,85.64746793906748,131.30912354831193,61.13954064302861,98.22360931529872,120.50868511261302
