time,s1,s2,s3,s4,s5,s6
0.0,31.38819693722172,10.62965682242612,40.81136908672775,27.387505616872698,24.77031707118498,14.761834282794391
1.0,40.69639042112607,98.63654505080784,138.49907041948865,68.16358296211368,102.73730660633339,122.52331946593671
