time,s1,s2,s3,s4,s5,s6
0.0,13.444514532582456,38.17365866625154,19.55891984365462,22.078280762161988,18.783919174833876,0.8207399686779624
1.0,59.193156563119636,84.5484977485663,102.77991312319025,59.45502993574245,90.33805678015815,100.58947132920542
