time,s1,s2,s3,s4,s5,s6
0.0,31.019279578308296,14.537623104455374,5.241930022246958,28.73517302551524,26.91062618325876,16.256112609792385
1.0,53.31029960626927,91.15381544887114,124.67756326746434,56.75392577994259,86.59764051542825,110.45797802466168
