time,s1,s2,s3,s4,s5,s6
0.0,20.712942697225156,19.245869273007344,8.971782643593155,14.649533098713208,19.324389179997155,22.460344914199972
1.0,53.5897902354116,97.09299861035714,125.66504986475795,54.07748776423555,93.56444989662958,105.59445096220641
