time,s1,s2,s3,s4,s5,s6
0.0,36.456111724649645,32.36582807086813,32.160087836917384,23.634239008018564,27.743890040706,10.703673873187135
1.0,59.443247671496735,85.27648751198846,115.73988429763347,64.26415914075373,84.4053574218908,130.22897598548454
