time,s1,s2,s3,s4,s5,s6
0.0,7.1243309221768065,11.746179934264003,5.23540920896159,14.75833521297271,30.433471596098688,27.23488233027075
1.0,46.08760375030674,76.91074737601868,132.69127795188479,56.49651045386925,88.00325070879447,98.12616904208292
