time,s1,s2,s3,s4,s5,s6
0.0,18.137785605980383,47.781090906794574,24.00376318665731,18.74072817068976,22.702980885035362,13.88125932864419
1.0,48.454659719182125,105.29668807302642,113.40723058203824,67.69581594431722,100.32796805064098,128.24632912246864
