time,s1,s2,s3,s4,s5,s6
0.0,6.469546139375835,25.65617667984864,39.92654595253364,15.753875357432864,23.220626551831657,30.35129787077431
1.0,46.167899261396,94.04441634566234,124.00646426240333,52.241823812784524,96.41570645181832,117.43593177386997
