time,s1,s2,s3,s4,s5,s6
0.0,7.034766506601663,8.24381144253299,20.998033202678386,17.73328525864851,30.708471798705514,28.699431847906865
1.0,52.61760301470629,91.94098175593399,109.99277926641281,73.67491895389033,85.37036445912065,114.9247928078594
