time,s1,s2,s3,s4,s5,s6
0.0,3.526410496087017,13.056205629510433,14.896284413249122,32.053490617794814,28.562846117333766,19.953264085431172
1.0,51.555356212319424,88.04722117271035,117.26540198973377,54.78218906753948,94.17759790663486,104.65626491914583
