time,s1,s2,s3,s4,s5,s6
0.0,38.414641465075874,23.175433422365224,34.05772476938125,30.028344385958622,39.90868528500363,13.39950244932093
1.0,44.92553973920951,92.4322269672723,130.5524566076477,61.645715287714026,104.19725300235504,113.1207170332427
