time,s1,s2,s3,s4,s5,s6
0.0,39.506892912159074,27.07305738449177,28.736513580481464,14.963471577841602,10.381891972195739,17.483861377745143
1.0,67.95712938238117,73.83511897910614,142.2292315512539,61.533069655844024,74.08890767746152,98.02950001230583
