time,s1,s2,s3,s4,s5,s6
0.0,14.012417560663543,23.645709895627565,29.139082048271405,23.192427722989336,25.90546371707906,21.435849329879623
1.0,58.69347458007671,81.68065386419786,130.04233717547578,61.192746501519345,82.86535450829159,104.90892359234236
