time,s1,s2,s3,s4,s5,s6
0.0,19.633727685401894,23.20407176722742,14.940316778572756,22.788105676020976,25.23056819488513,15.350828207323326
1.0,46.53877961748959,77.66627514613546,121.73108579955667,61.06431087371656,88.57081708771115,119.98653278083836
