time,s1,s2,s3,s4,s5,s6
0.0,6.388612296502876,3.3609527195589237,31.938484754154565,38.43071877252852,24.86371487824676,22.12625255777276
1.0,52.58216882800999,84.33661083650532,115.7646547945775,49.76162833427564,92.79529762014815,123.80630824684147
