time,s1,s2,s3,s4,s5,s6
0.0,10.988468150851897,14.10142928494113,24.2895818477179,27.62045902311048,17.961643381660423,26.101606490777712
1.0,59.50854638156341,93.9559462047048,101.43580809257435,55.262938276354355,90.69295623611715,104.15145686413598
