time,s1,s2,s3,s4,s5,s6
0.0,4.599926926490845,10.507594448229945,21.48684847897769,18.61827344516826,6.247693141721202,36.71695134915991
1.0,41.25913493846457,93.22562713755931,107.60912411213154,60.19958095828393,83.45106020727198,124.77252184569141
