time,s1,s2,s3,s4,s5,s6
0.0,14.225491104913289,20.961335251592665,31.312573242823518,23.84864852290521,14.072321344543743,30.45257856502282
1.0,56.19595843449353,96.86529156987359,124.00562847832262,66.27124863413727,82.08494692027247,118.87743343982315
