time,s1,s2,s3,s4,s5,s6
0.0,18.416246858593624,28.768497799087513,37.89062093594874,36.526598666209054,22.2819571943683,23.10805675292741
1.0,46.15528644203219,98.4668059648252,137.66239656013687,55.489419011943234,104.13695036895763,122.07399804745423
