time,s1,s2,s3,s4,s5,s6
0.0,7.290796418522511,15.586418341372426,17.61579837580759,35.64414966413647,26.808953391122245,28.07568991136234
1.0,43.387728731176544,82.68733189146472,119.70325348440444,52.70582972438661,77.52589416587395,135.00271055453229
