time,s1,s2,s3,s4,s5,s6
0.0,24.435372358377162,28.66748154589577,37.46310318311901,20.193661933408194,25.148368870608557,11.160226237612322
1.0,62.26613003913474,83.43812597700772,113.71177682679277,73.057888083625,66.36616279514736,123.5991904112408
