time,s1,s2,s3,s4,s5,s6
0.0,23.118672815950628,5.087094287841502,35.15211969284298,20.663143646297037,26.837061445099373,32.83818146211247
1.0,62.292346848823726,93.79559636847893,127.07140562463599,58.41892613908665,94.09709052076086,125.48975909398989
