time,s1,s2,s3,s4,s5,s6
0.0,38.57448525526384,32.19413236077888,57.392930392646555,13.199982152203855,8.313555421610559,12.536629894019875
1.0,71.01395945346907,73.26965108812425,122.5199649085784,47.054659207727,95.25060852207307,124.2572819149936
