time,s1,s2,s3,s4,s5,s6
0.0,6.395864432335571,23.612586466046828,22.979139226652023,15.562150585607736,17.056326021743367,10.154358260573996
1.0,53.83896521145912,88.84014936833772,115.71927382398053,47.33085032453772,73.67323045556195,133.25938636993922
