time,s1,s2,s3,s4,s5,s6
0.0,16.419639615552448,8.130263217944247,23.298124069333,28.682136320674644,11.848705188617668,21.266878047887342
1.0,49.750058780031914,85.0646899505012,124.9272790681315,70.9956984072291,103.79232556377114,137.17163058129879
