time,s1,s2,s3,s4,s5,s6
0.0,7.514346526849218,23.940877689307985,39.59747462452535,36.86563278151833,22.988313934917485,28.796594818201434
1.0,59.996940311503124,84.85068753115695,96.94731873885331,52.84678392485418,76.73152729706322,122.25647903762723
