time,s1,s2,s3,s4,s5,s6
0.0,15.799774128962188,1.3819142822321915,20.139438318217255,34.87526443894966,28.137201200760316,20.13049478214548
1.0,67.5793293600108,102.19184880773923,122.1373302793615,54.71863403300152,86.24445637580206,118.95076215011568
