time,s1,s2,s3,s4,s5,s6
0.0,-0.24529335034646493,27.124199542231853,17.394641892531354,11.411356774624428,23.073195114628504,14.419869500199725
1.0,52.38961123543992,85.08158975281577,100.13419452865251,46.098737226893256,81.02400059566148,120.61991152760369
