time,s1,s2,s3,s4,s5,s6
0.0,18.55043899372982,37.83175480312816,38.84051639268499,29.057941837782124,12.62074411025168,24.326333707035328
1.0,44.625556205602265,96.07900693572589,143.88090121007593,62.19346054809033,75.15437023457987,110.50158138514296
