time,s1,s2,s3,s4,s5,s6
0.0,29.82363654176497,26.10385968842799,17.259880214716308,34.73084743486565,33.094053032624146,18.469905505982926
1.0,58.98377010243917,92.70830053915296,128.09829200178402,51.02851142162018,89.73506316463,128.88138631758872
