time,s1,s2,s3,s4,s5,s6
0.0,30.898681066762695,10.376970238412362,35.726130410738975,20.993682840782316,5.6008788431543906,29.21383909314155
1.0,55.82997383063653,92.27614752967199,108.14851833489026,62.10881445859887,92.5996125116776,129.52559970925407
