time,s1,s2,s3,s4,s5,s6
0.0,10.195019278339375,20.632065157711875,30.779175845432214,36.3707360197581,26.113236994244414,13.372883573019074
1.0,60.44098362851853,87.24933067823106,107.946356232988,58.09024599903294,90.17306151222445,114.90865619044547
