time,s1,s2,s3,s4,s5,s6
0.0,27.40091173223497,26.184025369874746,13.896151043212512,4.421469142298932,42.83078910461068,12.909814623182761
1.0,58.17239971154871,85.55637616209756,119.92766352588063,43.93716168264937,82.33625605022986,117.04033714511311
