time,s1,s2,s3,s4,s5,s6
0.0,3.83561948219873,17.129383263950356,12.877072069085516,16.64113915659898,3.9450795999355606,40.36888180323463
1.0,48.593530704710545,96.79557769828017,106.78079588590816,58.96501985940713,85.80450589179235,129.29635770277585
