time,s1,s2,s3,s4,s5,s6
0.0,16.836224616697848,-14.8692432827104,16.783062307781716,4.3377401126519715,18.869893073451543,4.4966626759162445
1.0,48.235195452245236,87.80392763249162,108.73480834518344,63.84054632327228,109.45446010787492,112.69370146776156
