time,s1,s2,s3,s4,s5,s6
0.0,22.302310221846295,5.093876029308607,28.587383660128122,23.627157756296597,12.305858812716902,15.816994622646025
1.0,54.76276710870913,101.89001564565305,127.0485772096194,55.92757009046627,94.99999142244498,105.83434082075439
