time,s1,s2,s3,s4,s5,s6
0.0,18.717129945578264,29.701753691243,-3.089990808327965,29.563817829972685,13.337140120007899,3.4128058205288347
1.0,60.60125698022545,92.34628932174577,123.40496799540601,54.75008033562719,95.51865592304625,126.58701919071237
