time,s1,s2,s3,s4,s5,s6
0.0,44.62909153572875,18.53267266948692,27.645885868741935,27.741428788770335,28.935447404264153,25.793522911926864
1.0,55.84592309358668,108.37016039431731,117.89675026645745,56.44489347216326,93.15407613039665,123.08084353130769
