time,s1,s2,s3,s4,s5,s6
0.0,32.0136245171652,19.39041901385765,27.75602591863384,25.56556930960489,33.61278210752208,30.98327246107452
1.0,71.86657032848804,100.83770815981391,119.78597146175755,48.63891147579142,91.21979294005408,137.89940499518244
