time,s1,s2,s3,s4,s5,s6
0.0,9.226168047610761,8.79704297826443,10.240430296692175,13.407901783217095,34.5851951033271,14.961835429335899
1.0,64.79373514508579,77.50293944136223,104.86946299071494,30.104819996594856,101.25192366648946,113.63587892092892
