time,s1,s2,s3,s4,s5,s6
0.0,27.832719048263435,19.941699213228638,31.37980970315559,15.527360612748032,16.075897256679927,24.380110865737247
1.0,49.424112466341526,94.32853334432885,102.32989164647965,49.894753951032065,105.77658498912017,128.511563867601
