time,s1,s2,s3,s4,s5,s6
0.0,26.773192421511464,15.162560221805037,0.0444791025264486,26.271522448818878,16.62907090947496,18.40362950950466
1.0,55.253647980932115,85.82281651145314,126.2616624224266,69.64970617362232,82.01843599865254,115.52452176058216
