time,s1,s2,s3,s4,s5,s6
0.0,48.75497265939043,37.61843591062555,21.4211848224719,23.04189976466136,14.42705369302041,11.956379223030103
1.0,44.45891045547374,105.44980393292758,128.4669824300973,55.96071846745256,74.1826502541127,128.8294726336463
