time,s1,s2,s3,s4,s5,s6
0.0,21.420037386133135,15.253048744313148,8.042434486380266,18.474162893044788,15.049194453363,11.634176918406755
1.0,57.67743450513089,91.6425582840091,123.26551829521809,45.031569174882485,101.31456068071374,118.80096016391107
