time,s1,s2,s3,s4,s5,s6
0.0,10.895088955796359,17.44590545248435,17.12015235139315,8.76894068869419,23.856694737897925,33.25542498833835
1.0,69.07540014715087,92.30107600069213,118.61903643039606,42.26765784117204,95.42519691406768,116.75778254069103
