time,s1,s2,s3,s4,s5,s6
0.0,24.647175773235325,3.267355092435359,14.722330527271456,41.44474438906546,1.612188581382938,10.51522787792755
1.0,46.059787293701106,102.85750414241468,122.489246260906,30.192327815634286,82.54084771979053,135.49927350538078
