time,s1,s2,s3,s4,s5,s6
0.0,15.67214254923223,9.132700070405198,15.496691255955927,23.01913897204778,27.927023654181994,12.69794852931406
1.0,48.39063632324681,87.19978554055548,146.23420276390152,70.07484913090714,70.23111932677293,111.31785405332018
