time,s1,s2,s3,s4,s5,s6
0.0,26.977419014745507,4.972045791457882,32.875949006470314,30.4663133480011,20.287209052535207,11.750868790746914
1.0,63.14594692063373,93.59142207147443,126.68602258013917,60.68865106956551,87.66633298201553,112.44389025285194
