time,s1,s2,s3,s4,s5,s6
0.0,14.576142805556643,12.998128047571047,15.087045236010479,33.18470149629316,24.99412689830317,27.557487667141288
1.0,61.34482752328218,105.47909127550915,110.9159218498096,46.808826051670316,84.18129221679797,129.3055834177444
