time,s1,s2,s3,s4,s5,s6
0.0,9.55678834663126,12.841251916256056,3.7273485490462868,25.385219323500948,9.802664327158062,20.04540146907519
1.0,47.73186308260328,97.15844229529091,135.15443772977113,61.37314548592035,86.27390001382497,132.64681601377052
