time,s1,s2,s3,s4,s5,s6
0.0,15.514130267215272,19.248588118179494,16.49757745246082,26.030948982940522,14.10485055615745,17.5170531954881
1.0,73.3165030094348,91.79511724082762,112.38074904905388,55.937400790737456,94.7459003399568,111.48914700984392
