time,s1,s2,s3,s4,s5,s6
0.0,26.562270486238944,21.05402822444309,13.273270100281056,1.1749836403469338,35.233007109951785,32.24727755357242
1.0,52.09920329361544,97.23760786376282,119.71035150788421,59.136561421260105,91.51426170221713,124.19647471438509
