time,s1,s2,s3,s4,s5,s6
0.0,4.452461251752055,15.132469325243473,19.298462563737935,37.709001711403715,23.139484512625053,15.177168129080371
1.0,62.92972220991834,69.91853293846599,112.87649118378265,56.693469682808754,73.39212973280296,118.1616618357929
