time,s1,s2,s3,s4,s5,s6
0.0,16.37420745979109,26.24727888995685,7.251533744280449,15.80170852732369,8.397386740261059,27.008435109439205
1.0,47.9553636154664,76.13979093247939,136.16317594251686,54.71226313214778,83.55596202346342,113.31352074471725
