time,s1,s2,s3,s4,s5,s6
0.0,26.97966835810464,10.468802034069203,23.586689828681926,21.233349560906117,22.034863002240304,13.006434464794584
1.0,56.152263859050855,78.32955057474841,116.23007352667015,45.13170203590873,97.69855487577172,142.48699180451766
