time,s1,s2,s3,s4,s5,s6
0.0,12.836592757889903,5.534032163898852,32.39574392626017,12.788524074223869,23.93236105198274,21.357223067000962
1.0,65.6005059775177,78.88386136869343,127.29914525623249,54.954135110351835,95.8741517980746,122.98338612476773
