time,s1,s2,s3,s4,s5,s6
0.0,22.0138705793021,23.49367313820908,12.3241654713663,29.952308756748522,5.830361913790531,49.18754652866873
1.0,36.47910277250895,77.61297823792664,109.31280196128331,60.14332058458932,98.50119560765484,104.97584413956999
