time,s1,s2,s3,s4,s5,s6
0.0,28.22461434367225,1.2405851565807602,20.299179178175955,29.909783487295517,4.5084968661808045,17.393907511976316
1.0,59.71229269135332,88.45313083377083,109.37187183364568,56.778518590276946,97.39611972631359,111.89922548713349
