time,s1,s2,s3,s4,s5,s6
0.0,30.679579478119006,23.296973028767486,14.810201156032615,17.005798908736605,33.08668587012019,13.409369690054376
1.0,48.00937209270786,100.99955676570326,103.8987859045055,37.949502385765605,82.3502005129389,117.50510171190292
