time,s1,s2,s3,s4,s5,s6
0.0,32.20132934648212,1.6035075566834216,25.138343036507802,18.784750217555864,16.501382853461696,5.895340574357981
1.0,51.572531639492155,84.37307951937535,120.11963223647457,55.40396744861713,83.3767751930853,120.69248208070029
