time,s1,s2,s3,s4,s5,s6
0.0,32.82478402806987,29.011649631357365,29.985606638741324,16.154322952705268,10.60386445461895,4.21938492269615
1.0,56.18095549751256,75.34631371702227,141.97098990235267,49.099369702591616,91.71428632828285,124.80436183665365
