time,s1,s2,s3,s4,s5,s6
0.0,30.663192059152518,18.449064201830293,-0.6856400865964076,5.805669368153779,43.38593143743562,6.250289029505691
1.0,72.23703734404236,86.94762018714079,123.74028901694273,58.38454916382878,96.1220914660894,117.61061095675336
