time,s1,s2,s3,s4,s5,s6
0.0,13.018120141863971,28.61991231257361,23.999934292441992,32.123322676149314,40.48381672118361,10.74563986212821
1.0,64.87591402061433,74.28158610078778,136.63380748106064,62.62471777707737,75.93962659070957,122.04439548489054
