time,s1,s2,s3,s4,s5,s6
0.0,2.1727376565225214,22.453555255550363,17.796203028835972,29.565666250439662,41.48016169621635,5.450387733547611
1.0,51.55154856811742,83.46678200996406,121.40783371579909,56.19473426202524,95.59904887893882,148.3868570713067
