time,s1,s2,s3,s4,s5,s6
0.0,15.374364299301611,8.244772594380464,14.186893108475434,38.932098265836665,19.93851584474999,14.819026132542703
1.0,85.1458714543203,87.41009250746681,109.60365003347339,52.639472542950315,69.3599201643579,133.94936075269658
