time,s1,s2,s3,s4,s5,s6
0.0,15.677949272477253,10.032855418035815,20.07412933750516,27.16629840996315,10.71133505222712,26.16253564061647
1.0,57.40158275199202,95.37553884959493,133.4811215438739,54.978490439745826,96.02446792933726,119.82365008907495
