time,s1,s2,s3,s4,s5,s6
0.0,19.023645374951215,21.44753848751036,13.177097620726583,21.66623950256834,9.108845079538783,9.084215506315005
1.0,67.910623284015,96.60606223053252,133.63681040400596,76.79241567854754,93.1327246604306,121.63515785892788
