time,s1,s2,s3,s4,s5,s6
0.0,21.38351926992636,34.366644549750866,23.127574057336002,28.583621376628216,12.785936875074151,23.238174103211108
1.0,45.51156477644702,93.58982285580049,135.21301921266266,52.546173455197234,86.69799800631567,119.65281061234225
