time,s1,s2,s3,s4,s5,s6
0.0,34.603890827084385,25.668433362091676,16.067578435162844,25.96176341108403,19.258750904462744,11.740531305843003
1.0,64.34218057497472,90.2720482943193,129.98019980022684,68.00622859963876,101.24942417337422,133.8928242816662
