time,s1,s2,s3,s4,s5,s6
0.0,16.061874876321813,17.90707519434478,27.037173436465785,25.225128755427633,33.175690209738434,0.019812148543170593
1.0,84.67047576488145,96.10280142969837,106.32954733563531,69.2598527238386,65.9184092886704,136.00538214735224
