time,s1,s2,s3,s4,s5,s6
0.0,23.58596297131602,12.441562952000972,24.457272321006663,25.705578111989176,1.3986365160813428,23.061128140812052
1.0,47.1768143160202,81.45550183403799,133.15087164016157,72.77829316503556,89.4972610847233,113.9904614998468
