time,s1,s2,s3,s4,s5,s6
0.0,-0.23137833034569866,23.47709846674283,37.31493611436811,39.07687032170632,17.86752235940415,13.059115825576283
1.0,66.82881996716898,72.50465026203673,140.80176516234067,56.615859593063085,89.32720033517441,119.18076356370231
