time,s1,s2,s3,s4,s5,s6
0.0,6.225092617094528,-0.02248664645289722,6.281981193212729,13.606106883112457,29.090564412103458,27.214982340236734
1.0,39.7165383818638,83.81903603398958,112.4691866459389,54.4020651595522,82.67878739746942,114.6217478009941
