time,s1,s2,s3,s4,s5,s6
0.0,24.40597412027674,26.545092406900906,37.33191615868424,25.920708975063473,26.88627484788956,15.062303492559957
1.0,64.95955338893864,94.77604179440617,111.09433772018754,43.27472011717486,92.4294746669053,130.9334449370177
