time,s1,s2,s3,s4,s5,s6
0.0,13.998041359945422,10.413554146960392,4.604328272891053,11.878033492464276,10.577538745842759,23.96454361309783
1.0,50.92688897996213,78.23318336447909,125.96285654679234,63.40645887648496,86.57305870011899,108.21178170849963
