time,s1,s2,s3,s4,s5,s6
0.0,18.484610424541767,16.921097790280356,34.4935521812823,0.3711388118681924,24.17679049704373,24.630851589017578
1.0,57.202399913118455,91.73112441240384,127.819983582823,55.161600208683645,91.24452739140321,114.89115332496972
