time,s1,s2,s3,s4,s5,s6
0.0,11.161875198282837,20.48138486844359,26.919634332635184,20.470932482488735,31.381550068359893,20.866402953885814
1.0,28.946516222710535,102.0839129263823,109.14675863435598,57.738018106317696,84.10577218061293,123.60646041067471
