time,s1,s2,s3,s4,s5,s6
0.0,11.11532321966727,26.860662213556964,21.210367743504023,24.340756818129627,22.761664806721125,15.863180442854798
1.0,54.78857855352582,88.68219092450306,127.48609223564893,61.40634494579564,78.25288220094076,121.27985317571128
