time,s1,s2,s3,s4,s5,s6
0.0,19.039451168085346,15.068335717041846,21.386724145859933,24.541883490671506,38.255500057894544,13.10556241216431
1.0,49.985094021872044,79.20340313337516,116.64469280978153,44.0546493956364,84.2759483829033,129.60127361992042
