time,s1,s2,s3,s4,s5,s6
0.0,18.956601718794865,18.392867632584537,8.598735345619822,36.516860863772095,23.8268468209964,16.450455865158844
1.0,56.34719135656425,102.7904596047776,107.04409526538674,68.2166881298848,85.44898783370209,103.13997969257065
