time,s1,s2,s3,s4,s5,s6
0.0,11.693730618835612,23.150597129166606,22.057962399995652,27.791813813310394,11.642813184313816,12.594363143605314
1.0,46.20967178712303,83.82154525964745,110.16013032299308,56.22657040689471,83.26300580466828,122.98890827692313
