time,s1,s2,s3,s4,s5,s6
0.0,23.0412516055163,8.691531045993404,14.033812927788478,18.264995633082226,18.78206578173721,14.906448296228604
1.0,42.71086507351264,91.82053548933875,106.24010010909372,46.780511286972185,78.81683343992984,119.48833568216988
