time,s1,s2,s3,s4,s5,s6
0.0,15.12325000689547,25.032753082058598,24.52268837350073,16.398642740207055,8.014172743553743,19.448201624495635
1.0,69.75268866487485,98.17858687640876,114.09834680271715,53.61453254046405,85.39231182226683,103.31466000419215
