time,s1,s2,s3,s4,s5,s6
0.0,12.262439879130444,33.35318428962957,30.8090476441211,41.266467166486066,7.547229738360992,3.75802293331153
1.0,54.912451949185645,89.24875519255804,131.48460136796052,38.437271492162736,93.28167699250987,103.39897040503145
