time,s1,s2,s3,s4,s5,s6
0.0,20.93482179780001,14.084890005038929,21.895637748013886,19.134939116805565,13.294256563873255,29.20521393387406
1.0,62.01327468219816,86.86781729649724,107.28191140356853,68.63344302525924,87.0553975928659,120.62375966249958
