time,s1,s2,s3,s4,s5,s6
0.0,16.884553883316848,21.540940854179407,21.0582175030453,8.527163312068081,20.85401116328263,40.09759213736581
1.0,54.97782739012574,96.91122836832686,113.30527618243369,55.05719945270242,91.42866947119987,116.9412928001126
