time,s1,s2,s3,s4,s5,s6
0.0,18.644793400868632,13.074123633123484,16.024950071254455,31.343604150105378,12.809287962182697,6.0830492833035485
1.0,56.29096818786091,82.57248808838784,99.98842223579209,56.666218396845146,112.39151222466818,99.1572951881156
