time,s1,s2,s3,s4,s5,s6
0.0,30.86865737964535,17.93042026539924,9.323311932081024,5.994656478024099,11.833759900296004,23.863073690701636
1.0,66.12002905928753,81.82521026132092,130.43976223416237,59.208372473164566,98.22950925386478,125.31728049764315
