time,s1,s2,s3,s4,s5,s6
0.0,24.971984020238224,9.54375484260469,5.848437756668526,12.338529930240188,13.618372341717693,24.397835175273723
1.0,48.46895490333331,90.27799204529396,107.56007666601356,59.411539003967654,97.22981261401647,108.2597811564097
