time,s1,s2,s3,s4,s5,s6
0.0,31.017206762560168,10.625574174921438,24.659084477691533,-4.671937834074729,15.144078208067123,18.505904625658403
1.0,55.82460751632255,82.72082346329236,111.03299690503455,56.713303656533796,91.73647904073918,113.78309045705218
