time,s1,s2,s3,s4,s5,s6
0.0,24.95206883018248,46.94726268989122,27.440937367298332,10.94359840119095,28.355070358920468,25.29773692273183
1.0,45.91498012097069,91.04783012254812,130.06071898503316,48.753443582187636,89.31686210448751,124.55353411330339
