time,s1,s2,s3,s4,s5,s6
0.0,21.654845614977475,26.826862961592987,32.59507012612207,16.801719184418527,35.055788048942176,23.88629145518708
1.0,56.796538897215655,82.48511466837591,116.84011025448564,58.23440707074625,81.43735340630076,129.3925518276715
