time,s1,s2,s3,s4,s5,s6
0.0,6.814285273282884,15.845708555948962,40.91171201312619,18.378402583726793,23.09020225113547,14.283399495343044
1.0,61.03790459370666,78.32077488858272,130.11830845096478,57.259528235581364,105.3933356918593,141.94444210804446
