time,s1,s2,s3,s4,s5,s6
0.0,15.38766131587985,26.199832072187256,28.547424367736628,0.5354873580053514,12.907459255677711,20.851411492674746
1.0,56.5937455031259,82.95838710257955,126.18477840564826,57.33783891260788,88.8935308338224,110.00054517055142
