time,s1,s2,s3,s4,s5,s6
0.0,27.159748156314265,34.590138931286255,39.07677854440102,29.723491440359147,23.302492377363734,34.25264437706106
1.0,56.91046488004252,104.25164783325776,131.00104986175674,61.969821769180754,89.26993734574461,130.94627778496175
