time,s1,s2,s3,s4,s5,s6
0.0,7.516209996659512,20.75305476071884,16.270953525849116,24.914191720073475,26.742735829030316,17.40891773283991
1.0,47.672083188213264,75.76217192529062,131.41698447383308,68.7596106628009,91.73550124008837,115.8460003586898
