time,s1,s2,s3,s4,s5,s6
0.0,27.816767019122278,28.462555895891853,19.376119703567873,7.765328466387427,22.099124307683688,35.19386520599278
1.0,44.12850215225093,94.93898661192412,116.32634553531726,40.197271613354644,81.21501365608117,120.21528780421168
