time,s1,s2,s3,s4,s5,s6
0.0,8.993459623477477,31.12255127708184,8.138967194021072,20.713748761795088,7.277629818810539,17.736347810736795
1.0,46.780721536667386,98.02650080653511,127.89533335863723,33.77934115770661,92.68033750157396,137.88520453354096
