time,s1,s2,s3,s4,s5,s6
0.0,34.341014472386085,30.66060108739148,26.819645449597488,14.808278612664767,17.74161030123906,22.43892996306657
1.0,41.817676765672054,101.53416556633046,110.99533110546685,62.67615642375175,90.81210079075777,137.4368234919257
