time,s1,s2,s3,s4,s5,s6
0.0,26.120625881008962,15.17930801624842,26.306656216870174,21.469807445672767,27.678782390691985,10.799423869209514
1.0,62.6982168998203,105.25958841359818,133.96508366708298,74.23879498534008,79.10732465572133,112.90618960097642
