time,s1,s2,s3,s4,s5,s6
0.0,19.722803521127666,15.136073780879476,27.14343838103864,10.288202906967221,28.963792032988074,28.729965088359563
1.0,62.560909030698525,84.40203998771294,110.16177919407743,58.75509408810061,82.61661881465287,113.61449065954587
