time,s1,s2,s3,s4,s5,s6
0.0,15.909647638937253,17.14163524574472,26.588480148332216,24.393264706198696,33.06230256251179,15.82530721830007
1.0,49.40219695147571,80.97668675564202,110.32888734450322,56.970637556552866,86.88860903693364,115.81552177188856
