time,s1,s2,s3,s4,s5,s6
0.0,19.75095111174047,-3.388495546146597,23.832141906414282,11.73988728229755,27.395839766263226,4.866586765264
1.0,48.08973448654318,64.18306328408869,125.31942270495242,47.50909485192622,101.32452278038232,101.83876343533606
