time,s1,s2,s3,s4,s5,s6
0.0,23.29244929682338,20.317864269417143,12.255977521626505,18.493347314696393,26.55553705727138,34.331594216589096
1.0,56.386060368496366,104.82753015327324,116.37009029032832,60.037057134500635,91.25904843921514,140.32394768769942
