time,s1,s2,s3,s4,s5,s6
0.0,20.62896542717101,3.0266894545417067,4.77409602874372,10.577603313223209,29.22505136104357,18.576979943805107
1.0,51.076394753929335,95.97009044190408,120.75380884293709,51.18362987897084,92.99011681777517,101.9971801644033
