time,s1,s2,s3,s4,s5,s6
0.0,5.489212874832354,30.185511254304032,5.772704353907432,14.349739554179767,36.669590354133774,12.606033781753244
1.0,48.5420455388917,79.30983854058454,132.14496422095914,55.07420890353354,94.84217453481922,124.76212015556459
