time,s1,s2,s3,s4,s5,s6
0.0,32.5797306069766,17.02005330205792,14.337106291249821,13.791103327236652,30.631577566334492,12.387359319832386
1.0,84.23280571627662,83.80746888100897,118.40333978210009,84.11546087414621,106.64699067564099,107.71918062851992
