time,s1,s2,s3,s4,s5,s6
0.0,29.625226187818782,22.89726170277725,33.526555380044016,11.331945392594989,24.25493945825137,23.92923674982979
1.0,49.012129742407716,71.05997300250505,125.96550519964947,55.68710463503501,100.74714275804678,138.81708655916154
