time,s1,s2,s3,s4,s5,s6
0.0,17.73999613042677,7.869799301697258,21.475107305449242,37.387207323510104,49.416862340571065,4.261895327389663
1.0,60.04445905939696,90.92144480100268,113.85671036352399,36.69662518084639,106.75959572740206,133.27986079036154
