time,s1,s2,s3,s4,s5,s6
0.0,20.52951477402685,18.581174357314296,32.640913985406584,11.69285240875155,34.14855647893981,15.516457018671433
1.0,69.14573801793534,87.5404739768315,131.5777491697919,63.81615237865486,85.68856232601514,128.70296905772435
