time,s1,s2,s3,s4,s5,s6
0.0,17.950695916304152,8.525668256977143,32.35545650827399,31.704859683763402,1.4695797421901275,27.035048782888765
1.0,63.72350934410789,81.91833431253167,123.22838834146947,41.33487238605635,80.14986848839835,122.69943845463168
