time,s1,s2,s3,s4,s5,s6
0.0,25.03914935146659,31.80218015727675,33.16619518477104,3.9203220256134195,21.834987841418833,21.016024229912446
1.0,45.059057746785115,77.46324785454549,129.18565451142894,56.869015246320956,82.93690221340518,114.67952450068549
