time,s1,s2,s3,s4,s5,s6
0.0,45.67668988996992,20.852831851492407,17.234368334111654,21.25197542302329,19.860073624470242,26.527805761847354
1.0,55.10185806327384,66.97685711882454,140.71938741982615,77.43892171387111,84.17805450946624,132.6638608408868
