time,s1,s2,s3,s4,s5,s6
0.0,18.62024423659286,5.012610582174128,23.264544049456706,38.48509267418413,19.683651112701043,26.409359067647742
1.0,53.99510762590004,107.28229583116907,114.90062811585084,59.951368684798446,77.65002508718335,147.33445832057694
