time,s1,s2,s3,s4,s5,s6
0.0,22.943844428058952,15.20563593763245,24.52603102258485,0.29640346991281064,5.370920083724762,40.520200086461095
1.0,54.177237850054155,86.65437976326523,121.494229702046,56.62589403282091,95.37470244174472,112.82486112855314
