time,s1,s2,s3,s4,s5,s6
0.0,23.040478905613554,14.808749411958471,14.926869283556423,9.5459723706435,34.251544803687814,28.92137648851146
1.0,40.98368787958413,83.49075099415714,130.07926694437634,56.70660650074043,67.93369652542799,126.8800200907321
