time,s1,s2,s3,s4,s5,s6
0.0,26.3669017225752,13.159242394924869,21.03945487532936,19.354491601268123,41.91564551333586,22.930662978953716
1.0,65.963618932265,83.0121972193843,114.06950317496346,80.88148695464683,80.55429099451278,118.72970634516791
