time,s1,s2,s3,s4,s5,s6
0.0,19.018756712351355,1.3318070357147676,21.00424238234008,16.864734503908814,10.661990129925911,17.10033842744246
1.0,52.36533999404803,95.79597480990073,126.03347706079333,60.987736705526785,88.94666070706002,114.68070455603058
