time,s1,s2,s3,s4,s5,s6
0.0,30.273055522347228,7.013168542603285,18.9322401310438,33.17878354727732,-0.8603233060115514,23.75662660205414
1.0,57.07380586865976,79.54243281729704,132.28566738884066,57.11182229266105,86.11532941312697,119.81877091446417
