time,s1,s2,s3,s4,s5,s6
0.0,5.246808164040628,19.340284996654507,20.280079056006638,18.107416674420634,6.39069436460886,20.69257272454365
1.0,46.488883456198096,86.1004070617237,117.86315166985199,44.04849955867912,89.11626832897898,126.33120972030252
