time,s1,s2,s3,s4,s5,s6
0.0,18.855620096857265,26.075247672475175,39.986823855852506,32.366282224200376,29.700918156503825,22.62887931867219
1.0,46.34710087241749,78.97461465177882,123.20491116867815,53.579182190978074,96.96938478827157,111.92512694201699
