time,s1,s2,s3,s4,s5,s6
0.0,17.032179800719632,25.616335975323267,11.854969742704016,21.14652323588751,34.94727123005466,14.45779946045226
1.0,57.181219941305706,97.32264972540983,118.91361712401533,50.24642140045816,90.51211481315697,113.30922191228308
