time,s1,s2,s3,s4,s5,s6
0.0,24.724761684990913,8.182968352391104,22.492163950143635,10.15290310439582,18.59024526323896,27.115762047782987
1.0,58.700056610028064,102.79166284728814,115.11446095352515,69.24009462674604,77.03173275773875,119.34162876746852
