time,s1,s2,s3,s4,s5,s6
0.0,19.721771942772218,17.56833162044528,12.48234776864963,23.81289235122274,30.28005127452299,14.86412003313459
1.0,35.96868825033788,79.89797062873596,103.9692298190297,68.55069566038222,92.63058516102377,111.90482803121357
