time,s1,s2,s3,s4,s5,s6
0.0,33.825229403616596,3.4285519713535777,6.5726090803152175,20.007216196101457,20.1398983213249,32.33785132999857
1.0,40.89912842942449,71.72084891912961,121.31478868067379,31.163936549674414,84.72479971609292,135.27409230069927
