time,s1,s2,s3,s4,s5,s6
0.0,25.862341617346424,16.804947491088672,33.24027435981219,16.433077183586775,18.9107072825614,15.974576263331073
1.0,87.66447572500252,95.88677844576577,121.14894503123257,62.86360652610759,68.2328406860452,138.7207715395446
