time,s1,s2,s3,s4,s5,s6
0.0,21.587350299239674,34.04177726226791,36.98198151903018,27.645222215037407,6.365198190719903,13.088911804687111
1.0,59.50009594811838,90.87283237770171,126.42462603027572,69.10602034451274,90.81988643811069,121.41407787779535
