time,s1,s2,s3,s4,s5,s6
0.0,27.49142503119217,20.1381454324767,23.43308502774665,24.365695159947755,16.39360447822791,17.608031627732927
1.0,51.12327708610344,89.12111505429813,111.21299947876294,42.71655238097826,77.4682969265404,120.87052708863463
