time,s1,s2,s3,s4,s5,s6
0.0,13.622435873303775,33.16185139497522,34.11308568150689,22.29693773746117,20.81502955401918,25.845955837093022
1.0,62.718640236160155,86.01130001777578,132.07664081648343,60.775787533374356,104.25376051944126,119.97486565681382
