time,s1,s2,s3,s4,s5,s6
0.0,10.695943042905709,20.329076342758,13.125836994516895,11.54152870497098,23.340203699680888,15.070934683968636
1.0,57.41754537200885,86.88632263734637,111.28581344498853,55.871289665094444,77.48453477590792,108.03196345811028
