time,s1,s2,s3,s4,s5,s6
0.0,20.15115001071298,12.49313344901762,22.932935607088417,13.850471418738787,11.243821288720056,15.414600198547067
1.0,46.784038182744354,77.71541489577609,140.8420317411968,58.92020255337685,91.66776124831479,129.91552502367824
