time,s1,s2,s3,s4,s5,s6
0.0,15.106696121430334,33.98286183337221,9.205735814123862,14.359906544605245,18.995539830667532,11.33073742444806
1.0,40.64424314710028,95.40231010043983,115.81949315429307,61.47858572156285,111.45664288175578,124.33415945059534
