time,s1,s2,s3,s4,s5,s6
0.0,27.931528520769024,30.903177276807483,13.255560491330417,22.444003737098416,-3.5259036373802957,19.36761838332281
1.0,70.18413152402795,79.03154687549915,142.10162445007026,56.43943551482708,89.50107253009202,118.3125538256849
