time,s1,s2,s3,s4,s5,s6
0.0,21.540529896707156,24.05778687582905,26.300027468794777,16.963781509339082,42.24068282414312,0.4954759979423038
1.0,61.202703922071656,92.732632833908,120.43954184559362,86.57133663860554,91.38639122403015,124.70626055419683
