time,s1,s2,s3,s4,s5,s6
0.0,24.998152017578587,37.17181213266434,9.118547947585913,12.411912931643197,26.790161545277794,29.935539593620856
1.0,65.01001206519645,99.40171016792442,125.6245538233443,71.33859943698526,102.8921267457139,118.27714761168085
