time,s1,s2,s3,s4,s5,s6
0.0,4.096303617179016,16.105093598931198,11.570810460255888,23.009631593747464,27.228207142026417,27.033479769537962
1.0,62.29762462766199,80.72537141874427,129.88406246223997,39.70489207676221,104.21155357140302,127.2163178882252
