time,s1,s2,s3,s4,s5,s6
0.0,34.23617404363121,16.460339179589987,20.59352164152826,17.95299741226649,3.32826618871643,20.68902264949343
1.0,55.43694520882295,98.15155710721764,110.87920240522868,47.78084081717028,85.46049536416582,117.12079006900775
