time,s1,s2,s3,s4,s5,s6
0.0,22.136011228810858,30.06475993096835,9.35843639776852,1.722753837517466,15.547678900429489,32.088337081778675
1.0,52.99172906555736,85.11900113066426,116.67293711524806,47.96629258363667,107.80216826456095,102.57340941204504
