time,s1,s2,s3,s4,s5,s6
0.0,27.29608234622421,4.07077831023768,31.320423871006685,22.10609335567295,12.592320593336515,16.567110290284365
1.0,71.23215864678481,94.3490039449104,102.13225851319105,56.778254998016145,75.64349288624612,126.23391323729395
