time,s1,s2,s3,s4,s5,s6
0.0,19.953706919800492,1.8439478910372529,17.09043926438968,29.12353561326848,17.80094563638281,16.396360263107585
1.0,58.43189020510554,90.52291773604237,113.76165763918641,44.656834467520305,88.21931922013975,110.72710538930372
