time,s1,s2,s3,s4,s5,s6
0.0,9.76347806099204,8.395127685476393,34.098540318315486,19.7590449581041,17.53251990976513,0.5869109667532122
1.0,65.45216865305146,91.79391339991545,123.82313635523641,53.82674515893325,88.22952429259266,121.09596967185053
