time,s1,s2,s3,s4,s5,s6
0.0,24.164746121873385,10.06015536711773,14.643111884780671,27.00670791078329,7.327801532881429,15.314879141859617
1.0,65.23570219905598,80.56863305232486,115.56511526737265,56.8146007900539,78.0330226194287,140.22461709845945
