time,s1,s2,s3,s4,s5,s6
0.0,14.797164412280196,22.60686324291127,10.349157792233616,18.52298424383649,12.722923005665045,34.27794605964153
1.0,54.089217920387675,96.81783960821667,121.43315974780195,43.353658575542525,78.75940007138695,98.39358213031224
