time,s1,s2,s3,s4,s5,s6
0.0,16.34888424621538,6.920441997908888,22.971462645388836,19.380201551416945,17.03798052302616,15.374374735614442
1.0,47.44204226674479,89.73776354146183,113.7388391535533,39.84840014125875,83.74644451835256,116.90229980451774
