time,s1,s2,s3,s4,s5,s6
0.0,36.051680189242695,11.087137929430884,16.92436127715448,8.942724327363297,22.536749411234588,5.164519363647617
1.0,55.08779818268439,96.88427994431618,138.18820652027847,64.86116865733977,100.74228265755289,113.15698356498129
