time,s1,s2,s3,s4,s5,s6
0.0,23.136667890683505,26.777596460034715,49.12146783723898,10.872821788059245,34.13185640708941,27.226105142593013
1.0,64.41467706878589,112.98971137415248,129.73628275078704,60.7154378569376,102.15122575929793,125.6523005606746
