time,s1,s2,s3,s4,s5,s6
0.0,18.898231705546937,11.2617175618341,22.305631448818634,21.91682801833293,18.501306994588248,22.086029318650453
1.0,44.116924787740906,100.0779091664972,119.89508389809416,42.893988118337006,96.51785059974326,114.6082160617524
