time,s1,s2,s3,s4,s5,s6
0.0,11.41072876923422,19.629048764670582,31.99234590305842,20.566512834387783,3.5808707084686446,37.00963110834698
1.0,52.21384738921084,80.41519374031705,119.16709027990794,61.61761270548135,68.74754980757933,116.03502765996627
