time,s1,s2,s3,s4,s5,s6
0.0,9.485758132177883,23.730397394981956,27.565966875480008,8.081895988686608,27.80496557321458,37.98431283675514
1.0,67.72896374572639,91.50518978763937,128.1103807763284,65.15897663098042,84.735137356219,124.22268867923681
