time,s1,s2,s3,s4,s5,s6
0.0,32.25611895076239,29.088089859373454,4.431547444895106,21.57745215784767,35.5569414627778,23.140315776334806
1.0,54.98930205879354,100.2422932981276,127.68480413758857,65.7223754223657,83.88760107629577,119.0497097417234
