time,s1,s2,s3,s4,s5,s6
0.0,20.71318473809084,20.488137826179376,18.07226319789193,27.48708967443605,32.880115435044175,24.014015564261655
1.0,59.7837647910327,96.71339753822409,129.52996700473363,79.25482394981474,93.14498440981636,125.06972958237326
