time,s1,s2,s3,s4,s5,s6
0.0,17.941755318326727,22.49095596637316,16.261624184686703,45.774316520825735,12.026427651427117,4.953824754788162
1.0,56.51023004833906,98.10144605556734,133.47040958670988,61.07675072471514,100.26853006004696,127.24601330899507
