time,s1,s2,s3,s4,s5,s6
0.0,25.011329805710986,19.78242441632213,31.990169057039033,14.094391059917683,19.542800187635667,27.866499158694605
1.0,48.97446972198544,82.18643012984934,119.95527928768045,50.412566676346756,89.32099023534663,113.80445619258269
