time,s1,s2,s3,s4,s5,s6
0.0,10.81541264309857,28.99660220250286,29.89706457697125,27.03944221483595,23.09142631372131,14.000471597570225
1.0,40.86715889815784,93.91484274507506,129.43529264347524,51.83825477296988,88.03026178505927,123.50118042141244
