time,s1,s2,s3,s4,s5,s6
0.0,30.914107495136335,6.583730044997676,2.3657569713721145,23.752088546427576,7.995360618987739,28.810927278928613
1.0,54.2954006989282,90.01984725579119,122.01261554577104,66.92649250402708,85.31167125662826,115.01682412070357
