time,s1,s2,s3,s4,s5,s6
0.0,24.603576506306617,2.2945766739875957,31.541544823857322,12.961396647404529,15.36129310874015,7.30373321981668
1.0,45.38308794378257,91.23746169495406,101.77860889822895,57.91002517500985,107.91204761101689,120.8849446899977
