time,s1,s2,s3,s4,s5,s6
0.0,2.2504211148141344,14.08050507806398,43.31037946067853,28.840829854606,11.91975291970932,32.27019063320606
1.0,51.4208875736387,68.38605523286529,133.1513495685352,56.980735470878315,90.26645611441265,136.47415839259554
