time,s1,s2,s3,s4,s5,s6
0.0,21.74838718575048,26.081352444738393,41.68346582786898,23.589732957404948,15.717020958823232,27.59929217618483
1.0,48.43700085861289,92.26396389160006,138.57726518530302,64.2070196215139,98.18373348719582,117.54459219479693
