time,s1,s2,s3,s4,s5,s6
0.0,17.865756665756237,18.655898570354058,17.476486997087953,13.139013322378,16.00359617677487,22.994137284066323
1.0,68.95358906818205,84.30390907486108,124.87417268546653,51.793145628788174,92.07087027819058,121.87441652963444
