time,s1,s2,s3,s4,s5,s6
0.0,21.132647590621502,21.431622751820093,5.035713706337976,8.528753674461765,20.01318171429643,18.797937386975867
1.0,66.29837555086068,90.02764211159068,124.84395409143634,56.343427317914426,82.77482618361375,130.79037178303702
