time,s1,s2,s3,s4,s5,s6
0.0,12.442253015645745,34.72792966869757,6.8156978786355715,23.987366886523287,25.567032861215157,23.921345981554744
1.0,57.47235111368505,93.77527397143677,131.7129890253343,56.11903463288034,68.80099753704606,122.79548049872528
