time,s1,s2,s3,s4,s5,s6
0.0,5.603603958001248,29.93180322962349,42.255197521846156,19.61900474580035,28.65826814219035,27.07122414160743
1.0,61.291710619855756,78.81307569423028,109.10294644672696,58.75367430197972,71.61050917370065,146.00736791963067
