time,s1,s2,s3,s4,s5,s6
0.0,24.888024860647427,31.157646178063377,26.26610846708526,17.36588889784136,30.986221210542414,32.99807145565364
1.0,50.94064421909452,77.37853290262491,118.31738375075687,49.769929726306785,99.74709637103891,121.67759415437229
