time,s1,s2,s3,s4,s5,s6
0.0,7.121630400758022,9.343936459886152,21.477644333131103,41.28276028280408,17.624141231725847,40.33356925367703
1.0,55.211656299605465,78.64519273086171,121.738504857629,67.20103929674457,106.74751042546417,148.11705498651705
