time,s1,s2,s3,s4,s5,s6
0.0,14.81268614557691,6.436388230698981,6.693492394056017,8.592799125734302,29.894366620246107,10.164307244460563
1.0,50.95297474363448,76.10059568354085,122.6997310456471,47.79184269157662,91.0771360140727,131.44475194151516
