time,s1,s2,s3,s4,s5,s6
0.0,21.072484436854438,16.920680523512775,12.274036286689249,23.408087173982153,12.856483128298457,27.352048972544274
1.0,37.93459873329435,72.20498026198077,108.12294405314407,39.920802998681665,84.41439422554295,121.47848118166726
