time,s1,s2,s3,s4,s5,s6
0.0,26.51665725973563,-3.795439027505907,31.989912048461683,21.30091696482438,10.139340253846026,19.13957220211257
1.0,52.323601916019555,94.77222143319241,122.60500036286201,62.6667539526193,91.8253757200993,115.88978712751558
