time,s1,s2,s3,s4,s5,s6
0.0,15.852376306328084,18.2959865180776,6.976331650515483,16.28797997644086,21.805858043115666,24.50654171718533
1.0,70.7088371491713,83.6701523134401,128.21280129310105,51.746591360196604,104.94880299406154,117.91415382720531
