time,s1,s2,s3,s4,s5,s6
0.0,25.96110162828305,14.54950719400242,5.868478575465975,35.16422771158712,36.75355403134044,10.646186901046958
1.0,58.90918784543758,99.16157688985439,105.6698222172803,43.36644815025741,85.0886224046497,124.53127398980169
