time,s1,s2,s3,s4,s5,s6
0.0,26.572063296415088,12.133829234686868,8.395308713528314,13.964868215015933,34.32316304940921,23.607139298909168
1.0,58.77732236880613,83.18092560225274,118.75252228335259,69.19741452687715,84.76567426300623,126.65598466684989
