time,s1,s2,s3,s4,s5,s6
0.0,4.5923527562116675,-3.042103789746328,20.829584926697358,19.79431853933287,14.063480716196837,-6.684164872040064
1.0,54.79412628123385,92.82900186506221,123.13681498986129,58.97357473636411,107.89948068646603,115.82542132778939
