time,s1,s2,s3,s4,s5,s6
0.0,9.690900109409297,26.102205323885805,22.106009793347862,17.059356536681676,22.326379316795936,6.602954909089796
1.0,66.48193436293468,75.97277746200179,109.10472885401228,57.35437166416372,103.89276112883597,123.59407479852953
