time,s1,s2,s3,s4,s5,s6
0.0,24.47102704159927,31.906926525628144,28.789044433857306,15.864313349267148,26.99830789729225,22.51332428842618
1.0,46.87209059990461,72.26955366217015,114.24007625447109,65.79900697090338,80.25873501454808,121.84210959850994
