time,s1,s2,s3,s4,s5,s6
0.0,28.237512009366448,22.86307130767858,15.813625908025578,6.978412141778094,10.439732348190013,22.627679138440314
1.0,51.92330450785058,81.25797872792323,129.52714327371635,45.779963087671625,102.73659637872403,119.0633612101239
