time,s1,s2,s3,s4,s5,s6
0.0,16.080038074802985,31.99368646469259,26.406298199427212,31.00381443669415,24.326560703971182,20.448160670843727
1.0,54.08923520159725,95.10927413472224,109.10005073721764,68.96769795554613,83.06070050111738,112.21455538534128
