time,s1,s2,s3,s4,s5,s6
0.0,26.951040030121085,14.360336625585036,16.065867790417137,28.06867524442473,10.976299790324175,50.99244815544708
1.0,61.03787499665545,81.4598094498828,112.43906237483544,61.74004755279281,94.6132982722554,138.88044771431078
