time,s1,s2,s3,s4,s5,s6
0.0,23.562540391942957,18.120712767134382,8.981387911266015,27.300592624278927,19.972739017966997,30.0562982410084
1.0,50.44915920209057,92.1098137369867,116.59313262867832,65.52413604385733,84.74978534201472,104.45577311120549
