time,s1,s2,s3,s4,s5,s6
0.0,31.72808250418147,30.91930637069318,30.433866727546928,21.183484110426114,23.778246535810165,11.265879658254622
1.0,66.41671385057924,99.21648118379807,135.99379607349712,52.04918389505113,75.84072997326356,125.05439660420026
