time,s1,s2,s3,s4,s5,s6
0.0,29.561688907519837,16.072503967694146,6.746620779535197,7.80857835530812,21.22569977964603,25.721861633737092
1.0,46.456688093043795,67.7260949331019,116.18132182215062,56.01197335496084,106.17240826393675,120.63468326830755
