time,s1,s2,s3,s4,s5,s6
0.0,20.8049427663209,13.584049526211237,23.828839357117054,35.88374421207148,15.067861782194425,37.551996832880874
1.0,73.53498857880345,70.62594313441586,128.65099659382224,33.052339589267746,100.21340501945606,119.26897175584988
