time,s1,s2,s3,s4,s5,s6
0.0,23.92822493707107,25.987417768851365,-1.5580615221167022,18.14594657516032,5.33037876481885,6.102328912095892
1.0,43.45380067429774,101.9883036073498,114.21198998048223,56.32881908353218,96.21890087369322,112.12031819483023
