time,s1,s2,s3,s4,s5,s6
0.0,16.657194552200707,35.85918116106696,19.62836558523777,2.7367580943104564,29.735098680500947,28.81811784215246
1.0,47.882105141835666,91.49807022370084,134.61309819665345,58.75048081974047,85.56576496048454,128.74635285089855
