time,s1,s2,s3,s4,s5,s6
0.0,20.165237840951377,30.739252312208855,6.818464430995698,16.90170156090136,26.824602353628023,22.058962872224942
1.0,43.81605023998093,98.71256574379717,118.14635396534597,47.50666144032225,70.20590264683625,125.39949810345894
