time,s1,s2,s3,s4,s5,s6
0.0,9.779277328326712,13.574356264651733,28.28616278005549,25.65984724663086,17.763833245175178,13.610726806454489
1.0,64.22965473384282,70.21137091123146,108.91345229357931,56.43598921523629,91.54255883465287,128.4419781310818
