time,s1,s2,s3,s4,s5,s6
0.0,23.477540397747983,25.84712391516334,35.356957820309624,20.360665692616806,21.940680194176203,24.96669219143728
1.0,60.96515986636567,85.05739644648581,111.50869767999605,64.7850471662202,89.76103377941222,132.99823208953418
