time,s1,s2,s3,s4,s5,s6
0.0,-3.899808288542637,21.008790514909172,18.205025757985513,39.30225655149211,19.417914372805804,18.306068447711592
1.0,43.96957197026123,104.87406003592571,114.54329335757178,60.781191614063424,85.44825873891205,108.87854207411088
