time,s1,s2,s3,s4,s5,s6
0.0,11.028352555523897,21.51246891081665,21.762825288849392,24.451995912751855,7.1096470761267145,14.628562354931326
1.0,55.50066265927507,93.42722610551132,135.08889018844462,69.64534224154845,85.13420526715703,115.430473492025
