time,s1,s2,s3,s4,s5,s6
0.0,5.054432529129889,11.530342258613938,27.872446551267608,4.781762108326989,17.810721746989035,28.609041143315707
1.0,61.679580637603244,94.59997285457443,116.16601237185557,41.07986096900899,109.21428145180407,105.94766019021799
