time,s1,s2,s3,s4,s5,s6
0.0,27.47937673310561,22.793862954004243,20.56791081877959,17.14494506807837,29.724688132056624,9.631590332586494
1.0,88.8122938615287,93.01551228472998,138.34386777301597,69.39481683257331,98.3150662778871,131.49065600136808
