time,s1,s2,s3,s4,s5,s6
0.0,16.484442900946732,-5.002643764716311,42.3136379586061,33.83310343107915,21.461931098158267,35.67992707620617
1.0,51.58807649658602,99.12345927870984,119.62816592061544,56.959760530216265,82.72273159336356,121.05950564580533
