time,s1,s2,s3,s4,s5,s6
0.0,24.083307466528154,19.36152704922482,28.270710694853772,29.76625556518824,22.30251866384554,33.20668681229931
1.0,49.01221602995398,106.53329577262403,132.16687419708205,53.30856933528194,112.30762428489122,123.12490993293677
