time,s1,s2,s3,s4,s5,s6
0.0,32.13911347778094,20.206848760843307,22.254424795555153,20.184312681033962,27.77656174057867,24.67887204399142
1.0,47.77559411301108,96.95773442341986,101.27417399188639,72.42179433743608,82.41774555800266,117.73878104156096
