time,s1,s2,s3,s4,s5,s6
0.0,27.193001249865862,15.104541333884299,15.87688003556022,4.898120363096647,20.20428319922218,27.512349672057947
1.0,40.314754254497146,83.82790817420498,112.9406941496284,60.72786427718753,89.68639964188202,133.47899569748012
