time,s1,s2,s3,s4,s5,s6
0.0,26.074444635106076,33.13164397264778,19.107379034942067,21.75247190285846,25.01004977971487,14.156303526007665
1.0,60.1290110833775,92.52595412422723,119.15356861117671,57.395206961094175,92.86070051045829,130.83169512367004
