time,s1,s2,s3,s4,s5,s6
0.0,32.50961936752827,23.586174953011614,16.534723189861165,16.116633456068843,0.5615039432641531,30.245958581339274
1.0,53.41938299804436,95.24950325018645,108.9725747563704,54.46740066196687,98.05695054767303,132.41220555155036
