time,s1,s2,s3,s4,s5,s6
0.0,13.968708108261254,33.4718787019647,29.405539590816048,11.619378314375913,31.62972062390598,-9.377297941076392
1.0,61.60465481471253,78.52101273680331,117.41864307583221,46.5293653918992,87.430912442464,114.85340508147678
