time,s1,s2,s3,s4,s5,s6
0.0,22.40514162598863,12.080688505865673,26.52783670646251,27.608426273042564,32.96414496414505,13.939014363664668
1.0,53.356701701274616,84.6515413003619,105.98357101351755,44.544568431358016,88.70467100731614,136.8065151580401
