time,s1,s2,s3,s4,s5,s6
0.0,15.725098281563472,31.505367857586542,31.097036033211282,11.493501354650952,30.17205009593534,11.039202739711705
1.0,58.02041633871848,95.98142463074608,107.60430717930693,49.59226281972699,67.5861245436359,120.13557380681488
