time,s1,s2,s3,s4,s5,s6
0.0,4.526391188076371,42.975476810527795,24.03959485640265,13.91532303243981,30.020419669056697,24.62547779995982
1.0,59.44341313981113,74.88825666353371,120.66911447954256,41.00461296389061,91.62555919123393,116.0373864712937
