time,s1,s2,s3,s4,s5,s6
0.0,28.5313743561039,26.18063796591005,23.115782969165025,23.285816974372736,8.762422028255745,31.44509058810241
1.0,62.37918146873886,93.36852523522086,111.30501493683174,46.03580526201307,94.60597573931219,122.95781307611522
