time,s1,s2,s3,s4,s5,s6
0.0,5.283389463284054,24.199767426296035,16.286465681242504,13.888717035078697,35.560731547310255,15.845147252582832
1.0,32.89087410732154,93.82253001391928,115.99445695804158,70.24537109732967,103.78931607379337,97.4994392394115
