time,s1,s2,s3,s4,s5,s6
0.0,18.83901898572085,36.774336208144334,12.679465619647566,33.09406854818169,3.8325361542799925,34.98585922181144
1.0,63.62494595703131,93.87381805157207,128.25842470860417,55.4130908977481,99.13680921067461,127.03781111710293
