time,s1,s2,s3,s4,s5,s6
0.0,37.31140056075762,17.847521792565924,29.185316884411655,27.806270081785012,11.197110075664959,27.301522124688802
1.0,67.50403638223165,89.47838373740163,114.21411354713219,59.84969257483832,104.84820271114347,146.4184054755566
