time,s1,s2,s3,s4,s5,s6
0.0,11.817538455598225,10.675741245601744,16.94691514689081,40.50416569998059,10.920060728356583,28.8914059108575
1.0,41.0537124687857,81.01297573771451,132.29590555484845,43.781014920753485,96.1049307369347,123.33853497882565
