time,s1,s2,s3,s4,s5,s6
0.0,9.286982601568912,21.444796026304978,28.165858962402076,9.995519826289986,16.967750506597458,21.581907037981647
1.0,50.88731861976947,76.93576568392439,122.7420921013183,47.07347002409738,103.37729740283783,118.16166798767857
