time,s1,s2,s3,s4,s5,s6
0.0,-1.5986819561911183,13.238807795726615,4.020518530598716,12.17193638550575,21.40849816177633,-4.485112467639453
1.0,72.50510769627864,94.61455189128192,112.37057886009265,53.3909143506168,66.14310982538066,118.50585075559326
