time,s1,s2,s3,s4,s5,s6
0.0,15.320234823046745,12.952527397178738,8.669318052467624,40.7396081370078,29.5634607888236,19.0257124828261
1.0,56.78518525391892,92.53662943188439,125.53410599792464,41.51595954764789,89.92867732202217,123.31706223668594
