time,s1,s2,s3,s4,s5,s6
0.0,14.314831310410499,1.5110445298933364,16.6680368474973,37.44279212249725,24.428907637853307,16.18274784414667
1.0,68.28996294004185,98.71702347603485,106.60388387804473,65.40044971670685,89.705445321503,127.50988942503452
