time,s1,s2,s3,s4,s5,s6
0.0,20.137972905181904,13.680595833973198,11.116733148896024,22.850395329291096,12.052512846935059,20.603093830986023
1.0,54.81537538176308,105.64097718298709,107.26604617252114,52.43071002393225,85.78553062473415,130.17753774333528
