time,s1,s2,s3,s4,s5,s6
0.0,26.06958316355419,22.97553365565564,10.257899240679812,21.702100204182972,1.6895232328922631,21.405919974998355
1.0,64.14837387072453,100.86481567887853,108.99436439244397,41.58928572757305,87.08264980762267,138.26080945107307
