time,s1,s2,s3,s4,s5,s6
0.0,19.957867004261796,12.370186542197926,22.509250921135383,16.469321658484443,10.477441709816498,20.577433204344707
1.0,68.26782322588869,92.59299332628146,130.51605889433105,64.3504090315042,89.57875802832744,110.23288105708
