time,s1,s2,s3,s4,s5,s6
0.0,27.248135164693096,7.169552682784401,26.173172659086454,32.44562105234573,1.8686391453943365,18.831247240534022
1.0,60.775212326988566,83.8028362334854,109.7472353357088,60.94525120809519,75.70399960949166,109.47412789027281
