time,s1,s2,s3,s4,s5,s6
0.0,21.710857181701137,19.168618505227624,43.468075150818834,30.695314657720296,26.061324217052825,15.04860207468349
1.0,61.94290948915822,83.99509530882982,126.32548277418867,52.27868585064755,80.58107069044236,136.25787034648818
