time,s1,s2,s3,s4,s5,s6
0.0,11.922040640476506,19.84525676552238,31.53914316943846,11.347825666759986,14.308881084488165,14.963526521601594
1.0,60.31864423015499,83.29792184029317,114.09474314348006,51.269505650549384,95.18448915077079,131.53521984463592
