time,s1,s2,s3,s4,s5,s6
0.0,24.696212878475013,-9.315752494029667,8.024984231811024,24.056440170479938,34.900261897600686,11.926932897206685
1.0,54.82421358350609,76.36293747620661,119.08739569295807,59.932592010455075,83.94716932945268,129.2937558205347
