time,s1,s2,s3,s4,s5,s6
0.0,1.1513338569566471,-4.862238269306083,27.66309633371468,15.880702905140076,9.531661739685449,16.94937458173354
1.0,60.2739316716634,97.19816235234272,121.78700251179502,74.10984004823644,101.0664551131616,124.09917679222426
