time,s1,s2,s3,s4,s5,s6
0.0,19.789189711427213,6.987186262477705,24.424970701981856,17.768686669787023,18.750805935797917,29.516005842743184
1.0,49.46990607360263,102.76277152862221,103.79751019859849,76.01957023337691,87.75581386875093,114.07064058675039
