time,s1,s2,s3,s4,s5,s6
0.0,12.251053944625554,29.75439187095327,24.09726760135078,19.760037498763335,14.524130156899844,18.738702021971086
1.0,49.41187554791478,106.42845534926332,106.60039520835639,50.197497720211004,91.40615102878948,113.05047614414198
