time,s1,s2,s3,s4,s5,s6
0.0,29.744387805345383,6.793100904252004,28.43823485937201,24.97826842992588,30.84790467230399,19.969451762148964
1.0,58.20071761463835,92.72885303659903,119.05953470079693,46.31972628465812,96.92332387306489,114.51259684399959
