time,s1,s2,s3,s4,s5,s6
0.0,18.972372853113132,9.613103353279698,17.69463317946901,27.752573221402674,-0.9190271981425511,9.04313523535438
1.0,63.92717939758139,84.53154094485836,116.59493495164412,73.4828057325755,102.94427033701312,117.96799181541829
