time,s1,s2,s3,s4,s5,s6
0.0,24.500503522125477,25.077789215055162,19.12587968358718,25.020693958775908,16.293727280328994,21.920384926146735
1.0,67.34549488818521,86.00271891947514,120.31431597755304,51.50971719738077,92.68748407522963,128.53826462118147
