time,s1,s2,s3,s4,s5,s6
0.0,18.328543058766304,-2.9041754648640747,12.31533024351834,30.050742228948565,7.580445234861642,32.36878857734164
1.0,45.148943865506055,94.57263264805874,108.83167760911371,65.5088115114385,72.07782749888551,123.3642381840051
