time,s1,s2,s3,s4,s5,s6
0.0,12.846799533603026,14.720330227546576,27.943232787260612,19.517405447555056,19.276425802292557,19.835289727951395
1.0,50.12196031120951,84.65136234361366,119.44876878464285,44.228824330712186,95.48915320353838,117.90420635644647
