time,s1,s2,s3,s4,s5,s6
0.0,24.493754479481566,3.996157200411659,23.765714656897284,30.886795663952135,27.02260519106204,12.461789560877314
1.0,52.925157968419086,99.07448535378873,132.3711075445483,54.60352785731571,110.15696479084752,117.59821485747156
