time,s1,s2,s3,s4,s5,s6
0.0,8.13006313941332,17.68665601318649,8.857891403148962,28.268139732826064,21.932471002091408,16.625255354395645
1.0,54.71931956156245,97.611298873517,117.00668435203207,65.42045449886655,96.02094766216752,109.67827158840916
