time,s1,s2,s3,s4,s5,s6
0.0,8.384044559325767,23.795035787361265,24.9315539082263,18.987988424551205,22.625017826378027,12.850185735737982
1.0,69.956082752093,97.89284761273362,131.88377466356906,50.474369369640996,101.305484569816,106.54008931551873
