time,s1,s2,s3,s4,s5,s6
0.0,20.80618370383617,42.97310074393249,31.706127207784455,23.097053538000996,19.79277114946802,18.891968735474382
1.0,51.00233269777859,97.02015103361269,108.48569634214144,69.34967697296058,96.204459810571,107.46221331899125
