time,s1,s2,s3,s4,s5,s6
0.0,6.327256319599943,15.836521155134882,28.802796601901854,26.62648608680264,28.913009317519492,25.198980739345032
1.0,61.75733125126597,90.18233488511208,117.31511506734134,59.77023508451287,91.64966418773842,123.84520888860007
