time,s1,s2,s3,s4,s5,s6
0.0,5.990814761129247,18.40729507175042,12.779196859853869,28.964249070813832,24.314158295522986,38.60434810828522
1.0,51.0482724310078,93.37949688319335,142.41612649675542,57.9385211503694,96.77471827562191,123.86880858176747
