time,s1,s2,s3,s4,s5,s6
0.0,12.067630095647477,10.8966172945665,33.15245719289187,12.44562243896225,7.710719433363348,33.85243653189045
1.0,57.849811204120805,57.947499165429605,117.84632418915439,58.30776038377985,85.22086901419844,115.87022242466087
