time,s1,s2,s3,s4,s5,s6
0.0,18.404977992885904,37.47328301013319,23.522450597128664,34.27395084400189,14.542193714925377,17.868674970955528
1.0,70.46987591300577,101.24367133369843,114.98319877728616,74.5875163192533,78.96250242686527,122.42065944147662
