time,s1,s2,s3,s4,s5,s6
0.0,32.12460354872712,31.489522903888417,1.7193609200345783,9.32882814465452,6.401890437635679,17.48932996813552
1.0,39.57317564181601,73.34529104758319,110.59754951210256,51.512933743449096,87.99279733869764,136.0248408615909
