time,s1,s2,s3,s4,s5,s6
0.0,19.979975926278936,13.09035743193235,22.82629289832817,39.57458092597143,25.98583028904581,23.25534901916054
1.0,71.98778739086754,90.54237367198546,127.43495360919495,66.35704874594357,80.28429171158174,118.34915862115774
