time,s1,s2,s3,s4,s5,s6
0.0,39.68657856824524,11.122378106573905,24.190157308629765,7.901043089468647,23.816899776987917,24.820668056876137
1.0,53.09955721343169,99.43156979594289,130.64612171208077,57.04074117790214,88.70318971898344,113.70389230614573
