time,s1,s2,s3,s4,s5,s6
0.0,16.57461765790546,9.562807641043321,18.263144464936094,8.902842587430609,16.472934047566046,26.52833267521377
1.0,63.79941520706613,81.58591024583035,135.36330115955943,36.077552772441834,79.31487817351831,130.48297364654363
