time,s1,s2,s3,s4,s5,s6
0.0,25.77467256473242,17.532042127846612,21.201331289884784,2.9978680006884204,5.197633420981786,6.635362846528567
1.0,59.85016871212566,87.12894221548154,112.67490194278247,54.03879579020427,110.67221233048552,130.48092699426928
