time,s1,s2,s3,s4,s5,s6
0.0,27.538491137276008,46.02003508976694,30.43127246242962,-10.895075686147752,21.118801284368267,18.273335722872847
1.0,53.14555963096747,104.72517503517693,120.3017216846361,62.71982645060227,110.14624278666831,133.9574202159623
