time,s1,s2,s3,s4,s5,s6
0.0,37.670204232728786,33.49994969082679,14.5256385022956,31.200059043632756,17.627319712623077,33.79784642150565
1.0,42.28179995184015,72.17420150934566,117.98975462303785,48.16736028401881,67.11586137166154,140.6218180162764
