time,s1,s2,s3,s4,s5,s6
0.0,-0.5580554688575106,10.109042724222528,15.79653704717315,17.987175515073975,12.71069753155081,26.30785052888674
1.0,50.034011060030444,92.30664817877185,121.89263105798713,59.22682104619553,77.9752521796513,119.64658703103821
