time,s1,s2,s3,s4,s5,s6
0.0,20.532895539699677,21.787244385441067,26.70341684922144,27.17785346602564,25.45427668193758,11.05083533251736
1.0,42.80568677161392,93.97795760657449,114.37286001393964,64.86319977849598,96.9276908142415,126.39394226851763
