time,s1,s2,s3,s4,s5,s6
0.0,37.95572617549335,16.87461116892326,29.173909726353354,16.872463207956805,21.57002012954881,19.996532074039308
1.0,68.46022756000123,94.05657228896703,130.17128711454052,61.67673718180052,93.27611383969105,116.92233208067023
