time,s1,s2,s3,s4,s5,s6
0.0,24.919274742753718,22.038385317443637,24.29849455175607,29.59978716776916,10.48418270053283,15.24855203639801
1.0,74.34361790752627,94.35284340744339,102.53568673176945,57.52012498447746,76.96628169878787,119.15605321716576
