time,s1,s2,s3,s4,s5,s6
0.0,27.040182563232705,16.82845165002097,17.829924188279346,25.238643049238306,13.012356538212252,21.43573665700017
1.0,58.4228899790307,98.65552557743418,122.8003338182071,41.764211668482545,98.22128100708304,126.71670760937765
