time,s1,s2,s3,s4,s5,s6
0.0,17.02371598749752,4.654516872095044,11.454749111647542,20.807226956775356,10.170709681198684,35.09255910572023
1.0,63.785892802119086,95.21226619475881,132.33934463731705,50.184360161827456,95.91746600437295,141.11315002904874
