time,s1,s2,s3,s4,s5,s6
0.0,31.312985873684898,20.882044936461526,6.0573819928113615,34.139994186909846,34.33886712962695,16.98766304132743
1.0,62.384921182481726,95.8718331830065,123.45940470734132,46.992040440488005,88.04861785820047,121.20339769935772
