time,s1,s2,s3,s4,s5,s6
0.0,23.230687691361414,14.630925458635456,16.568478010319346,17.42347436522046,21.558815851333936,31.950330995464824
1.0,63.25517386430798,96.57813854320497,121.50368017258117,62.94177867322712,71.21528990015176,134.04672731915483
