time,s1,s2,s3,s4,s5,s6
0.0,7.974728064360921,26.938670499351538,6.718280526184536,12.81853249974184,13.144974949277751,-0.8670435710780993
1.0,60.55223132635931,80.2305993628067,117.96100742282762,36.98228355253579,84.13545413835006,125.55091477215056
