time,s1,s2,s3,s4,s5,s6
0.0,11.354285869149079,20.365470643063954,5.326556665342066,24.15734617757309,35.49078450452613,28.545399227553098
1.0,70.7286484930406,93.42080214054442,125.91446508668425,68.58932181286397,100.25368244413164,125.6487008618962
