time,s1,s2,s3,s4,s5,s6
0.0,5.013723115405783,26.191926292315877,16.344541312491042,39.55311815689116,30.562480299542685,15.780788729449938
1.0,60.35336250560255,104.67802225948131,126.70126855619316,30.268504667553376,71.33741559225109,122.18343936885425
