time,s1,s2,s3,s4,s5,s6
0.0,16.128053109232493,22.505662935429424,27.28700659838047,21.05420488307883,22.632851248783716,16.002851604464063
1.0,74.08985884005202,83.07407930493747,115.083869648242,62.872603633739544,84.54303246746947,114.10473806098759
