time,s1,s2,s3,s4,s5,s6
0.0,3.853518894810229,-0.7567367360382313,24.193814506542918,24.08824258021689,27.0729183970752,30.87581923174274
1.0,54.03139559116499,86.84508382307358,110.45940203019039,53.726829615847095,99.17613384111465,116.04954520761846
