time,s1,s2,s3,s4,s5,s6
0.0,-1.1293013566848984,28.046707480182754,16.636963163475873,18.040984140630936,20.94908878875507,29.00368927637909
1.0,38.95685872326649,94.66859313996684,113.21995444707504,52.962738744709014,86.69633738270181,116.50436661297374
