time,s1,s2,s3,s4,s5,s6
0.0,16.0633248672869,20.17313257484991,20.72846023012808,27.993336064896127,18.632658905154234,19.657101829005065
1.0,40.44333978513744,74.91090507771352,112.34930503290758,54.9034823433753,89.50727912840163,121.65677508525773
