time,s1,s2,s3,s4,s5,s6
0.0,28.186355141705437,19.402532509290694,27.89320392871544,10.62866453214138,28.436397122381006,13.309708576072442
1.0,64.62152550158578,88.18099206185981,113.55353317200749,63.704083493794045,73.8565025770992,115.96451571945333
