time,s1,s2,s3,s4,s5,s6
0.0,20.09788513873582,12.422996401475494,27.416902295214932,16.896610734477036,6.786710199469578,21.463761964385675
1.0,41.34148900446824,87.61732651489513,131.72085101649628,50.947737090110785,83.91927758060523,122.81659938887437
