time,s1,s2,s3,s4,s5,s6
0.0,24.9178926048055,7.908726334271217,25.813725327106447,16.664005289753455,21.065331959879995,21.00584786010958
1.0,48.66930381545422,94.59831936164497,130.45977802322204,56.75124023684082,84.73806241728823,128.33727695477896
