time,s1,s2,s3,s4,s5,s6
0.0,15.838446244055023,14.826485230158426,15.426022506490252,14.229233833131932,11.340258592770947,30.754675607483634
1.0,48.04901296237122,86.7368470487431,128.74168029706107,73.58781687583209,84.36390622996976,122.02374883776722
