time,s1,s2,s3,s4,s5,s6
0.0,28.72891919777166,11.668896083407159,29.753938676776848,31.69587407594404,25.429428363179042,21.990951716198545
1.0,53.920337927457595,98.82529551992971,122.53554780930547,45.62484007303573,82.75709742991243,114.43479356112644
