time,s1,s2,s3,s4,s5,s6
0.0,23.31789172972818,15.477280913268789,17.302453159801306,26.202416046384258,10.259414398403827,17.074455999017484
1.0,72.8121819312747,99.93860724865444,144.8385712538279,64.96878286072587,90.19439949919347,114.21964616677008
