time,s1,s2,s3,s4,s5,s6
0.0,21.207665816608294,3.537971657799254,-7.183778956454251,23.433074325898712,17.40908954366936,9.285629686449749
1.0,66.2123089331927,90.34645676216492,131.99373992705247,51.00634613380092,78.72743577014515,129.5233959195239
