time,s1,s2,s3,s4,s5,s6
0.0,7.979207232289481,15.571804284608906,4.207236139923742,46.978787205877865,-1.9592207746628674,9.228558379337368
1.0,65.62836519748903,84.51780523315274,118.1198704550997,48.220670132596986,84.8305712209577,117.69722678084679
