time,s1,s2,s3,s4,s5,s6
0.0,12.976863214984581,30.3149198136569,19.93803520328024,17.829917850805167,13.237834271276654,15.962925967168738
1.0,74.52500162895095,77.50093124457997,104.10462076899152,55.91255383802827,83.71687485884433,126.31065865230573
