time,s1,s2,s3,s4,s5,s6
0.0,35.635409875323404,5.584845911683791,18.650389581574785,14.691725071029879,22.028267221735717,23.134114883996826
1.0,69.66577710612307,89.52738875068006,115.26126656127562,50.03293112101181,102.53462278651106,115.66302077295722
