time,s1,s2,s3,s4,s5,s6
0.0,2.221500742812136,14.099971296071171,36.47790818105372,27.897725119817046,15.282244277018082,22.381844896375018
1.0,50.398547020958844,80.90514820104626,129.35663850169536,65.68835477467411,110.23565947565639,131.30795166920518
