time,s1,s2,s3,s4,s5,s6
0.0,31.717939204622354,16.08254370993012,32.18881574121872,27.791992697665712,20.076313306685464,26.77505393577064
1.0,43.08793324176018,93.2447100837401,108.02241958263977,50.046241974130595,83.14023989006519,111.88220575486511
