time,s1,s2,s3,s4,s5,s6
0.0,25.220606266379047,26.476778114753436,32.57261464084097,21.444672443222554,27.29459959912573,33.310474736761556
1.0,50.881717326799965,95.30065736766853,132.82624207443627,41.99080172398374,94.17568085320914,121.57143604527207
