time,s1,s2,s3,s4,s5,s6
0.0,22.49877365552074,8.573352497975106,17.889298367235057,18.32362825137813,17.86075284966522,24.047290590160504
1.0,48.08139174561961,85.10797254057448,131.9510978506984,65.76171758107355,109.04309819233207,104.46840119315448
