time,s1,s2,s3,s4,s5,s6
0.0,21.794980478495386,10.710747681037402,11.71769000100891,-12.335373273761366,16.570765987669994,14.287748063814487
1.0,53.93196950871404,88.88521253803711,117.12286120649168,46.79972611120951,74.2618145673456,106.52733381492969
