time,s1,s2,s3,s4,s5,s6
0.0,28.878409042540163,18.190120108794996,28.132455864510696,13.492896988323402,11.061977733615828,27.645797353596034
1.0,74.76967770281689,104.94634534611012,137.4320937651494,60.54409059209132,80.41861111283052,127.94727086537374
