time,s1,s2,s3,s4,s5,s6
0.0,23.665893835611936,11.945361030160383,12.04503818207984,18.587455155981132,28.09172203600783,31.584402869581258
1.0,54.51652784718593,88.80555788720062,117.88794725172848,73.64832064104431,89.0047996149589,119.00022401964908
