time,s1,s2,s3,s4,s5,s6
0.0,14.085735048573799,2.294358197806165,10.702531483252576,24.987232726619222,34.58770666257628,26.853911070659528
1.0,49.75817913530502,84.3709652937415,137.51313556649288,45.25153048767781,73.64384540518917,115.74996083532457
