time,s1,s2,s3,s4,s5,s6
0.0,22.100985843750127,15.42823461115022,16.004462773443922,17.97293512587694,29.34906254167224,7.713455423636525
1.0,57.00327994714343,91.65678318720819,126.49642179454561,70.06402345869739,92.33075246064672,115.77315208820049
