time,s1,s2,s3,s4,s5,s6
0.0,26.162125814279214,33.145636104205636,21.940592020750447,6.478518028744714,23.041953743111147,10.717833435542472
1.0,54.0887957195127,81.55626048481594,117.5827097767348,74.43518086135398,103.88493485142965,114.64993274497735
