time,s1,s2,s3,s4,s5,s6
0.0,12.875711574602091,6.048552015247136,15.881596657702005,17.23115488965522,12.944794112183187,15.73711233476546
1.0,67.78416547858384,80.17137148838172,114.52072963505402,46.77205968708435,85.16559954876745,124.78183257071177
