time,s1,s2,s3,s4,s5,s6
0.0,18.632667994237135,36.204339710418914,15.510414117439211,33.86824472953053,21.17421267622752,26.970064310834104
1.0,44.528534196775894,90.89313519801674,114.74038939573668,58.33825507282692,82.70050544352847,116.07204944264419
