time,s1,s2,s3,s4,s5,s6
0.0,15.168690030489676,18.99127429285188,23.76677276297743,22.422908423684916,33.602644504680995,14.731637230748408
1.0,64.23356763202095,92.35772365632049,123.96245505211459,66.09450342201293,76.19765671586795,119.20704797407896
