time,s1,s2,s3,s4,s5,s6
0.0,22.845701384047775,11.513385655281068,21.728375277760083,11.311738700195614,32.77785568305346,12.097266429450864
1.0,49.3127075724882,82.88846635489212,126.59095413398691,76.82505340144837,98.28663888063775,103.1942427684544
