time,s1,s2,s3,s4,s5,s6
0.0,20.162239615344035,10.601435544718354,21.063783784045963,22.66777581075109,16.56271688685398,11.426252709373706
1.0,56.000300611819775,95.3084688963585,124.29230811289602,53.63423963391896,88.1486485412902,125.62861592097153
