time,s1,s2,s3,s4,s5,s6
0.0,32.483727354314674,21.281337631384247,19.463656245975145,36.4435821533032,26.53155442069985,27.05990968273793
1.0,41.41782570188151,89.12419953670168,117.83445520941463,57.207851370318835,82.47942372517772,104.75786919092614
