time,s1,s2,s3,s4,s5,s6
0.0,10.098409753276451,19.68648408812027,30.855207524214812,11.721417933295294,28.139756944334856,22.0761590012318
1.0,54.94229602046711,87.41119129245949,105.94016952092164,62.122519518095466,82.9424561355259,132.56249694995842
