time,s1,s2,s3,s4,s5,s6
0.0,1.8534961766975009,16.56796147077621,18.410903955274545,7.937099252660332,25.387401835063976,8.961236387835612
1.0,50.645366258541245,112.20328695033334,121.74492924456975,61.4593055156764,90.43129296214843,130.4793853868721
