time,s1,s2,s3,s4,s5,s6
0.0,15.715258579649205,5.480832341805375,19.395516039290648,21.95833373269873,22.752406398094447,13.717480693441608
1.0,51.23089704128391,89.16557236404392,115.28225339637963,48.474718345308965,66.38699628466368,110.7345353374079
