time,s1,s2,s3,s4,s5,s6
0.0,0.339359461277585,16.71464948804753,16.395656463905276,27.25708899008706,20.45656478107543,11.158400449821892
1.0,70.74263492185194,83.63408737415843,108.87638985958819,65.51695947617922,85.700586620732,115.40740248626751
