time,s1,s2,s3,s4,s5,s6
0.0,31.48358202398502,16.229761958504,18.155378405170058,15.847434822434419,13.637730721021395,36.175122583283745
1.0,49.15478055323545,81.9709949061979,105.87914277369629,69.0014138897504,82.95798282643536,118.93486279308041
