time,s1,s2,s3,s4,s5,s6
0.0,24.6361383235378,18.58454023158564,5.067901864107151,7.646214689557148,24.05997704778933,23.77545091046676
1.0,73.0184789195429,84.76474796955215,120.09174989321231,68.78466569651023,74.21405430708644,117.61778269317243
