time,s1,s2,s3,s4,s5,s6
0.0,20.940326284702497,6.891368975027561,24.913900422772635,7.822632890688766,10.538140526545373,13.03678461368651
1.0,44.10661154170034,90.47736495354644,107.23531249910019,71.05707302846177,103.1801975451391,132.9608093320546
