time,s1,s2,s3,s4,s5,s6
0.0,11.5303954568183,4.615935348322967,16.240710528599898,5.856442181088367,4.865381195627634,20.630210033152267
1.0,67.63973902777772,89.94695274101656,107.73535049784141,68.46207596742498,87.82234311427904,129.02010805631386
