time,s1,s2,s3,s4,s5,s6
0.0,17.02073977471569,21.939740344132566,26.06866705832875,16.479717371669864,29.36926923638262,26.445299387562496
1.0,65.31915827968409,77.59673188145882,138.1219730716587,51.1869404345396,92.23296512637121,104.6071890896359
