time,s1,s2,s3,s4,s5,s6
0.0,34.04678286585876,9.379182490472846,21.786328976660073,4.611883764632939,13.01285726458377,18.940916387753763
1.0,37.734227342217935,85.57245501345881,146.4421581718429,59.82223762573526,86.58492569389227,129.12660308849257
