time,s1,s2,s3,s4,s5,s6
0.0,18.057282267379513,10.51801497851693,11.1630932724302,28.19170549895461,19.360216783911326,31.10387070756716
1.0,70.07554866490447,96.412674086653,122.76884951105679,28.321610205449208,92.65694822917277,109.67598554766658
