time,s1,s2,s3,s4,s5,s6
0.0,21.80414612237891,10.953450534858405,16.07456771452532,21.278515768702214,9.135718916991229,29.585315367225153
1.0,62.928917509694685,92.38782669124683,114.50961164314799,63.05026752458871,74.08859309018446,120.40671920861175
