time,s1,s2,s3,s4,s5,s6
0.0,15.660234156044801,36.610169493655604,29.03153095337686,14.617057257881623,7.912274964184798,27.865140245886476
1.0,77.00734570993257,96.56788731247214,118.65618754410615,60.75170623421185,84.9409863690942,121.2469850661036
