time,s1,s2,s3,s4,s5,s6
0.0,30.418837957410126,9.435290542636878,18.905827181779223,18.169867039283783,33.14514764841843,14.785397071980508
1.0,47.54076404720054,82.7053933161328,125.55924621718786,34.66753898934213,109.90000474192504,128.46749724554053
