time,s1,s2,s3,s4,s5,s6
0.0,24.927439082256114,26.58864370613178,45.44569073926993,29.038692315651417,31.615485023484883,25.814653021246695
1.0,48.64096812092114,96.10134455636188,129.28765033194856,62.30047307897771,99.90874508637833,128.58521424238694
