time,s1,s2,s3,s4,s5,s6
0.0,18.39608239485697,26.487613080627135,25.7830978226999,13.145090299822854,17.57016785128259,16.036891869854262
1.0,50.09624722543317,92.31040314819501,137.38003534745053,49.812911285717576,88.40053370542844,111.0385360379698
