time,s1,s2,s3,s4,s5,s6
0.0,17.495630759272967,38.43849875685805,21.77740285595592,25.173453505653303,29.952446472836442,39.39614721150361
1.0,65.32856813676929,91.0352207634985,105.08240393204034,47.50803740161098,67.64155994113625,135.11763863275303
