time,s1,s2,s3,s4,s5,s6
0.0,28.30066374973821,21.243588414031045,25.3375851758578,19.768776083875014,15.235504469319476,25.440108697244977
1.0,62.22963441066575,74.52882073983501,109.22015040429312,44.46411087766849,85.76243303165259,127.50518494745216
