time,s1,s2,s3,s4,s5,s6
0.0,7.843222191327328,4.046405701641875,37.874869577730095,11.62376023163768,16.692838824766223,22.128678336853156
1.0,80.66981232496676,90.50985535143819,98.11002272178908,47.46237045906646,98.47946721217922,133.7315134568146
