time,s1,s2,s3,s4,s5,s6
0.0,29.762287964756304,15.831367616688107,11.982004481818398,13.673605624477098,26.97726041422163,11.289059751835566
1.0,84.57200875194374,74.69226148220976,124.74818998758523,44.58205547168296,89.71019401432406,128.41315426679753
