time,s1,s2,s3,s4,s5,s6
0.0,31.709374078434355,22.40099709465553,15.348380326218011,12.737547880758223,12.253582707530478,17.16253721927986
1.0,62.83340251816257,101.76130806386365,131.3352963842396,52.84250160094258,83.67273482227542,111.40590893104928
