time,s1,s2,s3,s4,s5,s6
0.0,19.13308161643439,21.94902772054787,23.26541187222287,8.491236265234127,18.068935392623345,25.865104971210577
1.0,29.320735491865157,88.11304327840223,117.30614197512644,83.50456803668618,91.57884664652292,109.04185095802231
