time,s1,s2,s3,s4,s5,s6
0.0,22.001859176757655,26.770491187864206,11.65646008034279,16.259791354912267,39.09713407666642,19.924277087236465
1.0,45.520539724598294,86.99366735265255,112.34978408885988,73.66953327146922,103.51038870983699,108.73019862324398
