time,s1,s2,s3,s4,s5,s6
0.0,26.4811610033923,33.24667186796623,16.59945949795945,0.5817040616461711,18.06987346732559,33.05328277066351
1.0,63.89981525683123,100.56944962309825,117.3310930902303,52.5187570009006,99.66126924972124,122.0038542559669
