time,s1,s2,s3,s4,s5,s6
0.0,16.555870199930506,31.791818413569022,4.222646171281166,22.397571853764358,27.14218998727187,-1.1513754979731559
1.0,40.476553193851295,68.71058526038581,116.53260497769074,66.0817056304032,85.6704152955403,131.77652636271398
