time,s1,s2,s3,s4,s5,s6
0.0,13.974772303137938,19.10780124514027,13.821688321305787,26.70488316198925,33.52260811166095,23.980425928729062
1.0,63.18430920471852,95.36906565725563,134.81858421466922,69.4379625318956,97.79693172018517,132.25748400210531
