time,s1,s2,s3,s4,s5,s6
0.0,25.33383037305687,3.556574531354819,26.180411126831864,24.938793457141983,16.105560224556772,15.328271957403185
1.0,64.9105194725083,84.11701499079206,128.1722598202687,66.2253196820944,94.49506868296844,130.20814328462416
