time,s1,s2,s3,s4,s5,s6
0.0,3.1648004342817053,13.890097239807668,30.820269516343167,41.472665056173696,16.366174016306324,16.233854429049117
1.0,53.42996137776324,90.04497229836339,120.93901734219553,42.37588103684452,117.14802105895848,128.90809392983329
