time,s1,s2,s3,s4,s5,s6
0.0,25.58513733128415,10.833868170698688,23.04508567781585,33.40423026542828,28.19816456288811,30.030333134747654
1.0,56.083231333229655,80.66475003194621,120.51353664740002,60.0236163770297,90.17807500768234,115.78642139895352
