time,s1,s2,s3,s4,s5,s6
0.0,22.617006885419976,5.230699648553687,21.215135674424236,17.29007322144173,9.776672122377759,15.45246072837358
1.0,59.16174869418726,101.94414417002204,116.3277524023539,55.400528955922944,91.90541416720167,110.19350825380903
