time,s1,s2,s3,s4,s5,s6
0.0,26.775284581081984,24.762720211734003,9.922503165336225,15.79253307626417,11.186910496177555,6.732153988218258
1.0,51.202238112502826,76.6657235414502,128.45833127126286,64.38421171852207,87.26063853001622,116.69057028925006
