time,s1,s2,s3,s4,s5,s6
0.0,17.354803713049343,17.31213477523202,13.36583804361949,25.7925114622738,7.771435066441931,6.776647853968205
1.0,62.117407203066,97.6532248499702,118.31277797319815,52.695691863952746,82.47799219514155,113.96748686071088
