time,s1,s2,s3,s4,s5,s6
0.0,4.839516075673632,4.651764371306884,16.668345576375,14.224497307238327,31.959874100448737,14.351379330972609
1.0,56.787537984817575,78.04089005712855,126.58675412681158,59.415248135715935,64.89024821067976,126.14458705098012
