time,s1,s2,s3,s4,s5,s6
0.0,27.508119258733156,24.28201391447869,27.233413252670292,16.336546019125606,18.675190929012096,17.789076188844977
1.0,62.15001915668932,96.48476561702483,112.8875648821455,54.67228801800816,95.0929033569518,137.98627178612696
