time,s1,s2,s3,s4,s5,s6
0.0,20.47294109521342,9.380872867346639,13.232978683101653,17.232810005007345,22.791518902178282,43.418095178939
1.0,52.63165460135503,103.77691735263197,126.9799876773777,43.887282208705955,102.74295834728231,129.60848191620047
