time,s1,s2,s3,s4,s5,s6
0.0,25.25144974721544,-0.9582389737221106,24.724524451051924,22.3456898624983,20.56511630784684,32.60768014256045
1.0,61.61379301527687,79.54617764680074,115.86814789202022,68.7699700970373,95.05423404374525,129.45002143440524
