time,s1,s2,s3,s4,s5,s6
0.0,22.50295474804839,11.9222895511868,12.350895003107276,35.699509362067985,15.96280928385076,2.593008740122272
1.0,49.74536719556614,84.91248595850999,117.31985378630665,55.62877409729414,102.64389010528339,115.35869751929587
