time,s1,s2,s3,s4,s5,s6
0.0,18.29676214858404,35.23035634514082,27.089719192262933,17.400214678361987,31.401188069406427,26.690951399632645
1.0,74.25975333595,93.17950918318023,115.97823311149173,60.3467216234292,87.38741452146134,114.61376732768252
