time,s1,s2,s3,s4,s5,s6
0.0,17.180858379334996,16.710555676616615,21.807766822712704,22.254799350193327,34.76638616144612,26.411766680073082
1.0,57.963943771411394,88.95656557738918,122.71855273566463,51.03994397589961,85.99342555268946,115.37930067109497
