time,s1,s2,s3,s4,s5,s6
0.0,43.50293684407647,5.765825968832205,2.9036047702976937,11.823262242792351,24.32605205546748,31.925368851367384
1.0,77.06023964710175,88.28819600288067,112.6783375897195,66.58706022734329,91.83672364697343,116.06889152273166
