time,s1,s2,s3,s4,s5,s6
0.0,34.01721711348015,23.01207747297425,11.878567617517499,25.51283016989601,0.9574556066727666,30.586445592535643
1.0,44.05396039943572,86.5790560770604,106.23603623665672,49.45665524935217,97.41378107213711,120.36328940527451
