time,s1,s2,s3,s4,s5,s6
0.0,29.257135791612306,10.349233313065135,22.08087271367338,17.273527946102426,18.06124642088632,3.994992344834582
1.0,50.06850803729275,79.18973651023848,133.3322000571735,31.710213789720353,72.83000820979626,116.15908407934992
