time,s1,s2,s3,s4,s5,s6
0.0,21.610025642374517,31.29741878718426,23.766104484273775,18.279741535421504,46.66473135361378,14.595194531120738
1.0,63.99293792224346,84.96102655499593,116.49482188445451,51.29869769562792,85.58755086680767,130.3924169673614
