time,s1,s2,s3,s4,s5,s6
0.0,29.875664600811028,24.089634836788342,18.76779121896356,15.833497109166043,19.282700630243937,19.9467443770863
1.0,49.42152713557714,93.4847489811245,115.77989039145955,56.92214773638224,78.06659910156782,119.79896825659446
