time,s1,s2,s3,s4,s5,s6
0.0,6.1421028559287,25.482506931602977,27.46004088605901,30.11210465704383,15.65967939536563,24.54912108404683
1.0,45.88554815635396,88.63459614738697,121.83725960611825,52.15516146735605,83.66182133034853,135.6611588794876
