time,s1,s2,s3,s4,s5,s6
0.0,31.19558885257173,16.971174845766633,5.82103886231209,37.71438222098233,31.228246975596495,36.47420027920863
1.0,39.36991069090097,89.86603978451227,116.63242678236458,58.90018967421015,64.92703726102462,136.5119191737337
