time,s1,s2,s3,s4,s5,s6
0.0,24.404269623453942,17.469946214508195,28.64572977397406,19.374717978823547,21.17321977783612,16.200074614501546
1.0,37.67255391953542,88.74720299235055,111.39962384068411,58.39659125888389,82.93149402233804,130.2137610290542
