time,s1,s2,s3,s4,s5,s6
0.0,33.84269489085709,23.25240357234113,23.15456990079744,29.84841153205437,13.621501131733705,13.084365625848683
1.0,67.56814898472116,97.77609214252426,118.54845830046493,56.28628664980369,92.43190539592625,128.0798785303075
