time,s1,s2,s3,s4,s5,s6
0.0,32.80049893811255,45.67341122439258,22.034320569440172,18.918853024906653,30.618296703061382,30.434700286333534
1.0,52.95445920369181,84.88460451940463,133.2761820783478,58.71817262218925,79.39791304563013,128.35029426170416
