time,s1,s2,s3,s4,s5,s6
0.0,13.111329857295495,21.39431986864392,23.10522969344821,22.246863920540555,11.221011036546782,34.5093449537505
1.0,53.343076427770924,90.4038000571397,125.81555676337273,36.959175421206936,94.23534671737379,115.37581015361141
