time,s1,s2,s3,s4,s5,s6
0.0,2.1487386701273365,22.35823413844056,17.308608251738384,12.383724717991845,28.406495076616917,31.443161929092305
1.0,52.37232025584016,83.72985815690973,137.34465537975612,52.41480421201818,88.66276240413224,114.69470234686612
