time,s1,s2,s3,s4,s5,s6
0.0,16.037717906337782,20.365740784415607,42.56202603180045,30.529539662327274,21.01994431350022,19.23847988099767
1.0,65.80792864442373,88.80340468857085,120.62474468095172,62.33460367339226,105.50283827197339,122.43801024823847
