time,s1,s2,s3,s4,s5,s6
0.0,17.294524310532807,26.458456771596687,18.81315610627248,20.365241646224653,18.83585245160757,8.44483238864318
1.0,70.4640588068581,81.57402168982642,110.22019556698453,40.906805754843425,89.50542085248563,138.93735793406984
