time,s1,s2,s3,s4,s5,s6
0.0,10.602424331326759,23.166630939361706,15.879987844765122,27.14651375498515,19.264460068614813,-2.4790835539641947
1.0,68.97580952704739,87.27849595030239,126.09491206885882,61.28776946136686,76.71497425984346,136.52145515575037
