time,s1,s2,s3,s4,s5,s6
0.0,28.320975605225215,3.111713467339708,22.989825532078992,24.026671958603657,38.960094915642145,13.026172829220634
1.0,55.195279565627686,86.05001011056241,126.50962683302257,37.77372746207622,89.23316728884997,114.64275471179664
