time,s1,s2,s3,s4,s5,s6
0.0,12.768546389540084,18.735835347174877,4.261160143245895,13.523999826454675,36.733821685319754,9.220773268999334
1.0,39.7506021590468,79.76658321462726,121.18691379104975,65.86814261393546,91.99196904599809,122.26240716581768
