time,s1,s2,s3,s4,s5,s6
0.0,-0.04221043687079984,17.202017242935028,8.868115727738088,28.10595304117453,28.726717657987408,24.398313025367337
1.0,56.080433113351994,71.53415654888207,111.88290686957015,57.75703367951044,100.82554528291617,126.78724794352738
