time,s1,s2,s3,s4,s5,s6
0.0,16.87441584362279,22.474322618173343,21.079085635001615,13.363343230670282,16.89614650465836,6.414591226940789
1.0,71.55274073493742,89.5517014873383,123.3764018552497,42.8322218754411,79.82221196014926,132.9711017288847
