time,s1,s2,s3,s4,s5,s6
0.0,-2.6184012984290383,22.583102301177803,34.243822328206306,36.148891892982,16.602780114744426,30.339602396400824
1.0,48.08728202967231,101.26307759751394,109.94110984263216,47.231011635250645,100.37947448126751,117.98901579347545
