time,s1,s2,s3,s4,s5,s6
0.0,26.548810143896056,17.675044775561037,19.86547097541453,33.172147850662085,15.569947251020809,15.684610767556418
1.0,51.202953236985145,101.13843781289708,111.42646790650515,69.80608091893541,87.16589924343495,109.14866188697505
