time,s1,s2,s3,s4,s5,s6
0.0,22.899376501967414,10.700489597652492,19.968442806038553,11.384660575342572,26.23677819302413,26.348525218370455
1.0,56.84424053316273,97.89656837330458,111.98493563945607,51.03970805634009,97.00473909536133,131.82157749473595
