time,s1,s2,s3,s4,s5,s6
0.0,-0.717800499885076,41.800302518387156,28.124341022633544,13.5285741116606,29.14865939182681,15.654514934042993
1.0,54.51544094756003,80.56258912065141,118.39331041869549,67.46389592294408,112.12142516102372,122.70926393135395
