time,s1,s2,s3,s4,s5,s6
0.0,20.744766606116933,12.685652230046655,42.98635582706619,23.056965016880202,23.209552320232106,3.9567721652464627
1.0,48.52595894019228,91.64987437448104,113.01220447036468,42.760697026056405,81.43783729755802,117.63428976044382
