time,s1,s2,s3,s4,s5,s6
0.0,32.70749534316511,9.114579953210196,26.62432412197296,19.013334501636294,11.427948468990811,23.17278424837681
1.0,59.88468849950687,89.33467869335166,116.11802239950423,74.07835037747768,79.6567118307091,102.27092989079084
