time,s1,s2,s3,s4,s5,s6
0.0,26.370606891633738,18.88121630898426,12.50374396148406,12.309716209647954,24.8667363712664,11.105273153420196
1.0,44.412786966536494,108.92148322152224,137.24305184974148,56.87333877249674,93.17803282837832,113.78539491494678
