time,s1,s2,s3,s4,s5,s6
0.0,24.131406819182455,16.625040341214444,32.930770620933544,12.128217286404894,13.966834807203021,19.538689807799297
1.0,50.302217272267704,80.28855728276719,121.96444866569252,50.36859002974716,74.75524646294794,131.09833157590745
