time,s1,s2,s3,s4,s5,s6
0.0,15.06058691437163,24.82946089602674,10.490132209063946,22.208697066191725,13.778014018215803,-3.8114649363712516
1.0,64.83544506381955,75.64452375773982,115.10124655198969,72.68937985670104,110.26141111648622,117.39596698072334
