time,s1,s2,s3,s4,s5,s6
0.0,19.836221301475504,16.199598927288946,12.475343862355206,11.931529539409777,18.32396112946447,6.23945303350534
1.0,67.46046255151754,97.46357178866809,131.30350095704648,41.022678740276376,93.78792248970856,123.51618550131572
