time,s1,s2,s3,s4,s5,s6
0.0,8.325097945792086,21.92443743413265,10.171886974755612,20.746750448708553,4.867883518388023,8.394093594104623
1.0,43.989939042438195,85.93636032117092,131.00126734768298,67.62683758724182,79.8636722461119,130.42978771343624
