time,s1,s2,s3,s4,s5,s6
0.0,16.4315148262149,38.208097996587526,25.390545420879917,16.809413275265253,21.835602466705183,6.915408963891132
1.0,68.60090873925112,80.56732425775577,122.6145668080724,70.23440489977241,93.00152832199895,120.02708777139902
