time,s1,s2,s3,s4,s5,s6
0.0,36.03684843664948,6.649585457850156,15.857090342078866,23.680135951843816,13.763997430457835,29.190036898101262
1.0,56.30960117681519,78.50480954992636,132.48356932889,46.59073191331702,83.28403442912912,115.91800926140259
