time,s1,s2,s3,s4,s5,s6
0.0,16.357945193153853,24.829220346388205,35.61700318797206,27.67892801757602,21.029778813947104,20.862405493588497
1.0,60.37557028223376,87.11672869428708,120.01559540183412,51.54610585054115,83.97163165833943,112.85879449689827
