time,s1,s2,s3,s4,s5,s6
0.0,22.572578536039384,29.464380473513025,6.177537411538072,13.699971832007954,20.015804759372603,18.409092229699517
1.0,43.34237543910036,84.95868480832614,119.64731893336855,70.0075297824956,82.40397673318937,102.0447815199856
