time,s1,s2,s3,s4,s5,s6
0.0,21.786654132645285,35.78065505608018,13.52223115312892,15.315163022214549,9.679125803235705,25.192874380613866
1.0,54.53941505856545,75.04766171131077,126.50125119942027,77.37968087832513,93.38227211640444,126.4751107522492
