time,s1,s2,s3,s4,s5,s6
0.0,24.56591357301374,32.15595306063921,17.466975131745794,16.321075675401644,31.58992437733825,26.641592823031495
1.0,68.52953039255189,88.27674962056504,122.11809725049093,55.575954888229475,89.26543484911898,130.51538931306476
