time,s1,s2,s3,s4,s5,s6
0.0,23.034255994278176,12.782876662520145,5.0124730661717365,31.063407436934018,24.9138379618117,7.400737212270599
1.0,40.661138657977936,103.03911213288326,102.32109978643558,43.614994586114776,85.13248643681452,128.45881235287374
