time,s1,s2,s3,s4,s5,s6
0.0,17.41608839617595,-9.883559791015045,28.954081620824763,26.60573514745611,22.435457315012982,-0.7039126945901195
1.0,59.620416014378456,99.68022711784631,129.91147093574784,56.997650024040354,63.11532729017098,111.70740477967023
