time,s1,s2,s3,s4,s5,s6
0.0,14.902370232796855,16.723031862671363,20.795461465903358,24.872872188419038,10.28221206933141,17.549651400223443
1.0,31.399980169331204,81.572114436742,109.69665918578363,59.016465034946044,84.34809569711615,136.81885626276514
