time,s1,s2,s3,s4,s5,s6
0.0,33.50486899304716,26.73303374966406,17.078456496813715,17.13531284428047,22.64044937462054,8.554671434072006
1.0,58.059047234122424,77.66856602787362,114.57323904069077,70.59520322025226,89.85158524936914,120.02021793033177
