time,s1,s2,s3,s4,s5,s6
0.0,14.551503182082051,18.299602605936123,38.85888571351721,20.1594868798441,16.483336620620946,13.63802371197383
1.0,62.089294023050414,91.20586715999114,131.19071993530477,51.18394684068774,80.71205003868674,119.91409290645768
