time,s1,s2,s3,s4,s5,s6
0.0,40.72776379588403,19.662569775302906,9.273857434306887,13.254143514445495,5.064616771601271,41.087852479912996
1.0,59.54012299357241,96.65115098739626,133.58732554431444,61.75912941771232,97.50114929381712,125.4826627189582
