time,s1,s2,s3,s4,s5,s6
0.0,17.206261202408808,20.948346468964996,1.6864900674868686,21.1793867490711,38.35381051990165,3.4891256934323103
1.0,43.936514084489765,103.15518332519017,115.91724904942294,48.30737600961261,84.41501082536033,115.08889541033555
