time,s1,s2,s3,s4,s5,s6
0.0,18.21604709167679,26.63090330737637,11.060017703795673,2.0502797197480263,5.731675458746144,25.16064936227535
1.0,51.674722842253274,92.28470223333964,115.61547719408533,53.36912526177808,89.2099147050314,120.54313836556351
