time,s1,s2,s3,s4,s5,s6
0.0,20.713790481000572,22.120496714600126,24.742470530765416,36.951837093773406,15.241694533462805,25.97047304418195
1.0,59.30197006509662,80.67358984166808,134.193307875884,54.29521881157974,92.5921737848646,139.89653009494327
