time,s1,s2,s3,s4,s5,s6
0.0,16.799438287141037,16.406409830204293,25.194360669467635,25.888657285298855,20.558909952497608,9.071503387399254
1.0,65.20855016167616,94.54886111228181,123.06670050007841,69.12385868633748,88.11280090540339,111.40134105893767
