time,s1,s2,s3,s4,s5,s6
0.0,18.468996736668327,28.804564725557828,17.784057411982165,17.207035869970717,34.928463334932765,6.482155494293574
1.0,53.37050872513326,81.19495883543513,118.81875905817941,55.556229213581474,91.80458144916325,129.1282757718447
