time,s1,s2,s3,s4,s5,s6
0.0,43.90087194321219,23.24570807124847,11.00465337236616,27.36057533909858,-2.849369272611778,10.409689553661249
1.0,58.798560402816705,94.11228178802322,114.91672151683377,48.11484065986666,97.17165911489226,133.11269756632825
