time,s1,s2,s3,s4,s5,s6
0.0,26.12427806170727,10.796943109468414,18.183466071986416,23.674857484586486,31.426008253064488,14.56861714216606
1.0,65.83956541436464,101.31938820479999,128.7647198273035,31.878585546927503,78.01336444805777,136.08578960708363
