time,s1,s2,s3,s4,s5,s6
0.0,19.653144030345686,24.46799194516352,9.127534701071626,6.479452537895476,24.65925650204653,18.715296423466036
1.0,57.875165055362245,81.11904740682154,101.76594729801698,72.13688036892995,87.33607008370889,118.95292539537255
