time,s1,s2,s3,s4,s5,s6
0.0,18.250941888124988,33.659281641778755,18.620230580602318,42.60691148919009,36.00917445210087,11.49608997677578
1.0,41.60403040257207,97.54034830751516,121.01402097657093,59.06691341863607,77.69040584551328,118.54722241826991
