time,s1,s2,s3,s4,s5,s6
0.0,30.442150218989088,16.7293184766004,17.955991478904288,29.790085493865945,34.00813094470864,2.6611612877246387
1.0,50.490827707149116,99.65132120373667,128.85640459061275,65.74462467013488,89.3363071521238,136.70005351020504
