time,s1,s2,s3,s4,s5,s6
0.0,23.093779331650722,29.094736968406238,16.050315611349603,31.979005002152803,39.74527553534451,5.168628991223743
1.0,47.79919083737724,85.72982548426317,110.7995933883399,46.994823752497865,97.02793487582804,129.4545837909867
