time,s1,s2,s3,s4,s5,s6
0.0,24.299779253472906,40.70435348945548,21.20008948056617,17.747466280310583,21.462117417804933,19.451638545534
1.0,68.70908047371971,87.1991931247765,135.28688448703969,73.09678611071064,107.9964620208954,106.99781759485697
