time,s1,s2,s3,s4,s5,s6
0.0,6.6676481035886965,18.698205487276482,15.41540397050984,25.29649368740883,18.59407363025327,20.51692159448908
1.0,62.11105002774602,92.1813519453537,119.71455039685378,67.38339499271781,95.57714124295475,117.70453029560029
