time,s1,s2,s3,s4,s5,s6
0.0,21.92837299676908,16.308186079247577,19.068821429087517,36.01068998483629,33.58310065026809,26.62690850441533
1.0,64.97963335192894,84.39404474924407,117.69833000877743,50.03435119855155,92.14153916034917,111.29180447984861
