time,s1,s2,s3,s4,s5,s6
0.0,35.87326522410058,13.622417045434956,18.049878824402658,8.426008345138559,21.268258460031845,14.667918043310653
1.0,33.675769099698236,96.95192652703953,115.40259751104978,76.3226578016403,104.08363825374049,133.64447208202463
