time,s1,s2,s3,s4,s5,s6
0.0,20.31348413788463,22.77173472793366,9.969296622825576,10.78144515431818,28.155478085917338,35.301223717991064
1.0,47.58349332464545,79.01516010471127,140.72912145503778,73.059817205414,74.23456757192696,123.25533428795707
