time,s1,s2,s3,s4,s5,s6
0.0,12.749965763012089,20.415739464433518,21.226983277591525,20.659864179480582,5.632666118021161,12.212368680320699
1.0,43.10479250105448,99.58756342921816,119.2771362846895,56.54477317199403,89.79929122837787,120.8900265654426
