time,s1,s2,s3,s4,s5,s6
0.0,19.945552736584325,12.600946525632386,38.86317530247938,36.93907635357934,28.44599801117906,29.73103356300175
1.0,61.710229070346955,78.17708209236328,122.55820797117833,63.388913317725354,79.45919368162566,138.5347474862927
