time,s1,s2,s3,s4,s5,s6
0.0,35.54009135326595,10.33820254791783,24.67658510193263,16.043336616129537,36.95222201285566,16.96503723498879
1.0,49.92324246065101,111.02755317654781,122.64484296771387,58.51676049598225,106.82272599914552,113.90533386742818
