time,s1,s2,s3,s4,s5,s6
0.0,0.6068855487919684,18.79996765272244,12.575320673594351,21.221718521805762,7.986427577425474,16.992616555751383
1.0,45.157367550664745,84.77595513666365,139.44812954860512,65.952244969729,87.49463717851482,111.85853130811465
