time,s1,s2,s3,s4,s5,s6
0.0,9.8696139426303,46.47352560685759,26.960144005345857,26.724043439730252,28.078287812666694,3.6565225237818204
1.0,34.84384612164843,79.11916725876455,121.16751633935344,58.882219803092816,100.44254908481915,126.16646820594988
