time,s1,s2,s3,s4,s5,s6
0.0,25.825268384879646,-0.41586771476649886,20.703975366214884,-6.921997944185652,42.97696351410158,12.009208500205878
1.0,82.04842366739109,97.44315768218979,103.42047181888186,57.20086302231794,86.09222537508613,117.62862545784299
