time,s1,s2,s3,s4,s5,s6
0.0,32.67614223557311,27.57714946141479,19.448872811524897,12.400001870846662,27.229709235738824,22.781456272417845
1.0,68.93855521915032,86.02998315362134,111.152677993854,59.753928322347974,90.59286958960348,121.14959111927679
