time,s1,s2,s3,s4,s5,s6
0.0,15.83540093866469,28.243748654952903,19.276124660679038,2.1685563957497997,29.57021597420438,18.28992859070689
1.0,46.978896468414256,83.44821677788148,120.03973977867078,68.45088015452251,99.15068264087708,124.70953004057067
