time,s1,s2,s3,s4,s5,s6
0.0,16.401881859792105,25.305196144678135,2.7578562576384087,19.321048260553095,27.891490831013492,30.920417244616292
1.0,60.082779264015166,76.53911116484426,132.47022915342666,51.93244604023765,85.35536141954302,125.35772589442834
