time,s1,s2,s3,s4,s5,s6
0.0,17.80718291550033,30.095146603313097,22.46490335172339,6.49495353238836,22.765603023686708,18.764990140121654
1.0,66.75670608724587,91.01457734623206,131.21478809294973,59.499283880214826,112.41742854684598,125.40997467200681
