time,s1,s2,s3,s4,s5,s6
0.0,11.448639933471897,-10.705319227823313,24.843051124894213,25.189246961339002,21.034411142938076,7.093438086427655
1.0,52.86102051650311,87.10785000485262,132.4462079600186,70.73031521927223,87.24313303002421,126.11485262907598
