time,s1,s2,s3,s4,s5,s6
0.0,17.69769295295285,17.30400549932076,20.479216477688173,25.396650714577255,45.64262922128111,22.98621411345195
1.0,67.35265064824382,73.74987772849173,124.64624191974862,39.387377749592105,94.72792169457188,113.98089019126783
