time,s1,s2,s3,s4,s5,s6
0.0,20.5793251232551,22.46855597972159,23.06989549323249,18.67640666316459,17.861492617913964,14.059540608104271
1.0,52.800094519247956,97.00080284501468,113.64223495895072,59.02300157115395,85.17147538880528,118.44576986766283
