time,s1,s2,s3,s4,s5,s6
0.0,39.552616958338234,26.92656876545948,12.109626839092515,17.059711590346183,32.63270104155684,28.72881661788147
1.0,64.18162425616447,81.96737228274891,137.13701719105893,45.33109079323922,84.4201256977665,144.81192646698244
