time,s1,s2,s3,s4,s5,s6
0.0,30.70466321584446,20.626360239431985,25.39079447990293,26.013144024870545,22.428967673041157,17.485572409165737
1.0,36.79911417481135,82.00938153398975,133.24924718505318,60.44447986777293,86.68746826923667,117.38256545211836
