time,s1,s2,s3,s4,s5,s6
0.0,4.933008547625967,24.161318445822875,5.007948638795439,32.116324060909974,20.781497973758512,30.27151379929737
1.0,58.08256069729819,77.62858301893687,137.37897778805643,63.4145269294365,102.15401961799643,108.5968873625752
