time,s1,s2,s3,s4,s5,s6
0.0,14.595514412880853,16.297465151374,11.116363395732286,2.863604537230067,25.606439063613326,22.51722827836913
1.0,41.5381693357599,80.7789665834196,106.05781439630228,54.46284249555447,90.22580372131735,122.82731560311292
