time,s1,s2,s3,s4,s5,s6
0.0,34.88052444791914,13.52834151435354,24.057800868927067,11.380824625107714,26.518304705437778,11.202411726388382
1.0,62.44048515063655,87.3501543958111,135.90586097724352,38.26061365266811,89.67430027928303,113.63140975328133
