time,s1,s2,s3,s4,s5,s6
0.0,9.999665140999143,24.4788029680292,13.668545792737952,25.359897054027222,22.15934764267262,15.196244863288324
1.0,65.38342605607691,105.88490777783896,128.79352903662533,69.64534268156709,92.20795003165318,117.53210478124687
