time,s1,s2,s3,s4,s5,s6
0.0,42.113557541450064,21.430594639993448,5.597315540999993,19.254138279344534,5.819348834489906,3.0020050451923943
1.0,61.7362483767735,94.04138020260402,135.6668471650793,63.84589846819502,86.09919855960659,135.72226459609257
