time,s1,s2,s3,s4,s5,s6
0.0,27.0275095018022,26.89358762512839,15.4811409832484,27.786731568521596,8.61223285764266,18.17718319813201
1.0,56.58801439501557,83.92189956518706,116.23221928605722,58.46312269165673,91.23585612977966,110.8892358247516
