time,s1,s2,s3,s4,s5,s6
0.0,25.17447176585705,15.602025817468792,27.94184261083391,21.352083059430267,11.736464312125221,8.223812950047462
1.0,64.3074339071883,83.02835803891531,131.70908779282215,58.93781628430308,97.93611333075387,124.52035205725215
