time,s1,s2,s3,s4,s5,s6
0.0,31.067169185023243,9.727882960198107,12.355289005593583,20.31554120031135,18.749088652482413,14.450334623342147
1.0,55.27885481909929,82.01461540903746,128.71455521565255,76.77077665250977,93.82985409903662,120.24574445537586
