time,s1,s2,s3,s4,s5,s6
0.0,20.331891475652952,24.290667128848785,14.554715493362124,35.39833109753587,24.177038812197495,9.808154229517596
1.0,64.54906052208429,92.43108374059464,121.30395367124729,61.763573103740114,115.66832710298284,90.70455580333574
