time,s1,s2,s3,s4,s5,s6
0.0,0.4293708866773862,-0.016625968694512494,11.410830219257587,40.90136697373637,10.762457366311155,-0.9061607980165647
1.0,74.2200693471272,103.33881459492943,115.12850289200736,53.21741018924436,77.41953957294885,118.84565492925344
