time,s1,s2,s3,s4,s5,s6
0.0,26.66381900203173,21.878073626828748,16.649808241113362,22.052373374504203,-0.9178875587685056,15.34233145169956
1.0,54.2307486637895,109.61511345635553,119.92677482943745,46.798693214666145,85.84201021273243,116.42476440528354
