time,s1,s2,s3,s4,s5,s6
0.0,26.301380746716273,19.491403605376732,2.034534968308506,24.260866670231145,14.586880785998288,35.69048848410121
1.0,58.47797734938092,107.12345339459934,134.06752581741512,52.181869011249425,107.3685090355831,136.71579961360223
