time,s1,s2,s3,s4,s5,s6
0.0,11.200038179571552,25.402601969859862,11.901861414685518,13.731188028990971,20.65989054903172,28.677467934585156
1.0,53.303086279181215,102.17791725270273,110.18371938950409,64.05548232230986,97.8228429984059,117.15677539228764
