time,s1,s2,s3,s4,s5,s6
0.0,17.0410219595107,28.582819484802336,7.566100943443503,12.628176945450194,21.206873566773933,-0.7163379052600014
1.0,65.48720621863747,94.77867348668957,121.83994761271909,54.124793078874276,101.69528727379128,138.21363688157135
