time,s1,s2,s3,s4,s5,s6
0.0,13.440710822568843,4.543676378301967,17.914637194291604,28.207247523096218,34.691040447534775,11.073382419543181
1.0,46.23805732193646,100.43781191909014,124.56645790290052,72.0713643759492,92.99012271601508,149.637271314493
