time,s1,s2,s3,s4,s5,s6
0.0,30.001472526143207,17.508055663107665,11.134775290935664,23.654889464500318,15.982445482313617,7.744460822280551
1.0,71.37600862060869,77.34506936367117,117.56035428663733,42.71959287759396,87.91439737730553,123.91892911322033
