time,s1,s2,s3,s4,s5,s6
0.0,31.564862628145875,29.715358005548737,-6.976322346297582,32.15610073549577,17.321158585370622,45.650117758147886
1.0,63.396817031833535,101.6129342027737,126.76856762665598,71.57068893441063,117.20526594153037,128.90278046116177
