time,s1,s2,s3,s4,s5,s6
0.0,8.849374762115588,24.730190339658932,3.6856965626034572,16.26497321797627,33.354908978794555,26.549861432046903
1.0,40.87931765289188,87.11215810901444,118.89824231688941,40.13840111320041,92.62869146420178,113.53593921950986
