time,s1,s2,s3,s4,s5,s6
0.0,35.12936358711383,8.095629723313994,33.34042105391364,3.359500379383249,21.957231974408842,18.467513127834454
1.0,53.08175094462333,77.84246742845637,130.9667246689342,50.79895708466873,89.37841591031808,119.53266099895669
