time,s1,s2,s3,s4,s5,s6
0.0,19.882644336196513,26.558966917195946,28.231438186374437,12.862744683248705,18.116785619943194,20.81181118772246
1.0,52.98724503750026,72.63551985169042,114.99286830906013,54.532609763286594,92.42978440143959,125.10070785985387
