time,s1,s2,s3,s4,s5,s6
0.0,4.60273595728308,19.164910050880525,28.696687946092716,3.1033073559986413,17.661816826945238,15.13262401218783
1.0,48.37089535032376,70.47912174893614,125.51235397479986,54.403173300174494,80.10436522394339,130.3091315600592
