time,s1,s2,s3,s4,s5,s6
0.0,11.470245017045244,22.977686983233102,20.548223182072366,31.124681013644306,23.756026603506214,18.29193520289658
1.0,67.01044635131464,88.97909701291343,106.06620599239461,46.18166583277831,93.27985923898606,131.06857531767747
