time,s1,s2,s3,s4,s5,s6
0.0,15.180096058142855,32.616070111187994,23.473554988102364,1.3301975561098338,24.866541615609467,18.743133768847574
1.0,41.99716236518962,89.3545580718962,126.5453309541742,73.67862338016629,104.02211715691487,119.16616937826804
