time,s1,s2,s3,s4,s5,s6
0.0,19.401400140237804,16.72021974493488,8.39770616928972,14.996947572046814,20.465744812429133,28.85461768723016
1.0,51.76507618866548,78.02654587877846,132.10753025558,74.56333100853526,77.15453470607964,123.17765369347092
