time,s1,s2,s3,s4,s5,s6
0.0,29.30767112304504,19.36210314588099,31.020610472694646,28.043668046514654,17.131797636403174,12.597937341739797
1.0,71.97062390080895,82.95708822193338,138.97843402276274,63.598767045035665,82.90427918481751,135.86080406783879
