time,s1,s2,s3,s4,s5,s6
0.0,16.235425539022344,-0.8602815928307876,21.86917523712335,18.580605039562265,-4.231008991699849,1.7445874620746267
1.0,66.15541487054288,94.10992743997463,131.71171205073745,47.796899402419754,84.24311884635064,127.64861450018479
