time,s1,s2,s3,s4,s5,s6
0.0,31.452404819692497,23.687822975104655,5.40588935124655,27.49431112327683,0.8731142525615141,15.322150565166506
1.0,59.58984487766848,91.63106393308836,119.97459999662522,62.50550481726586,80.46792814510486,111.88180763369895
