time,s1,s2,s3,s4,s5,s6
0.0,16.780426908813713,13.79977992580925,18.007232255932628,-0.9432154920884628,26.875489482522386,15.559937351487788
1.0,65.53022442993438,98.63306251831003,102.63406250554732,54.10654211630476,113.63789525078192,117.27998563868977
