time,s1,s2,s3,s4,s5,s6
0.0,18.697216107382648,24.86259991453036,43.27104150613927,28.46347219159201,16.23378429855127,24.80844785003301
1.0,69.1993198393104,91.15249687178999,100.25128777852726,56.253266297466794,86.23587335678842,104.05151291426975
