time,s1,s2,s3,s4,s5,s6
0.0,3.010493207846338,29.694471068518947,20.217298359629464,43.086740506802016,21.414411696679515,23.17038674888105
1.0,54.477931296202684,72.30719171562254,108.76707059052094,57.98401712949609,93.94579402786496,131.5197536632287
