time,s1,s2,s3,s4,s5,s6
0.0,23.645604703247574,35.6640954685863,21.49412494516085,7.498933681469341,28.91607726637044,8.901661593148898
1.0,55.741541790431356,92.87872277946173,127.57215185907693,72.34876595368344,104.27516236607056,118.22203736529606
