time,s1,s2,s3,s4,s5,s6
0.0,7.475050852583838,41.868783942244846,28.631183133240132,34.89020839327671,28.436113857780924,36.35528932288558
1.0,77.20691174173456,113.44032775713325,132.38037570788234,53.24789354853174,84.50174653012807,115.99942797708442
