time,s1,s2,s3,s4,s5,s6
0.0,9.66895000287961,36.83939681490593,13.77129422626038,27.42039342433077,22.281325445781945,27.041638913532704
1.0,58.66533755871618,99.85134513289377,129.16214702066304,59.88066697189805,82.96184282839658,124.83836421531116
