time,s1,s2,s3,s4,s5,s6
0.0,4.464068076308337,8.483341602741863,24.205046540709056,12.535620097553087,17.218086340091563,44.022644852830965
1.0,61.53361599574741,52.751476106020434,121.32607812420483,45.65224415373361,71.45681825204086,127.11301130423442
