time,s1,s2,s3,s4,s5,s6
0.0,11.08574144728017,5.890161082002619,7.552324429569573,37.21756231395112,9.763220730626465,38.261656733291915
1.0,41.469940504049795,76.25005014243517,109.44654984674625,79.96190468065198,103.06325727465986,112.62723832930814
