time,s1,s2,s3,s4,s5,s6
0.0,16.357691259239413,25.022582280671813,0.9837747582411147,22.732162933109844,13.789758977443148,16.320491261784106
1.0,64.61628595462327,88.86758956704917,113.5488266870209,45.62038519380394,97.44568845538579,123.47587486654037
