time,s1,s2,s3,s4,s5,s6
0.0,32.95248350514473,11.727275674663744,33.0605693045224,23.98993270420678,3.3631310962489813,6.077107100454175
1.0,46.93505404994298,95.16366528567487,137.21504371239104,46.94709690676697,95.67524574346005,124.16523798266053
