time,s1,s2,s3,s4,s5,s6
0.0,31.700315684819355,26.175085176970594,23.162164124279546,11.462746624100793,20.802461081724807,19.755050193394148
1.0,58.41180107256539,108.47774211313691,115.8870500995072,57.91360429010875,82.42696107982844,118.88691802315552
