time,s1,s2,s3,s4,s5,s6
0.0,8.779155017969805,31.205930528092594,17.97168985072966,31.38604217353207,21.238606449726642,29.158235576501077
1.0,46.508394797608815,76.91403533018273,122.83381117567713,69.07038739737202,90.3858413083473,120.59812612480066
