time,s1,s2,s3,s4,s5,s6
0.0,22.700964619880455,19.74062699053933,10.56348922996201,31.70929719222926,27.490739546701246,10.35664828020199
1.0,51.50710312874954,76.7528421531474,121.97948924124667,82.48732401414944,97.38038860679747,123.63925493989845
