time,s1,s2,s3,s4,s5,s6
0.0,29.913429629487368,21.637107954715926,30.250315723059373,9.211974772414145,10.805229973060422,21.47483800031266
1.0,47.41561834731088,97.49359881519675,121.27142327935586,55.17525709800913,102.5426248840854,137.5228573621115
