time,s1,s2,s3,s4,s5,s6
0.0,33.931769397916455,19.294000276378565,13.641494710241677,27.492342519761646,14.33554039843918,20.135492706337267
1.0,53.934819670719364,88.42529118500609,120.90625819348169,54.10403284553967,82.9382803194647,131.91007422554634
