time,s1,s2,s3,s4,s5,s6
0.0,8.62860723835688,9.86037579540377,14.295904226704046,14.676430565013531,20.43215914356631,8.551598931183273
1.0,50.855406550664,104.45816043948695,126.0548564372748,50.812701493625546,91.20365656869987,135.1534280675859
