time,s1,s2,s3,s4,s5,s6
0.0,26.97481556156178,11.119235801953817,19.797843447231383,28.00960451366992,34.039544929015065,27.73528192428143
1.0,72.47181896517327,85.83026386590971,135.31153207930743,59.29601548751361,100.85571133126813,130.9652078540745
