time,s1,s2,s3,s4,s5,s6
0.0,25.90039862914399,23.679611915677658,15.717269252088638,29.189866455528087,21.924087092017018,11.747145574098006
1.0,54.55398291861522,86.62258451628988,117.69456087844102,50.33760313412405,88.58282293736029,125.58857775186058
