time,s1,s2,s3,s4,s5,s6
0.0,23.39621007983711,16.607501447417086,22.115328722092386,16.23627442349787,26.3136271827344,15.830666495735056
1.0,49.65802788324518,103.56649643135003,136.80680531138094,68.0018551146149,79.48772168094051,118.53404161343727
