time,s1,s2,s3,s4,s5,s6
0.0,15.348671154344988,20.785162739614456,5.6540052512314904,26.990655222987055,28.679796788015857,29.56061080968708
1.0,61.88166412740636,100.58709172994577,131.53533098603398,46.07698518048544,88.97301325351978,120.54381480707197
