time,s1,s2,s3,s4,s5,s6
0.0,38.773727616896956,21.49839917125951,22.351208180484385,13.702870609585073,17.037593785094877,5.477475888912187
1.0,30.939294065708086,99.74536088533061,117.38212508261306,64.39102461307658,87.15137599036564,120.65793498125034
