time,s1,s2,s3,s4,s5,s6
0.0,9.891896180707693,33.606511889690886,-2.53389297459389,26.32011843085571,24.273843393555662,17.861922606295863
1.0,65.72528690637823,80.20527555218192,120.88310621230288,66.82949753715496,91.19140199932663,135.25838846469452
