time,s1,s2,s3,s4,s5,s6
0.0,28.71095738784583,28.37854585164608,26.166608428083606,15.330473652511786,8.551015466761928,14.655175577294433
1.0,74.29327242398043,95.69916170102687,136.23704042182496,52.8806779562595,78.95283819278656,115.05264094794738
