time,s1,s2,s3,s4,s5,s6
0.0,20.646263154849805,17.17332007189753,16.291535538898316,36.102210847442315,30.905150322761333,14.575650212153038
1.0,51.230136925124185,82.4547041452544,131.67302173926504,52.39662955809581,108.32769657362701,126.50945597716304
