time,s1,s2,s3,s4,s5,s6
0.0,25.090617198726594,27.843722272269716,6.655447598994854,30.099508309480008,16.753875971418783,21.701284595148874
1.0,57.592647056012375,87.0641089414064,126.21656583991076,57.74708740004936,99.7568935087271,103.79856124877219
