time,s1,s2,s3,s4,s5,s6
0.0,23.565504240831537,21.95451563477151,36.392805044200436,15.968835059550443,41.80373174482236,23.877194180003
1.0,56.3047877230301,97.33692463011882,94.26852893463516,56.70793213197209,84.91310956382745,106.40521492389281
