time,s1,s2,s3,s4,s5,s6
0.0,9.515526392697218,6.985149340488892,29.499926751635616,14.725559513029733,22.43389949079359,23.264232128889898
1.0,55.12226349114444,92.50970441195554,126.1325490486254,56.15043210229001,81.25937512943712,114.81224684478026
