time,s1,s2,s3,s4,s5,s6
0.0,15.371416893745296,16.771463746921818,32.187490399225084,0.1079170036330872,21.95227183846189,28.00397728322142
1.0,55.403511100475704,87.74041587953751,124.33213583595636,72.27924493122288,101.09665832371412,134.48032087263783
