time,s1,s2,s3,s4,s5,s6
0.0,34.34021983715583,12.140365306393232,15.404977829246478,25.048309405780742,30.814093292723825,7.419267057864163
1.0,48.51466434615353,86.2233112068431,127.4415664975406,48.301033480534485,101.94645469179348,124.76804351728855
