time,s1,s2,s3,s4,s5,s6
0.0,9.796787186992425,16.2706779110777,38.29128349525225,16.933254489708908,14.513384489325885,8.25957602483525
1.0,64.36601492247118,72.79809260119384,121.26569852899358,50.34088171660254,76.78431554402817,121.99596324010449
