time,s1,s2,s3,s4,s5,s6
0.0,11.491929555443276,30.81228538353934,23.28499358052681,32.51946796303131,21.207825467222683,10.532633403669735
1.0,43.263232643953984,93.74182478958566,120.47231514019724,56.514130601947905,87.91980050588496,133.6868986849741
