time,s1,s2,s3,s4,s5,s6
0.0,8.533562024253278,22.00630211235911,27.81551573778229,6.34585237242019,26.043883656859478,20.39587739502844
1.0,73.54271151465217,84.73782063335447,140.72315381291858,45.02526886998133,84.16509901077404,135.24232075109444
