time,s1,s2,s3,s4,s5,s6
0.0,11.04079571386961,12.430661450082692,15.333844522860085,42.11751746063648,34.94245844331991,21.735799868758964
1.0,56.061000093895316,82.56837265934072,119.94223436955717,52.574010924016214,84.79573846005101,111.68453511512365
