time,s1,s2,s3,s4,s5,s6
0.0,16.79906751791627,20.636515420009644,21.068053748675975,16.645076994701807,16.10218832627998,17.029713224865333
1.0,34.9392353693139,71.59062321178976,131.21172989218024,39.07359471958037,79.47130692744524,117.60463033841339
