time,s1,s2,s3,s4,s5,s6
0.0,29.36152390598188,14.418094029615528,21.401809949842857,13.506783670364854,15.080151757734644,12.912324256129645
1.0,78.88552580775965,90.41200302384163,127.3403697471922,58.30774104557154,86.50448204457713,115.78250424807825
