time,s1,s2,s3,s4,s5,s6
0.0,32.437456791343735,32.55578445006628,-2.0342485309216443,30.172195609439324,16.14039688530547,31.075308497920417
1.0,53.44968690976034,102.161775070248,114.39174902089553,71.52284665313056,85.11962620540191,113.64272683265068
