time,s1,s2,s3,s4,s5,s6
0.0,21.03535180018569,11.545755748877994,-1.2183811309659411,7.561587930959728,18.30963590869548,25.877915654678432
1.0,59.67932380914806,88.0837545740336,104.69283235353902,62.48747372721338,101.76637043665906,112.42905184500773
