time,s1,s2,s3,s4,s5,s6
0.0,28.008552828635846,31.701003983455045,25.718682792450295,34.04987990462885,22.19240492754028,-0.14541161950819514
1.0,60.77772301362137,91.83031859375448,124.28416962521928,42.604978757768805,83.77185863918776,142.15282785686992
