time,s1,s2,s3,s4,s5,s6
0.0,15.14980711570832,18.466686270304344,14.848508373102357,32.97712719202263,5.804850975019987,3.4443468010342073
1.0,59.124550933734426,68.28314125999353,132.8575391932081,54.8462796764726,104.12866164720776,128.43514143332627
