time,s1,s2,s3,s4,s5,s6
0.0,14.290361090032357,35.28754470953247,31.330614884414857,15.958625806207992,35.25776178593328,15.8243618359038
1.0,67.70204790986028,88.10237940936643,128.94600598378827,55.135377477545916,62.43116988367228,116.78415173369672
