time,s1,s2,s3,s4,s5,s6
0.0,22.38887930850226,18.958429371782948,19.956490048250952,24.817163353902874,8.729923669069716,27.13650980236126
1.0,54.97887142896891,89.46600166469727,121.27851753682819,41.88952721918264,83.22087773569689,126.28425045032986
