time,s1,s2,s3,s4,s5,s6
0.0,5.758184276288901,9.222249301539032,24.437479822914895,15.199754826257756,21.110423814718704,35.413615332244774
1.0,55.85915940325282,97.9018550986771,114.70118217676816,65.04949131319196,93.51215861204206,124.01368313555518
