time,s1,s2,s3,s4,s5,s6
0.0,8.048514815146703,38.11675286496081,45.24747771650007,14.297568344168173,18.069874699559907,15.24443131417001
1.0,52.29488586102778,104.05838687668557,126.941229833851,60.848306691779364,73.21178784469524,122.0543620759444
