time,s1,s2,s3,s4,s5,s6
0.0,6.688902070724952,23.111004229008547,19.94132741874888,10.85122780354241,24.72340845719992,35.28968717197579
1.0,61.83436435843232,89.88020307410238,138.69367010039142,36.70318579352592,84.72084819827799,111.61343755805392
