time,s1,s2,s3,s4,s5,s6
0.0,14.431606938839716,8.821196883182573,15.591653996935,14.63855618060652,29.00904161148643,21.11530712692716
1.0,74.74750372227085,88.15554302594278,96.26945713633773,54.898555139197214,69.16048973235138,107.27418398557974
