time,s1,s2,s3,s4,s5,s6
0.0,44.457333573690086,21.2880569632405,22.755134791181117,14.950865791517977,29.19500966526175,0.9789183515305524
1.0,47.330670878329,87.60530698140279,117.68833249130134,67.24537253081026,84.17249439029403,120.5687212680958
