time,s1,s2,s3,s4,s5,s6
0.0,16.12459246161618,23.471765824452454,6.4380260123626325,12.834888544049933,24.471990812455893,32.13744800052473
1.0,55.832078308672344,84.54859093864087,127.50058546839993,48.20245851847656,90.69828555519014,105.3256816201424
