time,s1,s2,s3,s4,s5,s6
0.0,16.59639651298636,26.071516863124863,0.7504532519681533,16.74374962759124,7.289975409335767,18.333659494891027
1.0,56.63609119576499,83.26184848760211,113.47182918037979,52.958868873265786,72.01520479947665,124.61894063420992
