time,s1,s2,s3,s4,s5,s6
0.0,14.233301993411587,18.45784512124604,17.651775608026437,23.63231934041453,12.260020998168896,14.762533030601514
1.0,50.97387458292767,76.23508832959428,118.48982713610474,58.36274320152334,101.8086940090343,126.50474185530987
