time,s1,s2,s3,s4,s5,s6
0.0,30.539088275769636,41.988643611207266,21.121923604697084,19.453782136115315,14.92881557046207,16.514118997293156
1.0,56.32746553928981,73.44869779206897,124.37585105857443,55.37397156574731,87.97633289619311,130.4050695545616
