time,s1,s2,s3,s4,s5,s6
0.0,15.160697110911487,37.750472711791666,15.60125617901349,12.955545397581222,29.065046307288817,26.87171601850074
1.0,81.44324315549937,97.75137391326203,123.02265238581064,36.91745617299476,88.79025138198273,102.85829181196564
