time,s1,s2,s3,s4,s5,s6
0.0,30.117485371060614,25.320019730773495,21.119835204325348,9.089929622333363,25.22015220178977,19.251238468829722
1.0,59.729868422491485,93.36136344559117,117.09802317458806,61.800538367717635,99.10807738425349,129.78794708245482
