time,s1,s2,s3,s4,s5,s6
0.0,30.820469751531995,24.223938936927862,25.56888373786748,17.830539728745187,30.052507601678464,19.674484105434644
1.0,51.12666465181905,78.9501570760819,127.60345373466652,77.43320748841397,115.04322906310541,110.34432397069256
