time,s1,s2,s3,s4,s5,s6
0.0,10.633452021329347,17.441566070503598,7.961651288524411,20.61607449761371,23.775659428043912,9.827138899745025
1.0,58.050053291809625,77.75026051434318,122.54291339914712,40.667404751672265,97.03933709065214,119.30526172426389
