time,s1,s2,s3,s4,s5,s6
0.0,22.15110331565349,28.398078968472667,4.513141857880152,31.763116502752553,39.27747561397884,10.155466935082071
1.0,58.89486406849451,102.21730208153024,116.02697184890094,56.61682017380897,75.5059208424211,139.82543157825546
