time,s1,s2,s3,s4,s5,s6
0.0,16.549745934049785,8.002872946050207,16.517032305136734,35.5272799811162,16.80303697841638,20.520095272881125
1.0,55.09080170269198,78.80964786573432,121.09329547372583,51.079931433349216,79.96250413822894,107.13204927564514
