time,s1,s2,s3,s4,s5,s6
0.0,33.52407017801332,27.65989563978219,17.041927281377763,28.100132770404585,28.43483344335427,20.557183931140838
1.0,57.15805700054426,87.30387562481995,111.36723615253194,38.4220505185213,90.83526305012226,124.71520264264754
