time,s1,s2,s3,s4,s5,s6
0.0,14.18378171809422,-15.04692601354607,15.200745964994084,36.32152291690132,33.665085000767306,28.03699845546275
1.0,70.42834527720775,69.50966892196271,121.19033481169043,65.02203474391914,102.49845728588674,113.48278732105537
