time,s1,s2,s3,s4,s5,s6
0.0,18.247388719919464,26.785313761868125,35.005292138976195,13.535256162113122,18.996744821183743,27.098088327675462
1.0,58.14695819060994,108.11185797881333,115.24995014030564,52.19714787538281,75.04105497080752,119.02723150322582
