time,s1,s2,s3,s4,s5,s6
0.0,40.2830424395908,13.648446783796036,17.066337489087132,8.574962942221564,15.118101923485224,20.881157822288163
1.0,63.36236726243576,94.42058391539375,132.89298894902757,53.961616819826325,109.62799799698305,122.05257336359259
