time,s1,s2,s3,s4,s5,s6
0.0,26.011261565120183,18.20512834712183,22.477970220472397,29.34810866464214,10.82196934631343,40.05648683807582
1.0,67.92139434308706,78.8428887682635,124.24116395761664,67.58062481886276,82.8172106778538,126.93220128844337
