time,s1,s2,s3,s4,s5,s6
0.0,16.038743108112435,26.216885629169745,25.998373129842093,22.930798172464463,18.095052222300318,12.977646705491948
1.0,58.316743672769874,86.54013919368383,140.32050941547206,61.506519775273304,101.49619423280467,123.14629588138361
