time,s1,s2,s3,s4,s5,s6
0.0,18.669537473827035,10.943424794216943,48.45223280546772,13.664885012670002,25.525463980449878,11.726829429873417
1.0,37.125079187987595,92.46105987162072,111.31076575986165,50.725421279456896,93.6284873817846,128.6679542087972
