time,s1,s2,s3,s4,s5,s6
0.0,26.748948106472827,16.349021453780647,31.956179574590788,21.85629442086007,13.57703768771723,28.05123491693752
1.0,63.66736980731892,94.71628960998994,125.43584035696469,44.463260458752245,95.14306177180615,128.28145516559988
