time,s1,s2,s3,s4,s5,s6
0.0,12.290508267902819,11.53941267612378,25.18104871389042,22.382324520158395,6.23809178153974,7.057882431033352
1.0,69.86366034764887,78.20531192316352,115.93641549357953,39.86311159864742,106.50257410375161,122.23790901765284
