time,s1,s2,s3,s4,s5,s6
0.0,-9.427091856929216,15.479336383455784,10.328438458850071,30.917791648517593,10.77610680434239,20.155036725999732
1.0,42.70199360138542,72.700092358673,129.7475704412108,60.13116826354149,97.71157377627974,111.55418894700239
