time,s1,s2,s3,s4,s5,s6
0.0,23.827361992487443,22.62403361524876,38.69740756806331,26.144285667120535,31.224412072832774,22.552405172404047
1.0,71.53509321518516,74.08132427736096,127.75521198117761,51.38416818078726,127.32729663261266,128.46571954413702
