time,s1,s2,s3,s4,s5,s6
0.0,13.939673798692489,20.492682153484683,15.236275583488284,31.821147363461414,20.724563841238343,13.8111475118723
1.0,39.567371223351486,100.125112354848,99.0839993056248,56.9306852372012,95.56005270673111,132.49316632299144
