time,s1,s2,s3,s4,s5,s6
0.0,8.974037405756977,27.82947340231251,12.488383371547199,16.80062225850232,27.909825367747082,32.92980296916737
1.0,42.33230734725479,78.45647521246055,123.44375325172419,61.02087515176677,78.88256928195239,140.12164787688886
