time,s1,s2,s3,s4,s5,s6
0.0,14.237785631648133,16.516705554753795,17.263619853173687,15.553228852911785,26.720780978918278,15.354293479723774
1.0,71.53340177503928,95.78189951903707,129.36820716506926,50.25204466033984,91.08446927932076,126.01547181622297
