time,s1,s2,s3,s4,s5,s6
0.0,20.327666374306798,-6.343759745673893,2.554030260706213,15.795466129505815,25.239676074433604,16.712211766232794
1.0,54.67447248412378,87.75730344787861,126.80475478483541,54.18380363280217,107.54321934663182,100.06614432550107
