time,s1,s2,s3,s4,s5,s6
0.0,18.93104747218569,13.92362490179318,19.848993953191666,25.831554665902978,26.80139036395378,12.462100296341083
1.0,55.483130805551546,83.02779156853452,121.50524395323694,62.38363799928109,95.90555703069109,114.11835029637919
