time,s1,s2,s3,s4,s5,s6
0.0,17.164696118964414,20.981714473529046,28.703232162558187,29.203506753070197,12.284399192298663,12.959408277854479
1.0,53.71677945233027,90.0858811402704,130.35948216260346,65.75559008644831,81.38856585903598,114.61565827789259
