time,s1,s2,s3,s4,s5,s6
0.0,21.853754417070583,14.80604873899111,13.4371020890673,20.425421988907917,22.420097302912215,28.522190748208608
1.0,58.40583775043644,83.91021540573246,115.09335208911257,56.977505322286035,91.52426396964952,130.17844074824671
