time,s1,s2,s3,s4,s5,s6
0.0,22.445387324726852,11.258461803151667,23.58301524197543,15.490777773635553,15.230586037410003,20.099682385557422
1.0,58.99747065809271,80.36262846989301,125.2392652420207,52.04286110701367,84.33475270414732,121.75593238559554
