time,s1,s2,s3,s4,s5,s6
0.0,19.059669652068955,22.920911950787982,17.275054328352688,24.229942835662147,22.50013713996351,26.5455732945478
1.0,55.61175298543481,92.02507861752933,118.93130432839796,60.782026169040265,91.60430380670083,128.20182329458592
