time,s1,s2,s3,s4,s5,s6
0.0,14.243267695449791,22.742997670923597,16.055334299419293,19.9969676552942,14.641695347080994,17.92836426636672
1.0,50.795351028815645,91.84716433766495,117.71158429946456,56.54905098867231,83.74586201381831,119.58461426640484
