time,s1,s2,s3,s4,s5,s6
0.0,16.904627244880643,19.561210728571183,28.4185905210408,11.88748411591572,11.995621605954112,14.28401282471331
1.0,53.4567105782465,88.66537739531253,130.0748405210861,48.43956744929384,81.09978827269143,115.94026282475143
