time,s1,s2,s3,s4,s5,s6
0.0,20.906122361350377,19.65856086806897,22.675548293150328,19.324331150736793,18.27011446492699,27.049250956886187
1.0,57.458205694716234,88.76272753481032,124.3317982931956,55.87641448411491,87.3742811316643,128.7055009569243
