time,s1,s2,s3,s4,s5,s6
0.0,12.428956388491702,17.241057734994207,23.754148726398412,17.718857627726894,29.11038630494915,17.402656442404712
1.0,48.98103972185756,86.34522440173555,125.41039872644369,54.27094096110501,98.21455297168646,119.05890644244282
