time,s1,s2,s3,s4,s5,s6
0.0,13.436372272292456,12.377374140866252,11.056093153649806,11.105800315599463,13.613064393937645,12.29043780686909
1.0,49.98845560565832,81.4815408076076,112.71234315369509,47.65788364897758,82.71723106067496,113.9466878069072
