time,s1,s2,s3,s4,s5,s6
0.0,23.379966406818685,12.535104213445699,21.25615676834727,14.52188816055307,28.72607581469936,10.7977607004022
1.0,59.93204974018454,81.63927088018704,122.91240676839254,51.07397149393119,97.83024248143667,112.4540107004403
