time,s1,s2,s3,s4,s5,s6
0.0,13.434856193788162,27.140022822283814,12.28974354038103,24.05538685166554,23.834204216464187,27.904313597813296
1.0,49.98693952715402,96.24418948902516,113.9459935404263,60.60747018504365,92.9383708832015,129.5605635978514
