time,s1,s2,s3,s4,s5,s6
0.0,13.273518120813211,23.144869506182488,28.402969549369594,13.141338257297212,10.726429268267161,11.240616215060848
1.0,49.825601454179065,92.24903617292384,130.05921954941488,49.69342159067533,79.83059593500448,112.89686621509897
