time,s1,s2,s3,s4,s5,s6
0.0,23.354324193671296,19.48594441446117,25.036662519991864,11.048253647615248,24.99706698887402,29.27513870842384
1.0,59.90640752703715,88.59011108120252,126.69291252003714,47.60033698099336,94.10123365561134,130.93138870846195
