time,s1,s2,s3,s4,s5,s6
0.0,18.04089402295947,22.117949955928168,29.556658133830048,20.63050833341562,23.808616205920394,27.31275339757331
1.0,54.59297735632405,91.2221166226705,131.21290813387614,57.1825916667928,92.91278287265656,128.96900339760955
