time,s1,s2,s3,s4,s5,s6
0.0,13.528505183620855,22.080791952102565,18.21473099748961,10.653079971538448,27.071958329512743,13.612571941443818
1.0,50.08058851698671,91.18495861884392,119.87098099753489,47.20516330491657,96.17612499625005,115.26882194148193
