time,s1,s2,s3,s4,s5,s6
0.0,24.731588767723593,13.944249781543485,11.357992595757864,13.35607047521273,11.147185411857185,27.349201378179224
1.0,61.28367210108945,83.04841644828484,113.01424259580314,49.908153808590846,80.2513520785945,129.00545137821734
