time,s1,s2,s3,s4,s5,s6
0.0,10.53350142120639,19.875295935331877,27.368741945070457,27.952590651661275,20.272954626072803,22.91748596214717
1.0,47.085584754572245,88.97946260207323,129.02499194511574,64.50467398503939,89.37712129281012,124.57373596218528
