time,s1,s2,s3,s4,s5,s6
0.0,20.628540313728408,16.666132444089445,26.889361236957562,23.360723662195838,10.544339858645497,12.791905741625506
1.0,57.180623647092034,85.77029911082988,128.54561123700273,59.91280699557342,79.64850652538134,114.44815574166066
