time,s1,s2,s3,s4,s5,s6
0.0,12.370155629792343,29.89252467777658,26.197368611299378,28.871455042730748,20.837995404597855,21.65922795912347
1.0,48.9222389631582,98.99669134451793,127.85361861134466,65.42353837610887,89.94216207133516,123.31547795916158
