time,s1,s2,s3,s4,s5,s6
0.0,18.583137596638757,13.610080273090722,26.49813542724796,14.261815006537951,28.994193616443916,11.980539291268089
1.0,55.135220930004614,82.71424693983207,128.15438542729322,50.813898339916065,98.09836028318122,113.6367892913062
