time,s1,s2,s3,s4,s5,s6
0.0,26.621993162311217,23.65064711293012,14.608721514071734,29.087675989540244,13.102437513059105,11.51135227618463
1.0,63.17407649567707,92.75481377967147,116.26497151411701,65.63975932291837,82.20660417979641,113.16760227622274
