time,s1,s2,s3,s4,s5,s6
0.0,16.289008720399195,24.777038980033367,23.673892292858483,11.388074444530398,22.990479905838484,22.507134701774774
1.0,52.84109205376505,93.88120564677472,125.33014229290376,47.94015777790852,92.0946465725758,124.16338470181289
