time,s1,s2,s3,s4,s5,s6
0.0,21.824528786308594,26.157707927425456,18.34792318707197,28.845909332590875,29.066720389899587,27.669787948836877
1.0,58.37661211967445,95.26187459416681,120.00417318711725,65.39799266596899,98.1708870566369,129.32603794887498
