time,s1,s2,s3,s4,s5,s6
0.0,28.183196766037494,19.68701171189395,10.578963320333148,28.49368231395971,25.542771083800158,17.653587720866383
1.0,64.73528009940335,88.7911783786353,112.23521332037842,65.04576564733783,94.64693775053748,119.3098377209045
