time,s1,s2,s3,s4,s5,s6
0.0,10.46775107220366,23.581256462630314,23.978446626453824,26.649872016788994,25.58714945317313,25.829143342077003
1.0,47.01983440556952,92.68542312937167,125.63469662649909,63.20195535016711,94.69131611991044,127.48539334211512
