time,s1,s2,s3,s4,s5,s6
0.0,21.567067821725942,15.450749740968789,20.511925843040476,24.495954433221087,11.5348202918696,20.00335408942511
1.0,58.1191511550918,84.55491640771014,122.16817584308575,61.04803776659921,80.63898695860692,121.65960408946322
