time,s1,s2,s3,s4,s5,s6
0.0,23.083226438575103,11.358191702866204,10.783572339469963,29.705362554278107,15.049415623983986,23.00864918860141
1.0,59.63530977194096,80.46235836960756,112.43982233951525,66.25744588765622,84.1535822907213,124.66489918863952
