time,s1,s2,s3,s4,s5,s6
0.0,17.643098436361516,17.510257813310833,29.556696945342644,28.796348821591394,25.76223600357527,13.963987387961518
1.0,54.19518176972737,86.61442448005218,131.21294694538793,65.34843215496952,94.86640267031258,115.62023738799964
