time,s1,s2,s3,s4,s5,s6
0.0,29.632062868341464,23.73724066424583,11.481102593092874,22.7245834525747,29.260004725574255,17.36478780067435
1.0,66.18414620170732,92.84140733098718,113.13735259313815,59.27666678595281,98.36417139231156,119.02103780071246
