time,s1,s2,s3,s4,s5,s6
0.0,23.240470485322277,26.002637420118536,22.642268918393924,27.564396708422716,14.31719679339525,16.56683304495869
1.0,59.792553818688134,95.10680408685988,124.2985189184392,64.11648004180083,83.42136346013257,118.2230830449968
