time,s1,s2,s3,s4,s5,s6
0.0,20.191185758944155,22.281969105673706,21.130069953575212,14.984936899582179,17.076121124670536,12.628514789942857
1.0,56.743269092310015,91.38613577241506,122.78631995362049,51.537020232960295,86.18028779140785,114.28476478998097
