time,s1,s2,s3,s4,s5,s6
0.0,29.04692588325378,16.274446582985224,27.467933919721126,11.790174193796883,18.156136161438347,18.736966317262585
1.0,65.59900921661963,85.37861324972657,129.1241839197664,48.342257527175,87.26030282817567,120.3932163173007
