time,s1,s2,s3,s4,s5,s6
0.0,24.696670677270035,28.530549219127316,11.403278207634685,17.904967727302967,21.83500951418125,15.9930158860172
1.0,61.24875401063589,97.63471588586867,113.05952820767996,54.45705106068108,90.93917618091857,117.64926588605532
