time,s1,s2,s3,s4,s5,s6
0.0,26.43537438416952,21.27693515629136,13.310160852213194,15.074560593852073,24.12857600196573,22.700840937513014
1.0,62.98745771753538,90.38110182303271,114.96641085225846,51.62664392723019,93.23274266870304,124.35709093755113
