time,s1,s2,s3,s4,s5,s6
0.0,25.615283305029884,29.060206906214063,21.56673200453965,10.95909732016039,23.449441079661604,22.78671104912985
1.0,62.16736663839574,98.16437357295541,123.22298200458492,47.51118065353851,92.55360774639891,124.44296104916796
