time,s1,s2,s3,s4,s5,s6
0.0,14.066213205941946,27.17866701720881,15.683708642554775,18.161690822916206,28.089182170874686,17.40186454422867
1.0,50.618296539307806,96.28283368395016,117.33995864260005,54.71377415629432,97.193348837612,119.05811454426679
