time,s1,s2,s3,s4,s5,s6
0.0,14.988882574842393,17.811873318741984,14.083887678524826,15.107868903482167,25.50762100729458,12.113894828281357
1.0,51.54096590820825,86.91603998548334,115.74013767857011,51.659952236860285,94.6117876740319,113.77014482831947
