time,s1,s2,s3,s4,s5,s6
0.0,22.69449151428266,10.451013047977952,27.868762337164434,14.29800816630112,28.677764414643157,13.737882023580209
1.0,59.24657484764852,79.5551797147193,129.52501233720972,50.85009149967924,97.78193108138046,115.39413202361833
