time,s1,s2,s3,s4,s5,s6
0.0,28.83115215621771,27.403709705399866,20.61461326783679,10.902446421079583,15.942572507499673,28.056844217474804
1.0,65.38323548958357,96.50787637214121,122.27086326788206,47.4545297544577,85.04673917423699,129.71309421751292
