time,s1,s2,s3,s4,s5,s6
0.0,26.15333603468053,29.118469066898516,21.035498848382204,17.918173445432476,14.307817201087417,10.436529122714672
1.0,62.70541936804639,98.22263573363986,122.69174884842748,54.470256778810594,83.41198386782473,112.09277912275279
