time,s1,s2,s3,s4,s5,s6
0.0,22.80905931662602,12.953002845614112,18.85773266448485,27.444005494050103,26.390745185000146,14.911506024393951
1.0,59.361142649991876,82.05716951235546,120.51398266453013,63.996088827428224,95.49491185173746,116.56775602443206
