time,s1,s2,s3,s4,s5,s6
0.0,11.768956013633423,24.519859125552415,11.817208303942872,16.28176966226799,29.7772017753367,20.88013774087477
1.0,48.32103934699928,93.62402579229376,113.47345830398815,52.83385299564611,98.881368442074,122.53638774091289
