time,s1,s2,s3,s4,s5,s6
0.0,16.988608271617533,16.48627834622698,17.892594424969168,12.011971791963864,26.968985245679388,26.33399960428098
1.0,53.54069160497981,85.59044501296302,119.54884442500763,48.56405512533927,96.07315191241082,127.99024960431116
