time,s1,s2,s3,s4,s5,s6
0.0,16.073699027458268,24.85761523901477,13.94119305180832,24.816108758311437,29.42178997310424,19.756423706081527
1.0,52.625782360824125,93.96178190575611,115.5974430518536,61.36819209168956,98.52595663984155,121.41267370611963
