time,s1,s2,s3,s4,s5,s6
0.0,10.64191084242589,28.179743398263145,20.29123017075073,21.633495385068652,14.830989683379753,29.803769308563545
1.0,47.193994175791744,97.28391006500449,121.94748017079601,58.18557871844677,83.93515635011707,131.46001930860166
