time,s1,s2,s3,s4,s5,s6
0.0,22.144915877263387,18.34389856215335,25.356207780923206,13.593980645645978,24.31861797425457,15.195483256018246
1.0,58.696999210629244,87.4480652288947,127.01245778096848,50.14606397902409,93.42278464099188,116.85173325605636
