time,s1,s2,s3,s4,s5,s6
0.0,27.153749608126162,14.117590520659125,16.0518442433307,19.91854101822559,22.68090155425711,18.821659194323228
1.0,63.70583294149202,83.22175718740047,117.70809424337598,56.4706243516037,91.78506822099443,120.47790919436135
