time,s1,s2,s3,s4,s5,s6
0.0,11.394652459786396,11.130724780393649,10.11422174868515,10.887798916118706,17.624423864074647,16.35986781393074
1.0,47.94673579315226,80.234891447135,111.77047174873043,47.439882249496826,86.72859053081196,118.01611781396885
