time,s1,s2,s3,s4,s5,s6
0.0,10.693093734651093,26.983840281025355,20.605041977217347,27.4035095494,10.490543126215815,22.2352561916838
1.0,47.24517706801695,96.0880069477667,122.26129197726263,63.95559288277812,79.59470979295313,123.89150619172192
