time,s1,s2,s3,s4,s5,s6
0.0,25.305783894535708,12.885294759973927,22.31005630689486,20.845698718153237,15.671178911399126,15.260233409532326
1.0,61.857867227901565,81.98946142671528,123.96630630694014,57.39778205153135,84.77534557813644,116.91648340957045
