time,s1,s2,s3,s4,s5,s6
0.0,10.028690615234332,16.090111757352574,28.748591643549755,26.87919277878008,22.89381282768174,12.065592434456672
1.0,46.58077394860019,85.19427842409392,130.40484164359503,63.4312761121582,91.99797949441906,113.72184243449479
