time,s1,s2,s3,s4,s5,s6
0.0,28.06826806334935,28.38779668747094,14.486934674235833,22.174333665892043,29.480584450140334,23.41802380236742
1.0,64.62035139671521,97.49196335421229,116.14318467428112,58.72641699927016,98.58475111687764,125.07427380240553
