time,s1,s2,s3,s4,s5,s6
0.0,15.076035708488494,17.398703331974428,29.25547781849714,13.749722168623334,13.909818489338342,16.251516830159538
1.0,51.62811904185435,86.50286999871578,130.91172781854243,50.30180550200145,83.01398515607565,117.90776683019766
