time,s1,s2,s3,s4,s5,s6
0.0,10.420135810564473,24.786576831386316,24.813555167930765,27.157466464320112,18.711486018640773,24.590430884044856
1.0,46.97221914392972,93.89074349812707,126.46980516797542,63.70954979769659,87.81565268537646,126.24668088408112
