time,s1,s2,s3,s4,s5,s6
0.0,26.638620949293077,16.977948037451792,16.599764175259324,11.132132749307445,20.13945971381323,11.815446601410377
1.0,63.190704282658935,86.08211470419315,118.2560141753046,47.684216082685566,89.24362638055055,113.47169660144849
