time,s1,s2,s3,s4,s5,s6
0.0,10.978332798154764,11.956834234737572,18.67036645042773,19.132611093074487,16.438769096772237,25.4181437105517
1.0,47.530416131520624,81.06100090147892,120.326616450473,55.68469442645261,85.54293576350955,127.07439371058982
