time,s1,s2,s3,s4,s5,s6
0.0,16.715220686968312,22.666792341304607,22.366088837285133,18.531341900266803,27.21523998024372,17.715203232498915
1.0,53.26730402033417,91.77095900804595,124.02233883733041,55.08342523364492,96.31940664698104,119.37145323253702
