time,s1,s2,s3,s4,s5,s6
0.0,15.234463990195692,20.0220767984609,21.940313210910837,15.75808538569292,17.851642372716665,28.873401474410137
1.0,51.78654732356155,89.12624346520225,123.5965632109561,52.31016871907104,86.95580903945398,130.52965147444826
