time,s1,s2,s3,s4,s5,s6
0.0,17.120068622077277,11.820117428106505,27.609423426030805,13.70475191263461,20.458617215377114,20.588783309570747
1.0,53.67215195543955,80.92428409484253,129.26567342606927,50.25683524601002,89.56278388210855,122.24503330960093
