time,s1,s2,s3,s4,s5,s6
0.0,26.744445446033065,24.699680169741207,26.34956028688456,24.63339503475983,18.57910993816945,22.75567638232691
1.0,63.296528779398926,93.80384683648255,128.00581028692983,61.18547836813795,87.68327660490677,124.41192638236502
