time,s1,s2,s3,s4,s5,s6
0.0,22.84743936377172,28.22265126433457,18.35138407535775,17.373988438596406,17.66728313862114,18.80907605639041
1.0,59.39952269713758,97.32681793107592,120.00763407540302,53.92607177197453,86.77144980535846,120.46532605642852
