time,s1,s2,s3,s4,s5,s6
0.0,20.45266018820694,22.19530256754703,16.16640849694678,23.839730482637144,18.32572037849171,14.053770966327018
1.0,57.0047435215728,91.29946923428838,117.82265849699205,60.391813816015265,87.42988704522902,115.71002096636514
