time,s1,s2,s3,s4,s5,s6
0.0,27.006325008505456,18.392216133934646,24.370103978582186,16.32342340473884,21.40743893106149,18.34426899098294
1.0,63.55840834187131,87.496382800676,126.02635397862745,52.875506738116954,90.5116055977988,120.00051899102105
