time,s1,s2,s3,s4,s5,s6
0.0,27.29858253006808,29.369031813086213,23.564485348443696,17.489605604614116,18.828261701831345,13.547054891709827
1.0,63.85066586343394,98.47319847982756,125.22073534848897,54.041688937992234,87.93242836856867,115.20330489174793
