time,s1,s2,s3,s4,s5,s6
0.0,19.883441501074905,16.487462297282285,11.154239792868255,29.74481267082543,14.64078762858675,27.247608032980025
1.0,56.43552483444076,85.59162896402364,112.81048979291353,66.29689600420355,83.74495429532406,128.90385803301814
