time,s1,s2,s3,s4,s5,s6
0.0,28.181348391235193,19.4989490973906,20.62784522249463,11.788570246160464,14.342005064568896,16.84176577752906
1.0,64.73343172460105,88.60311576413196,122.2840952225399,48.34065357953858,83.44617173130621,118.49801577756718
