time,s1,s2,s3,s4,s5,s6
0.0,22.797606583608818,11.623270875971038,18.083606726966337,19.908445204388663,24.40397725937622,26.438349206464476
1.0,59.349689916974675,80.72743754271238,119.73985672701161,56.460528537766784,93.50814392611353,128.09459920650258
