time,s1,s2,s3,s4,s5,s6
0.0,28.343846992794425,21.69104312047243,19.048683033957587,17.259419453794628,25.35520946476268,11.710315149631565
1.0,64.89593032616028,90.79520978721378,120.70493303400286,53.81150278717274,94.4593761315,113.36656514966968
