time,s1,s2,s3,s4,s5,s6
0.0,19.03082902806623,21.012811726898327,15.042057545548062,15.632642778061836,29.239283543450448,12.867477056591554
1.0,55.582912361432086,90.11697839363967,116.69830754559334,52.18472611143995,98.34345021018777,114.52372705662967
