time,s1,s2,s3,s4,s5,s6
0.0,29.578532054510845,15.703331177057574,27.079439867229954,10.425280899899333,20.572376118705087,24.555293510469966
1.0,66.1306153878767,84.80749784379893,128.73568986727523,46.97736423327745,89.6765427854424,126.21154351050808
