time,s1,s2,s3,s4,s5,s6
0.0,21.009995509897806,15.020100136239371,12.425204867120097,23.410992078536793,23.045982896899503,18.07756612045125
1.0,57.56207884326366,84.12426680298071,114.08145486716538,59.963075411914915,92.15014956363682,119.73381612048937
