time,s1,s2,s3,s4,s5,s6
0.0,25.175217107636357,17.797438695119222,13.579574398533879,16.913749758931374,10.545384738419155,19.013605460433265
1.0,61.727300441002214,86.90160536186058,115.23582439857915,53.46583309230949,79.64955140515647,120.66985546047138
