time,s1,s2,s3,s4,s5,s6
0.0,10.41951069021059,22.8306889941839,10.617349394771583,23.065645932254625,13.24374788486666,25.587311680100704
1.0,46.97159402357644,91.93485566092525,112.27359939481686,59.61772926563275,82.34791455160398,127.24356168013881
