time,s1,s2,s3,s4,s5,s6
0.0,10.273736066548835,29.525547161858498,22.41683376933885,26.40728352291553,10.365617125733415,28.76329850478744
1.0,46.82581939991469,98.62971382859985,124.07308376938413,62.95936685629365,79.46978379247074,130.41954850482554
