time,s1,s2,s3,s4,s5,s6
0.0,29.872339659575143,11.030277860608015,17.595601172175257,12.899774997305856,27.87093270454689,17.050427147472206
1.0,66.424422992941,80.13444452734936,119.25185117222054,49.451858330683976,96.9750993712842,118.70667714751032
