time,s1,s2,s3,s4,s5,s6
0.0,12.41707677197239,25.819487522145536,15.29233125631064,19.230426670751594,24.278852023947955,29.478226484474792
1.0,48.96916010533825,94.92365418888689,116.94858125635591,55.78251000412971,93.38301869068528,131.1344764845129
