time,s1,s2,s3,s4,s5,s6
0.0,24.522451490335264,22.657343296300123,10.236556184549944,24.041754153009844,28.17402212623365,13.956096813644175
1.0,61.07453482370112,91.76150996304148,111.89280618459522,60.59383748638796,97.27818879297097,115.6123468136823
