time,s1,s2,s3,s4,s5,s6
0.0,13.344928380038645,26.17145703345494,14.668772952142284,23.710665882639443,21.555080823285518,22.33100848551322
1.0,49.8970117134045,95.27562370019629,116.32502295218757,60.26274921601756,90.65924749002284,123.98725848555134
