time,s1,s2,s3,s4,s5,s6
0.0,25.67639105369587,16.422810209098223,12.049994608201981,11.337953790389156,17.252101072336025,11.6135742207541
1.0,62.22847438706172,85.52697687583957,113.70624460824726,47.89003712376727,86.35626773907333,113.26982422079222
