time,s1,s2,s3,s4,s5,s6
0.0,21.500746486843635,23.528111884389293,20.17496753207342,18.432226682191253,12.513024945197916,16.885896483541913
1.0,58.052829820209496,92.63227855113064,121.8312175321187,54.98431001556937,81.61719161193523,118.54214648358003
