time,s1,s2,s3,s4,s5,s6
0.0,13.639583749867425,28.78605702502692,17.375820704326667,26.114319646440837,11.981808475964877,11.112645576217373
1.0,50.191667083233284,97.89022369176827,119.03207070437195,62.666402979818955,81.0859751427022,112.76889557625549
