time,s1,s2,s3,s4,s5,s6
0.0,24.670628093213338,19.67669101669536,21.295380052869874,11.797356830441164,24.02385448593427,11.959673071990188
1.0,61.222711426579195,88.78085768343671,122.95163005291515,48.34944016381928,93.12802115267158,113.6159230720283
