time,s1,s2,s3,s4,s5,s6
0.0,27.676448033963602,10.337276089766057,14.52575653583025,21.663364241610275,27.445234964111826,21.28229281597175
1.0,64.22853136732945,79.4414427565074,116.18200653587553,58.21544757498839,96.54940163084913,122.93854281600986
