time,s1,s2,s3,s4,s5,s6
0.0,21.235730015398538,23.89037218608901,24.602404865484722,27.909354915961075,11.172788576950424,24.312412206704117
1.0,57.787813348764395,92.99453885283036,126.25865486552999,64.4614382493392,80.27695524368774,125.96866220674224
