time,s1,s2,s3,s4,s5,s6
0.0,25.92258402282192,10.524909259756702,15.62025062569619,29.679866076680494,15.093553847833217,29.4784456574165
1.0,62.47466735618778,79.62907592649805,117.27650062574146,66.2319494100586,84.19772051457053,131.1346956574546
