time,s1,s2,s3,s4,s5,s6
0.0,16.06849034408725,24.569245122335612,26.24495415048272,25.048609839827744,15.782699827500377,13.093230385422912
1.0,52.62057367745311,93.67341178907697,127.901204150528,61.60069317320586,84.8868664942377,114.74948038546103
