time,s1,s2,s3,s4,s5,s6
0.0,27.40173700134059,26.12196728257848,22.118702409409828,17.77670046448941,27.844508378174666,25.44625769140584
1.0,63.95382033470645,95.22613394931983,123.7749524094551,54.32878379786753,96.94867504491198,127.10250769144395
