time,s1,s2,s3,s4,s5,s6
0.0,18.3686010563591,26.53821776835883,15.375196879388378,17.331528626363756,21.182713596714038,16.171602541824523
1.0,54.920684389724954,95.64238443510018,117.03144687943366,53.88361195974187,90.28688026345135,117.82785254186264
