time,s1,s2,s3,s4,s5,s6
0.0,11.37663737418173,16.285512170647912,13.222255726380624,18.815189682542435,13.263923824319095,26.90456839080375
1.0,47.92872070754758,85.38967883738925,114.8785057264259,55.36727301592055,82.3680904910564,128.56081839084186
