time,s1,s2,s3,s4,s5,s6
0.0,13.126689255323857,14.321934035642773,19.898295733347865,15.662930824621599,15.810044556230709,26.591613317448687
1.0,49.67877258868972,83.42610070238412,121.55454573339314,52.21501415799972,84.91421122296802,128.2478633174868
