time,s1,s2,s3,s4,s5,s6
0.0,20.567906462478746,15.132626350420441,16.78508277029553,25.230381079862234,11.393510166616238,22.731408485328163
1.0,57.1199897958446,84.23679301716179,118.44133277034081,61.782464413240355,80.49767683335355,124.38765848536627
