time,s1,s2,s3,s4,s5,s6
0.0,12.483865583138435,28.507806565361797,21.76045945726922,16.99755592318516,15.109087192765847,27.139225962753006
1.0,49.035948916504296,97.61197323210314,123.4167094573145,53.54963925656328,84.21325385950315,128.79547596279113
