time,s1,s2,s3,s4,s5,s6
0.0,22.408584562556737,14.870780081009404,24.053484396180906,14.15286104313736,21.90318528342742,10.637227131501854
1.0,58.9606678959226,83.97494674775075,125.70973439622618,50.70494437651548,91.00735195016473,112.29347713153997
