time,s1,s2,s3,s4,s5,s6
0.0,13.105776002393991,15.566240699806094,23.246164089760853,26.86620716788782,13.985309185681704,13.755170346252946
1.0,49.65785933575985,84.67040736654745,124.90241408980613,63.418290501265936,83.08947585241901,115.41142034629105
