time,s1,s2,s3,s4,s5,s6
0.0,27.441774597546576,22.4789270204596,19.575348133761775,26.803123940334757,21.027962421468068,18.910417770995142
1.0,63.993857930912434,91.58309368720096,121.23159813380705,63.35520727371288,90.13212908820537,120.56666777103325
