time,s1,s2,s3,s4,s5,s6
0.0,16.620417511682174,27.01443099347667,24.554726460800783,26.17923162718289,14.101558319712652,15.927248608630933
1.0,53.17250084504803,96.11859766021801,126.21097646084606,62.73131496056101,83.20572498644997,117.58349860866905
