time,s1,s2,s3,s4,s5,s6
0.0,25.148636755442894,29.301484555864942,23.055130897472722,27.33826010240947,16.966734950080394,10.433065765506178
1.0,61.70072008880875,98.4056512226063,124.711380897518,63.890343435787585,86.07090161681771,112.08931576554428
