time,s1,s2,s3,s4,s5,s6
0.0,14.779777729140296,25.264115755221994,11.174126978260556,21.693165379488114,13.296731507769113,18.051018449133014
1.0,51.33186106250615,94.36828242196334,112.83037697830584,58.24524871286623,82.40089817450642,119.70726844917112
