time,s1,s2,s3,s4,s5,s6
0.0,29.85992048124252,18.636694466030878,22.43828102149908,16.07413953354729,11.82550178122828,22.281267889572938
1.0,66.412003814608,87.74086113277158,124.0945310215443,52.62622286692597,80.92966844796595,123.93751788961053
