time,s1,s2,s3,s4,s5,s6
0.0,18.148478803932512,11.614291513463833,23.49997584156088,19.314783674454077,27.041615749716545,16.61881019964536
1.0,54.70056213729837,80.71845818020518,125.15622584160616,55.8668670078322,96.14578241645386,118.27506019968347
