time,s1,s2,s3,s4,s5,s6
0.0,24.224237717137513,29.71604901232241,21.838498126159184,26.745407271197482,10.29155074053234,19.335230899210345
1.0,60.77632105050114,98.82021567906285,123.49474812620434,63.29749060457507,79.39571740726818,120.99148089924549
