time,s1,s2,s3,s4,s5,s6
0.0,19.769914459210504,10.149386494717263,26.6891513238008,22.662236759572536,23.405761971568644,21.02015021148249
1.0,56.32199779257636,79.25355316145861,128.3454013238461,59.21432009295066,92.50992863830595,122.6764002115206
