time,s1,s2,s3,s4,s5,s6
0.0,16.223305358541722,13.77906284591525,15.914882486429928,28.449575818910933,24.298461798513912,12.191858878384455
1.0,52.77538869190758,82.8832295126566,117.57113248647521,65.00165915228905,93.40262846525123,113.84810887842256
