time,s1,s2,s3,s4,s5,s6
0.0,26.09283842999272,10.903861023640209,25.724908364314167,27.562471821479964,26.058907867717245,13.86899412035222
1.0,62.64492176335858,80.00802769038155,127.38115836435944,64.11455515485808,95.16307453445455,115.52524412039034
