time,s1,s2,s3,s4,s5,s6
0.0,21.752251660214093,25.258103317135784,29.591201372729316,25.641459316986598,25.526737685490772,19.24232882584986
1.0,58.30433499357995,94.36226998387713,131.2474513727746,62.19354265036472,94.63090435222809,120.89857882588797
