time,s1,s2,s3,s4,s5,s6
0.0,18.772709185017987,16.15915193265014,28.93901751387861,12.290650485980642,16.761419333527748,20.130466575544197
1.0,55.324792518383845,85.26331859939148,130.5952675139239,48.842733819358756,85.86558600026507,121.78671657558232
