time,s1,s2,s3,s4,s5,s6
0.0,26.90310734232018,21.77833794102269,26.32956610157374,16.34592191521533,23.226870447355115,11.590181109339472
1.0,63.45519067568604,90.88250460776405,127.98581610161901,52.89800524859345,92.33103711409242,113.24643110937758
