time,s1,s2,s3,s4,s5,s6
0.0,29.321229367794842,22.250936808231582,16.415031161915167,26.04275880934476,25.899823478889726,21.55614100033393
1.0,65.8733127011607,91.35510347497294,118.07128116196044,62.59484214272288,95.00399014562704,123.21239100037204
