time,s1,s2,s3,s4,s5,s6
0.0,15.813239227132087,16.665913894846238,28.739186652798956,24.16560370038281,13.944597698568293,26.522688612006228
1.0,52.365322560497944,85.77008056158759,130.39543665284424,60.717687033760924,83.0487643653056,128.17893861204433
