time,s1,s2,s3,s4,s5,s6
0.0,13.418736347335294,27.607642460311865,23.717069064554433,15.215859366568607,18.98184629671642,13.845905295093573
1.0,49.970819680701155,96.71180912705321,125.37331906459971,51.76794269994672,88.08601296345373,115.50215529513169
