time,s1,s2,s3,s4,s5,s6
0.0,23.02346999375728,21.480876757943722,21.641984862926947,20.57129438081883,18.43637305622778,21.31246530321116
1.0,59.57555332712314,90.58504342468507,123.29823486297222,57.12337771419695,87.5405397229651,122.96871530324927
