time,s1,s2,s3,s4,s5,s6
0.0,19.63716648034632,25.008227922763435,29.8032738501669,20.43250370204489,27.411201082777158,20.87013718610422
1.0,56.18924981371218,94.11239458950479,131.45952385021218,56.984587035423004,96.51536774951447,122.52638718614233
