time,s1,s2,s3,s4,s5,s6
0.0,29.132198232595286,22.106008699244697,14.058830864582726,29.830210004878612,26.17419503816367,18.86088126646014
1.0,65.68428156596114,91.21017536598605,115.715080864628,66.38229333825673,95.27836170490099,120.51713126649825
