time,s1,s2,s3,s4,s5,s6
0.0,24.750700615741792,21.81983202027672,18.003854212066052,19.81374385200774,19.362457190411384,14.903890430463964
1.0,61.30278394910765,90.92399868701807,119.66010421211132,56.365827185385854,88.4666238571487,116.56014043050207
