time,s1,s2,s3,s4,s5,s6
0.0,12.750710506749453,16.567156795064882,29.666221050063875,24.277298149106834,16.78357879372051,26.226629650217635
1.0,49.30279384011531,85.67132346180624,131.32247105010916,60.829381482484955,85.88774546045782,127.88287965025575
