time,s1,s2,s3,s4,s5,s6
0.0,21.43222793807018,18.828380410144735,21.834132119441175,19.057024010086977,18.58132675171511,13.818885433928717
1.0,57.98431127143604,87.93254707688608,123.49038211948645,55.6091073434651,87.68549341845242,115.47513543396683
