time,s1,s2,s3,s4,s5,s6
0.0,22.192381342208904,23.623926279676823,14.42575291679766,23.596402433878392,22.08157783394445,28.63406370573556
1.0,58.74446467557253,92.72809294641726,116.08200291684282,60.14848576725598,91.18574450068029,130.2903137057707
