time,s1,s2,s3,s4,s5,s6
0.0,14.350266624174559,15.505453468049248,19.238640310108952,24.921176230480786,18.628921824949064,10.845949331941615
1.0,50.902349957536835,84.60962013478529,120.8948903101474,61.473259563856196,87.73308849168049,112.5021993319718
