time,s1,s2,s3,s4,s5,s6
0.0,17.7668936556573,27.855757268526762,26.21650971779784,15.880226757745064,21.499961506878538,10.2305441514235
1.0,54.318976989023156,96.95992393526811,127.87275971784311,52.432310091123185,90.60412817361585,111.88679415146161
