time,s1,s2,s3,s4,s5,s6
0.0,15.99967050108775,11.328854634153531,14.445293167506584,24.15796603667818,11.388112432636696,23.863579451904094
1.0,52.551753834453606,80.43302130089488,116.10154316755185,60.710049370056296,80.492279099374,125.5198294519422
