time,s1,s2,s3,s4,s5,s6
0.0,29.738657375512577,10.06515923627537,13.486650000483838,14.236948175847857,13.549058137370263,15.693704156434396
1.0,66.29074070887843,79.16932590301673,115.14290000052911,50.78903150922598,82.65322480410758,117.3499541564725
