time,s1,s2,s3,s4,s5,s6
0.0,26.589344822707176,15.960558938505072,20.39630919693157,22.17476940038452,17.062737114357482,14.775120270508069
1.0,63.14142815607303,85.06472560524642,122.05255919697684,58.72685273376264,86.16690378109479,116.43137027054618
