time,s1,s2,s3,s4,s5,s6
0.0,21.041338888807203,16.541231522572073,25.541177902336145,14.09917816844081,28.20628560237184,22.861435139747037
1.0,57.59342222216948,85.64539818930811,127.1974279023746,50.65126150181622,97.31045226910327,124.51768513977721
