time,s1,s2,s3,s4,s5,s6
0.0,26.12141559797798,28.57030407236268,19.475016284115355,14.125174099296666,10.960389907692411,13.312054073684287
1.0,62.673498931343836,97.67447073910404,121.13126628416063,50.677257432674786,80.06455657442973,114.96830407372241
