time,s1,s2,s3,s4,s5,s6
0.0,13.503436393979051,11.105975740019723,12.586936012829614,16.463111243184926,20.86887959750905,14.781828281895304
1.0,50.05551972734491,80.21014240676107,114.24318601287489,53.01519457656304,89.97304626424636,116.43807828193341
