time,s1,s2,s3,s4,s5,s6
0.0,11.725441523347493,18.434328459325787,20.149309196914906,23.326555262798983,22.335704925460284,23.098250679197843
1.0,48.27752485671335,87.53849512606713,121.80555919696019,59.8786385961771,91.43987159219759,124.75450067923596
