time,s1,s2,s3,s4,s5,s6
0.0,12.118698066333486,19.75260953319728,19.49685566586632,16.1602260748432,10.559592591382387,21.21517509057064
1.0,48.670781399699344,88.85677619993862,121.1531056659116,52.712309408221316,79.6637592581197,122.87142509060875
