time,s1,s2,s3,s4,s5,s6
0.0,15.108837257052475,27.415825475663265,14.725300077127946,17.936469142910404,14.286464021059537,22.51885347260471
1.0,51.66092059041833,96.51999214240462,116.38155007717322,54.488552476288525,83.39063068779686,124.17510347264283
