time,s1,s2,s3,s4,s5,s6
0.0,21.098743503648997,21.00737503264968,27.829611254879644,21.996406798247488,23.059374097704776,15.733951780911875
1.0,57.650826837014854,90.11154169939103,129.4858612549249,58.548490131625606,92.16354076444209,117.39020178095
