time,s1,s2,s3,s4,s5,s6
0.0,12.346364111569459,15.628460923659757,28.634468712612794,22.116015248185093,10.214165788966787,22.563018432200778
1.0,48.898447444935314,84.73262759040111,130.29071871265808,58.66809858156321,79.3183324557041,124.21926843223889
