time,s1,s2,s3,s4,s5,s6
0.0,24.18719047390436,21.242242470189375,25.313000994473,15.683599086056851,23.724505159935234,25.791943535116722
1.0,60.739273807270216,90.34640913693073,126.96925099451828,52.235682419434966,92.82867182667255,127.44819353515484
