time,s1,s2,s3,s4,s5,s6
0.0,16.15756996304832,17.45031059341156,12.635819245642498,18.20594416566339,13.637970021426858,23.51921294619067
1.0,52.70965329641418,86.55447726015291,114.29206924568777,54.7580274990415,82.74213668816417,125.17546294622878
