time,s1,s2,s3,s4,s5,s6
0.0,25.15099769978361,12.25494318575226,29.428258679040244,18.844606583832388,18.696386863781726,27.506574272629866
1.0,61.703081033149466,81.35910985249362,131.08450867908553,55.3966899172105,87.80055353051904,129.162824272668
