time,s1,s2,s3,s4,s5,s6
0.0,25.14463283716555,19.334697920896772,28.63770764902557,20.71903569010148,26.480115074293575,20.88486016184503
1.0,61.6967161705314,88.43886458763812,130.29395764907085,57.2711190234796,95.58428174103089,122.54111016188314
