time,s1,s2,s3,s4,s5,s6
0.0,28.904982659115007,26.77098957843257,28.549849821464488,28.05051189330048,15.856516356276646,21.852634470277934
1.0,65.45706599247728,95.8751562451686,130.20609982150293,64.60259522667589,84.96068302300807,123.50888447030812
