time,s1,s2,s3,s4,s5,s6
0.0,20.361092052587583,26.4659710771257,25.256292928838278,18.51210493225621,19.06590189791388,14.94590009543382
1.0,56.91317538595344,95.57013774386705,126.91254292888355,55.06418826563433,88.17006856465119,116.60215009547194
