time,s1,s2,s3,s4,s5,s6
0.0,11.129711254227477,12.356228971047244,29.590553592223316,20.276785368176203,18.93720564510062,10.41561170597687
1.0,47.68179458759333,81.4603956377886,131.24680359226858,56.82886870155432,88.04137231183793,112.07186170601499
