time,s1,s2,s3,s4,s5,s6
0.0,27.067499838453635,13.61811047611005,20.165062598014316,22.503026383712196,16.949645571378802,16.893034762438646
1.0,63.61958317181949,82.7222771428514,121.82131259805959,59.05510971709032,86.05381223811611,118.54928476247676
