time,s1,s2,s3,s4,s5,s6
0.0,22.800539617605573,17.801605264569424,28.443674961733493,12.963549515706287,27.565937813124915,25.228445838970714
1.0,59.35262295097143,86.90577193131078,130.09992496177875,49.515632849084405,96.67010447986223,126.88469583900883
