time,s1,s2,s3,s4,s5,s6
0.0,26.32457743526947,22.940912305364776,17.79394719246889,24.488255018625075,15.981499750549373,28.548293674923954
1.0,62.87666076863533,92.04507897210613,119.45019719251417,61.04033835200319,85.08566641728669,130.20454367496205
