time,s1,s2,s3,s4,s5,s6
0.0,12.933414170337837,23.81556252365644,19.163256512917798,17.984979883597095,17.863492108484273,11.060449063720291
1.0,49.4854975037037,92.91972919039779,120.81950651296307,54.53706321697521,86.96765877522158,112.7166990637584
