time,s1,s2,s3,s4,s5,s6
0.0,19.57042529762984,18.19641384052872,16.534026421546397,12.884659444251444,23.943785383087057,19.644092665725495
1.0,56.122508630995696,87.30058050727007,118.19027642159168,49.43674277762956,93.04795204982437,121.30034266576361
