time,s1,s2,s3,s4,s5,s6
0.0,29.19874437557408,23.532073670715253,25.82159463057092,27.753318851300126,26.689001386517063,29.44648581937631
1.0,65.75082770893994,92.6362403374566,127.47784463061619,64.30540218467824,95.79316805325438,131.10273581941442
