time,s1,s2,s3,s4,s5,s6
0.0,21.118422622880335,15.085256790288636,19.045101059728715,17.41554544203933,14.888193585799737,21.396994092856573
1.0,57.67050595624619,84.18942345702999,120.701351059774,53.96762877541745,83.99236025253705,123.05324409289469
