time,s1,s2,s3,s4,s5,s6
0.0,26.65673047176603,18.704650963901436,27.230095196299835,20.0666225348076,12.65403665456274,23.407609201245457
1.0,63.20881380513188,87.80881763064278,128.8863451963451,56.618705868185714,81.75820332130006,125.06385920128358
