time,s1,s2,s3,s4,s5,s6
0.0,27.50721212691629,12.697581058803468,13.414267771277817,14.519715120730076,23.37108364933502,25.392001658067898
1.0,64.05929546028214,81.80174772554481,115.0705177713231,51.07179845410819,92.47525031607233,127.04825165810601
