time,s1,s2,s3,s4,s5,s6
0.0,27.035384390624436,13.311309768363977,28.715548145158213,23.386440809861192,14.503202480950428,14.244175045643725
1.0,63.587467723990294,82.41547643510532,130.37179814520348,59.938524143239306,83.60736914768773,115.90042504568184
