time,s1,s2,s3,s4,s5,s6
0.0,24.808003694857273,19.060114689320088,27.012020176486548,17.837320169234438,17.64672083475269,14.542671180153711
1.0,61.360087028223134,88.16428135606144,128.66827017653182,54.38940350261256,86.75088750149,116.19892118019182
