time,s1,s2,s3,s4,s5,s6
0.0,11.942336676152365,14.750736406384064,16.56600751618605,14.11286455829546,22.97119927323086,10.726111720146642
1.0,48.49442000951822,83.85490307312541,118.22225751623132,50.66494789167358,92.07536593996818,112.38236172018476
