time,s1,s2,s3,s4,s5,s6
0.0,12.408922989738084,21.83718585440235,20.739453277226673,29.783228278005215,24.60319197271294,11.047146004222768
1.0,48.961006323103945,90.9413525211437,122.39570327727195,66.33531161138333,93.70735863945025,112.70339600426088
