time,s1,s2,s3,s4,s5,s6
0.0,13.092412543485654,14.756396780071793,24.396064811010902,13.266518481687454,17.06589736659715,23.243741157932476
1.0,49.64449587685151,83.86056344681315,126.05231481105618,49.81860181506557,86.17006403333446,124.89999115797059
