time,s1,s2,s3,s4,s5,s6
0.0,20.240671423398208,11.07905833594467,26.250168397076084,11.554372665296896,20.331165509429567,10.747739328437522
1.0,56.79275475676407,80.18322500268602,127.90641839712136,48.10645599867502,89.43533217616688,112.40398932847563
