time,s1,s2,s3,s4,s5,s6
0.0,20.90863480232792,23.363708624422472,27.677294000988,18.462577889841246,28.758877014899824,19.82543114107156
1.0,57.46071813569378,92.46787529116382,129.33354400103326,55.01466122321936,97.86304368163714,121.48168114110968
