time,s1,s2,s3,s4,s5,s6
0.0,14.97299800602133,16.803873719353238,12.309462644510186,29.65872886943135,16.754143206520123,13.537022504642543
1.0,51.525081339387185,85.90804038609458,113.96571264455547,66.21081220280946,85.85830987325744,115.19327250468066
