time,s1,s2,s3,s4,s5,s6
0.0,16.29807949153291,25.347258079604334,23.326746396558892,21.021763493079376,15.47941456800812,10.7535518983253
1.0,52.85016282489877,94.45142474634568,124.98299639660416,57.57384682645749,84.58358123474544,112.40980189836341
