time,s1,s2,s3,s4,s5,s6
0.0,18.690682845802755,14.623247690617305,26.54953870111596,10.807282271284388,13.464250711748733,22.006829001209994
1.0,55.24276617916861,83.72741435735865,128.20578870116123,47.35936560466251,82.56841737848605,123.66307900124811
