time,s1,s2,s3,s4,s5,s6
0.0,21.034917303138847,22.194278400720016,20.931018272297393,27.69087714236596,23.785917082741797,22.873073104758276
1.0,57.58700063650112,91.29844506745604,122.58726827233585,64.24296047574137,92.89008374947323,124.52932310478846
