time,s1,s2,s3,s4,s5,s6
0.0,21.300666485045284,25.872347604351116,26.948716264984082,21.173374442093127,24.13468307867781,20.02250169880269
1.0,57.85274981841114,94.97651427109247,128.60496626502936,57.72545777547124,93.23884974541512,121.6787516988408
