time,s1,s2,s3,s4,s5,s6
0.0,23.776373254711025,24.945298899809117,16.657599070338982,23.211378147527768,29.32739583684198,22.16979022221804
1.0,60.32845658807688,94.04946556655047,118.31384907038426,59.76346148090589,98.4315625035793,123.82604022225615
