time,s1,s2,s3,s4,s5,s6
0.0,24.55447724714864,27.011038831905807,19.705825593399666,16.584840851796727,27.984386825072313,24.314992695977125
1.0,61.1065605805145,96.11520549864716,121.36207559344494,53.13692418517484,97.08855349180962,125.97124269601524
