time,s1,s2,s3,s4,s5,s6
0.0,29.8216454983261,14.157885397545527,12.428157152426687,15.248200747543185,18.425762007612505,17.765990358095863
1.0,66.37372883169195,83.26205206428688,114.08440715247197,51.8002840809213,87.52992867434982,119.42224035813398
