time,s1,s2,s3,s4,s5,s6
0.0,10.70311983990569,24.230428722463248,15.376273195686792,21.658032572274465,12.144413238919494,22.332943910266927
1.0,47.255203173271546,93.3345953892046,117.03252319573207,58.210115905652586,81.24857990565681,123.98919391030503
