time,s1,s2,s3,s4,s5,s6
0.0,28.02200026200914,21.622348910684313,12.259597545684617,14.647666847253126,19.001718710190143,24.185726440521957
1.0,64.574083595375,90.72651557742566,113.91584754572989,51.19975018063124,88.10588537692746,125.84197644056007
