time,s1,s2,s3,s4,s5,s6
0.0,11.06138062669733,19.67262361909558,15.189616305411437,15.43512706393564,25.63133312408174,25.929121936779257
1.0,47.613463960063186,88.77679028583694,116.84586630545671,51.98721039731376,94.73549979081905,127.58537193681737
