time,s1,s2,s3,s4,s5,s6
0.0,15.365372289259389,21.15464830419183,19.190646853291668,19.043241232077747,29.26313326787197,21.383671460969104
1.0,51.91745562262525,90.25881497093317,120.84689685333694,55.59532456545587,98.36729993460929,123.03992146100722
