time,s1,s2,s3,s4,s5,s6
0.0,29.91418987928458,14.327510639225016,23.576798418460804,22.15427783029672,27.8167589823043,27.467332443595577
1.0,66.46627321265044,83.43167730596636,125.23304841850607,58.706361163674835,96.9209256490416,129.1235824436337
