time,s1,s2,s3,s4,s5,s6
0.0,18.485347989622802,19.54315828543872,28.793372933077098,16.977428008363127,22.66161937854755,12.2072597607941
1.0,55.03743132298866,88.64732495218007,130.44962293312238,53.52951134174125,91.76578604528487,113.86350976083222
