time,s1,s2,s3,s4,s5,s6
0.0,15.457478305752158,13.673817708754903,23.6434473197929,27.433392327144457,12.630017277229133,28.26153796925038
1.0,52.00956163911801,82.77798437549626,125.29969731983817,63.985475660522575,81.73418394396644,129.9177879692885
