time,s1,s2,s3,s4,s5,s6
0.0,20.491987057317168,20.98418788154779,16.87111145676826,12.757526887951126,10.933957877549176,10.492677778951094
1.0,57.044070390683025,90.08835454828915,118.52736145681354,49.309610221329244,80.03812454428649,112.1489277789892
