time,s1,s2,s3,s4,s5,s6
0.0,18.812346472840655,20.889229703533154,14.128718687661838,13.399425366497695,13.69353192564146,19.566847520002938
1.0,55.364429806206516,89.9933963702745,115.78496868770712,49.951508699875816,82.79769859237878,121.22309752004105
