time,s1,s2,s3,s4,s5,s6
0.0,28.21106763952158,28.60455314710049,11.035443871774834,18.513219640746467,28.692781286378754,26.04556647500067
1.0,64.76315097288617,97.70871981384282,112.69169387182093,55.06530297412365,97.79694795311491,127.7018164750369
