time,s1,s2,s3,s4,s5,s6
0.0,14.131795942817062,10.147918697759746,24.830730669274672,14.402581357764427,11.838316742288196,24.627914180639912
1.0,50.68387927618292,79.2520853645011,126.48698066931995,50.95466469114255,80.94248340902551,126.28416418067803
