time,s1,s2,s3,s4,s5,s6
0.0,23.618053044754,21.429898511667933,10.123297813444921,25.805417896369804,14.478557296776621,20.39383641411656
1.0,60.17013637811986,90.53406517840928,111.7795478134902,62.357501229747925,83.58272396351393,122.05008641415468
