time,s1,s2,s3,s4,s5,s6
0.0,14.02396292757606,21.414625566308985,15.719087650366799,11.261938661911255,11.434115682373363,13.21361999401625
1.0,50.576046260941915,90.51879223305033,117.37533765041208,47.81402199528937,80.53828234911067,114.86986999405437
