time,s1,s2,s3,s4,s5,s6
0.0,25.395428350130267,27.376268672545855,26.920791507754235,14.990262889246976,22.720309016683593,17.253302736450607
1.0,61.947511683496124,96.4804353392872,128.57704150779952,51.54234622262509,91.8244756834209,118.90955273648872
