time,s1,s2,s3,s4,s5,s6
0.0,29.4640526171384,29.641473901508103,18.155628697247085,11.239315167291759,11.437470779888713,20.908463743166415
1.0,66.01613595050426,98.74564056824946,119.81187869729236,47.79139850066988,80.54163744662603,122.56471374320452
