time,s1,s2,s3,s4,s5,s6
0.0,26.92475743399306,20.162536442254897,16.937339818840073,21.200213523218288,14.429989861629423,26.735179461566286
1.0,63.47684076735892,89.26670310899625,118.59358981888535,57.7522968565964,83.53415652836674,128.3914294616044
