time,s1,s2,s3,s4,s5,s6
0.0,16.681671037860383,14.55069810731448,20.875715869038345,20.603012672436215,16.308572846336823,21.280176489936082
1.0,53.23375437122624,83.65486477405582,122.53196586908362,57.15509600581433,85.41273951307414,122.9364264899742
