time,s1,s2,s3,s4,s5,s6
0.0,11.491118504659724,20.666348187024457,29.181625894911154,25.975725000323038,13.532897453342954,12.48224175090173
1.0,48.04320183802558,89.7705148537658,130.83787589495643,62.52780833370115,82.63706412008027,114.13849175093985
