time,s1,s2,s3,s4,s5,s6
0.0,20.62980906239978,13.984503761168853,14.808686409888246,21.22275810738951,14.312778327652666,23.41787749749199
1.0,57.18189239576564,83.0886704279102,116.46493640993353,57.77484144076763,83.41694499438998,125.0741274975301
