time,s1,s2,s3,s4,s5,s6
0.0,21.472077529313378,29.60020682014234,20.787971176544346,23.1184633018242,27.2238786338053,24.164267370776173
1.0,58.02416086267924,98.7043734868837,122.44422117658962,59.670546635202314,96.32804530054261,125.82051737081429
