time,s1,s2,s3,s4,s5,s6
0.0,19.287159246414305,19.124352932974144,22.112157944886885,21.323375861464093,15.794147256111637,13.656670057369988
1.0,55.83924257978016,88.2285195997155,123.76840794493216,57.875459194842215,84.89831392284896,115.3129200574081
