time,s1,s2,s3,s4,s5,s6
0.0,10.797895741979605,25.53773190718895,18.130931008452926,20.247955929695188,18.55564325765065,20.510621821231354
1.0,47.34997907534546,94.64189857393029,119.78718100849821,56.8000392630733,87.65980992438796,122.16687182126947
