time,s1,s2,s3,s4,s5,s6
0.0,14.609361136762066,27.59606425614187,24.532942119498056,13.690771305923807,24.383296904310484,12.947889620883483
1.0,51.161444470125694,96.70023092288231,126.18919211954322,50.24285463930139,93.48746357104632,114.60413962091863
