time,s1,s2,s3,s4,s5,s6
0.0,10.226100933764911,23.68513807331949,17.1844511103298,27.051210165655878,23.476730603296012,15.097690201296407
1.0,46.77818426713077,92.78930474006084,118.84070111037508,63.603293499033995,92.58089727003332,116.75394020133452
