time,s1,s2,s3,s4,s5,s6
0.0,17.263742460569624,22.361009758362247,20.25411085613697,21.31393907125642,21.100215618321304,22.99352500919159
1.0,53.81582579393548,91.46517642510359,121.91036085618224,57.866022404634535,90.20438228505861,124.6497750092297
