time,s1,s2,s3,s4,s5,s6
0.0,11.455602052441012,12.825044316165057,12.780438432542976,14.685850448024597,26.269683841854743,27.1678309189395
1.0,48.007685385806866,81.92921098290641,114.43668843258826,51.23793378140272,95.37385050859206,128.82408091897761
