time,s1,s2,s3,s4,s5,s6
0.0,27.421094381584176,21.95219523603346,21.41882228224918,18.770633315906657,17.82047778241457,16.552658577383117
1.0,63.97317771495003,91.05636190277481,123.07507228229446,55.32271664928478,86.92464444915188,118.20890857742123
