time,s1,s2,s3,s4,s5,s6
0.0,15.325635684616403,15.843154106767688,24.0400767928221,21.171835972408267,26.883990343124715,28.757404064085044
1.0,51.87771901798226,84.94732077350903,125.69632679286738,57.72391930578639,95.98815700986202,130.41365406412316
