time,s1,s2,s3,s4,s5,s6
0.0,27.244520224459738,10.186318554041174,25.517622220283947,19.802181783159902,13.08410976169591,23.12095323137069
1.0,63.79660355782201,79.29048522077721,127.17387222032241,56.354265116535316,82.18827642842734,124.77720323140088
