time,s1,s2,s3,s4,s5,s6
0.0,20.28099269568181,10.683381240529016,10.009898528522482,22.96703578863099,12.200792819014637,15.52889269400569
1.0,56.83307602904767,79.78754790727037,111.66614852856776,59.51911912200911,81.30495948575195,117.1851426940438
