time,s1,s2,s3,s4,s5,s6
0.0,18.59519624186536,10.380266137979856,24.03008786133812,15.991661990288137,24.071235479431834,13.90931604065326
1.0,55.14727957523122,79.48443280472121,125.6863378613834,52.54374532366626,93.17540214616915,115.56556604069138
