time,s1,s2,s3,s4,s5,s6
0.0,25.86532687059755,17.42820764786639,20.94222209864263,12.754457559605246,19.555688051320487,15.519926146777923
1.0,62.417410203963406,86.53237431460774,122.5984720986879,49.306540892983364,88.6598547180578,117.17617614681603
