time,s1,s2,s3,s4,s5,s6
0.0,18.723098796920205,13.185899978732923,19.691698681783446,29.782339539260892,13.381529663984006,15.775789949509258
1.0,55.27518213028606,82.29006664547427,121.34794868182873,66.33442287263901,82.48569633072132,117.43203994954737
