time,s1,s2,s3,s4,s5,s6
0.0,15.173263535529518,29.32766275048251,19.48946607992451,27.407155935200205,14.530240961552735,15.3625724236648
1.0,51.72534686889537,98.43182941722387,121.14571607996979,63.95923926857832,83.63440762829005,117.01882242370291
