time,s1,s2,s3,s4,s5,s6
0.0,17.478317102128088,22.99187311355314,29.48352244306968,16.74376410020332,25.94081266991259,21.32959366517329
1.0,54.030400435493945,92.09603978029449,131.13977244311496,53.29584743358144,95.0449793366499,122.9858436652114
