time,s1,s2,s3,s4,s5,s6
0.0,17.28653480706494,19.72283110427935,14.873650781028553,25.062643595293814,14.606733916444586,21.252999481544556
1.0,53.838618140430796,88.8269977710207,116.52990078107383,61.61472692867193,83.7109005831819,122.90924948158266
