time,s1,s2,s3,s4,s5,s6
0.0,10.7678869881021,17.196080797050485,19.723475796102417,29.75712688441552,17.58667621939944,22.551770429897942
1.0,47.319970321467956,86.30024746379183,121.3797257961477,66.30921021779363,86.69084288613675,124.20802042993606
