time,s1,s2,s3,s4,s5,s6
0.0,19.58889752980142,11.066082739558167,11.937506553836585,27.366501944444042,18.56828847249477,29.53384921862026
1.0,56.14098086316728,80.17024940629952,113.59375655388186,63.91858527782216,87.67245513923208,131.19009921865836
