time,s1,s2,s3,s4,s5,s6
0.0,13.87062951852024,10.789250511683717,20.76374925819332,19.215476382837927,10.073161823645654,21.750882730535338
1.0,50.4227128518861,79.89341717842507,122.41999925823859,55.76755971621604,79.17732849038296,123.40713273057345
