time,s1,s2,s3,s4,s5,s6
0.0,24.74633193652854,29.003283474525613,20.728361759257766,19.77230214109988,23.996322499356253,23.624662929356944
1.0,61.2984152698944,98.10745014126697,122.38461175930304,56.32438547447799,93.10048916609357,125.28091292939506
