time,s1,s2,s3,s4,s5,s6
0.0,10.105715988184087,14.672666850101834,25.152731531621686,20.30380928126833,25.34476886057381,22.741993865379442
1.0,46.657799321549945,83.77683351684318,126.80898153166696,56.85589261464644,94.44893552731112,124.39824386541756
