time,s1,s2,s3,s4,s5,s6
0.0,28.664048311466665,20.368606848537397,15.840755178320174,14.774471199681281,21.163589579157605,12.052904931721205
1.0,65.21613164483253,89.47277351527875,117.49700517836546,51.3265545330594,90.26775624589492,113.70915493175931
