time,s1,s2,s3,s4,s5,s6
0.0,16.821572961114843,12.309281315013095,15.89000181802411,24.787187388107824,24.38457175820217,26.70612874340732
1.0,53.3736562944807,81.41344798175444,117.54625181806938,61.339270721485946,93.48873842493948,128.36237874344545
