time,s1,s2,s3,s4,s5,s6
0.0,11.8327323117147,10.121771723478085,11.632505995737983,23.47140215168952,20.87685119371869,23.361012870305117
1.0,48.384815645076976,79.22593839021413,113.28875599577644,60.02348548506493,89.98101786045012,125.0172628703353
