time,s1,s2,s3,s4,s5,s6
0.0,29.368638182461424,16.81129016055143,23.399345746135147,23.58168575978934,18.37792716375276,20.38280288515917
1.0,65.92072151582728,85.91545682729279,125.05559574618042,60.13376909316746,87.48209383049007,122.03905288519728
