time,s1,s2,s3,s4,s5,s6
0.0,17.291696276330736,17.46044388334243,18.79397168501402,28.71451175283097,19.2011693744878,13.743192500915914
1.0,53.8437796096966,86.56461055008377,120.45022168505929,65.2665950862091,88.30533604122512,115.39944250095402
