time,s1,s2,s3,s4,s5,s6
0.0,25.817916984228038,22.21061499338848,21.924684966678473,13.653656961336289,12.57114729047931,14.747806360798128
1.0,62.37000031759389,91.31478166012982,123.58093496672375,50.2057402947144,81.67531395721662,116.40405636083624
