time,s1,s2,s3,s4,s5,s6
0.0,27.171983962825283,27.501754502431883,22.62304032760629,25.087004193037192,18.102654992487434,11.824079465547513
1.0,63.72406729619114,96.60592116917323,124.27929032765157,61.63908752641531,87.20682165922474,113.48032946558563
