time,s1,s2,s3,s4,s5,s6
0.0,25.948810056020456,17.01751203181834,25.8092875609262,23.62806747928806,11.160001553229117,10.599551491584576
1.0,62.50089338938273,86.12167869855438,127.46553756096466,60.18015081266347,80.26416821996055,112.25580149161476
