time,s1,s2,s3,s4,s5,s6
0.0,19.33701301859245,10.493157976709709,17.695597294443587,29.32135515139471,13.497039706972977,18.450415163680024
1.0,55.88909635195831,79.59732464345106,119.35184729448886,65.87343848477283,82.60120637371028,120.10666516371813
