time,s1,s2,s3,s4,s5,s6
0.0,17.957064667021996,16.738814588758295,17.729019372355253,11.659558882880809,13.096028291046364,10.078633318899527
1.0,54.50914800038785,85.84298125549964,119.38526937240053,48.21164221625892,82.20019495778368,111.73488331893765
