time,s1,s2,s3,s4,s5,s6
0.0,29.91875322845359,14.76029628619351,22.386086433960344,19.809821909694147,28.04359237841943,10.017841303157267
1.0,66.47083656181945,83.86446295293486,124.04233643400562,56.361905243072265,97.14775904515675,111.67409130319538
