time,s1,s2,s3,s4,s5,s6
0.0,22.47246589110884,23.170286868878883,29.12220185541915,20.735457646746998,17.826330081674424,21.99174178256518
1.0,59.0245492244747,92.27445353562024,130.77845185546443,57.287540980125115,86.93049674841174,123.6479917826033
