time,s1,s2,s3,s4,s5,s6
0.0,11.843102275049162,17.73021339968006,18.365844652048153,12.561886724339141,11.620689024684959,14.728312406191739
1.0,48.39518560841502,86.83438006642142,120.02209465209343,49.11397005771726,80.72485569142228,116.38456240622985
