time,s1,s2,s3,s4,s5,s6
0.0,17.536178706612215,25.156182595445657,19.330261887259084,18.42680934352323,17.758373510198375,13.194006232840973
1.0,54.088262039978076,94.260349262187,120.98651188730436,54.97889267690135,86.86254017693568,114.85025623287909
