time,s1,s2,s3,s4,s5,s6
0.0,29.758098178659395,27.313679650036626,21.99853424559761,26.145645928417533,27.4090633063594,17.13941308477761
1.0,66.31018151202525,96.41784631677797,123.65478424564289,62.69772926179565,96.51322997309671,118.79566308481571
