time,s1,s2,s3,s4,s5,s6
0.0,11.803866747209778,14.815387970231624,18.384109824801172,29.964510582977343,20.694876011814728,27.613475422066863
1.0,48.35595008057564,83.91955463697298,120.04035982484645,66.51659391635546,89.79904267855204,129.26972542210498
