time,s1,s2,s3,s4,s5,s6
0.0,24.272962265078263,10.204032256590413,10.62678076706963,26.48684136494526,28.24841637334638,20.4741805755008
1.0,60.82504559844412,79.30819892333176,112.28303076711491,63.03892469832338,97.35258304008369,122.13043057553891
