time,s1,s2,s3,s4,s5,s6
0.0,12.640886745641067,19.72278523033732,14.430266422413908,14.445562163771916,13.780895490915388,15.809454596611028
1.0,49.192970079006926,88.82695189707867,116.08651642245918,50.99764549715003,82.8850621576527,117.46570459664915
