time,s1,s2,s3,s4,s5,s6
0.0,26.49173598874896,21.975705465971068,18.67311661548371,28.430915622834153,28.61529530315185,13.78463734152418
1.0,63.043819322114814,91.07987213271241,120.32936661552898,64.98299895621227,97.71946196988917,115.44088734156229
