time,s1,s2,s3,s4,s5,s6
0.0,14.887317466054114,28.181669032348964,21.99758049832845,29.20745952931572,14.536720798884469,18.008843575688687
1.0,51.43940079941997,97.28583569909031,123.65383049837372,65.75954286269383,83.64088746562179,119.6650935757268
