time,s1,s2,s3,s4,s5,s6
0.0,22.35364692088818,17.667220453057084,10.54021559168226,19.483267598588196,12.12461490514146,23.307559501918394
1.0,58.90573025425404,86.77138711979843,112.19646559172753,56.03535093196631,81.22878157187877,124.9638095019565
