time,s1,s2,s3,s4,s5,s6
0.0,20.40525221407288,16.610613333716014,19.39005287371309,13.176961649702607,23.605200020609068,28.18219613604937
1.0,56.95733554743837,85.71478000045673,121.04630287375831,49.72904498308129,92.70936668734674,129.838446136087
