time,s1,s2,s3,s4,s5,s6
0.0,27.497887821557498,15.369759362891557,10.594625901197913,14.352439209074682,29.494099011387863,20.349886661534793
1.0,64.04997115492336,84.4739260296329,112.25087590124319,50.9045225424528,98.59826567812517,122.00613666157291
