time,s1,s2,s3,s4,s5,s6
0.0,20.67067652485523,25.80792587907316,11.10118249444656,16.50484613443834,23.772894917865344,23.17830051925394
1.0,57.22275985822109,94.91209254581452,112.75743249449184,53.05692946781645,92.87706158460266,124.83455051929205
