time,s1,s2,s3,s4,s5,s6
0.0,11.839863509496311,12.07714181069154,23.75843198401473,21.83737028954122,25.05624881149749,14.605649600962158
1.0,48.39194684286217,81.18130847743289,125.41468198406001,58.38945362291933,94.1604154782348,116.26189960100027
