time,s1,s2,s3,s4,s5,s6
0.0,13.45519332904197,16.41078299249155,23.955163196764794,21.0206159094138,22.724908712994793,17.63782903750105
1.0,50.007276662407826,85.5149496592329,125.61141319681008,57.57269924279191,91.8290753797321,119.29407903753916
