time,s1,s2,s3,s4,s5,s6
0.0,16.81363488807574,15.734053065867272,17.503052430143107,29.933300034921835,16.12557455726865,26.954226408988603
1.0,53.3657182214416,84.83821973260862,119.15930243018838,66.48538336829995,85.22974122400596,128.61047640902672
