time,s1,s2,s3,s4,s5,s6
0.0,19.633541957533524,15.171170710679732,10.688589936167451,29.826491182869617,14.964874705383572,29.66031289390028
1.0,56.18562529089938,84.27533737742108,112.34483993621272,66.37857451624774,84.06904137212089,131.3165628939384
