time,s1,s2,s3,s4,s5,s6
0.0,29.367012127510325,12.712452559436576,11.57594561439345,18.925619299311677,22.92695851784277,10.912251260915207
1.0,65.91909546087618,81.81661922617792,113.23219561443872,55.4777026326898,92.03112518458009,112.56850126095333
