time,s1,s2,s3,s4,s5,s6
0.0,19.410154042610884,14.99618609805658,28.965874616927742,15.185721886820282,16.219491715895415,23.472735620736387
1.0,55.96223737597674,84.10035276479793,130.62212461697303,51.737805220198396,85.32365838263273,125.1289856207745
