time,s1,s2,s3,s4,s5,s6
0.0,24.234482452550683,19.59571313272246,27.19943771979655,13.54217186194624,27.10922901317341,12.794222301304705
1.0,60.78656578591654,88.69987979946382,128.85568771984182,50.09425519532436,96.21339567991072,114.45047230134281
