time,s1,s2,s3,s4,s5,s6
0.0,26.767770511353525,11.118030935229989,11.832875839464057,13.327935976232126,13.007053622978672,14.523405732336773
1.0,63.31985384471938,80.22219760197135,113.48912583950933,49.88001930961025,82.11122028971599,116.17965573237488
