time,s1,s2,s3,s4,s5,s6
0.0,15.854678219646576,14.860132295934882,16.43108746123474,18.64721601974137,27.794059439600517,11.727156137057719
1.0,52.40676155301243,83.96429896267622,118.08733746128001,55.199299353119486,96.89822610633783,113.38340613709583
