time,s1,s2,s3,s4,s5,s6
0.0,22.369175221818047,26.54661563273987,25.460767484467,14.610313311503536,20.259475487799456,17.375237992066786
1.0,58.921258555183904,95.65078229948122,127.11701748451227,51.16239664488165,89.36364215453676,119.0314879921049
