time,s1,s2,s3,s4,s5,s6
0.0,29.23205450360998,13.133648318976544,24.329499493426955,10.952947265121637,27.863620673555815,15.110570867631438
1.0,65.78413783697584,82.23781498571789,125.98574949347223,47.50503059849976,96.96778734029313,116.76682086766955
