time,s1,s2,s3,s4,s5,s6
0.0,19.84832052920591,17.623048871728976,14.549173421568842,29.196578635769704,14.229806961140811,22.036862278900436
1.0,56.400403862570485,86.72721553847131,116.20542342161494,65.74866196914688,83.33397362787697,123.69311227893667
