time,s1,s2,s3,s4,s5,s6
0.0,16.30320522040627,28.93302243748002,19.867794858862275,13.317647347733416,28.10057435762461,18.47813791984352
1.0,52.85528855377213,98.03718910422137,121.52404485890756,49.869730681111534,97.20474102436192,120.13438791988163
