time,s1,s2,s3,s4,s5,s6
0.0,27.688212741320775,12.3636606709848,24.594354139445443,27.679345437142693,17.881021674227373,15.79371325432188
1.0,64.24029607468441,81.46782733772524,126.2506041394906,64.23142877052028,86.9851883409632,117.44996325435702
