time,s1,s2,s3,s4,s5,s6
0.0,20.552224616244594,13.042990670518568,24.766744182275236,29.28239194812064,24.050072834884638,23.71475961157645
1.0,57.10430794961045,82.14715733725991,126.42299418232051,65.83447528149875,93.15423950162196,125.37100961161457
