time,s1,s2,s3,s4,s5,s6
0.0,10.054808170181534,20.539157419109834,26.006190026299915,27.288908156246638,15.676626828600547,12.993415539047223
1.0,46.60689150354739,89.64332408585118,127.6624400263452,63.840991489624756,84.78079349533786,114.64966553908533
