time,s1,s2,s3,s4,s5,s6
0.0,13.735047629439263,17.55007425993682,11.571190696936359,21.78955601018192,26.767013961781004,15.455678879028767
1.0,50.28713096280512,86.65424092667817,113.22744069698163,58.34163934356003,95.87118062851832,117.11192887906688
