time,s1,s2,s3,s4,s5,s6
0.0,27.60016957884644,16.351039809714244,22.0108323524345,19.120449264470743,27.65368436195355,27.09580762451782
1.0,64.1522529122123,85.45520647645559,123.66708235247978,55.67253259784886,96.75785102869087,128.75205762455593
