time,s1,s2,s3,s4,s5,s6
0.0,10.359691614975418,20.710783590812802,14.83381742992817,24.059709890269897,24.78797561246033,11.885318647229422
1.0,46.911774948341275,89.81495025755416,116.49006742997345,60.611793223648014,93.89214227919764,113.54156864726754
