time,s1,s2,s3,s4,s5,s6
0.0,14.971915047894784,13.88659293484052,15.42576490538485,29.687747212464533,13.481610484546874,22.00840920748915
1.0,51.52399838126064,82.99075960158187,117.08201490543013,66.23983054584265,82.58577715128419,123.66465920752727
