time,s1,s2,s3,s4,s5,s6
0.0,12.672178530008706,16.13371091606949,21.81766233630656,10.487717934557784,18.439599857910682,15.231523850828024
1.0,49.224261863374565,85.23787758281084,123.47391233635183,47.0398012679359,87.54376652464799,116.88777385086614
