time,s1,s2,s3,s4,s5,s6
0.0,23.785281011536284,22.26835733363305,16.23821881848236,12.773679386139515,16.834353621697264,29.0502243794434
1.0,60.33736434490214,91.3725240003744,117.89446881852763,49.325762719517634,85.93852028843457,130.7064743794815
