time,s1,s2,s3,s4,s5,s6
0.0,16.328201414699166,11.899649337424291,25.027829350728105,14.418890919431663,22.838011012020953,13.306690352537306
1.0,52.88028474806279,81.00381600416473,126.68407935077326,50.97097425280925,91.94217767875679,114.96294035257245
