time,s1,s2,s3,s4,s5,s6
0.0,18.024527603929887,12.370052731704,26.068477800200785,20.139049529745563,16.737692877605305,20.951606656643488
1.0,54.57661093729216,81.47421939844003,127.72472780023924,56.69113286312098,85.84185954433674,122.60785665667368
