time,s1,s2,s3,s4,s5,s6
0.0,28.332200692157826,20.246684580972705,25.030907921794803,22.07090167023964,14.387223955211905,13.965294839265797
1.0,64.88428402552368,89.35085124771406,126.68715792184008,58.62298500361776,83.49139062194922,115.62154483930391
