time,s1,s2,s3,s4,s5,s6
0.0,11.16187638752075,23.051055687417744,18.937113073410522,10.609707692099319,25.953646072208503,25.000215107205225
1.0,47.713959720886606,92.1552223541591,120.59336307345579,47.161791025477434,95.05781273894581,126.65646510724333
