time,s1,s2,s3,s4,s5,s6
0.0,28.727567054251082,15.839505556742747,14.277690905384535,26.375974485569905,28.733115311937848,26.996227261747173
1.0,65.27965038761694,84.9436722234841,115.93394090542981,62.92805781894802,97.83728197867516,128.6524772617853
