time,s1,s2,s3,s4,s5,s6
0.0,10.872727346402538,12.62627533120858,16.548430646398963,20.11576884718854,28.859527035518884,29.651736056980265
1.0,47.4248106797684,81.73044199794992,118.20468064644423,56.667852180566655,97.9636937022562,131.30798605701838
