time,s1,s2,s3,s4,s5,s6
0.0,15.485821853478122,28.40534341722202,24.433904966772936,29.000542702557947,11.041857910016642,24.58067669827323
1.0,52.03790518684398,97.50951008396336,126.0901549668182,65.55262603593607,80.14602457675396,126.23692669831135
