time,s1,s2,s3,s4,s5,s6
0.0,18.06033184397037,19.683393223003435,21.628323669649355,18.98731090510019,23.546676850005237,18.234901401329026
1.0,54.61241517733623,88.78755988974478,123.28457366969462,55.53939423847831,92.65084351674255,119.89115140136714
