time,s1,s2,s3,s4,s5,s6
0.0,14.785978781858,18.596994158204996,27.23296261426228,15.406745945451329,25.76564325226576,14.157207311302447
1.0,51.338062115223856,87.70116082494634,128.88921261430755,51.95882927882945,94.86980991900307,115.81345731134056
