time,s1,s2,s3,s4,s5,s6
0.0,13.076032044948345,12.45487702568589,21.23855575174529,23.639171026487226,18.378660137672814,10.301345617409261
1.0,49.628115378314206,81.55904369242724,122.89480575179057,60.19125435986534,87.48282680441012,111.95759561744737
