time,s1,s2,s3,s4,s5,s6
0.0,27.799532332797135,26.78521473570927,18.931968474930606,10.45786921993054,29.732766267225742,16.08575397156006
1.0,64.35161566616299,95.88938140245062,120.58821847497587,47.00995255330866,98.83693293396306,117.74200397159817
