time,s1,s2,s3,s4,s5,s6
0.0,25.764425921316096,21.992858360092253,23.394153875671627,13.680591292166849,14.127794631428564,29.442796230200766
1.0,62.316509254681954,91.0970250268336,125.05040387571691,50.232674625544966,83.23196129816588,131.09904623023888
