time,s1,s2,s3,s4,s5,s6
0.0,28.312613473830226,21.001735607009042,29.147146272340258,22.650769119415482,22.52765085494069,26.24543598177466
1.0,64.86469680719608,90.10590227375039,130.80339627238553,59.2028524527936,91.631817521678,127.90168598181278
