time,s1,s2,s3,s4,s5,s6
0.0,29.848711744032418,29.270043038068742,20.616855618556755,23.12010276948852,20.37529747532166,12.164996140938293
1.0,66.40079507739827,98.37420970481008,122.27310561860203,59.67218610286663,89.47946414205897,113.82124614097641
