time,s1,s2,s3,s4,s5,s6
0.0,20.591598630066144,19.30062542436559,25.74416619235482,29.655080573364607,21.731902000745805,20.95309404726997
1.0,57.14368196342842,88.40479209110163,127.40041619239328,66.20716390674002,90.83606866747724,122.60934404730016
