time,s1,s2,s3,s4,s5,s6
0.0,16.381933013566293,14.336936836287414,27.254159473571473,16.56163066177557,29.320256535284454,23.23474928251267
1.0,52.934016346929916,83.44110350302786,128.91040947361662,53.113713995153155,98.4244232020203,124.89099928254781
