time,s1,s2,s3,s4,s5,s6
0.0,19.157715123283104,11.121282689078178,12.625281111001836,29.149080905469322,15.660125439408844,20.242968126548583
1.0,55.70979845664896,80.22544935581953,114.28153111104712,65.70116423884744,84.76429210614616,121.8992181265867
