time,s1,s2,s3,s4,s5,s6
0.0,23.515587414753078,14.815844891000037,24.47560385788166,20.05892487896537,17.557354011447053,11.002638078683407
1.0,60.067670748118935,83.92001155774139,126.13185385792694,56.61100821234349,86.66152067818437,112.65888807872152
