time,s1,s2,s3,s4,s5,s6
0.0,27.1840531074451,16.97136974904037,11.270327453133927,10.404731441692213,10.808259403778482,16.265334969604478
1.0,63.73613644081095,86.07553641578173,112.9265774531792,46.95681477507033,79.91242607051579,117.9215849696426
