time,s1,s2,s3,s4,s5,s6
0.0,12.840645168816515,12.830635458349954,23.606438744049413,14.621950146230933,16.087657011499417,21.40829942756227
1.0,49.39272850218237,81.93480212509131,125.26268874409469,51.17403347960905,85.19182367823673,123.06454942760038
