time,s1,s2,s3,s4,s5,s6
0.0,14.576537225023266,25.384913666236223,22.94329548838746,25.888224230343532,12.470280645809384,26.492925816909565
1.0,51.12862055838912,94.48908033297758,124.59954548843274,62.44030756372165,81.5744473125467,128.1491758169477
