time,s1,s2,s3,s4,s5,s6
0.0,18.97365022605743,26.590849778282216,21.607707726694475,18.637217325668537,28.653341605997543,29.139615470334007
1.0,55.52573355942329,95.69501644502357,123.26395772673975,55.18930065904665,97.75750827273485,130.79586547037212
