time,s1,s2,s3,s4,s5,s6
0.0,14.446784509392195,10.40549451552463,17.357778295866613,18.7531188268486,22.201678048422146,23.338854943228753
1.0,50.998867842753874,79.50966118226094,119.01402829590583,55.30520216022355,91.30584471515411,124.99510494326002
