time,s1,s2,s3,s4,s5,s6
0.0,17.80328900112315,24.843082191022436,23.90213757035696,22.06440500779305,28.64313622533263,13.111263104797295
1.0,54.355372334489005,93.94724885776378,125.55838757040223,58.61648834117116,97.74730289206994,114.76751310483542
