time,s1,s2,s3,s4,s5,s6
0.0,19.810178154472595,10.915869702720762,21.88026181464015,14.682093959237882,28.48942541221259,28.055293355739575
1.0,56.36226148783845,80.0200363694621,123.53651181468543,51.234177292615996,97.59359207894991,129.71154335577768
