time,s1,s2,s3,s4,s5,s6
0.0,15.91074387067116,23.31995381652236,26.077007784750638,25.798048617300005,15.003147197418736,10.369677295879276
1.0,52.46282720403702,92.4241204832637,127.73325778479591,62.35013195067812,84.10731386415605,112.02592729591738
