time,s1,s2,s3,s4,s5,s6
0.0,10.64972541098063,26.54015179775068,29.400359216074378,28.754857424378017,23.67302057684265,24.532927361603928
1.0,47.201808744346486,95.64431846449203,131.05660921611965,65.30694075775614,92.77718724357996,126.18917736164204
