time,s1,s2,s3,s4,s5,s6
0.0,22.85534650119377,24.295678501592867,21.37177778284157,22.46293743635912,29.41943919557356,23.37739823248146
1.0,59.40742983455963,93.39984516833422,123.02802778288685,59.015020769737234,98.52360586231087,125.03364823251958
