time,s1,s2,s3,s4,s5,s6
0.0,17.232422180619007,29.324594028516767,20.742590438414975,27.03212324395858,25.220071137646464,25.508181028381493
1.0,53.78450551398129,98.4287606952528,122.39884043845343,63.58420657733399,94.32423780437789,127.16443102841168
