time,s1,s2,s3,s4,s5,s6
0.0,11.471804107703251,27.03395408580792,15.821590418828498,12.786572320324012,24.777002712622302,14.096866322631843
1.0,48.02388744106911,96.13812075254927,117.47784041887377,49.338655653702126,93.88116937935962,115.75311632266995
