time,s1,s2,s3,s4,s5,s6
0.0,16.57481240036071,18.736637016256317,25.968358104214033,17.589069401673306,27.661184108680395,15.657696634383134
1.0,53.12689573372657,87.84080368299767,127.62460810425931,54.14115273505142,96.76535077541772,117.31394663442124
