time,s1,s2,s3,s4,s5,s6
0.0,25.691626332332415,13.632568051215548,29.73041862392533,16.951003902234163,15.200004878973616,27.15154874409606
1.0,62.243709665698276,82.73673471795689,131.3866686239706,53.50308723561228,84.30417154571093,128.80779874413417
