time,s1,s2,s3,s4,s5,s6
0.0,18.23686327082846,23.726198035005723,13.993090728845024,15.410768895485413,20.891662943181267,24.090554545081197
1.0,54.78894660419432,92.83036470174707,115.6493407288903,51.96285222886353,89.99582960991859,125.74680454511932
