time,s1,s2,s3,s4,s5,s6
0.0,24.121939917024015,24.095321934456123,15.615947706204334,14.798267074264391,19.293438909284617,10.965970680717872
1.0,60.67402325038987,93.19948860119747,117.27219770624961,51.35035040764251,88.39760557602193,112.62222068075599
