time,s1,s2,s3,s4,s5,s6
0.0,18.891471843702675,15.236749904334236,13.58650044678739,14.256150154764532,24.335028195796838,16.561626014934877
1.0,55.44355517706853,84.34091657107558,115.24275044683267,50.80823348814265,93.43919486253415,118.21787601497299
