time,s1,s2,s3,s4,s5,s6
0.0,25.31316855445669,24.769877037734652,13.683877217887634,10.018313159580867,29.98238445196343,16.336673564468857
1.0,61.86525188782255,93.87404370447601,115.34012721793292,46.570396492958984,99.08655111870074,117.99292356450697
