time,s1,s2,s3,s4,s5,s6
0.0,11.937585922546281,26.73684143939151,25.914210483148352,20.175666602147437,12.956301857084103,20.328733756537197
1.0,48.48966925591214,95.84100810613286,127.57046048319363,56.72774993552555,82.06046852382141,121.9849837565753
