time,s1,s2,s3,s4,s5,s6
0.0,22.441993826790352,15.635050735263992,27.286841683267056,21.42940428053342,26.298637666438964,27.68235698695632
1.0,58.99407716015621,84.73921740200534,128.94309168331233,57.98148761391153,95.40280433317628,129.33860698699442
