time,s1,s2,s3,s4,s5,s6
0.0,25.886744845722063,22.65386652298367,26.731920967160637,22.59270695803865,14.571780256841741,13.893703802703536
1.0,62.43882817908792,91.75803318972501,128.38817096720592,59.14479029141677,83.67594692357906,115.54995380274165
