time,s1,s2,s3,s4,s5,s6
0.0,24.02719076948903,16.415391406034225,29.93125198271145,27.568054132835158,15.306115661093571,14.070415081640613
1.0,60.57927410285489,85.51955807277558,131.58750198275672,64.12013746621328,84.41028232783088,115.72666508167873
