time,s1,s2,s3,s4,s5,s6
0.0,12.393297411275036,18.18095275246467,14.469169999535277,26.63711042470968,24.069534509460613,21.836262428864035
1.0,48.94538074463748,87.28511941920209,116.12541999957456,63.189193758084286,93.1737011761913,123.49251242889484
