time,s1,s2,s3,s4,s5,s6
0.0,20.913536065096604,29.12541743526722,24.24135145370303,23.426030754179408,10.36178787779238,18.24738806534029
1.0,57.465619398462465,98.22958410200857,125.89760145374831,59.97811408755753,79.4659545445297,119.9036380653784
