time,s1,s2,s3,s4,s5,s6
0.0,22.17186478181182,25.136147393315124,27.50740555110587,10.43748757378528,10.659161227346308,23.07742465903874
1.0,58.72394811517768,94.24031406005648,129.16365555115115,46.9895709071634,79.76332789408362,124.73367465907685
