time,s1,s2,s3,s4,s5,s6
0.0,12.896130196559078,13.992766111613854,28.96724434835417,22.218248364701154,19.08032465495444,23.007662532842957
1.0,49.448213529924935,83.09693277835521,130.62349434839945,58.770331698079275,88.18449132169175,124.66391253288107
