time,s1,s2,s3,s4,s5,s6
0.0,15.53078202560112,25.9630612128494,22.933475956736622,25.49899058157836,26.504621368375673,15.203117824656434
1.0,52.08286535896698,95.06722787959075,124.5897259567819,62.051073914956476,95.60878803511298,116.85936782469454
