time,s1,s2,s3,s4,s5,s6
0.0,13.45973230378319,15.382147651590634,16.653131303620476,23.43944786609104,27.74133257729716,16.51527346752676
1.0,50.01181563714905,84.48631431833198,118.30938130366576,59.99153119946916,96.84549924403447,118.17152346756487
