time,s1,s2,s3,s4,s5,s6
0.0,19.432768531390884,28.98167011942724,16.77037700434417,28.78628591292717,21.867714362706216,12.46008330737756
1.0,55.984851864752564,98.08583678616355,118.42662700438339,65.33836924630212,90.9718810294382,114.11633330740882
