time,s1,s2,s3,s4,s5,s6
0.0,12.254673398455495,26.088056387286688,10.239921387730668,19.439711811408973,27.691092879789345,11.513798072389319
1.0,48.80675673182135,95.19222305402803,111.89617138777595,55.99179514478709,96.79525954652667,113.17004807242743
