time,s1,s2,s3,s4,s5,s6
0.0,19.26821508274309,26.563129041034117,23.92699130469598,25.598516806313807,12.010655895252203,15.998770213828825
1.0,55.82029841610895,95.66729570777547,125.58324130474125,62.150600139691925,81.11482256198951,117.65502021386693
