time,s1,s2,s3,s4,s5,s6
0.0,27.429495729360266,15.499643705086969,15.436599299904028,16.798028615097778,13.126041693460015,25.395818121753887
1.0,63.98157906272613,84.60381037182832,117.09284929994931,53.35011194847589,82.23020836019732,127.052068121792
