time,s1,s2,s3,s4,s5,s6
0.0,22.443035234224606,13.987325427021124,16.288234616508717,28.906025361986828,23.113751680685137,22.476101237445782
1.0,58.99511856759047,83.09149209376247,117.94448461655399,65.45810869536494,92.21791834742245,124.1323512374839
