time,s1,s2,s3,s4,s5,s6
0.0,13.488507185459735,20.542462519904237,20.486333537487926,25.272681627055942,22.092311518545706,29.732733247366475
1.0,50.040590518825596,89.64662918664558,122.1425835375332,61.82476496043406,91.19647818528301,131.38898324740458
