time,s1,s2,s3,s4,s5,s6
0.0,24.239741132842013,12.943372148125734,21.55696878923648,19.716585448203652,13.175676726580845,10.00132744549653
1.0,60.79182446620369,82.04753881486205,123.2132187892757,56.26866878157861,82.27984339331282,111.65757744552779
