time,s1,s2,s3,s4,s5,s6
0.0,16.946564928811753,28.837284397974337,21.23912756203069,24.667980849694672,22.089264334402912,13.658358638268368
1.0,53.49864826217761,97.9414510647157,122.89537756207596,61.22006418307279,91.19343100114023,115.31460863830648
