time,s1,s2,s3,s4,s5,s6
0.0,11.380911546108425,10.145162985747369,26.016062659793278,27.293617055671312,28.550569463858423,12.181198855687867
1.0,47.93299487947428,79.24932965248871,127.67231265983855,63.845700389049426,97.65473613059574,113.83744885572598
