time,s1,s2,s3,s4,s5,s6
0.0,23.373977614866483,26.30736969239241,13.220266144486157,24.381052034723467,16.669590359863445,24.141415897788118
1.0,59.92606094823234,95.41153635913376,114.87651614453144,60.93313536810159,85.77375702660076,125.79766589782623
