time,s1,s2,s3,s4,s5,s6
0.0,17.920629210896642,12.699914629651934,27.6020491801144,20.116026762880907,20.04011756851669,29.8992940038057
1.0,54.47271254426027,81.80408129639237,129.25829918015955,56.66811009625849,89.14428423525253,131.55554400384085
