time,s1,s2,s3,s4,s5,s6
0.0,17.575220453823405,28.061414395747452,11.321964624468137,13.991952762494625,22.260205166530938,27.92467852621137
1.0,54.12730378718926,97.1655810624888,112.97821462451341,50.54403609587274,91.36437183326825,129.5809285262495
