time,s1,s2,s3,s4,s5,s6
0.0,10.583227976212894,21.673375758727488,25.933645804254635,23.596271376766833,26.8343769095327,12.490744362638878
1.0,47.13531130957875,90.77754242546884,127.58989580429991,60.14835471014495,95.93854357627,114.14699436267699
