time,s1,s2,s3,s4,s5,s6
0.0,13.650916697488215,15.694418015547104,22.76732236120695,17.561637488861717,14.294210900147197,11.619235851640699
1.0,50.20300003085407,84.79858468228845,124.42357236125223,54.113720822239834,83.3983775668845,113.27548585167881
