time,s1,s2,s3,s4,s5,s6
0.0,26.77412638350442,21.677329238844113,25.553598898870227,22.765854625013112,26.266669089706923,10.549653951640733
1.0,63.32620971687028,90.78149590558546,127.20984889891551,59.31793795839123,95.37083575644424,112.20590395167885
