time,s1,s2,s3,s4,s5,s6
0.0,13.796548708731622,10.805286076529047,15.106754998771429,24.03059050169842,26.54575316786132,14.772620411396078
1.0,50.34863204209748,79.90945274327039,116.7630049988167,60.582673835076534,95.64991983459863,116.42887041143419
