time,s1,s2,s3,s4,s5,s6
0.0,24.594460463144237,28.258457967021176,22.89354131549791,25.57515851957851,26.70878202688286,16.04539398355918
1.0,61.146543796510095,97.36262463376252,124.54979131554319,62.12724185295663,95.81294869362017,117.7016439835973
