time,s1,s2,s3,s4,s5,s6
0.0,11.370420498617488,22.81393674765035,15.124282363112497,15.622393975310494,10.124591949531926,18.912218257223316
1.0,47.92250383198335,91.9181034143917,116.78053236315777,52.17447730868861,79.22875861626923,120.56846825726143
