time,s1,s2,s3,s4,s5,s6
0.0,15.513808820546664,14.628572327166546,28.879364050969784,15.879741840202922,15.571343046325449,21.99507177935739
1.0,52.06589215391252,83.7327389939079,130.53561405101505,52.43182517358104,84.67550971306277,123.6513217793955
