time,s1,s2,s3,s4,s5,s6
0.0,21.09004551585855,26.758041247181477,21.37729112632272,19.323976292542643,15.863553770634276,20.867361818602042
1.0,57.642128849220825,95.86220791391752,123.03354112636117,55.87605962591805,84.9677204373657,122.52361181863223
