time,s1,s2,s3,s4,s5,s6
0.0,25.44628033893955,24.679234129102547,15.668692540417503,15.750945946752246,15.763702921399126,18.72452881624638
1.0,61.99836367230183,93.78340079583857,117.32494254045596,52.30302928012765,84.86786958813056,120.38077881627656
