time,s1,s2,s3,s4,s5,s6
0.0,10.646273470000141,25.941542002714364,13.425882960766238,11.696108508466907,29.735846855052877,19.90710589549695
1.0,47.198356803365996,95.0457086694557,115.08213296081152,48.24819184184503,98.84001352179018,121.56335589553507
