time,s1,s2,s3,s4,s5,s6
0.0,16.540123529239146,21.978761415164414,10.731555071708117,26.92299805581895,11.592655794556483,28.875239923654977
1.0,53.092206862605,91.08292808190576,112.38780507175339,63.47508138919707,80.69682246129379,130.5314899236931
