time,s1,s2,s3,s4,s5,s6
0.0,10.18917736319386,17.13233662048635,14.949517904778698,10.47093974010297,17.894402834743744,16.19025548411833
1.0,46.74126069655972,86.2365032872277,116.60576790482398,47.023023073481085,86.99856950148106,117.84650548415644
