time,s1,s2,s3,s4,s5,s6
0.0,27.640223434518816,11.703951020641876,29.95692422224926,14.408981588700513,17.933188068680295,21.868831751771133
1.0,64.19230676788467,80.80811768738323,131.61317422229453,50.961064922078634,87.03735473541761,123.52508175180925
