time,s1,s2,s3,s4,s5,s6
0.0,25.727907325159396,25.077265132633496,16.45515817256316,17.17700122221164,24.863596203076163,24.328114210376455
1.0,62.27999065852525,94.18143179937485,118.11140817260844,53.72908455558976,93.96776286981347,125.98436421041457
