time,s1,s2,s3,s4,s5,s6
0.0,21.3427069036927,22.57839541342523,18.088382479487464,23.828827747617662,26.846073480808833,22.801176896770535
1.0,57.89479023705856,91.68256208016658,119.74463247953274,60.38091108099578,95.95024014754614,124.45742689680866
