time,s1,s2,s3,s4,s5,s6
0.0,25.58943882942821,29.81311439858335,14.852683607363105,14.857943567947506,21.073052512197066,14.181323322038624
1.0,62.14152216279407,98.9172810653247,116.50893360740838,51.41002690132562,90.17721917893438,115.83757332207674
