time,s1,s2,s3,s4,s5,s6
0.0,18.670248471597716,28.831966593776357,25.535837188025955,28.639831616989408,12.030336504627392,29.73101808004283
1.0,55.222331804963574,97.9361332605177,127.19208718807123,65.19191495036753,81.13450317136471,131.38726808008096
