time,s1,s2,s3,s4,s5,s6
0.0,27.949430139177878,15.662559031084989,10.38098267570726,23.945703249420916,29.472087911685197,14.340264714963642
1.0,64.50151347254373,84.76672569782633,112.03723267575253,60.49778658279904,98.5762545784225,115.99651471500175
