time,s1,s2,s3,s4,s5,s6
0.0,18.759870885809036,11.89846218054596,26.295225455614972,22.621203329422585,28.334586049452877,10.12411549432921
1.0,55.31195421917489,81.00262884728731,127.95147545566024,59.173286662800706,97.4387527161902,111.78036549436732
