time,s1,s2,s3,s4,s5,s6
0.0,15.21441137448839,10.642470161327527,17.85820406836631,11.628230392131785,20.106259063971336,20.68554738123013
1.0,51.76649470785067,79.74663682806356,119.51445406840476,48.1803137255072,89.21042573070277,122.34179738126032
