time,s1,s2,s3,s4,s5,s6
0.0,27.507200919344477,19.357873961658235,26.30681163289251,22.42653416508869,14.800797764558933,17.936456790176404
1.0,64.05928425271034,88.46204062839959,127.96306163293778,58.978617498466804,83.90496443129625,119.59270679021452
