time,s1,s2,s3,s4,s5,s6
0.0,16.417061309170535,26.7594711256714,16.068045971549658,17.494065470153757,18.189945843972588,22.501858995966458
1.0,52.96914464253639,95.86363779241275,117.72429597159493,54.04614880353187,87.2941125107099,124.15810899600457
