time,s1,s2,s3,s4,s5,s6
0.0,27.61419096899209,19.029430343699705,21.91728615800676,20.33159264380883,20.872179046265977,27.357044863244372
1.0,64.16627430235795,88.13359701044105,123.57353615805204,56.88367597718695,89.9763457130033,129.01329486328248
