time,s1,s2,s3,s4,s5,s6
0.0,24.4083568788347,20.841108318033232,15.047479987772007,20.86464424795429,11.531416093379509,11.094004051888112
1.0,60.96044021220055,89.94527498477458,116.70372998781728,57.4167275813324,80.63558276011682,112.75025405192622
