time,s1,s2,s3,s4,s5,s6
0.0,26.886189041159195,10.92362722031189,15.954406485143203,19.137316752826457,22.689567272042872,19.85935484997308
1.0,63.438272374525056,80.02779388705324,117.61065648518849,55.68940008620457,91.79373393878019,121.51560485001119
