time,s1,s2,s3,s4,s5,s6
0.0,23.441507822807715,27.61496613686947,11.537435652684525,27.81545108933816,25.52048553838773,18.921263172768146
1.0,59.99359115617357,96.71913280361082,113.1936856527298,64.36753442271628,94.62465220512505,120.57751317280626
