time,s1,s2,s3,s4,s5,s6
0.0,28.92593168815002,28.424034478542318,16.2961162600682,14.670393957818014,26.461629799829428,14.868483241832868
1.0,65.47801502151587,97.52820114528367,117.95236626011348,51.22247729119613,95.56579646656674,116.52473324187098
