time,s1,s2,s3,s4,s5,s6
0.0,11.812453570111076,23.18025229961974,28.115099761964903,15.742419437255144,23.616965153730845,21.21494682143924
1.0,48.36453690347693,92.28441896636109,129.77134976201017,52.29450277063326,92.72113182046816,122.87119682147735
