time,s1,s2,s3,s4,s5,s6
0.0,21.252149138832536,11.1527370145655,16.84226562879374,18.712689831135698,20.580739443043534,12.513134339880661
1.0,57.80423247219839,80.25690368130685,118.49851562883902,55.26477316451382,89.68490610978085,114.16938433991878
