time,s1,s2,s3,s4,s5,s6
0.0,14.57033825156894,20.77501138834553,27.741637394997824,14.844075826105513,29.69017238772913,23.581038520041904
1.0,51.1224215849348,89.87917805508688,129.39788739504309,51.39615915948363,98.79433905446645,125.23728852008001
