time,s1,s2,s3,s4,s5,s6
0.0,23.749153791368606,11.907130148369404,29.820737474290183,10.859386751270353,10.014060639413424,28.194307296444613
1.0,60.30123712473446,81.01129681511075,131.47698747433546,47.41147008464847,79.11822730615074,129.85055729648272
