time,s1,s2,s3,s4,s5,s6
0.0,23.97479764571843,26.413330177883683,25.67281683637367,26.464906870602366,22.79663322539129,22.949903635295854
1.0,60.52688097908428,95.51749684462503,127.32906683641895,63.016990203980484,91.9007998921286,124.60615363533397
