time,s1,s2,s3,s4,s5,s6
0.0,18.480241743745708,19.74451467839272,29.43543378152566,22.254773886526937,29.7456278465801,11.085986579316721
1.0,55.032325077111565,88.84868134513407,131.09168378157094,58.806857219905055,98.84979451331742,112.74223657935484
