time,s1,s2,s3,s4,s5,s6
0.0,13.404905497510109,20.279688949295466,24.01128579135823,24.175298459709065,10.863649145316261,20.170188492748657
1.0,49.956988830875964,89.38385561603681,125.66753579140351,60.72738179308718,79.96781581205357,121.82643849278676
