time,s1,s2,s3,s4,s5,s6
0.0,20.545737637700753,20.925112320997705,22.649563558067314,24.841258773341963,25.45132869341976,20.341108915086185
1.0,57.09782097106661,90.02927898773905,124.30581355811259,61.393342106720084,94.55549536015707,121.9973589151243
