time,s1,s2,s3,s4,s5,s6
0.0,28.480902371034333,29.622960381478663,15.16208900009223,13.342930267689265,13.552676491027116,12.421036312112012
1.0,65.03298570440019,98.72712704822001,116.8183390001375,49.89501360106738,82.65684315776443,114.07728631215012
