time,s1,s2,s3,s4,s5,s6
0.0,11.403134613593283,16.458232499709442,19.578659866327705,10.99911586720168,20.00016176408478,28.827397562360872
1.0,47.95521794695914,85.56239916645079,121.23490986637297,47.5511992005798,89.1043284308221,130.48364756239897
