time,s1,s2,s3,s4,s5,s6
0.0,28.318230213924206,16.824495310580456,14.797339266307164,27.829784890407847,23.46616846943329,25.208246448042196
1.0,64.87031354729007,85.92866197732181,116.45358926635244,64.38186822378597,92.5703351361706,126.86449644808032
