time,s1,s2,s3,s4,s5,s6
0.0,17.045452117730576,22.506639642468997,18.748851840118988,13.850809593742962,25.17489055599605,27.130457747024018
1.0,53.597535451096434,91.61080630921035,120.40510184016426,50.40289292712108,94.27905722273337,128.78670774706214
