time,s1,s2,s3,s4,s5,s6
0.0,22.273461446936402,28.726919757694624,12.579118849555723,10.685880365079244,18.890500625218692,28.13230804595969
1.0,58.82554478030226,97.83108642443597,114.235368849601,47.237963698457364,87.994667291956,129.7885580459978
