time,s1,s2,s3,s4,s5,s6
0.0,13.740160917033572,17.5755691676479,23.24272197005687,21.075015917080638,21.18077965845407,14.312683604365857
1.0,50.29224425039943,86.67973583438925,124.89897197010214,57.627099250458755,90.28494632519138,115.96893360440397
