time,s1,s2,s3,s4,s5,s6
0.0,12.565963035470741,19.138988915240816,28.173545194174462,13.482073037038585,25.55876115410171,26.299615400287898
1.0,49.1180463688366,88.24315558198217,129.82979519421974,50.0341563704167,94.66292782083903,127.95586540032602
