time,s1,s2,s3,s4,s5,s6
0.0,26.64276175319436,14.305594598626971,28.501057028410827,10.569643439793635,13.635413995009651,26.123806440098267
1.0,63.19484508656022,83.40976126536832,130.1573070284561,47.12172677317175,82.73958066174697,127.78005644013638
