time,s1,s2,s3,s4,s5,s6
0.0,24.863404089631914,28.92834757895041,22.84875390232681,26.10560346985574,24.046364464406057,29.530857194132352
1.0,61.41548742299419,98.03251424568644,124.50500390236526,62.65768680323115,93.15053113113748,131.18710719416254
