time,s1,s2,s3,s4,s5,s6
0.0,10.539898742641377,19.674266249989234,26.11028311665627,23.962133532644536,24.839818447355007,26.614723503104713
1.0,47.091982076007234,88.77843291673058,127.76653311670154,60.51421686602265,93.94398511409233,128.27097350314284
