time,s1,s2,s3,s4,s5,s6
0.0,12.564118221477546,27.351336841462278,20.864623474044976,22.991539312128644,15.368421374839244,11.965218766096374
1.0,49.11620155484341,96.45550350820363,122.52087347409025,59.54362264550676,84.47258804157656,113.62146876613448
