time,s1,s2,s3,s4,s5,s6
0.0,13.615782624971988,16.25888567194967,26.63955978398191,15.937918199768646,20.135850386425417,28.19508888641476
1.0,50.16786595833784,85.36305233869102,128.2958097840272,52.49000153314676,89.24001705316273,129.85133888645288
