time,s1,s2,s3,s4,s5,s6
0.0,24.879338162837445,28.89402787542086,13.881778494152442,29.763560898521487,19.32948886856088,16.18354597744952
1.0,61.43142149620293,97.99819454216157,115.53802849419766,66.31564423190017,88.43365553529856,117.83979597748711
