time,s1,s2,s3,s4,s5,s6
0.0,27.55051564711443,23.917434490699463,19.159310119674064,14.171913712248987,13.719683358995972,13.800723865077451
1.0,64.10259898048028,93.02160115744081,120.81556011971934,50.7239970456271,82.8238500257333,115.45697386511557
