time,s1,s2,s3,s4,s5,s6
0.0,17.30115807034032,16.415942947825837,29.65298819904586,23.850474305816054,22.278305261563467,27.89673327731122
1.0,53.85324140370618,85.52010961456719,131.30923819909114,60.40255763919417,91.38247192830079,129.55298327734934
