time,s1,s2,s3,s4,s5,s6
0.0,26.122039985226767,19.491813959691903,14.619199527073839,16.834135544710843,14.825425355876432,15.694111614153641
1.0,62.67412331859262,88.59598062643326,116.27544952711912,53.38621887808896,83.92959202261375,117.35036161419175
