time,s1,s2,s3,s4,s5,s6
0.0,27.14365455268281,22.849221395089188,18.625620915801377,18.776643983548475,14.515662403883894,22.49557769730096
1.0,63.69573788604867,91.95338806183054,120.28187091584665,55.32872731692659,83.61982907062121,124.15182769733907
