time,s1,s2,s3,s4,s5,s6
0.0,11.821383159988264,11.55040490516483,16.678205259538075,21.640909700008706,15.069257169685562,18.902220792877074
1.0,48.37346649335412,80.65457157190617,118.33445525958335,58.19299303338683,84.17342383642287,120.55847079291519
