time,s1,s2,s3,s4,s5,s6
0.0,16.326177372626944,25.742831748844555,21.77230695431438,14.022052291731379,15.108643561059239,21.5303630954305
1.0,52.8782607059928,94.8469984155859,123.42855695435966,50.5741356251095,84.21281022779655,123.18661309546862
