time,s1,s2,s3,s4,s5,s6
0.0,23.75198586339221,17.11676909696733,26.071590270048254,17.782968499545824,21.653886468273924,23.756175965807913
1.0,60.304069196758064,86.22093576370868,127.72784027009354,54.33505183292394,90.75805313501124,125.41242596584603
