time,s1,s2,s3,s4,s5,s6
0.0,23.773173489460362,28.39076861933706,22.231702553252717,21.640216903503358,23.55433615327441,20.297847994561494
1.0,60.32525682282622,97.4949352860784,123.88795255329799,58.19230023688147,92.65850282001172,121.9540979945996
