time,s1,s2,s3,s4,s5,s6
0.0,22.343681553453134,20.880627685939125,21.475292096877915,26.71221223964031,22.79089579559581,14.288598859161745
1.0,58.895764886818995,89.98479435268047,123.1315420969232,63.26429557301843,91.89506246233313,115.94484885919985
