time,s1,s2,s3,s4,s5,s6
0.0,25.46482783457307,23.99703480574818,15.850799806357285,22.504437416770415,11.560182502907095,20.4583722094027
1.0,62.01691116793893,93.10120147248952,117.50704980640256,59.056520750148536,80.66434916964441,122.11462220944081
