time,s1,s2,s3,s4,s5,s6
0.0,16.60425024789531,28.949957455397705,16.85084618970731,27.856917733834404,12.060064033954305,17.964191848873753
1.0,53.156333581261165,98.05412412213906,118.50709618975259,64.40900106721253,81.16423070069162,119.62044184891187
