time,s1,s2,s3,s4,s5,s6
0.0,14.236303052674604,16.102911539525806,26.074178475589214,13.965131510486907,23.184580661456398,27.529022581757424
1.0,50.78838638604046,85.20707820626716,127.73042847563448,50.51721484386503,92.28874732819371,129.18527258179554
