time,s1,s2,s3,s4,s5,s6
0.0,23.271444200989094,12.748253600371877,21.353471946539475,29.3264705175386,12.784090584633374,29.682574651623252
1.0,59.82352753435495,81.85242026711323,123.00972194658475,65.87855385091672,81.88825725137069,131.33882465166135
