time,s1,s2,s3,s4,s5,s6
0.0,19.127623447280847,27.539053112611388,28.307761432003048,25.34343053961656,19.218404582766315,20.611940256053774
1.0,55.679706780646704,96.64321977935273,129.96401143204832,61.89551387299468,88.32257124950362,122.26819025609188
