time,s1,s2,s3,s4,s5,s6
0.0,27.90516196286812,15.463890683399597,27.81791921310746,21.57152668600419,14.145801404861363,13.526810025434893
1.0,64.45724529623398,84.56805735014095,129.47416921315272,58.123610019382305,83.24996807159867,115.18306002547301
