time,s1,s2,s3,s4,s5,s6
0.0,14.592253098799567,24.30854687940331,28.41269368076891,16.942803153263334,26.459031763476965,15.772044935359414
1.0,51.144336432165424,93.41271354614466,130.0689436808142,53.49488648664145,95.56319843021427,117.42829493539753
