time,s1,s2,s3,s4,s5,s6
0.0,17.307792945351817,27.333327104962397,20.98114169019791,27.825076025490304,22.958803168715725,10.267181977045164
1.0,53.85987627871767,96.43749377170374,122.63739169024319,64.37715935886843,92.06296983545303,111.92343197708328
