time,s1,s2,s3,s4,s5,s6
0.0,28.23820278150189,21.424022730972126,21.205714642714405,16.828070272971793,16.341258041514397,18.39557317347374
1.0,64.79028611486416,90.52818939770816,122.86196464275287,53.38015360634721,85.44542470824582,120.05182317350392
