time,s1,s2,s3,s4,s5,s6
0.0,21.37478081409824,24.414602223631974,21.442623459457728,16.37838805024196,17.697850842743062,18.666102159390228
1.0,57.9268641474641,93.51876889037332,123.09887345950301,52.93047138362007,86.80201750948038,120.32235215942835
