time,s1,s2,s3,s4,s5,s6
0.0,13.477093049428605,22.417545922571726,19.198732487124545,16.92288971750972,20.350400675114848,16.596267683409124
1.0,50.02917638279446,91.52171258931307,120.85498248716982,53.47497305088784,89.45456734185217,118.25251768344724
