time,s1,s2,s3,s4,s5,s6
0.0,22.442180495056398,29.664299382496086,23.528017146859128,28.549367435648715,13.908884080332983,13.155581966417731
1.0,58.994263828422255,98.76846604923743,125.1842671469044,65.10145076902683,83.0130507470703,114.81183196645584
