time,s1,s2,s3,s4,s5,s6
0.0,26.980905031103802,13.38041381382139,14.710904873789538,26.533420107886933,24.668980996925587,12.843769540175815
1.0,63.53298836446966,82.48458048056274,116.36715487383482,63.08550344126505,93.7731476636629,114.50001954021393
