time,s1,s2,s3,s4,s5,s6
0.0,17.067459297733873,23.42507972444881,22.721081633849273,27.39888612262395,23.65190207579046,15.243180352813441
1.0,53.61954263109973,92.52924639119016,124.37733163389456,63.95096945600207,92.75606874252777,116.89943035285155
