time,s1,s2,s3,s4,s5,s6
0.0,13.252181855294452,18.41308264149946,28.199920786323982,19.935529523828105,25.05820313109708,16.57472678577396
1.0,49.80426518866031,87.5172493082408,129.85617078636926,56.48761285720622,94.1623697978344,118.23097678581208
