time,s1,s2,s3,s4,s5,s6
0.0,28.59954687425867,19.498533322579068,22.859049868337017,14.159088094483486,17.91287659742985,10.645854254971505
1.0,65.15163020762452,88.60269998932041,124.51529986838229,50.7111714278616,87.01704326416717,112.30210425500962
