time,s1,s2,s3,s4,s5,s6
0.0,20.374581983492675,20.308694194047234,12.087419184046484,17.66284940828573,23.807635346901364,16.142557802826058
1.0,56.92666531685853,89.41286086078858,113.74366918409176,54.21493274166385,92.91180201363868,117.79880780286418
