time,s1,s2,s3,s4,s5,s6
0.0,20.349061185205716,15.766026644935058,13.35265796173703,15.22741231230309,21.923905691157422,17.23074458312574
1.0,56.90114451857157,84.8701933116764,115.00890796178231,51.77949564568121,91.02807235789473,118.88699458316385
