time,s1,s2,s3,s4,s5,s6
0.0,22.30822145968215,12.890406286272889,29.721591957467826,20.692105759934716,25.449734737862862,18.009266700194598
1.0,58.86030479304801,81.99457295301424,131.3778419575131,57.24418909331283,94.55390140460017,119.66551670023271
