time,s1,s2,s3,s4,s5,s6
0.0,29.005966941759574,16.712311039946055,16.105867814324142,14.280057463239423,17.09826091792921,29.85937802695479
1.0,65.55805027512542,85.81647770668741,117.76211781436942,50.83214079661754,86.20242758466652,131.5156280269929
