time,s1,s2,s3,s4,s5,s6
0.0,26.707065495159153,10.0573674005523,14.955403650386154,18.77015434831784,21.263482781110383,28.965287509635473
1.0,63.259148828525014,79.16153406729364,116.61165365043144,55.32223768169595,90.3676494478477,130.6215375096736
