time,s1,s2,s3,s4,s5,s6
0.0,16.101108161571638,26.093630354219236,19.109432399564163,28.664121222614057,26.645127548296163,10.808629359271652
1.0,52.653191494937495,95.19779702096059,120.76568239960943,65.21620455599218,95.74929421503347,112.46487935930976
