time,s1,s2,s3,s4,s5,s6
0.0,14.50928250193833,18.339696307189016,26.17974632529846,29.482686553838807,12.665558302733617,28.86775906470494
1.0,51.06136583530419,87.44386297393037,127.83599632534373,66.03476988721692,81.76972496947093,130.52400906474304
