time,s1,s2,s3,s4,s5,s6
0.0,16.842553365839883,15.613094164404458,15.3228514401502,17.927510511089693,20.279916254782716,26.561626139418063
1.0,53.39463669920574,84.71726083114581,116.97910144019548,54.479593844467814,89.38408292152003,128.21787613945617
