time,s1,s2,s3,s4,s5,s6
0.0,16.8912801060772,22.98135450960114,18.572396717036824,29.592039520511047,14.0613874948531,24.990040443072814
1.0,53.44336343944306,92.0855211763425,120.2286467170821,66.14412285388917,83.16555416159042,126.64629044311093
