time,s1,s2,s3,s4,s5,s6
0.0,12.53005737212529,26.810959473464212,19.302611515041527,15.407376150706451,16.706712248260864,25.34534791316174
1.0,49.08214070549115,95.91512614020556,120.9588615150868,51.95945948408457,85.81087891499817,127.00159791319984
