time,s1,s2,s3,s4,s5,s6
0.0,16.037077812367762,27.564801854974963,20.29557463719237,23.310166169073376,22.69700842931708,14.130994834238846
1.0,52.58916114573362,96.66896852171631,121.95182463723765,59.8622495024515,91.8011750960544,115.78724483427696
