time,s1,s2,s3,s4,s5,s6
0.0,12.420662532069827,22.13141315124943,10.406884596328146,26.59701914059618,17.588696231522448,15.57793381396272
1.0,48.972745865435684,91.23557981799078,112.06313459637342,63.149102473974295,86.69286289825976,117.23418381400083
