time,s1,s2,s3,s4,s5,s6
0.0,16.380907257901356,24.819571082744186,19.09185239165209,24.44678038170696,26.5228499580372,13.95455316681777
1.0,52.93299059126721,93.92373774948554,120.74810239169736,60.99886371508508,95.62701662477451,115.61080316685589
