time,s1,s2,s3,s4,s5,s6
0.0,22.34314887748697,13.695902587792206,22.309398096217986,12.71529519502682,18.490067647521663,28.68303472508427
1.0,58.895232210852825,82.80006925453355,123.96564809626327,49.26737852840494,87.59423431425898,130.33928472512238
