time,s1,s2,s3,s4,s5,s6
0.0,29.18029422182932,21.382015158229475,23.501970108824,10.717763444728366,24.248447592056444,29.118227906034996
1.0,65.73237755519517,90.48618182497083,125.15822010886927,47.26984677810648,93.35261425879375,130.77447790607312
