time,s1,s2,s3,s4,s5,s6
0.0,24.591941354426872,29.310656546160327,13.394804961103432,23.265604826700795,22.62126912349917,13.761293484066897
1.0,61.1440246877905,98.41482321290077,115.0510549611486,59.817688160078376,91.72543579023501,115.41754348410204
