time,s1,s2,s3,s4,s5,s6
0.0,15.228402699435419,29.75688404169832,24.298852259397123,24.986911226471847,15.1336520688616,13.160341867765935
1.0,51.78048603280128,98.86105070843968,125.9551022594424,61.53899455984997,84.23781873559892,114.81659186780405
