time,s1,s2,s3,s4,s5,s6
0.0,25.413014782907158,23.88252479704743,14.79406477257726,24.974164390692284,29.147506629725846,15.712937527799177
1.0,61.96509811627301,92.98669146378879,116.45031477262253,61.5262477240704,98.25167329646317,117.3691875278373
