time,s1,s2,s3,s4,s5,s6
0.0,22.376309191583324,28.307113603271176,22.91915404998419,25.027982311714958,13.479602404404735,16.463392793811515
1.0,58.92839252494918,97.41128027001253,124.57540405002946,61.58006564509308,82.58376907114204,118.11964279384962
