time,s1,s2,s3,s4,s5,s6
0.0,18.05530259181877,24.113087782220674,23.939788229025368,19.38948161438045,20.822014773850817,27.953349566315783
1.0,54.60738592518463,93.21725444896202,125.59603822907064,55.94156494775857,89.92618144058814,129.6095995663539
