time,s1,s2,s3,s4,s5,s6
0.0,11.51531673449769,27.479695669712846,22.573554992854483,18.187232332731256,10.960572426058162,19.18626307762279
1.0,48.067400067863545,96.58386233645419,124.22980499289976,54.73931566610938,80.06473909279548,120.84251307766091
