time,s1,s2,s3,s4,s5,s6
0.0,25.21946303981401,26.273790870993984,28.018923537511917,28.14242631194538,11.136834281624806,16.94553660700185
1.0,61.771546373179866,95.37795753773534,129.67517353755719,64.69450964532349,80.24100094836211,118.60178660703995
