time,s1,s2,s3,s4,s5,s6
0.0,16.803016814844582,27.34447212937854,17.75306190174146,17.746741016933704,12.73082601870842,20.362816115955113
1.0,53.35510014821044,96.4486387961199,119.40931190178674,54.298824350311826,81.83499268544574,122.01906611599323
