time,s1,s2,s3,s4,s5,s6
0.0,17.777105089633665,18.189655405988205,28.91602005603176,21.091704689973803,20.252069280993933,12.947620937865999
1.0,54.32918842299952,87.29382207272955,130.57227005607703,57.64378802335192,89.35623594773125,114.6038709379041
