time,s1,s2,s3,s4,s5,s6
0.0,22.580712464597347,20.26567578048696,22.368597414546016,20.285229381765873,12.775426102679665,17.98498618501674
1.0,59.132795797963205,89.36984244722831,124.02484741459129,56.837312715143995,81.87959276941697,119.64123618505485
