time,s1,s2,s3,s4,s5,s6
0.0,29.395364346806222,25.995217064562762,23.662510161381604,19.728858139571894,10.72856562769732,21.052452379015108
1.0,65.94744768017208,95.09938373130412,125.31876016142688,56.28094147295001,79.83273229443463,122.70870237905322
