time,s1,s2,s3,s4,s5,s6
0.0,28.22408634245432,21.858685975920054,19.252110121570297,21.141652651684993,14.053880898088142,22.22715521740891
1.0,64.77616967582017,90.9628526426614,120.90836012161557,57.69373598506311,83.15804756482545,123.88340521744702
