time,s1,s2,s3,s4,s5,s6
0.0,15.25849339486079,27.621128774006248,25.69791779537151,12.479924062480855,28.669367704766508,17.065634449902582
1.0,51.81057672822665,96.7252954407476,127.35416779541679,49.03200739585897,97.77353437150381,118.72188444994069
