time,s1,s2,s3,s4,s5,s6
0.0,17.541713645990836,19.692860645395953,18.70059060978103,15.339608809959032,27.936281534403008,29.87770212354278
1.0,54.093796979356696,88.7970273121373,120.3568406098263,51.89169214333715,97.04044820114032,131.5339521235809
