time,s1,s2,s3,s4,s5,s6
0.0,28.94842348946537,13.59272066135345,13.46780241771324,19.521535242560148,21.590381800171834,27.852138275950267
1.0,65.50050682283123,82.6968873280948,115.12405241775852,56.07361857593827,90.69454846690914,129.50838827598838
