time,s1,s2,s3,s4,s5,s6
0.0,12.685374999042725,25.108367663985494,19.633248673140095,14.326830227743889,15.80817106972402,11.717655207583086
1.0,49.23745833240858,94.21253433072684,121.28949867318536,50.878913561122005,84.91233773646134,113.37390520762119
