time,s1,s2,s3,s4,s5,s6
0.0,18.912271865815278,24.707337525533383,13.669849986124747,12.17763178226812,22.02891654696101,18.934018331775746
1.0,55.464355199181135,93.81150419227473,115.32609998617002,48.729715115646236,91.13308321369833,120.59026833181386
