time,s1,s2,s3,s4,s5,s6
0.0,28.38889044544793,20.24437244846951,17.190634602687926,27.665565358223528,16.8925072514525,17.06927629669986
1.0,64.94097377881378,89.34853911521085,118.8468846027332,64.21764869160165,85.99667391818981,118.72552629673798
