time,s1,s2,s3,s4,s5,s6
0.0,11.162337827212134,11.23603733210171,23.585591318563424,22.614526877962057,10.128320843373093,13.878933878514513
1.0,47.71442116057799,80.34020399884307,125.24184131860869,59.16661021134017,79.2324875101104,115.53518387855263
