time,s1,s2,s3,s4,s5,s6
0.0,11.068384908164981,16.317648404226556,22.567340734208504,19.29751758265772,23.785593729122574,27.981788223356702
1.0,47.62046824153084,85.42181507096791,124.22359073425378,55.84960091603584,92.8897603958599,129.6380382233948
