time,s1,s2,s3,s4,s5,s6
0.0,23.44006733507279,20.330323159509547,27.452419656410246,24.875703349147116,12.334902679778361,29.278327291550717
1.0,59.99215066843865,89.4344898262509,129.10866965645553,61.42778668252523,81.43906934651568,130.93457729158882
