time,s1,s2,s3,s4,s5,s6
0.0,18.29141728670919,25.72757869386724,16.060872456587163,25.340396728230864,15.397395611761883,25.782962918437253
1.0,54.84350062007505,94.8317453606086,117.71712245663244,61.89248006160898,84.5015622784992,127.43921291847536
