time,s1,s2,s3,s4,s5,s6
0.0,24.75008021015131,14.388460473512465,20.72379628763989,10.233632522387797,11.568343710438079,24.103793229188092
1.0,61.30216354351717,83.49262714025382,122.38004628768516,46.785715855765915,80.6725103771754,125.7600432292262
