time,s1,s2,s3,s4,s5,s6
0.0,27.802635901807303,19.20011788332524,26.216014888307395,17.645217119048965,23.608991749216436,19.627926296778252
1.0,64.35471923517316,88.3042845500666,127.87226488835267,54.197300452427086,92.71315841595376,121.28417629681637
