time,s1,s2,s3,s4,s5,s6
0.0,29.323367131593848,21.27526807311471,22.49737494390987,14.431242323575495,15.151327062795843,25.78767386643589
1.0,65.8754504649597,90.37943473985607,124.15362494395514,50.98332565695361,84.25549372953316,127.44392386647401
