time,s1,s2,s3,s4,s5,s6
0.0,28.340288291473545,15.043601060582695,13.896313063060093,15.64711601283939,19.20197486443485,29.94076046640557
1.0,64.8923716248394,84.14776772732404,115.55256306310537,52.199199346217505,88.30614153117216,131.5970104664437
