time,s1,s2,s3,s4,s5,s6
0.0,14.410996386639926,24.347836241328462,25.711924755575247,26.49360894011319,17.99952321280892,20.095565798892228
1.0,50.96307972000579,93.45200290806982,127.36817475562053,63.04569227349131,87.10368987954624,121.75181579893034
