time,s1,s2,s3,s4,s5,s6
0.0,25.872905751908448,23.434541699446434,10.70335258812311,20.987957076816553,21.892343384146876,28.76030669212036
1.0,62.424989085274305,92.53870836618779,112.35960258816839,57.54004041019467,90.99651005088418,130.41655669215848
