time,s1,s2,s3,s4,s5,s6
0.0,19.153476564127438,16.547916860702294,23.568475869886594,25.45657843542928,24.174885527593,16.330464374961263
1.0,55.705559897493295,85.65208352744365,125.22472586993187,62.0086617688074,93.27905219433032,117.98671437499938
