time,s1,s2,s3,s4,s5,s6
0.0,17.36580259506768,10.99677415114375,10.383764364331377,26.84825817377206,24.55594040296732,18.28220615117455
1.0,53.917885928433535,80.1009408178851,112.04001436437665,63.40034150715017,93.66010706970464,119.93845615121266
