time,s1,s2,s3,s4,s5,s6
0.0,28.29026985345501,19.0705966521852,15.14011762893823,15.655797114097567,12.239763658980243,20.065023932769087
1.0,64.84235318682087,88.17476331892655,116.7963676289835,52.20788044747569,81.34393032571755,121.72127393280721
