time,s1,s2,s3,s4,s5,s6
0.0,29.98662492567234,19.284874552741023,13.232028368536122,16.066748623761818,22.169492401766504,29.011414187931585
1.0,66.5387082590382,88.38904121948238,114.8882783685814,52.61883195713993,91.27365906850382,130.6676641879697
