time,s1,s2,s3,s4,s5,s6
0.0,24.517397374733605,11.192845367337549,28.10685776530793,20.67647115409482,10.885603168681497,22.954055287725254
1.0,61.06948070809588,80.29701203407359,129.76310776534638,57.228554487470234,79.98976983541293,124.61030528775544
