time,s1,s2,s3,s4,s5,s6
0.0,13.682896415120656,29.722679363331093,21.999938684342343,25.502454319280243,16.188875506045278,10.669328302366715
1.0,50.23497974848651,98.82684603007245,123.65618868438762,62.05453765265836,85.29304217278259,112.32557830240484
