time,s1,s2,s3,s4,s5,s6
0.0,22.813640170948304,12.572458101300025,23.10473957598569,11.776845171612631,18.40955298749542,21.307735064709192
1.0,59.36572350431416,81.67662476804138,124.76098957603097,48.32892850499075,87.51371965423273,122.9639850647473
