time,s1,s2,s3,s4,s5,s6
0.0,10.258690626080265,11.046156589347104,12.541608297223464,10.332027706290562,17.757848008148475,11.988821656285326
1.0,46.810773959446124,80.15032325608846,114.19785829726874,46.88411103966868,86.86201467488578,113.64507165632344
