time,s1,s2,s3,s4,s5,s6
0.0,27.491110608931454,19.272702548017122,12.403291943552645,27.344362096476498,25.97214186687205,18.419077648053808
1.0,64.04319394229731,88.37686921475847,114.05954194359792,63.896445429854616,95.07630853360936,120.07532764809193
