time,s1,s2,s3,s4,s5,s6
0.0,28.7277365114797,21.990443568652772,25.959923935736953,16.093340715461213,15.265674312067667,21.002440481288673
1.0,65.27981984484556,91.09461023539413,127.61617393578223,52.64542404883933,84.36984097880499,122.65869048132679
