time,s1,s2,s3,s4,s5,s6
0.0,25.182831625745195,22.713556240525207,28.85174117372329,16.82290540642152,23.310232354458826,15.272325176894928
1.0,61.73491495911105,91.81772290726656,130.50799117376857,53.37498873979964,92.41439902119615,116.92857517693304
