time,s1,s2,s3,s4,s5,s6
0.0,12.025014717520373,21.264636449481323,24.365647330494525,18.44093165993227,22.17815058215967,21.755202634557456
1.0,48.57709805088623,90.36880311622267,126.0218973305398,54.99301499331039,91.28231724889699,123.41145263459558
