time,s1,s2,s3,s4,s5,s6
0.0,11.867500275741934,28.183212446469568,28.704907339966674,13.329378733020263,24.71217721328486,19.972948775346282
1.0,48.41958360910779,97.28737911321092,130.36115734001194,49.881462066398385,93.81634388002217,121.6291987753844
