time,s1,s2,s3,s4,s5,s6
0.0,15.281909608936123,26.129876102106245,17.73041521925606,22.505019896647944,29.23052407766648,19.918370236890702
1.0,51.83399294230198,95.23404276884759,119.38666521930134,59.05710323002606,98.33469074440379,121.57462023692881
