time,s1,s2,s3,s4,s5,s6
0.0,10.30048543531829,12.923398913783801,23.72205884282549,27.503819136751467,26.378942363342407,22.696210967492185
1.0,46.85256876868415,82.02756558052515,125.37830884287077,64.05590247012958,95.48310903007972,124.3524609675303
