time,s1,s2,s3,s4,s5,s6
0.0,16.85837830586458,16.859196272318762,26.789137285149735,20.397033096377093,26.711506607156025,11.728644946100859
1.0,53.41046163923044,85.96336293906012,128.445387285195,56.94911642975521,95.81567327389334,113.38489494613897
