time,s1,s2,s3,s4,s5,s6
0.0,22.7169495665403,14.91771238134542,14.388971852247114,18.915739864878624,10.344578359219945,17.723076320936936
1.0,59.26903289990616,84.02187904808677,116.04522185229239,55.467823198256745,79.44874502595727,119.37932632097505
