time,s1,s2,s3,s4,s5,s6
0.0,24.897450914225722,27.244264963324895,20.294595350107386,11.908843181978035,21.20775733761495,27.508878076552445
1.0,61.44953424759158,96.34843163006624,121.95084535015266,48.46092651535615,90.31192400435226,129.16512807659055
