time,s1,s2,s3,s4,s5,s6
0.0,10.105596330327698,11.408737830795113,10.21313212733382,20.31488610889322,13.955233542637435,19.625968780820934
1.0,46.65767966369356,80.51290449753647,111.8693821273791,56.86696944227134,83.05940020937474,121.28221878085904
