time,s1,s2,s3,s4,s5,s6
0.0,14.551560793445567,28.408863016699158,26.472710694470717,29.71929537386984,11.578234914699458,28.41086547812216
1.0,51.103644126811425,97.51302968344051,128.128960694516,66.27137870724796,80.68240158143678,130.06711547816028
