time,s1,s2,s3,s4,s5,s6
0.0,23.14033454072795,18.593047835834867,24.27670201197861,24.07803621772012,20.933205621229362,14.552710961107424
1.0,59.692417874093806,87.69721450257622,125.93295201202389,60.63011955109823,90.03737228796668,116.20896096114554
