time,s1,s2,s3,s4,s5,s6
0.0,29.520555630777498,24.880486183570333,18.286574037429325,29.69965695259088,19.32090377034456,28.057258623295017
1.0,66.07263896414335,93.98465285031168,119.9428240374746,66.25174028596899,88.42507043708187,129.71350862333313
