time,s1,s2,s3,s4,s5,s6
0.0,26.724994113687778,13.63491540224829,20.453101765177287,24.14324271652268,15.21569378944845,26.32491689748689
1.0,63.277077447053635,82.73908206898963,122.10935176522256,60.69532604990079,84.31986045618576,127.981166897525
