time,s1,s2,s3,s4,s5,s6
0.0,28.4098789038403,16.981741289443708,22.68145118746242,25.98825730871371,22.35337332012016,10.812105797856791
1.0,64.96196223720617,86.08590795618505,124.33770118750769,62.54034064209183,91.45753998685747,112.4683557978949
