time,s1,s2,s3,s4,s5,s6
0.0,24.05849175211101,26.603915323698722,12.291476554684875,23.965935913832244,14.023409123207376,15.132015399946715
1.0,60.610575085473286,95.70808199043475,113.94772655472333,60.518019247207654,83.1275757899388,116.7882653999769
