time,s1,s2,s3,s4,s5,s6
0.0,29.200817270670623,11.793222988895034,11.669661034418162,24.794229391529036,11.35492227348853,13.442668930159806
1.0,65.75290060403648,80.89738965563639,113.32591103446345,61.34631272490715,80.45908894022584,115.09891893019793
