time,s1,s2,s3,s4,s5,s6
0.0,24.37745962861078,25.122285451291546,21.18411035367096,10.115715591881859,26.8053565038881,22.4198078630764
1.0,60.92954296197664,94.2264521180329,122.84036035371624,46.66779892525997,95.90952317062542,124.07605786311451
