time,s1,s2,s3,s4,s5,s6
0.0,14.601985635405807,20.878885773472327,28.795002773709065,21.2380871764038,24.013984884667444,22.8349163122624
1.0,51.15406896877167,89.98305244021367,130.45125277375433,57.790170509781916,93.11815155140476,124.49116631230052
