time,s1,s2,s3,s4,s5,s6
0.0,11.027508440071557,22.40598898475318,14.438879963695403,19.0273154805153,14.581344010418134,25.45669834383234
1.0,47.579591773437414,91.51015565149453,116.09512996374067,55.57939881389342,83.68551067715545,127.11294834387046
