time,s1,s2,s3,s4,s5,s6
0.0,24.332438087888747,14.777502071321372,27.295221332166527,23.48445988938129,11.404384714098247,13.819620082842283
1.0,60.884521421254604,83.88166873806271,128.9514713322118,60.036543222759406,80.50855138083556,115.47587008288039
