time,s1,s2,s3,s4,s5,s6
0.0,24.945377131531437,16.63127035413449,25.799571854858257,29.028348958446504,17.253896710847748,14.864225098797279
1.0,61.497460464897294,85.73543702087584,127.45582185490353,65.58043229182462,86.35806337758505,116.52047509883539
