time,s1,s2,s3,s4,s5,s6
0.0,21.7930639643243,23.163842969748277,29.344779003775162,12.505440949156373,26.47465000499946,26.963591469312288
1.0,58.34514729769016,92.26800963648962,131.00102900382043,49.05752428253449,95.57881667173677,128.6198414693504
