time,s1,s2,s3,s4,s5,s6
0.0,28.454491095512207,10.994863630707032,21.679285630242937,18.07524635322941,10.888430550351597,27.613594860934562
1.0,65.00657442887807,80.09903029744838,123.3355356302882,54.62732968660753,79.99259721708891,129.26984486097268
