time,s1,s2,s3,s4,s5,s6
0.0,12.404223403968128,23.605374125505072,28.435557793984067,20.08745469825959,26.725700304247415,20.154292271552016
1.0,48.95630673733399,92.70954079224643,130.09180779402934,56.639538031637706,95.82986697098472,121.81054227159012
