time,s1,s2,s3,s4,s5,s6
0.0,23.567151358599524,28.283879407171217,23.367747865882045,29.36602787900407,15.920625292495519,13.119511260614733
1.0,60.11923469196538,97.38804607391256,125.02399786592733,65.91811121238219,85.02479195923283,114.77576126065284
