time,s1,s2,s3,s4,s5,s6
0.0,15.682025816376067,25.271824188600263,19.502967836874735,13.845413275956371,12.552668246823115,14.564071991533236
1.0,52.234109149741926,94.37599085534161,121.15921783692,50.39749660933449,81.65683491356043,116.22032199157135
