time,s1,s2,s3,s4,s5,s6
0.0,26.165732581379068,11.798277044311343,27.514722803251644,10.455288069767615,26.034585606117354,23.810492822289504
1.0,62.717815914744925,80.9024437110527,129.17097280329693,47.00737140314573,95.13875227285467,125.46674282232762
