time,s1,s2,s3,s4,s5,s6
0.0,27.437045910381045,10.605840315804864,27.66530856477836,13.424799125420304,29.521920819273312,18.366841066376242
1.0,63.9891292437469,79.71000698254622,129.32155856482365,49.97688245879842,98.62608748601062,120.02309106641435
