time,s1,s2,s3,s4,s5,s6
0.0,25.022473807110714,27.081495428866106,25.113792320237074,26.39398623715362,19.359508645202688,10.27458470678618
1.0,61.57455714047657,96.18566209560746,126.77004232028236,62.94606957053173,88.46367531194001,111.9308347068243
