time,s1,s2,s3,s4,s5,s6
0.0,20.462883043931775,27.77740206629091,20.000863899108552,12.746721849211577,17.437018109369077,13.205109569191958
1.0,57.01496637729763,96.88156873303225,121.65711389915383,49.298805182589696,86.54118477610639,114.86135956923007
