time,s1,s2,s3,s4,s5,s6
0.0,15.593188878234344,28.10456523992247,24.788962569705575,24.73657235158306,12.734598903069642,20.400898648701887
1.0,52.14527221159959,97.20873190666322,126.44521256975024,61.28865568495954,81.83876556980533,122.05714864873815
