time,s1,s2,s3,s4,s5,s6
0.0,11.32780587354638,22.878746406230547,17.44451899932533,26.766335282924555,18.48988204268356,13.292805115501697
1.0,47.87988920691224,91.9829130729719,119.1007689993706,63.31841861630267,87.59404870942087,114.9490551155398
