time,s1,s2,s3,s4,s5,s6
0.0,21.051075843424954,15.61661165894262,24.495679283716377,21.34852494850314,14.724715230082793,27.267116577512848
1.0,57.60315917679081,84.72077832568397,126.15192928376166,57.90060828188126,83.8288818968201,128.92336657755095
