time,s1,s2,s3,s4,s5,s6
0.0,26.554421682456557,21.428379866093934,29.794029441293826,16.192724352970398,23.04602364456499,15.423416389646022
1.0,63.10650501581883,90.53254653282997,131.45027944133227,52.74480768634581,92.15019031129643,117.0796663896762
