time,s1,s2,s3,s4,s5,s6
0.0,19.967173205620085,26.447267219781875,14.337981779479454,25.776302974832333,22.242360073367173,19.26516741343071
1.0,56.51925653898594,95.55143388652323,115.99423177952472,62.328386308210455,91.34652674010448,120.92141741346882
