time,s1,s2,s3,s4,s5,s6
0.0,19.908392421537208,21.117134288987515,10.082671934426097,29.280065749628104,23.870009123907813,21.938436312737117
1.0,56.460475754903065,90.22130095572886,111.73892193447138,65.83214908300621,92.97417579064512,123.59468631277522
