time,s1,s2,s3,s4,s5,s6
0.0,20.62721505162984,19.8734368893047,26.14984452591937,28.770008290872504,25.752158660461316,11.09195350831799
1.0,57.1792983849957,88.97760355604605,127.80609452596465,65.32209162425062,94.85632532719863,112.7482035083561
