time,s1,s2,s3,s4,s5,s6
0.0,13.314721984535407,16.401916991107804,13.15175784149493,29.026796247867004,15.099362357112387,29.55247739891866
1.0,49.86680531790127,85.50608365784916,114.8080078415402,65.57887958124512,84.2035290238497,131.20872739895677
