time,s1,s2,s3,s4,s5,s6
0.0,11.308100317790055,16.681595481266495,12.269634132787699,22.426348153712702,26.349452880007522,24.90402616557251
1.0,47.860183651155914,85.78576214800785,113.92588413283298,58.978431487090816,95.45361954674483,126.56027616561062
