time,s1,s2,s3,s4,s5,s6
0.0,19.255857496085007,15.328773377340141,29.20622924818507,23.835982191357918,11.358200041128864,22.469938798152228
1.0,55.807940829450864,84.43294004408149,130.86247924823036,60.388065524736035,80.46236670786618,124.12618879819034
