time,s1,s2,s3,s4,s5,s6
0.0,28.454422894111296,24.655883923638847,15.084343890259168,15.20327160279376,23.946531957449235,19.448409743716027
1.0,65.00650622747716,93.76005059038019,116.74059389030444,51.75535493617188,93.05069862418655,121.10465974375414
