time,s1,s2,s3,s4,s5,s6
0.0,11.423851494748796,28.421595548531155,24.08541712725258,11.787543002949677,11.593076065485036,29.490050923642087
1.0,47.97593482811465,97.52576221527251,125.74166712729786,48.3396263363278,80.69724273222235,131.1463009236802
