time,s1,s2,s3,s4,s5,s6
0.0,23.39346146894504,11.879232116157453,25.425478823470716,19.650098686173926,29.093799093152604,13.698523487717505
1.0,59.9455448023109,80.9833987828988,127.08172882351599,56.20218201955204,98.19796575988991,115.35477348775562
