time,s1,s2,s3,s4,s5,s6
0.0,23.169721931764414,11.400234778644851,29.693124341738788,13.91096407345462,11.450246011854638,18.16090633844597
1.0,59.72180526513027,80.50440144538621,131.34937434178406,50.463047406832736,80.55441267859194,119.81715633848408
