time,s1,s2,s3,s4,s5,s6
0.0,21.051624786476985,11.898443416433139,12.199224754312485,13.101647130665727,12.759442611686522,23.039510479834437
1.0,57.60370811984284,81.00261008317449,113.85547475435776,49.653730464043846,81.86360927842384,124.69576047987255
