time,s1,s2,s3,s4,s5,s6
0.0,24.50490856695444,17.67038423599521,20.444781905517097,10.32485691358564,21.82005269825905,27.75120078080008
1.0,61.0569919003203,86.77455090273656,122.10103190556237,46.876940246963755,90.92421936499636,129.4074507808382
