time,s1,s2,s3,s4,s5,s6
0.0,23.224414685214043,24.806927366274664,22.638500221878274,24.788514376006667,13.083654282169089,19.384437534989974
1.0,59.7764980185799,93.91109403301601,124.29475022192355,61.34059770938479,82.1878209489064,121.04068753502808
