time,s1,s2,s3,s4,s5,s6
0.0,20.372344330630607,15.997570242296188,12.49208441687875,12.064584591847007,24.561575756062865,16.852370962343116
1.0,56.92442766399647,85.10173690903754,114.14833441692403,48.61666792522512,93.66574242280018,118.50862096238123
