time,s1,s2,s3,s4,s5,s6
0.0,10.870750713681545,14.778662760293024,19.558780067682363,29.633192031898076,15.955935815320233,17.00464696158196
1.0,47.42283404704703,83.88282942703373,121.21503006772758,66.18527536527675,85.0601024820579,118.66089696161956
