time,s1,s2,s3,s4,s5,s6
0.0,24.492681040278455,14.351945797579734,20.99029770956134,21.124309393848158,21.793268769856866,18.04404704126403
1.0,61.04476437364431,83.45611246432108,122.64654770960661,57.67639272722627,90.89743543659418,119.70029704130215
