time,s1,s2,s3,s4,s5,s6
0.0,28.659409307680036,21.453849791824588,25.38226979740725,29.2899837079659,12.701066605352974,12.108742547731698
1.0,65.21149264104552,90.55801645856529,127.03851979745247,65.84206704134458,81.80523327209065,113.7649925477693
