time,s1,s2,s3,s4,s5,s6
0.0,10.705168053674445,29.744734037045678,26.901214290874403,12.656653156628927,27.05836062210642,12.296910943847767
1.0,47.2572513870403,98.84890070378702,128.55746429091968,49.20873649000704,96.16252728884373,113.95316094388588
