time,s1,s2,s3,s4,s5,s6
0.0,11.445892962131625,13.361145222563398,11.309995378505164,15.684439363877166,20.79431039978163,24.654854496931062
1.0,47.99797629549748,82.46531188930474,112.96624537855044,52.23652269725528,89.89847706651894,126.31110449696918
