time,s1,s2,s3,s4,s5,s6
0.0,13.851086540141486,15.471295073741052,12.295678783711976,10.976413433499642,11.292920932058061,22.296161209866014
1.0,50.403169873507345,84.5754617404824,113.95192878375725,47.52849676687776,80.39708759879538,123.95241120990413
