time,s1,s2,s3,s4,s5,s6
0.0,20.72901595363818,10.945038410202967,27.112384262935286,22.85412304329569,29.69604601722121,26.38021195688498
1.0,57.28109928700404,80.04920507694432,128.76863426298056,59.40620637667381,98.80021268395852,128.0364619569231
