time,s1,s2,s3,s4,s5,s6
0.0,23.610340575952833,23.906607285416843,27.56956195398349,27.764652017521605,23.794756490621822,12.124708456462656
1.0,60.16242390931869,93.01077395215819,129.22581195402876,64.31673535089972,92.89892315735914,113.78095845650077
