time,s1,s2,s3,s4,s5,s6
0.0,16.39052328123341,13.989550839242721,28.13035603693532,17.768158463331197,20.97190016988616,10.428914786208619
1.0,52.94260661459926,83.09371750598407,129.7866060369806,54.32024179670931,90.07606683662347,112.08516478624674
