time,s1,s2,s3,s4,s5,s6
0.0,19.042006782416244,16.442050138310364,22.601983196170394,12.9199759137795,10.510414555696867,27.261504786732633
1.0,55.5940901157821,85.54621680505171,124.25823319621567,49.47205924715762,79.61458122243418,128.91775478677076
