time,s1,s2,s3,s4,s5,s6
0.0,20.01199541675135,14.555621586681387,12.07786193061702,25.261189421558285,23.082732160052288,15.690736281574694
1.0,56.564078750117204,83.65978825342273,113.7341119306623,61.813272754936406,92.1868988267896,117.3469862816128
