time,s1,s2,s3,s4,s5,s6
0.0,22.844816028074618,11.12882095038782,22.89795427072858,18.763986373858227,24.84226035990568,14.458989873313373
1.0,59.396899361440475,80.23298761712917,124.55420427077385,55.316069707236345,93.946427026643,116.11523987335148
