time,s1,s2,s3,s4,s5,s6
0.0,20.0,20.0,20.0,20.0,20.0,20.0
1.0,56.76348685883303,88.26058035386714,122.09379300647942,57.540024680340935,88.66958953959863,122.7290020472296
