time,s1,s2,s3,s4,s5,s6
0.0,20.0,19.999999999999996,20.0,20.0,20.000000000000004,20.0
1.0,57.383102052175275,88.82497796937548,122.01935928690233,56.630810061891154,90.01167905035092,121.02172726632773
