time,s1,s2,s3,s4,s5,s6
0.0,20.0,20.000000000000004,20.0,20.0,19.999999999999996,20.0
1.0,57.1416490536557,88.68937679023826,120.69207280186811,56.33290226796706,90.15362009305989,121.21683642393853
