time,s1,s2,s3,s4,s5,s6
0.0,20.0,20.0,19.999999999999996,20.0,20.000000000000004,20.0
1.0,57.386171121864976,89.34656276183824,120.38218209067013,56.9907617241386,88.27948217192353,121.57069898684253
