time,s1,s2,s3,s4,s5,s6
0.0,20.0,19.999999999999996,20.0,20.0,20.0,20.0
1.0,56.70527567711087,88.68098898888536,121.28993118707044,56.56359688541239,87.79622751693152,121.8906017002802
