time,s1,s2,s3,s4,s5,s6
0.0,20.0,20.0,20.0,20.0,20.0,20.0
1.0,58.299920359932514,89.63609685478204,121.81072152628057,57.04525327588885,88.24793549589722,122.35079227216593
