time,s1,s2,s3,s4,s5,s6
0.0,20.0,19.999999999999996,20.0,20.0,20.0,20.0
1.0,56.329248981774356,89.11019716983141,122.0951781851634,56.87813734636523,90.16580133571263,121.00452107842268
