time,s1,s2,s3,s4,s5,s6
0.0,20.0,20.0,20.0,20.0,20.0,20.0
1.0,55.828322424108066,89.25007286259277,121.49813978590235,56.42143909398446,89.5382512056925,121.3646970387673
