time,s1,s2,s3,s4,s5,s6
0.0,20.0,20.000000000000004,20.0,20.0,20.0,20.0
1.0,56.98585044367919,88.82639132406278,122.38335747729862,56.45481237303633,89.49817792367065,121.38869551364016
