time,s1,s2,s3,s4,s5,s6
0.0,20.0,20.0,20.0,20.0,20.0,20.0
1.0,56.72610340796195,89.19677398981035,122.30029977908684,54.98308246581628,90.28616099344686,120.2930229821441
