time,s1,s2,s3,s4,s5,s6
0.0,20.0,20.0,20.0,20.0,20.0,20.0
1.0,56.734844863855514,89.30932091309224,121.1545025609162,55.776957933720915,89.12181766353318,121.46729686898296
