time,s1,s2,s3,s4,s5,s6
0.0,20.0,20.000000000000004,20.0,20.0,20.0,20.0
1.0,57.049241229147796,89.04395550545854,122.2986634465081,56.613925045055275,89.4359115114902,122.70780701323177
