time,s1,s2,s3,s4,s5,s6
0.0,20.0,19.999999999999996,20.0,19.999999999999996,19.999999999999996,20.000000000000004
1.0,56.779379845644726,89.00406815603317,120.70521171083044,57.28233054845481,88.00313890148611,122.96975465502769
