time,s1,s2,s3,s4,s5,s6
0.0,20.0,20.0,20.0,20.0,20.0,20.0
1.0,55.83513053618432,87.74228756952454,121.1772825462254,55.396717192441066,89.6186147972329,121.16092287269042
