time,s1,s2,s3,s4,s5,s6
0.0,20.0,20.0,20.0,20.0,20.0,20.0
1.0,56.71405089679594,88.17585277606746,122.82145645214004,57.51046093613891,90.0750414656254,121.08630182978071
