time,s1,s2,s3,s4,s5,s6
0.0,20.0,20.000000000000004,20.0,20.0,20.0,20.0
1.0,57.131763693663984,88.95995938307452,121.48358432444158,54.993677136690295,88.93530224666162,120.73200032183946
