time,s1,s2,s3,s4,s5,s6
0.0,20.0,20.0,20.0,20.0,20.0,20.0
1.0,56.725247391574584,88.20147965159644,120.65836359786587,55.906685340448085,87.88356811486166,121.19526810500906
