time,s1,s2,s3,s4,s5,s6
0.0,20.0,20.0,20.0,20.0,20.0,20.0
1.0,57.1258932874929,89.01924429245531,120.73811357920616,55.92624950216161,89.38964083723357,121.90366356074938
