time,s1,s2,s3,s4,s5,s6
0.0,20.0,20.0,20.0,20.0,20.000000000000004,20.0
1.0,56.138646358303866,89.65679449364191,121.88225713746502,58.73672271840229,87.43755360388896,120.93999443142565
