time,s1,s2,s3,s4,s5,s6
0.0,20.0,20.0,20.0,20.000000000000004,20.0,19.999999999999996
1.0,56.40189711318212,89.5810818755808,121.36694199467155,57.71248514170264,90.25345447602226,121.52744300092724
