time,s1,s2,s3,s4,s5,s6
0.0,20.0,20.0,20.0,20.0,20.000000000000004,20.0
1.0,56.8543970818138,88.74161037728456,120.76671370181475,56.25322362071003,88.88827390877891,121.8906738834194
