time,s1,s2,s3,s4,s5,s6
0.0,20.0,20.000000000000004,20.0,20.0,19.999999999999996,20.000000000000004
1.0,56.7287204483623,87.86325405275721,121.99829805202074,57.35619985969342,88.75359652587052,121.64266324864226
