time,s1,s2,s3,s4,s5,s6
0.0,20.0,20.0,20.0,20.0,20.0,20.000000000000004
1.0,57.010209145531185,90.28522789921779,121.11484511052552,56.22710008521168,88.39452074334626,121.96456864196462
