time,s1,s2,s3,s4,s5,s6
0.0,20.0,20.0,20.0,20.0,20.0,20.0
1.0,56.311900772475596,89.2551331460344,122.10415097273084,57.20619523118455,88.92165293277483,120.80769825975115
