time,s1,s2,s3,s4,s5,s6
0.0,20.0,20.0,20.0,20.0,20.000000000000004,20.0
1.0,55.99830507380221,89.38821817018726,122.37492515946684,57.33441390041433,87.92419429690842,122.20414199988777
