time,s1,s2,s3,s4,s5,s6
0.0,20.0,19.999999999999996,20.0,20.0,20.0,20.0
1.0,57.24381646556557,88.16035149335973,121.30329722516836,57.17030472016502,89.26103821019043,121.09973689954964
