time,s1,s2,s3,s4,s5,s6
0.0,20.0,20.0,20.0,20.0,20.0,20.0
1.0,56.87586463814675,88.95207342857256,121.28013280333809,56.56331807247319,89.46871829930853,121.09101243288546
