time,s1,s2,s3,s4,s5,s6
0.0,20.0,20.0,20.0,20.0,20.0,20.0
1.0,56.547163581853056,89.42124938355362,120.69813950333808,56.3004626261147,88.98162068080633,122.52400608899431
