time,s1,s2,s3,s4,s5,s6
0.0,20.0,19.999999999999996,20.0,20.0,20.0,20.000000000000004
1.0,56.68281633499789,89.09706506827709,121.01972043976974,55.8863659679053,89.98457251884713,122.12148493051521
