time,s1,s2,s3,s4,s5,s6
0.0,20.0,20.0,20.0,20.0,20.0,20.0
1.0,57.164304852811426,89.21725871285427,121.95225041730382,57.22794391497877,89.16045312092012,121.62644417122102
