time,s1,s2,s3,s4,s5,s6
0.0,20.0,20.0,20.0,20.0,20.0,20.0
1.0,55.74549847873287,89.91577517228684,121.14837818741307,57.86102639493729,88.59671100591973,120.63148088689455
