time,s1,s2,s3,s4,s5,s6
0.0,20.0,20.0,20.0,20.0,20.0,20.0
1.0,56.839918529556876,89.1743846476628,121.94233178229453,55.97613445425928,89.3806693808954,120.41138519080326
