time,s1,s2,s3,s4,s5,s6
0.0,20.0,20.0,20.0,20.0,19.999999999999996,20.0
1.0,56.23454430953727,87.94828406256707,121.4393274466068,56.00283553410233,89.57477903533089,122.2224656567914
