time,s1,s2,s3,s4,s5,s6
0.0,20.0,20.0,20.0,20.0,20.0,20.0
1.0,55.81830214062071,88.15880741597675,121.39080213212719,56.678709035337334,89.4294490844743,121.33971846826347
