time,s1,s2,s3,s4,s5,s6
0.0,20.0,20.0,20.0,19.999999999999996,20.0,20.0
1.0,55.08967749332544,88.35853575538603,121.92560597040091,55.74393682675929,89.57975252679046,120.82995948516884
