time,s1,s2,s3,s4,s5,s6
0.0,20.0,20.0,20.0,20.0,20.0,20.0
1.0,57.851062065988565,89.53111961193682,121.71274415145734,56.7920322867592,89.36026513658064,122.69957600548946
