time,s1,s2,s3,s4,s5,s6
0.0,20.0,20.0,20.0,20.0,20.0,20.0
1.0,57.85501218704557,89.53196919319957,121.2238309396168,56.931568201386476,89.26828869897965,122.67314553776532
