time,s1,s2,s3,s4,s5,s6
0.0,20.0,20.0,20.0,20.0,19.999999999999996,20.0
1.0,57.316189488138804,88.84018430453,122.08101148167674,56.10104110852087,88.61375860326868,120.53994567674475
