time,s1,s2,s3,s4,s5,s6
0.0,20.0,20.0,20.0,20.0,20.0,20.0
1.0,55.18999520477166,90.15075951305322,121.28394296565216,56.28398802260769,88.59000681087099,122.2917034300819
