time,s1,s2,s3,s4,s5,s6
0.0,20.0,20.0,20.0,20.0,20.0,20.0
1.0,55.51564423263018,89.48504911328513,122.42390599786549,55.77790179825308,88.8360198814088,120.0025744201549
