time,s1,s2,s3,s4,s5,s6
0.0,20.0,20.0,20.0,20.0,20.0,20.0
1.0,57.09529973456418,89.50810964814403,121.87016118276225,56.926699146667914,89.50694782746885,121.66665174319766
