time,s1,s2,s3,s4,s5,s6
0.0,20.0,19.999999999999996,19.999999999999996,20.0,20.0,20.0
1.0,57.81113238140568,88.46254530366122,120.85523200816672,58.03739811655748,88.44221016517669,120.48362571880538
