time,s1,s2,s3,s4,s5,s6
0.0,20.0,20.0,20.0,20.0,20.0,20.0
1.0,57.398692510758416,88.09309873969468,121.83292141113279,56.48316574604675,89.17695861223342,122.34319896605425
