time,s1,s2,s3,s4,s5,s6
0.0,20.0,20.0,20.0,20.0,20.0,20.0
1.0,56.56511102185664,88.61367931461469,121.8611845379368,57.11452393187555,89.36963595312314,122.20959923182659
