time,s1,s2,s3,s4,s5,s6
0.0,20.0,20.0,20.0,20.0,19.999999999999996,20.0
1.0,56.03279210884463,88.92669143372886,121.41134323355304,57.398848769677,88.88790377965118,121.60449085566603
