time,s1,s2,s3,s4,s5,s6
0.0,20.0,20.0,20.0,20.0,20.000000000000004,20.0
1.0,56.07388341935918,90.16729057873093,121.5189230559817,56.31712327725841,88.32011707603081,121.7810831777999
