time,s1,s2,s3,s4,s5,s6
0.0,20.0,20.0,20.0,20.0,20.0,20.0
1.0,56.24113055112501,89.50974090074365,120.58424303731178,56.540136931217425,88.49026004576454,122.13189837460723
