time,s1,s2,s3,s4,s5,s6
0.0,20.0,20.0,20.0,20.0,19.999999999999996,20.0
1.0,55.52689171399498,89.39430072630617,121.66799838983712,57.4711219018618,88.45204940039372,121.80212106567559
