time,s1,s2,s3,s4,s5,s6
0.0,20.0,20.0,20.0,20.0,20.000000000000004,20.0
1.0,55.94994685910727,88.66261041494727,121.67304157970739,56.748198184584396,88.42316245464448,121.62014611409177
