time,s1,s2,s3,s4,s5,s6
0.0,20.0,20.0,20.0,20.0,20.0,20.0
1.0,55.41635198475347,88.01204706022337,121.46689044794142,55.457553384490275,89.37047957605375,122.48883098391154
