time,s1,s2,s3,s4,s5,s6
0.0,20.0,20.0,20.0,20.0,19.999999999999996,20.0
1.0,56.323226871442,89.54773094930111,121.73511276896258,55.86380525842855,88.6109142255459,122.22079535769012
