time,s1,s2,s3,s4,s5,s6
0.0,20.0,20.0,20.0,20.0,20.0,20.0
1.0,57.11542998648961,88.37145548101226,120.51371873379786,56.749984625017625,89.60208442645757,121.69558758004885
