time,s1,s2,s3,s4,s5,s6
0.0,20.0,20.0,20.0,20.000000000000004,20.0,20.0
1.0,56.26343008640083,89.38347828980855,121.60248732142955,56.289519924317574,88.73991146804097,122.50259587961824
