time,s1,s2,s3,s4,s5,s6
0.0,20.0,20.000000000000004,20.0,20.0,20.0,20.0
1.0,55.38310411060493,88.75522066692275,121.65825468363366,56.73925428412109,90.94197917699502,121.04971418166113
