time,s1,s2,s3,s4,s5,s6
0.0,20.0,20.0,20.0,20.0,20.0,20.0
1.0,58.584683705557566,88.62526316199265,121.57792758935801,57.529328526020734,88.60051703093447,120.2948014964173
