time,s1,s2,s3,s4,s5,s6
0.0,20.0,20.0,20.0,20.0,20.0,20.0
1.0,57.744453543311074,89.28952456344331,122.58196606141716,57.03836269468847,88.97187738465188,122.17364071347203
