time,s1,s2,s3,s4,s5,s6
0.0,20.0,20.000000000000004,20.0,20.0,20.0,19.999999999999996
1.0,56.6061079799677,87.98322823544528,122.22521069878775,55.30104215435818,88.59386893201452,121.60053324518039
