time,s1,s2,s3,s4,s5,s6
0.0,20.0,20.0,20.0,20.000000000000004,19.999999999999996,20.0
1.0,56.524759823101306,90.16647658324541,122.30500936405107,57.48420760834696,88.5071675805512,120.99113960478067
