time,s1,s2,s3,s4,s5,s6
0.0,20.0,20.0,20.0,20.0,20.0,20.0
1.0,56.38898004643149,89.61617645119456,121.09205536841706,55.81945810178562,89.10920843390795,121.68675599367262
