time,s1,s2,s3,s4,s5,s6
0.0,20.0,20.0,20.0,20.0,20.0,20.0
1.0,56.45323181310954,90.45516498838141,122.87463512861939,56.918830361060294,89.72827525173966,122.41899875776033
