time,s1,s2,s3,s4,s5,s6
0.0,20.0,20.0,20.0,20.0,20.0,20.0
1.0,55.76579206309545,88.9166901769523,121.31433902195124,57.463308824274876,90.72871659272614,121.17781744057537
