time,s1,s2,s3,s4,s5,s6
0.0,20.0,20.0,20.0,20.0,20.0,20.0
1.0,55.5096572639799,89.10175948854605,121.44629629703468,56.36455091146498,88.54699366470395,121.19094074609002
