time,s1,s2,s3,s4,s5,s6
0.0,20.0,19.999999999999996,20.000000000000004,20.0,20.0,20.0
1.0,56.834053790683456,89.02063501242047,121.40597394658135,56.05317626587555,88.71003932818,122.34725335453997
