time,s1,s2,s3,s4,s5,s6
0.0,20.0,20.0,20.0,20.0,20.000000000000004,20.0
1.0,54.85047241687845,89.65305759477997,121.18802254719631,56.33404078299159,88.76820232160688,121.86505985528855
