time,s1,s2,s3,s4,s5,s6
0.0,20.0,20.0,20.0,20.000000000000004,20.0,20.0
1.0,55.894325929576965,89.21071545001911,122.12517275418091,56.28948683331001,89.30816817608392,122.22120654144106
