time,s1,s2,s3,s4,s5,s6
0.0,20.0,20.0,20.0,20.0,20.0,20.0
1.0,57.709429049542145,89.27215832573123,122.3561069383029,56.74660497899,89.36069663492856,121.54445255195365
