time,s1,s2,s3,s4,s5,s6
0.0,20.0,20.0,20.0,20.0,20.0,20.0
1.0,55.27311638780388,88.17462091693211,121.56821912681724,55.68159021398733,87.8620590724029,121.0829258922032
