time,s1,s2,s3,s4,s5,s6
0.0,20.0,20.0,20.0,20.0,20.0,20.0
1.0,56.846243831548676,89.3242853327251,121.66693046905962,57.25401625168158,89.66578659006898,122.55523155962196
