time,s1,s2,s3,s4,s5,s6
0.0,20.0,20.0,20.0,20.0,20.0,19.999999999999996
1.0,55.407332990913034,88.15570757065588,120.93503336979127,56.649788419128335,89.67951355219563,121.60470267154383
