time,s1,s2,s3,s4,s5,s6
0.0,20.0,20.0,20.0,20.0,20.0,20.0
1.0,56.24062280085045,89.37047291722908,121.88081406059692,56.63694735625498,88.03168517166756,121.53118522758172
