time,s1,s2,s3,s4,s5,s6
0.0,20.0,20.0,20.0,20.0,20.000000000000004,20.0
1.0,55.56028012113527,88.22690983347925,121.49545527026243,57.52156195880164,88.4992404980289,120.04525037272145
