time,s1,s2,s3,s4,s5,s6
0.0,20.000000000000004,20.0,20.0,20.0,20.0,20.0
1.0,55.98521528475597,88.12206806894062,122.68974792427633,58.15876957289316,89.13191650692255,121.82924369109095
