time,s1,s2,s3,s4,s5,s6
0.0,20.0,20.0,20.0,20.0,20.0,20.000000000000004
1.0,57.56777001552126,89.68750917815782,120.9099512549931,55.791713121013984,89.50939475765057,121.67048389361406
