time,s1,s2,s3,s4,s5,s6
0.0,20.0,19.999999999999996,20.0,20.0,20.0,20.0
1.0,56.59946558884752,88.96439960169185,121.86016685062324,56.24344288852798,88.91657843309855,121.37803524450557
