time,s1,s2,s3,s4,s5,s6
0.0,20.0,20.0,20.0,20.0,20.000000000000004,20.0
1.0,57.292097675041646,90.1996732809001,121.81540975457959,55.800576130612086,89.07189509362142,122.45568569831312
