time,s1,s2,s3,s4,s5,s6
0.0,20.0,20.0,20.0,19.999999999999996,20.0,20.0
1.0,56.22960622444798,87.68795997761278,122.0903822114038,56.788284753303245,88.96914606934844,122.77908821516934
