time,s1,s2,s3,s4,s5,s6
0.0,20.0,20.0,20.0,20.0,20.0,20.000000000000004
1.0,56.911304131616575,89.15495426931902,122.62557323356938,56.15426593230544,89.13589396083627,121.96624452166984
