time,s1,s2,s3,s4,s5,s6
0.0,20.0,20.0,20.0,20.0,20.0,20.000000000000004
1.0,53.83464899088379,89.09415817768287,121.37815879051487,56.84084711266968,89.74035077538989,120.8596969860151
