time,s1,s2,s3,s4,s5,s6
0.0,20.0,20.0,20.0,20.000000000000004,20.0,20.0
1.0,55.924579703470556,90.13352944073634,120.79591135588149,55.84784764807506,89.73383613174417,121.86087295160664
