time,s1,s2,s3,s4,s5,s6
0.0,20.0,20.0,20.0,19.999999999999996,20.0,20.0
1.0,56.968408092093995,89.54654559459675,121.47245430928105,56.405963504438716,88.18097497093889,120.72277108416169
