time,s1,s2,s3,s4,s5,s6
0.0,20.0,20.0,20.0,20.0,20.0,20.0
1.0,56.195070212655295,88.40583227803299,121.02734074652845,55.57300288601095,88.01996691327112,121.18638793453718
