time,s1,s2,s3,s4,s5,s6
0.0,20.0,20.0,20.0,20.0,20.0,20.0
1.0,56.54662407659552,88.44987398601705,121.32990228024488,56.12541229773741,89.04761808826548,121.0556470620516
