time,s1,s2,s3,s4,s5,s6
0.0,20.0,20.0,20.0,20.0,20.0,20.0
1.0,56.39632865043245,89.60459711177423,121.50860145573374,57.040896534204784,89.11703121138464,121.66452984426557
