time,s1,s2,s3,s4,s5,s6
0.0,20.0,20.0,20.0,20.0,20.0,20.0
1.0,56.41314798298502,89.17052463246524,120.89482503614107,56.49228419743904,88.32576482668792,122.13726242518413
