time,s1,s2,s3,s4,s5,s6
0.0,20.0,20.0,20.0,20.0,20.0,20.000000000000004
1.0,56.06615429534752,90.43443737869748,122.80454118500903,56.865904256363656,88.33337494486643,121.117904281832
