time,s1,s2,s3,s4,s5,s6
0.0,20.0,20.0,20.000000000000004,20.0,20.000000000000004,20.0
1.0,56.83804286709983,88.67647153003651,120.75424943932848,56.649297935800334,89.79454184577789,121.61609065566265
