time,s1,s2,s3,s4,s5,s6
0.0,20.0,20.0,20.0,20.0,20.0,20.0
1.0,56.32800286796197,89.15549452857823,120.33195165899279,57.089560540893096,90.01335930240364,122.24535372028157
