time,s1,s2,s3,s4,s5,s6
0.0,20.0,20.0,20.0,20.0,19.999999999999996,20.0
1.0,57.60233210290506,88.70209485124397,121.62564594212519,56.4843810373367,88.8965826213632,122.02516447498965
