time,s1,s2,s3,s4,s5,s6
0.0,20.0,20.0,20.0,20.0,20.0,20.0
1.0,55.43845136095514,88.69044088982515,122.6119630235952,57.290313685918996,88.58889271246319,122.08954555018161
