time,s1,s2,s3,s4,s5,s6
0.0,20.0,20.0,20.0,20.0,20.0,19.999999999999996
1.0,56.66527633242629,88.8332151473769,122.66670964973392,56.644132645503,88.91240224157957,120.624307776909
