time,s1,s2,s3,s4,s5,s6
0.0,20.0,20.0,20.0,20.0,20.000000000000004,20.0
1.0,56.44669383696112,89.90727400162426,120.78450317783587,56.435488103208115,88.38140653567339,120.84412476862761
