time,s1,s2,s3,s4,s5,s6
0.0,20.0,19.999999999999996,20.0,20.0,19.999999999999996,20.0
1.0,57.257273269297755,89.01070802773863,121.97838317485812,56.547483971415964,88.49006836840397,121.01104951336669
