time,s1,s2,s3,s4,s5,s6
0.0,20.0,20.0,20.0,19.999999999999996,20.0,20.0
1.0,58.139364934272365,88.97388220413819,121.50683959226059,56.33976722595065,89.19163386343072,121.6156696823122
