time,s1,s2,s3,s4,s5,s6
0.0,20.0,20.0,20.0,20.0,20.0,20.0
1.0,56.56019016048702,88.32027956453348,120.75822438058722,56.02148240177068,89.1562820067862,121.8345598539297
