time,s1,s2,s3,s4,s5,s6
0.0,20.0,20.000000000000004,20.0,20.0,20.0,20.0
1.0,56.2794553945366,89.09181433842437,121.68161903089828,56.31268188078941,88.24220063231056,122.64846566405859
