time,s1,s2,s3,s4,s5,s6
0.0,20.0,19.999999999999996,20.0,20.0,19.999999999999996,20.000000000000004
1.0,55.381106788407024,89.33045252851682,122.24549283325254,57.27948342371279,88.77979700876509,121.54224148886341
