time,s1,s2,s3,s4,s5,s6
0.0,20.0,20.0,20.0,20.0,20.0,20.0
1.0,55.7914345471919,88.00369395482078,121.11408231427247,56.66413511675046,89.70754644921954,120.70144401250428
