time,s1,s2,s3,s4,s5,s6
0.0,20.0,20.0,20.0,20.0,19.999999999999996,20.0
1.0,57.61622526863167,88.11344691005283,121.44152281659669,56.97193427400583,89.8803341406652,122.0921014358094
