time,s1,s2,s3,s4,s5,s6
0.0,20.0,19.999999999999996,20.0,20.0,20.0,20.0
1.0,57.425381579505114,88.48981766009777,121.44526605352752,55.0391426875336,89.43941114483044,120.77367174152859
