time,s1,s2,s3,s4,s5,s6
0.0,20.0,20.0,20.0,20.0,20.0,19.999999999999996
1.0,56.29816738059227,88.84190979996872,122.91537633325242,57.135988598123696,88.53492454562455,121.64655081539267
