time,s1,s2,s3,s4,s5,s6
0.0,20.0,20.0,20.0,20.0,20.0,20.0
1.0,56.52803912113686,89.23381627806067,121.86042099162208,56.16610765974352,88.37332253594681,121.48875596096032
