time,s1,s2,s3,s4,s5,s6
0.0,20.0,20.0,20.0,19.999999999999996,20.0,20.0
1.0,56.01682101681487,89.11110781397794,121.28169474475251,56.38310658908098,88.65528868828228,121.40457867636754
