time,s1,s2,s3,s4,s5,s6
0.0,20.0,20.0,20.0,20.0,20.0,20.0
1.0,56.09425518092265,90.09624346013757,121.65501370063593,56.44407813311818,88.52497546890025,121.88002866951811
