time,s1,s2,s3,s4,s5,s6
0.0,20.0,20.0,20.0,20.0,20.0,20.0
1.0,56.324709291348796,89.96320498296686,121.89712239155367,57.415486340231425,89.40728175965572,121.09962963305738
