time,s1,s2,s3,s4,s5,s6
0.0,20.0,20.0,20.0,19.999999999999996,20.0,20.0
1.0,55.90490242423924,88.58326392811601,121.86270532785741,56.40373475316494,88.14655244305061,121.78158471734106
