time,s1,s2,s3,s4,s5,s6
0.0,20.0,20.0,20.0,20.0,20.0,20.0
1.0,57.00980981217433,90.60067243454775,121.8519850373907,57.67332992782154,89.47239699675089,120.42901310536382
