time,s1,s2,s3,s4,s5,s6
0.0,20.0,20.0,20.0,20.0,20.0,20.000000000000004
1.0,57.336186595047394,89.69318365505504,122.08709111118345,55.78385998844119,88.750476060237,121.30952972229119
