time,s1,s2,s3,s4,s5,s6
0.0,20.0,20.0,20.0,20.0,20.0,20.0
1.0,56.214609794620074,90.07267722634182,121.21587174164095,56.139142264193765,89.9526907103581,122.49193096721623
