time,s1,s2,s3,s4,s5,s6
0.0,20.0,20.0,20.0,20.0,20.0,20.0
1.0,56.802276176098566,89.4916358000217,121.21904695085576,57.35366563338954,89.58025134274915,120.87051493386892
