time,s1,s2,s3,s4,s5,s6
0.0,20.0,19.999999999999996,20.0,20.000000000000004,20.0,20.0
1.0,56.85155238678455,87.79086332003166,122.3010059469527,57.51530358644427,88.52146213597705,121.43854621314802
