time,s1,s2,s3,s4,s5,s6
0.0,20.0,20.0,20.0,19.999999999999996,20.0,19.999999999999996
1.0,56.738438346397686,90.4105060782657,121.62086035840504,56.32115943119169,88.99382997911336,121.32297653784337
