time,s1,s2,s3,s4,s5,s6
0.0,20.000000000000004,20.0,20.0,20.0,19.999999999999996,20.0
1.0,56.1639168315772,89.08584220121041,121.19778536247728,56.63173527673058,88.57358390107755,121.62840905496354
