time,s1,s2,s3,s4,s5,s6
0.0,20.0,20.0,20.0,20.0,20.0,20.000000000000004
1.0,57.213067572450086,88.75594832451945,121.99476452521245,56.92095803827524,89.72147342430847,121.46847586975579
