time,s1,s2,s3,s4,s5,s6
0.0,20.0,20.0,20.0,20.0,20.000000000000004,19.999999999999996
1.0,57.56957959188734,90.59213817077688,121.19811629625089,56.37533313480143,89.67724572270235,122.51065607501184
