time,s1,s2,s3,s4,s5,s6
0.0,20.0,20.0,20.0,20.0,20.0,20.0
1.0,57.39462867097552,89.1914747585528,121.69729981589771,56.08688573194412,89.00832147124602,120.95948776270515
