time,s1,s2,s3,s4,s5,s6
0.0,20.0,20.000000000000004,20.0,20.0,19.999999999999996,20.0
1.0,57.15613138640826,88.94445487187573,122.43042455566325,56.823329172448425,89.37816720730112,122.69518256878764
