time,s1,s2,s3,s4,s5,s6
0.0,20.0,20.0,20.0,20.0,20.0,20.0
1.0,55.90389597000663,88.18572188219191,121.59972498881098,56.62968969995114,89.54409444564665,120.69535532511193
