time,s1,s2,s3,s4,s5,s6
0.0,20.0,20.0,20.0,20.000000000000004,20.0,20.0
1.0,56.256671415680145,90.15064194237794,121.39221200404299,58.637758211637646,88.58261506738079,121.06220713790212
