time,s1,s2,s3,s4,s5,s6
0.0,20.0,20.000000000000004,20.0,20.0,20.0,20.0
1.0,56.59238109010987,88.69909432471742,121.90442601121137,57.01914279449049,89.75201368663456,121.98079734491469
