time,s1,s2,s3,s4,s5,s6
0.0,20.0,20.0,20.0,20.0,20.0,20.0
1.0,56.147243521884334,88.86543083577378,121.83228073917553,56.914603189584874,89.29351514057262,121.0087990983844
