time,s1,s2,s3,s4,s5,s6
0.0,20.0,20.0,20.0,20.0,20.0,20.0
1.0,56.001861204880164,88.75179913763922,122.20263712178276,55.21640251398064,88.08543704508361,121.36130288196217
