time,s1,s2,s3,s4,s5,s6
0.0,20.0,20.0,20.0,20.0,20.0,20.0
1.0,56.2860515436314,89.95082814406594,122.51015088985396,56.41025546822542,88.57356934187372,121.93994271932634
