time,s1,s2,s3,s4,s5,s6
0.0,20.0,20.0,20.0,20.0,20.0,20.0
1.0,57.4098684079549,89.62588953547856,122.41441080929116,56.716678033442456,89.02842071191924,121.29803146056709
