time,s1,s2,s3,s4,s5,s6
0.0,20.0,20.0,20.0,20.0,20.0,20.0
1.0,56.8931425134808,88.7604636948566,121.66665523847831,56.95858698762285,88.99658483782727,122.2045846920007
