time,s1,s2,s3,s4,s5,s6
0.0,20.0,20.0,20.0,20.0,20.0,20.0
1.0,56.216789009970405,88.66510006428418,121.11787999374141,55.39819778079091,89.0418609321567,121.1383735419784
