time,s1,s2,s3,s4,s5,s6
0.0,20.0,20.0,20.0,20.0,20.0,20.0
1.0,56.702453072635514,89.5268583154878,121.15859673667364,56.255462222127846,88.80590790106174,121.37555366371888
