time,s1,s2,s3,s4,s5,s6
0.0,20.0,20.0,20.0,20.0,20.0,19.999999999999996
1.0,56.175978273416405,88.32956109125426,122.02310512650578,55.635410836049374,89.49728598588192,121.93722878934406
