time,s1,s2,s3,s4,s5,s6
0.0,20.0,20.0,20.0,19.999999999999996,19.999999999999996,19.999999999999996
1.0,56.880900597255206,89.6429456242795,121.40439557187996,56.73981037864948,89.39747080111594,121.38911221402192
