time,s1,s2,s3,s4,s5,s6
0.0,20.0,20.0,20.0,20.0,20.0,20.0
1.0,57.62349462895646,89.12343574609105,122.32551385541726,56.53757978181417,88.91051039315049,122.00940094586815
