time,s1,s2,s3,s4,s5,s6
0.0,20.0,20.0,20.0,20.000000000000004,20.0,20.000000000000004
1.0,55.93740332630722,89.34299521568389,121.05284473132545,56.207892819820266,88.60822006143873,121.16626085507077
