time,s1,s2,s3,s4,s5,s6
0.0,20.0,20.0,20.0,20.0,20.0,20.0
1.0,57.033242139577084,90.18125167629752,121.15981397434216,56.64615128827262,89.07239208306375,122.04630888154675
