time,s1,s2,s3,s4,s5,s6
0.0,20.0,19.999999999999996,20.0,20.0,20.0,20.0
1.0,57.517250822796505,88.43527032503935,120.66248496060506,55.86184299805071,89.80757546815741,121.23931741271642
