time,s1,s2,s3,s4,s5,s6
0.0,20.0,20.0,20.0,20.000000000000004,20.0,20.0
1.0,57.080853416530104,88.84838937231147,122.22090280058106,56.81838243773599,89.22928264152297,121.55978688920715
