time,s1,s2,s3,s4,s5,s6
0.0,20.0,20.0,20.0,20.0,19.999999999999996,20.0
1.0,56.904579241853355,88.22454862256545,122.19676190979436,55.66262829444257,88.87317462388859,122.14010953875301
