time,s1,s2,s3,s4,s5,s6
0.0,20.0,20.0,20.0,20.0,20.0,20.0
1.0,56.541007073795,89.62131788629648,123.18503641431181,57.27111668196658,90.33330400910896,122.26620412403139
