time,s1,s2,s3,s4,s5,s6
0.0,20.0,20.0,20.0,20.0,20.0,20.000000000000004
1.0,56.75277760769339,89.53086365080944,121.42279542749863,55.73815704568961,88.76996740605922,123.32700826485761
