time,s1,s2,s3,s4,s5,s6
0.0,20.0,20.0,20.0,20.0,20.0,20.0
1.0,57.249402129583174,89.65363706035234,122.08193950643403,56.46580998124118,88.98788073636305,121.49025045597739
