time,s1,s2,s3,s4,s5,s6
0.0,20.0,19.999999999999996,20.0,19.999999999999996,19.999999999999996,20.0
1.0,55.63293473078426,88.42730896334567,121.6273016116436,56.08796542061718,89.21523596698486,121.74023895201842
