time,s1,s2,s3,s4,s5,s6
0.0,20.0,20.000000000000004,20.0,20.0,20.0,20.0
1.0,56.94641931657973,87.95153800902685,121.90480597049438,54.91124367789881,88.6190239264315,121.39723451744099
