time,s1,s2,s3,s4,s5,s6
0.0,20.0,20.0,20.0,20.0,20.000000000000004,20.0
1.0,56.364338430977284,89.02318032002835,121.62326232369176,58.22215477183643,90.41701785691251,123.05598900985305
