time,s1,s2,s3,s4,s5,s6
0.0,20.0,20.0,20.0,20.0,20.0,20.000000000000004
1.0,55.34349925199659,89.49531325134342,121.91014156087488,57.91355878430657,89.15915486615188,121.41052063623681
