time,s1,s2,s3,s4,s5,s6
0.0,20.0,20.0,20.0,20.0,20.0,20.000000000000004
1.0,56.78105884769465,89.13770370381448,122.63551000726099,57.19762006678134,88.17408722487004,121.10541007891163
