time,s1,s2,s3,s4,s5,s6
0.0,20.0,20.0,20.0,20.0,20.0,20.0
1.0,54.782927021221134,88.74090018773,122.26051640907798,56.6345298635264,89.7348411761053,121.01594358393788
