time,s1,s2,s3,s4,s5,s6
0.0,20.0,20.0,20.0,20.0,20.0,20.0
1.0,56.13004327628711,88.12853962754886,121.43287910626856,55.49688948427201,90.06052010950768,122.40286661900325
