time,s1,s2,s3,s4,s5,s6
0.0,20.0,20.0,20.0,20.0,20.0,20.0
1.0,56.26186373798417,87.73628499161438,122.70981063242758,56.04408075682596,89.43785733102212,122.25542503273257
