time,s1,s2,s3,s4,s5,s6
0.0,20.0,20.0,20.0,19.999999999999996,19.999999999999996,20.0
1.0,55.732419333099934,89.10767425191831,121.849128136773,56.629755343958884,88.78527604613019,121.3620576026224
