time,s1,s2,s3,s4,s5,s6
0.0,20.000000000000004,20.0,20.0,20.0,20.0,20.0
1.0,56.49959192413129,89.3149482588996,122.6810069448567,57.23124676106247,89.3016676299607,121.76481197228384
