time,s1,s2,s3,s4,s5,s6
0.0,20.0,20.000000000000004,20.0,20.000000000000004,20.0,20.0
1.0,55.99484681501748,88.6708393028629,122.09680641756646,56.57525282030471,88.56086425302703,122.13038808430541
