time,s1,s2,s3,s4,s5,s6
0.0,20.0,20.0,20.0,20.0,20.0,20.0
1.0,55.659933311587295,90.08847379216658,121.72965947459758,56.680304705147165,87.98240747613869,121.5973955661122
