time,s1,s2,s3,s4,s5,s6
0.0,19.999999999999996,20.000000000000004,19.999999999999996,20.0,20.0,20.000000000000004
1.0,55.87356700570882,88.88122535959347,121.24106541852623,56.189679586524534,89.28257977131041,121.88605690729794
