time,s1,s2,s3,s4,s5,s6
0.0,20.0,20.0,20.0,20.0,20.0,20.0
1.0,55.9559762269222,90.43102278592497,122.89759536532209,56.241837751008305,90.05361268450407,121.67362116453663
