time,s1,s2,s3,s4,s5,s6
0.0,20.0,20.0,20.0,20.0,20.0,20.0
1.0,56.13346299988014,89.1567134012154,122.86643571078154,56.05174842949741,88.00583694149948,122.9179598923532
