time,s1,s2,s3,s4,s5,s6
0.0,20.0,20.0,20.0,20.0,20.000000000000004,20.0
1.0,56.891489243518016,89.38543455253864,122.24307205150515,55.5452226883378,89.1246381251428,121.8485198518977
