time,s1,s2,s3,s4,s5,s6
0.0,20.0,20.0,20.0,20.0,20.000000000000004,20.0
1.0,56.39042022020847,89.74171204656281,121.55831433866841,57.06749896304716,87.49468781806407,122.09768356075674
