time,s1,s2,s3,s4,s5,s6
0.0,20.0,20.0,20.0,20.0,20.0,20.0
1.0,56.56781573032572,89.19220863734391,121.02299287759499,57.234031634488645,88.89691634206187,121.9723879032516
