time,s1,s2,s3,s4,s5,s6
0.0,20.0,20.000000000000004,20.0,20.0,20.0,20.0
1.0,57.59204316839287,89.9376286146849,121.83437117112109,56.17635749396541,88.15377932105919,121.48454121723499
