time,s1,s2,s3,s4,s5,s6
0.0,20.0,20.0,20.0,20.0,20.0,20.000000000000004
1.0,55.987717730848125,90.1778451747002,122.03842417959247,56.155199741116654,89.37491732772969,121.7689310564941
