time,s1,s2,s3,s4,s5,s6
0.0,20.0,20.0,20.0,20.0,20.0,20.0
1.0,57.14110035807725,90.24688321634443,122.04813411070532,56.35551182665779,90.06776381009276,121.96342441368141
