time,s1,s2,s3,s4,s5,s6
0.0,19.999999999999996,20.000000000000004,20.0,20.0,19.999999999999996,20.0
1.0,56.16974050069496,88.30385981788442,122.55924880066749,56.88561282875486,89.7869782324219,122.36321857292394
