time,s1,s2,s3,s4,s5,s6
0.0,20.0,20.0,20.0,20.000000000000004,20.0,20.0
1.0,56.653547715177694,89.27063927752477,122.38117358021442,56.9167544521655,89.34820541654706,122.82626628186895
