time,s1,s2,s3,s4,s5,s6
0.0,20.0,20.0,20.0,20.000000000000004,19.999999999999996,20.0
1.0,58.10175791951394,89.23101306243174,122.19977222254691,56.896079819201766,88.89186883118155,121.35738668611415
