time,s1,s2,s3,s4,s5,s6
0.0,20.0,19.999999999999996,20.0,20.0,20.0,20.0
1.0,57.518687576668725,89.72571869591707,120.06266639239222,56.167293885873335,89.66702486964203,122.15073932170594
