time,s1,s2,s3,s4,s5,s6
0.0,20.0,20.0,20.0,20.0,20.0,20.0
1.0,55.43848151691901,90.28324091660693,121.03154139654765,56.13978692052306,87.98151522655513,122.97441222526935
