time,s1,s2,s3,s4,s5,s6
0.0,20.0,20.0,20.0,20.0,19.999999999999996,20.0
1.0,56.75002374422016,89.71994214664474,122.8610684469555,56.5506357441812,89.27028178208953,119.94817208128168
