time,s1,s2,s3,s4,s5,s6
0.0,20.0,20.0,20.0,20.000000000000004,20.0,19.999999999999996
1.0,56.55214499639573,89.62245689167192,122.4490127088743,56.86283699161147,87.75558929819755,122.09100810982069
