time,s1,s2,s3,s4,s5,s6
0.0,20.000000000000004,20.000000000000004,20.0,20.0,20.0,20.000000000000004
1.0,56.26453864085547,88.90502398298158,121.25632691293289,56.37905306126033,89.0065576746214,121.79602860732157
