time,s1,s2,s3,s4,s5,s6
0.0,20.0,20.0,20.0,20.0,20.0,20.0
1.0,55.39458402101121,89.2057427146009,121.86709090593544,57.097842529459115,89.63406810449229,121.33487531448188
