time,s1,s2,s3,s4,s5,s6
0.0,20.0,20.0,20.0,19.999999999999996,20.0,20.0
1.0,57.015770893982435,89.00004960308374,121.43940378066154,57.29361591298639,88.50393528288983,122.02179329721511
