time,s1,s2,s3,s4,s5,s6
0.0,20.0,20.0,20.0,19.999999999999996,20.0,20.0
1.0,56.43979982491395,89.36046185426952,121.71797686052935,55.58336312877451,89.24986504794552,122.04389676088614
