time,s1,s2,s3,s4,s5,s6
0.0,20.0,20.0,20.0,20.0,20.0,20.0
1.0,55.99759160311407,90.0867237769081,121.1546583018432,56.844638920301065,88.45991494991902,120.4320839626788
