time,s1,s2,s3,s4,s5,s6
0.0,20.000000000000004,20.0,20.0,20.0,20.0,20.0
1.0,55.800853432704386,88.90771510475662,122.12091188075941,55.44196439551857,88.70983770151595,121.496612267856
