time,s1,s2,s3,s4,s5,s6
0.0,20.0,20.0,20.0,19.999999999999996,20.0,20.0
1.0,55.9513276187307,89.33606399809494,121.74590166963773,56.659201881566666,89.54452045084362,122.07415725302863
