time,s1,s2,s3,s4,s5,s6
0.0,20.0,20.0,20.0,20.0,19.999999999999996,20.0
1.0,55.64091311329307,89.07240545753848,121.31874719796599,57.34534843863141,88.23140645295781,122.63081622939805
