time,s1,s2,s3,s4,s5,s6
0.0,20.0,20.0,20.0,20.0,20.000000000000004,20.0
1.0,56.55150082913488,88.80100481597808,121.70999577703387,56.418529128382154,88.69149833474349,122.01614363066932
