time,s1,s2,s3,s4,s5,s6
0.0,20.0,20.0,20.0,20.0,20.0,19.999999999999996
1.0,55.96698348300246,88.87008442293632,121.29375515008974,56.529714944362425,89.87947363426873,121.03475304489439
