time,s1,s2,s3,s4,s5,s6
0.0,20.0,20.0,20.000000000000004,20.0,20.0,20.0
1.0,56.818439850914444,90.39681007194577,121.52439027700098,55.83780565990284,89.70510129017836,120.25908905256819
