time,s1,s2,s3,s4,s5,s6
0.0,20.0,20.0,20.0,20.0,20.000000000000004,20.0
1.0,55.4339923320608,88.53451969909527,121.49772448406421,56.41887996792436,88.45819764542263,120.98579627642923
