time,s1,s2,s3,s4,s5,s6
0.0,20.0,20.0,20.0,19.999999999999996,19.999999999999996,20.0
1.0,56.05134210568866,88.83521546553538,121.72402388577896,55.824191789384855,88.72687068366996,121.28579690283298
