time,s1,s2,s3,s4,s5,s6
0.0,20.0,19.999999999999996,20.0,20.000000000000004,20.0,20.000000000000004
1.0,56.55109007814548,89.70069142336993,121.98319063433661,55.83436758095333,89.70926581294492,121.25711647675294
