time,s1,s2,s3,s4,s5,s6
0.0,20.0,20.0,20.0,20.0,20.0,20.0
1.0,56.94810572294574,89.18165579813454,120.93619530728606,55.90138967971683,90.35487283985421,122.48805673460147
