time,s1,s2,s3,s4,s5,s6
0.0,20.0,20.0,20.0,20.0,20.0,19.999999999999996
1.0,57.04440673825209,89.53888845678718,121.83477450117827,57.200585878290845,88.99360154703682,121.42827672006621
