time,s1,s2,s3,s4,s5,s6
0.0,20.0,20.000000000000004,20.0,20.0,20.0,20.0
1.0,57.0179112187335,89.84809848270297,120.97082213619763,56.93237903511488,89.5673266571101,123.26950310284606
