time,s1,s2,s3,s4,s5,s6
0.0,20.0,20.0,20.0,20.0,20.0,20.0
1.0,57.15453594530526,88.72485351032759,120.75776352482535,56.31079329579496,90.59499960649273,121.40648578728126
