time,s1,s2,s3,s4,s5,s6
0.0,20.0,20.0,20.0,20.0,20.0,20.0
1.0,57.53568796148047,89.5852159606496,121.08613202864697,57.393973315684086,87.9041155514918,122.27254527280085
