time,s1,s2,s3,s4,s5,s6
0.0,20.0,20.000000000000004,20.0,20.0,20.0,20.0
1.0,57.088222792240614,88.36445370825695,122.5518324916694,56.3820208855453,89.10522376165783,121.00282986592767
