time,s1,s2,s3,s4,s5,s6
0.0,20.0,20.0,20.0,20.000000000000004,20.000000000000004,20.0
1.0,56.26627172537141,89.19281713052229,122.53357174362691,57.66927157307766,90.10932642291992,120.92786322766213
