time,s1,s2,s3,s4,s5,s6
0.0,20.0,20.0,20.0,20.0,20.0,20.0
1.0,55.54565630521462,88.6104716335397,120.5697874640014,55.636234328658624,89.56271612256585,120.46886761367851
