time,s1,s2,s3,s4,s5,s6
0.0,20.0,20.0,20.0,20.0,20.000000000000004,20.0
1.0,57.71973378211227,89.5877932557136,120.81443909935625,56.92821524989479,88.74192594365209,121.79618959253298
