time,s1,s2,s3,s4,s5,s6
0.0,20.0,20.0,20.0,20.0,20.0,20.0
1.0,57.45841630601442,88.07178392171112,121.65467267621602,56.83606497742426,89.5200834352053,122.0256854981534
