time,s1,s2,s3,s4,s5,s6
0.0,20.0,20.0,20.0,20.0,20.0,20.0
1.0,56.39611242957014,89.09308354405937,120.87083245121643,56.11844682648365,87.77150075811562,122.01802301434905
