time,s1,s2,s3,s4,s5,s6
0.0,20.0,20.0,20.0,20.0,20.0,20.000000000000004
1.0,55.88952540258842,88.90106611198952,122.25747954725199,55.5562976431175,89.16631442245036,121.78659371601182
