time,s1,s2,s3,s4,s5,s6
0.0,20.0,20.0,20.0,20.0,20.0,20.0
1.0,55.32642295821253,89.77340943291597,121.34894554705112,57.86954659741107,89.5006899522432,121.18735052351192
