time,s1,s2,s3,s4,s5,s6
0.0,20.0,20.0,20.0,20.0,20.0,20.0
1.0,56.12996918842376,88.5236513736877,121.75174305460772,56.17349368163486,88.3602839482827,121.63271325862075
