time,s1,s2,s3,s4,s5,s6
0.0,20.0,20.0,20.0,20.0,20.0,20.0
1.0,56.187148101488205,89.66970163399992,121.4666921582033,56.790391232506714,89.03389254501347,120.83614113809907
