time,s1,s2,s3,s4,s5,s6
0.0,20.0,19.999999999999996,20.0,20.0,20.0,20.000000000000004
1.0,55.95099696282356,88.92989398008218,121.51704799421572,56.828778169648444,88.37432398916884,120.8704772576796
