time,s1,s2,s3,s4,s5,s6
0.0,20.0,20.0,20.0,20.0,20.0,20.0
1.0,56.35301782381886,89.29959236484302,120.95761598810907,56.3810417860585,89.87155768007844,121.95968173449556
