time,s1,s2,s3,s4,s5,s6
0.0,20.0,20.0,20.0,20.0,20.0,20.0
1.0,57.28564453730494,88.95401995456895,122.09473818051306,56.428734669709016,89.37018170270758,121.09937289100205
