time,s1,s2,s3,s4,s5,s6
0.0,20.0,20.0,20.0,19.999999999999996,20.0,20.0
1.0,55.42732118016742,88.90832929006017,121.33842444736587,55.97551469033548,89.94178238988931,121.06369319873052
