time,s1,s2,s3,s4,s5,s6
0.0,20.0,20.0,20.0,20.0,20.0,20.0
1.0,56.78114070190884,88.67129122599087,122.05099833718401,56.52497752839838,89.75837311267946,121.8294285440261
