time,s1,s2,s3,s4,s5,s6
0.0,20.0,20.0,20.0,20.0,20.0,20.0
1.0,55.503102803350004,88.0577182344839,121.36082273585379,55.71412869899285,87.35735801391694,121.07780707069489
