time,s1,s2,s3,s4,s5,s6
0.0,20.0,20.0,20.0,20.0,20.0,20.0
1.0,57.55022390421375,89.2287991464175,121.17895091385842,57.05777239389303,89.52317610465285,122.05076530452524
