time,s1,s2,s3,s4,s5,s6
0.0,20.0,19.999999999999996,20.0,20.0,20.000000000000004,20.0
1.0,55.940600637207304,88.74259745153934,121.48522965465352,56.824672881570365,88.61985841002334,120.24921953929501
