time,s1,s2,s3,s4,s5,s6
0.0,20.0,20.0,20.0,20.0,20.000000000000004,20.0
1.0,57.246340234943546,88.9541816486135,122.48995135543882,58.23922165470377,88.97681366365634,121.78842638302918
