time,s1,s2,s3,s4,s5,s6
0.0,20.0,20.0,20.0,20.0,20.0,20.0
1.0,56.01896237427492,88.70105039288536,121.92006300160186,55.54456430555062,89.9113149163264,121.18748125977748
