time,s1,s2,s3,s4,s5,s6
0.0,20.0,20.0,20.0,19.999999999999996,20.0,20.0
1.0,57.1608098923422,89.94936818418417,121.73627229097124,56.546752907514175,89.92730614528543,121.60795563959817
