time,s1,s2,s3,s4,s5,s6
0.0,20.0,20.0,20.0,20.0,20.0,20.0
1.0,58.19594037947581,89.71208577185419,121.40749057015456,58.3096574225164,89.77989875813674,123.14448091297858
