time,s1,s2,s3,s4,s5,s6
0.0,20.0,20.0,20.0,20.000000000000004,20.000000000000004,20.0
1.0,56.71897291999869,89.07352419417074,120.72125374193473,56.50624931155564,89.09739319936241,121.04403399416805
