time,s1,s2,s3,s4,s5,s6
0.0,20.0,20.0,20.0,20.0,19.999999999999996,19.999999999999996
1.0,57.716709885080434,89.3538383385976,122.6726126310136,56.62982434756201,88.59269005546292,122.28020429662469
