time,s1,s2,s3,s4,s5,s6
0.0,20.0,20.0,20.0,20.0,20.0,20.0
1.0,56.06185498848396,88.47638976734486,121.86982359856735,56.582001664138666,87.60084829381267,121.79866065490455
