time,s1,s2,s3,s4,s5,s6
0.0,20.0,19.999999999999996,20.0,20.0,20.0,20.0
1.0,56.674047449988606,88.97806778500882,120.85700083043085,56.83791722505118,88.65195123608622,121.39235205471648
