time,s1,s2,s3,s4,s5,s6
0.0,20.0,20.0,19.999999999999996,20.0,20.000000000000004,20.0
1.0,55.98217408752366,89.9509912684058,120.7659700102761,57.18274541367786,89.05198567809502,121.57082734869965
