time,s1,s2,s3,s4,s5,s6
0.0,20.0,20.0,20.0,20.0,20.0,20.0
1.0,56.28929304009147,89.40692331895258,122.11358123454704,56.63840292672709,88.1814798378014,121.32249824412284
