time,s1,s2,s3,s4,s5,s6
0.0,20.0,20.000000000000004,20.0,20.0,20.0,20.0
1.0,55.45110884147523,89.26412796174091,121.3195478007689,58.03532651217992,89.57444399891973,121.61419270827243
