time,s1,s2,s3,s4,s5,s6
0.0,20.0,19.999999999999996,20.0,20.0,20.0,20.0
1.0,56.99895847200956,88.68670631524151,121.7120630130845,56.2519125174064,87.52107744632956,122.65110238563679
