time,s1,s2,s3,s4,s5,s6
0.0,20.0,20.0,20.0,20.0,20.0,20.0
1.0,56.816607216015875,89.62058121236882,121.35342266247143,56.42166395210854,89.40495891279326,122.15351349503517
