time,s1,s2,s3,s4,s5,s6
0.0,20.0,20.0,20.0,20.0,20.0,20.0
1.0,57.25074882153785,89.36614544733887,122.64947141998076,57.07835483826628,89.31491517314439,121.97634159200526
