time,s1,s2,s3,s4,s5,s6
0.0,20.0,20.0,20.0,20.0,20.0,19.999999999999996
1.0,55.468622724712546,89.62806065924549,121.36369565360751,55.74782596806108,89.16560905267201,120.5069641833998
