time,s1,s2,s3,s4,s5,s6
0.0,20.0,20.0,20.0,20.0,20.0,20.0
1.0,57.130460181470745,88.37371955968823,120.89071037808287,57.56865178850302,88.91274684292942,121.81620738708271
