time,s1,s2,s3,s4,s5,s6
0.0,20.0,20.0,20.0,20.0,20.0,20.0
1.0,56.92460508568246,89.10635895386956,120.76853689319987,55.536376043087024,89.05891201761132,123.11505377715358
