time,s1,s2,s3,s4,s5,s6
0.0,20.0,20.0,20.0,20.0,20.0,20.0
1.0,57.38507999637102,88.29079512023306,120.87784344442302,55.94983991224627,89.54098423769727,122.25103255128158
