time,s1,s2,s3,s4,s5,s6
0.0,20.000000000000004,19.999999999999996,20.0,20.0,20.0,20.0
1.0,56.109420628847175,88.65944840989161,120.69030532113638,56.35452124314802,90.13285936133201,122.19852283315265
