time,s1,s2,s3,s4,s5,s6
0.0,20.0,20.000000000000004,20.0,20.0,20.000000000000004,20.0
1.0,57.69356792998576,88.49501555257211,120.79363640355399,56.68938736869376,88.80308388625102,121.0195347573362
