time,s1,s2,s3,s4,s5,s6
0.0,20.0,20.0,20.0,20.0,20.0,20.0
1.0,56.625721819951806,90.01942856020388,121.47954433921322,56.97096102853754,89.66142763755869,124.1142075562191
