time,s1,s2,s3,s4,s5,s6
0.0,20.0,20.0,20.0,20.0,20.0,20.0
1.0,56.44404481849457,89.21690919858226,121.88523823828737,56.834357009066885,89.19820063139908,121.39227616824186
