time,s1,s2,s3,s4,s5,s6
0.0,20.0,20.0,20.0,20.0,20.0,20.0
1.0,54.72575051568779,89.05140805445731,120.72070661503781,56.599674401299424,88.53115376768211,122.96522987339381
