time,s1,s2,s3,s4,s5,s6
0.0,20.0,20.0,20.0,20.0,19.999999999999996,20.0
1.0,56.37702334341781,89.57604462681269,121.43787583351516,57.22353572173764,88.79804416035428,121.84259847021023
