time,s1,s2,s3,s4,s5,s6
0.0,20.0,20.0,20.0,20.0,20.000000000000004,20.0
1.0,56.29403493664799,90.23445909731143,121.64869089682315,57.564769211196555,89.01746892137936,122.20164056687926
