time,s1,s2,s3,s4,s5,s6
0.0,20.0,20.0,19.999999999999996,20.0,20.000000000000004,20.0
1.0,57.27302131166131,88.66009544486137,121.45637287447687,57.49345632974942,88.6568929578781,121.41871572190901
