time,s1,s2,s3,s4,s5,s6
0.0,20.0,20.0,20.0,20.0,20.0,20.0
1.0,56.22075685985938,88.25140077014409,121.8939054377893,55.538463973379464,88.74307731020724,122.09328383007512
