time,s1,s2,s3,s4,s5,s6
0.0,20.0,20.0,20.0,20.0,20.0,20.000000000000004
1.0,56.59893357457173,88.54217079987505,121.83371639067617,57.731591886752625,90.19782831671496,122.45968510603265
