time,s1,s2,s3,s4,s5,s6
0.0,20.0,20.0,20.0,20.0,20.0,20.0
1.0,56.972560038508156,88.59412344119237,121.39966034624416,55.71321534127,90.07413392832494,122.5162379015438
