time,s1,s2,s3,s4,s5,s6
0.0,20.0,20.0,20.0,20.0,20.000000000000004,20.0
1.0,56.018708752986655,89.05699221117334,122.43165632839214,57.82049488491372,89.08289051826527,121.5097596103328
