time,s1,s2,s3,s4,s5,s6
0.0,20.0,20.0,20.0,19.999999999999996,19.999999999999996,20.0
1.0,55.36730698710151,88.67662267423093,121.36853853029184,55.143137255821244,88.70726107625052,121.75036242599504
