time,s1,s2,s3,s4,s5,s6
0.0,20.0,20.0,20.0,20.0,20.0,20.000000000000004
1.0,56.47799210145841,88.20016565898959,122.55835496668173,56.74671616338209,88.71941741657224,122.04463220533142
