time,s1,s2,s3,s4,s5,s6
0.0,19.999999999999996,20.0,20.0,20.0,20.0,20.0
1.0,56.05353584427106,88.61763069109162,121.68672377689774,56.59296183476237,89.65370975633957,120.59720598376337
