time,s1,s2,s3,s4,s5,s6
0.0,20.0,20.0,20.0,20.0,20.0,20.0
1.0,55.399267547728144,89.0812840163482,122.62119314558416,56.27999856896088,87.8435803322166,121.38689139453788
