time,s1,s2,s3,s4,s5,s6
0.0,20.0,20.0,20.0,20.0,20.0,20.0
1.0,57.17516623354083,88.30426349361113,119.79501206478642,56.70184138789558,89.49675041736904,120.07610347278886
