time,s1,s2,s3,s4,s5,s6
0.0,20.0,20.0,20.0,20.0,20.0,20.0
1.0,56.55509707713924,89.1956271505851,120.873849945137,55.4825989606852,89.76832226460265,121.35572324973857
