time,s1,s2,s3,s4,s5,s6
0.0,20.0,20.0,20.0,20.0,20.0,20.0
1.0,56.93581611872813,90.21804524001628,121.99087250000856,55.927952255134855,88.18487518023711,121.96225109779293
