time,s1,s2,s3,s4,s5,s6
0.0,20.0,20.0,20.0,20.0,20.0,20.0
1.0,57.504603485297956,88.78640737101566,121.03067403439042,55.59535815502428,90.01798008925824,121.25215956172272
