time,s1,s2,s3,s4,s5,s6
0.0,20.0,20.0,20.0,19.999999999999996,20.0,20.0
1.0,57.24570238025181,89.85913227830417,121.46090336738118,56.58668756456903,89.92134897585888,122.11081331351494
