time,s1,s2,s3,s4,s5,s6
0.0,20.0,20.0,20.0,19.999999999999996,20.0,20.0
1.0,56.09722934401161,90.67962942137498,121.83982560524099,56.48075518977459,89.9250669077888,120.8433835834357
