time,s1,s2,s3,s4,s5,s6
0.0,20.0,20.0,20.0,20.0,20.0,20.0
1.0,56.75107531824806,89.5294162221794,120.95455073972141,56.281967684505396,88.80082877236578,120.5910818907276
