time,s1,s2,s3,s4,s5,s6
0.0,20.0,20.0,20.0,19.999999999999996,20.0,20.0
1.0,55.97457942981737,89.7277593027671,122.957012802951,56.39498142017965,89.25915257746158,121.21289783536278
