time,s1,s2,s3,s4,s5,s6
0.0,20.0,20.0,20.0,20.0,20.0,20.0
1.0,57.125309905949706,89.53635107907172,121.99064518421385,55.34246679579326,89.21330905595667,122.14871976316849
