time,s1,s2,s3,s4,s5,s6
0.0,20.0,20.0,20.0,20.0,20.0,20.000000000000004
1.0,57.54035583139135,88.78045225275363,123.3085639603043,56.39060145878908,89.75204646401987,121.0309291466477
