time,s1,s2,s3,s4,s5,s6
0.0,20.0,20.0,20.0,20.0,20.0,20.0
1.0,56.44297471049579,89.88346161341116,121.77263948813018,56.50836357010006,89.30788286392712,121.46334535822496
