time,s1,s2,s3,s4,s5,s6
0.0,20.0,20.0,20.0,20.0,20.0,20.0
1.0,55.65879160390203,89.45439115790441,122.86012343878544,56.464164323699706,90.23281260103522,122.01436742442057
