time,s1,s2,s3,s4,s5,s6
0.0,20.0,20.0,20.0,20.0,20.0,20.000000000000004
1.0,57.34164950820363,89.36167806798474,120.15677903102183,55.92653756738232,89.79193037530018,121.48603491046656
