time,s1,s2,s3,s4,s5,s6
0.0,20.0,20.0,20.0,20.0,20.0,20.0
1.0,58.00202064512307,89.34077995641721,122.39354612078526,56.4613820652077,89.00137645906571,120.65555692453441
