time,s1,s2,s3,s4,s5,s6
0.0,20.0,20.0,20.0,20.0,20.000000000000004,20.0
1.0,55.79785724078491,88.97056738340216,123.04850261614979,56.94424217712791,89.0403284259586,122.879649667393
