time,s1,s2,s3,s4,s5,s6
0.0,20.0,20.0,20.0,20.0,20.0,20.0
1.0,55.939062365286595,88.21663894103389,120.94514875101629,57.05259303273938,90.93314342822909,121.48951386762268
