time,s1,s2,s3,s4,s5,s6
0.0,20.0,20.0,20.0,20.0,20.0,20.0
1.0,56.43552952135648,88.53195559833489,122.8041153465451,57.38852716303448,89.39196411152155,122.43808032071276
