time,s1,s2,s3,s4,s5,s6
0.0,20.0,20.0,20.0,20.0,20.0,20.0
1.0,55.89981414413944,88.6531254368352,121.65322451862188,56.74984842673815,88.50770023358885,122.31349100377622
