time,s1,s2,s3,s4,s5,s6
0.0,20.0,20.0,20.0,20.0,20.000000000000004,20.0
1.0,56.64903534708313,90.05355940174198,122.0153016240709,56.41947061542987,88.99185608801844,122.2992810719254
