time,s1,s2,s3,s4,s5,s6
0.0,20.0,20.0,20.0,20.0,20.0,20.0
1.0,57.12929279875695,89.94099557106341,120.664213714331,57.65898274892799,88.14729218211559,121.22223494776992
