time,s1,s2,s3,s4,s5,s6
0.0,20.0,20.000000000000004,20.0,20.0,20.0,20.0
1.0,56.70676860944255,89.04624394218614,122.11388230908904,55.906805431280816,90.01229408237074,121.64897052274863
