time,s1,s2,s3,s4,s5,s6
0.0,20.0,20.0,20.0,20.0,20.0,20.0
1.0,57.063526354729945,89.86352211059695,121.36855627147864,57.226207309771894,89.26318436127654,120.68916268757782
