time,s1,s2,s3,s4,s5,s6
0.0,20.0,20.0,20.0,20.0,20.000000000000004,20.0
1.0,54.873355923079934,87.1184194470866,121.88242498047677,56.6579853360994,89.32141720284012,122.49563554527548
