time,s1,s2,s3,s4,s5,s6
0.0,20.0,20.0,20.0,20.0,20.0,20.0
1.0,55.52107050928785,88.50615626134183,121.31711544205817,57.76496019026474,89.88335288454999,120.71822332915832
