time,s1,s2,s3,s4,s5,s6
0.0,20.0,20.0,20.0,20.0,20.0,20.0
1.0,56.66290009512897,88.50014822059974,122.12799600831147,57.43150697060837,88.91609911854708,121.53499397558927
