time,s1,s2,s3,s4,s5,s6
0.0,20.0,20.0,20.0,19.999999999999996,20.0,20.0
1.0,56.78519077358583,88.88140547410372,122.50512690746243,56.12852853740922,88.9097639747447,121.66987824067189
