time,s1,s2,s3,s4,s5,s6
0.0,20.0,20.0,20.0,20.0,20.0,20.0
1.0,55.453800880444476,89.59090725831055,122.70251189437957,56.62833957299466,89.1457698031389,122.6885605459756
