time,s1,s2,s3,s4,s5,s6
0.0,20.0,20.0,20.0,20.0,20.0,20.0
1.0,55.98333538967793,90.02875089477024,122.79320790171519,55.62327595637385,89.39514317868328,122.00114359887502
