time,s1,s2,s3,s4,s5,s6
0.0,20.0,20.0,20.0,20.0,20.0,20.000000000000004
1.0,55.80831997569717,87.94751760199243,121.94019963406524,55.7396385413868,88.63889611705342,121.43506821981781
