time,s1,s2,s3,s4,s5,s6
0.0,20.0,20.0,20.0,20.0,20.0,19.999999999999996
1.0,56.47401093630062,89.12003120478991,121.26431156891809,56.58581959798593,89.26652951784621,122.70144306042445
