time,s1,s2,s3,s4,s5,s6
0.0,20.0,20.0,20.0,20.0,20.0,20.0
1.0,55.73933588785923,89.37599322183067,120.41895946566041,57.60589211919165,90.22866267162416,120.80942784694427
