time,s1,s2,s3,s4,s5,s6
0.0,20.0,20.0,20.0,19.999999999999996,20.0,20.0
1.0,56.67425641466787,87.97024265364595,121.70937341585358,55.84968824625933,89.34449197339204,121.91193944522713
