time,s1,s2,s3,s4,s5,s6
0.0,20.0,20.0,20.0,20.0,20.000000000000004,19.999999999999996
1.0,56.18266298262066,89.63922280386896,121.75324696635849,55.45920317518429,88.96736432574785,121.57482954414574
