time,s1,s2,s3,s4,s5,s6
0.0,20.0,20.0,20.0,20.0,20.0,20.0
1.0,56.647078863880346,88.32621103450728,122.56440748417944,56.24783705126218,87.68461821823368,121.45705471968155
