time,s1,s2,s3,s4,s5,s6
0.0,20.0,20.000000000000004,20.0,20.0,20.0,20.0
1.0,55.91680296415089,88.61825731264858,120.77921598984241,56.216437122971286,88.38425382004226,121.71112218610848
