time,s1,s2,s3,s4,s5,s6
0.0,20.0,19.999999999999996,20.0,19.999999999999996,19.999999999999996,20.0
1.0,57.15301158646599,88.968344353284,122.82701242776568,57.293320630186884,89.40557766051718,121.95975256051275
