time,s1,s2,s3,s4,s5,s6
0.0,20.0,20.0,20.0,20.0,20.0,20.000000000000004
1.0,56.3622992883195,88.65771287309347,120.72917931071241,57.547378127346704,89.28426204790802,121.21341861005708
