time,s1,s2,s3,s4,s5,s6
0.0,20.0,20.0,20.0,20.0,20.0,20.0
1.0,56.98627801285983,89.10637180580262,121.12475829320958,56.29174309894174,89.3534554653042,121.81400456532542
