time,s1,s2,s3,s4,s5,s6
0.0,20.0,20.0,20.0,20.0,20.0,20.0
1.0,56.283289816528395,90.58191485588618,122.43121262607977,57.66666540932343,89.6802254754535,121.05234893973267
