time,s1,s2,s3,s4,s5,s6
0.0,20.0,20.0,20.0,19.999999999999996,20.0,20.0
1.0,56.13499842145603,90.01737291585027,121.01623142609591,56.38225460017529,89.12508386897743,121.79542878592471
