time,s1,s2,s3,s4,s5,s6
0.0,20.0,20.0,20.0,20.0,20.0,20.0
1.0,56.80657267795697,88.71559655327346,121.54552940915612,56.623977264069794,89.20811403184236,121.36467925896059
