time,s1,s2,s3,s4,s5,s6
0.0,20.0,20.0,20.0,20.0,20.0,20.0
1.0,57.249325463564304,89.5749087027332,121.1321348932212,55.29510679891872,88.69171816991422,122.07628612111651
