time,s1,s2,s3,s4,s5,s6
0.0,20.0,20.0,20.0,20.0,20.0,20.0
1.0,57.25020152319664,89.84985311918075,120.80439363835316,55.56297332466373,88.83492695826055,120.5274265742186
