time,s1,s2,s3,s4,s5,s6
0.0,20.0,20.0,20.0,20.0,20.0,20.0
1.0,56.59599194311711,89.2956677498389,120.72125089661921,55.64177780519469,89.397436500969,121.25232641841214
