time,s1,s2,s3,s4,s5,s6
0.0,20.0,20.0,20.0,20.0,19.999999999999996,20.0
1.0,55.95969760123057,88.88996346439868,122.20649315309194,56.654934120882764,89.01277330708936,122.55390639691834
