time,s1,s2,s3,s4,s5,s6
0.0,20.0,20.0,20.0,20.0,20.0,20.000000000000004
1.0,56.26685093706474,89.04906354720893,122.13339304908872,56.10293260249594,89.48331884753314,121.12413478868982
