time,s1,s2,s3,s4,s5,s6
0.0,20.0,19.999999999999996,20.0,20.0,20.000000000000004,20.000000000000004
1.0,55.56433145113962,88.62786932196967,122.5613251099613,55.97412932537843,89.07799885162063,121.3322419798775
