time,s1,s2,s3,s4,s5,s6
0.0,20.0,20.0,20.0,20.0,20.0,20.0
1.0,56.19948207381583,89.89245704066752,121.628512680287,56.243392968223546,89.27029464618161,122.70881088529528
