time,s1,s2,s3,s4,s5,s6
0.0,20.0,20.0,20.0,20.0,20.0,20.0
1.0,57.03893445384119,88.79321788487624,120.54906680818539,56.42893994674169,88.79368019283238,122.17987466731327
