time,s1,s2,s3,s4,s5,s6
0.0,20.0,20.000000000000004,20.0,20.0,20.0,20.0
1.0,55.50954097040259,88.90877436206763,121.52736868927416,56.320725431534214,89.16564584429804,121.58729221232583
