time,s1,s2,s3,s4,s5,s6
0.0,20.0,20.0,20.0,20.0,20.0,20.0
1.0,56.18813029187915,88.72769892290773,121.67131789083275,56.11210306531786,88.66944098618923,121.80625299991837
