time,s1,s2,s3,s4,s5,s6
0.0,20.0,20.0,20.0,20.0,20.0,20.0
1.0,57.91298418162425,88.94212699265735,120.76945426563631,56.77702763462156,89.11374908173951,122.56093256057854
