time,s1,s2,s3,s4,s5,s6
0.0,20.0,20.0,20.0,20.0,20.0,19.999999999999996
1.0,56.58671642882598,88.22468649587682,121.08339984673145,57.053862937127725,89.40422048023137,121.7797292876965
