time,s1,s2,s3,s4,s5,s6
0.0,20.0,20.0,20.0,20.0,20.0,19.999999999999996
1.0,56.66038050181038,90.45073340822725,120.704565737009,57.06319565846383,90.13842337595004,121.41710199248796
