time,s1,s2,s3,s4,s5,s6
0.0,20.0,20.0,20.0,20.0,20.0,20.0
1.0,55.836918244376456,89.08304882505051,121.64330173835017,56.90394594145254,89.8171340364159,121.3729414076563
