time,s1,s2,s3,s4,s5,s6
0.0,20.0,19.999999999999996,20.0,20.000000000000004,20.0,20.0
1.0,55.90061561281159,88.27038137878789,121.43221970139862,57.493318917022265,90.16611049648772,122.24281500859684
