time,s1,s2,s3,s4,s5,s6
0.0,20.0,20.0,20.0,20.0,20.0,20.000000000000004
1.0,56.26375379349459,89.0126244577558,121.12992974053702,56.5867161934812,89.0622155898009,121.19822278215631
