time,s1,s2,s3,s4,s5,s6
0.0,20.0,20.0,20.0,20.0,20.0,20.0
1.0,56.78547005407746,89.96718178202556,122.65878895901437,56.572979464059046,90.2034061616564,122.15590020313972
