time,s1,s2,s3,s4,s5,s6
0.0,20.0,20.0,20.0,20.0,20.0,20.0
1.0,57.0551134318284,88.62686395782491,121.44693008314184,56.093013172744605,89.06688772261361,122.29565559599024
