time,s1,s2,s3,s4,s5,s6
0.0,20.0,20.0,20.0,20.0,20.0,20.0
1.0,55.573826939828535,88.441994338061,121.27975852825361,55.62344288969841,89.34704722827979,120.17163015580829
