time,s1,s2,s3,s4,s5,s6
0.0,20.0,20.0,20.0,20.0,20.0,20.0
1.0,55.68556216422123,89.00137333390413,121.82872656737894,56.53304786336564,89.61061583814144,121.39813351237964
