time,s1,s2,s3,s4,s5,s6
0.0,20.0,20.0,20.0,20.0,20.0,20.0
1.0,57.04632048574004,87.59321743841963,121.12868322461313,55.979013266929236,90.72283392145367,122.42546910198446
