time,s1,s2,s3,s4,s5,s6
0.0,20.0,20.0,20.0,20.0,20.000000000000004,20.0
1.0,56.54546419267555,90.08862864910523,120.50656396800295,54.84819100596148,88.852376886119,120.92553126125516
