time,s1,s2,s3,s4,s5,s6
0.0,20.0,20.0,20.0,20.0,20.000000000000004,20.0
1.0,56.784260469042636,88.60418067748967,121.60407148762346,56.58031014194497,89.09482426081792,122.13691812264278
