time,s1,s2,s3,s4,s5,s6
0.0,20.0,20.0,20.0,19.999999999999996,20.0,20.0
1.0,55.960410723503536,90.13184456962325,121.72884932058349,57.21271154445974,89.5011431500113,121.01888819112536
