time,s1,s2,s3,s4,s5,s6
0.0,20.0,20.0,20.0,20.0,20.0,20.0
1.0,56.35445881252225,88.35696040223068,121.19714339396816,56.91654745665106,90.09855715119801,121.87847513083211
