time,s1,s2,s3,s4,s5,s6
0.0,20.0,20.0,20.0,20.0,20.0,19.999999999999996
1.0,57.00708337305274,89.74986736709796,121.62283414660916,56.20373905395103,90.06000632439954,121.50335777594324
