time,s1,s2,s3,s4,s5,s6
0.0,20.0,20.0,20.0,20.000000000000004,20.0,20.0
1.0,58.18358364371066,89.19991325335997,121.4017710165458,56.06678181418441,88.57427747154861,122.28318581206415
