time,s1,s2,s3,s4,s5,s6
0.0,20.0,20.0,20.0,20.0,20.0,20.0
1.0,55.881216208962385,89.23209943070215,121.05715772841076,56.806524655403074,89.07399578899859,122.3109863079185
