time,s1,s2,s3,s4,s5,s6
0.0,20.0,20.0,20.0,19.999999999999996,19.999999999999996,20.0
1.0,57.6630290469135,88.1354798482817,120.73686798614844,57.44420025869134,90.15868104929585,121.79386442689214
