time,s1,s2,s3,s4,s5,s6
0.0,20.0,20.0,20.0,20.0,20.0,20.0
1.0,57.04372989771594,88.6474440287775,122.84047319361372,54.76991815759625,90.38326795328773,121.21695690308874
