time,s1,s2,s3,s4,s5,s6
0.0,20.0,20.0,20.0,20.0,20.0,20.000000000000004
1.0,56.21349054359868,89.6414829333761,122.19963985040204,56.200674827569614,89.49474489484582,121.62482330558417
