time,s1,s2,s3,s4,s5,s6
0.0,20.0,20.0,20.0,20.0,20.0,20.0
1.0,56.59593892649083,89.05083863348554,121.17911038102928,57.867173656463976,90.47938313056943,121.30052950772382
