time,s1,s2,s3,s4,s5,s6
0.0,20.0,20.0,20.0,20.0,20.000000000000004,20.0
1.0,57.17957740449178,89.51760557626406,121.24290050269431,56.71420254675444,89.73713398618693,122.22110915636551
