time,s1,s2,s3,s4,s5,s6
0.0,20.0,20.0,20.0,20.0,20.0,20.0
1.0,56.63267440204944,88.83934373650189,120.52678024945041,57.45227911137964,89.01168777578661,121.82810851285993
