time,s1,s2,s3,s4,s5,s6
0.0,20.0,20.0,20.0,20.0,20.0,19.999999999999996
1.0,56.79918790087835,88.45353421321302,121.82082120610193,56.87100365684617,89.20269462188286,121.60525796309307
