time,s1,s2,s3,s4,s5,s6
0.0,20.0,20.0,20.0,20.0,20.0,20.000000000000004
1.0,56.178412848896215,89.77303118398515,121.8902627946481,56.71513837600411,88.46983457790593,121.97648722964512
