time,s1,s2,s3,s4,s5,s6
0.0,20.0,20.0,20.0,20.0,19.999999999999996,20.0
1.0,55.82608002334577,89.15176625620019,122.19774855800547,58.31145930035293,89.28060622337958,120.58492191356775
