time,s1,s2,s3,s4,s5,s6
0.0,20.0,20.0,20.0,20.0,20.0,20.0
1.0,56.959026734184114,88.58837988053992,121.16311695086337,55.943117674238174,88.79686241364072,120.39380244354408
