time,s1,s2,s3,s4,s5,s6
0.0,20.0,20.0,20.0,20.0,20.000000000000004,20.0
1.0,56.15188368686051,89.32337124686939,122.20517964872255,56.536957907354605,88.50318861012445,120.77236092556147
