time,s1,s2,s3,s4,s5,s6
0.0,20.0,20.0,20.0,20.0,20.0,20.0
1.0,55.82464892628175,88.75063500127084,121.55016022689068,56.59796763040836,89.2867739501576,121.79580850893572
