time,s1,s2,s3,s4,s5,s6
0.0,20.0,20.0,20.0,20.0,20.000000000000004,20.0
1.0,56.64685594861423,88.96882411166571,120.49409872888062,56.72125382105713,89.10582703443242,121.16175616224861
