time,s1,s2,s3,s4,s5,s6
0.0,20.0,20.0,20.0,20.0,20.0,20.000000000000004
1.0,56.63345624440449,88.29454997844773,121.32024489738119,56.37179083572642,89.83329466287273,121.24384446321606
