time,s1,s2,s3,s4,s5,s6
0.0,20.0,19.999999999999996,20.0,20.0,20.0,20.0
1.0,56.805858860068895,89.40706865576148,122.61208719664874,56.48097663279833,89.65341066747563,121.72333235660577
