time,s1,s2,s3,s4,s5,s6
0.0,20.0,20.0,20.0,20.000000000000004,20.0,20.0
1.0,56.78844348201746,89.91291142798434,120.9021025186677,56.97159208732528,89.21354157354908,121.16705738932315
