time,s1,s2,s3,s4,s5,s6
0.0,20.0,20.0,20.0,19.999999999999996,20.0,20.0
1.0,55.72453067467204,89.00758092969348,122.69358244870533,56.184113020266565,89.36237353576095,122.0746544397146
