time,s1,s2,s3,s4,s5,s6
0.0,20.0,20.0,19.999999999999996,20.0,19.999999999999996,20.0
1.0,55.641971589333664,88.0906466195627,121.00307447183283,56.976261321698026,88.74862462134742,121.08957117790528
