time,s1,s2,s3,s4,s5,s6
0.0,20.0,20.0,20.0,20.0,20.0,20.0
1.0,56.06383373555302,88.1092538584191,122.40861577599824,57.1940794018323,89.61724798076035,121.20836684103742
