time,s1,s2,s3,s4,s5,s6
0.0,20.0,20.0,20.0,20.0,19.999999999999996,20.0
1.0,56.755753877173035,89.64975457956214,120.61317877062473,56.97849776030004,89.09341238025956,120.90457258480137
