time,s1,s2,s3,s4,s5,s6
0.0,20.0,19.999999999999996,20.0,20.000000000000004,20.0,20.0
1.0,56.16550883583254,88.46243599451593,122.44158717226419,56.31809917570472,88.9830832353194,121.92464612170471
