time,s1,s2,s3,s4,s5,s6
0.0,20.0,19.999999999999996,20.0,20.0,20.0,20.0
1.0,55.49599760368088,88.36262494779939,121.51599573669297,56.60446131005652,89.12484933923571,122.3935409424887
