time,s1,s2,s3,s4,s5,s6
0.0,20.0,20.0,20.0,19.999999999999996,20.0,20.0
1.0,56.752250840373264,89.13227832079917,120.64761716695833,56.455314979337295,88.38286676815073,120.5804914358611
