time,s1,s2,s3,s4,s5,s6
0.0,20.0,20.0,20.0,20.0,20.000000000000004,20.0
1.0,56.37680834998214,89.84420681988077,120.66706621114899,55.51287071563498,89.38757325424466,120.61706624074597
