time,s1,s2,s3,s4,s5,s6
0.0,20.0,19.999999999999996,20.0,20.0,20.0,20.0
1.0,56.57267266496593,88.74623355634021,121.16059092489473,55.80965079451497,89.09213803527462,121.52128688504382
