time,s1,s2,s3,s4,s5,s6
0.0,20.0,20.000000000000004,20.0,20.0,20.0,20.0
1.0,55.72793766732157,88.57793747977972,123.4426855606626,56.14897116769162,88.36616807652547,121.04627330156451
