time,s1,s2,s3,s4,s5,s6
0.0,20.0,20.0,20.0,20.0,20.0,20.0
1.0,55.54280868774278,90.37122040734133,121.73133262613102,56.149043136088125,89.45470544315975,122.83507623451123
