time,s1,s2,s3,s4,s5,s6
0.0,20.0,20.0,20.0,20.000000000000004,20.0,20.0
1.0,56.429098137410875,89.73051462650378,121.43760769033456,56.451075285750804,88.28192838396664,120.91250413254627
