time,s1,s2,s3,s4,s5,s6
0.0,20.0,20.0,20.0,20.0,19.999999999999996,20.0
1.0,57.31058266845181,88.62159243983076,121.68048181366561,56.92056303332997,89.0622120428303,120.3660421526748
