time,s1,s2,s3,s4,s5,s6
0.0,20.0,20.0,20.0,20.0,20.0,20.0
1.0,56.574992585657384,88.64959533676968,121.71319717973438,56.58070405565158,89.80397491328014,121.3210490602147
