time,s1,s2,s3,s4,s5,s6
0.0,20.0,20.0,20.0,20.0,20.0,20.0
1.0,56.35679138554717,90.39324368553326,121.6876874430082,56.46254740663819,89.40474287374647,122.00294484788344
