time,s1,s2,s3,s4,s5,s6
0.0,20.0,20.0,20.0,20.0,20.0,20.0
1.0,57.678066441163516,89.45943018431237,120.81361987788148,56.55321416275737,89.82531309162718,121.4053395690961
