time,s1,s2,s3,s4,s5,s6
0.0,20.0,20.0,20.0,20.0,20.0,20.0
1.0,56.370562089077495,88.44183490053811,122.01716323868615,56.69518673733481,88.94047391684794,121.66907647542467
