time,s1,s2,s3,s4,s5,s6
0.0,20.0,20.0,20.0,20.0,20.0,20.0
1.0,56.747670108987414,89.4155406518779,121.38965193598037,56.662380056864336,88.62786598716771,120.95103311544096
