time,s1,s2,s3,s4,s5,s6
0.0,20.0,20.0,20.0,20.0,20.0,20.0
1.0,57.60490151445703,89.4744557420249,121.97615633729278,57.265917882168424,89.07457121518091,120.6238125666046
