time,s1,s2,s3,s4,s5,s6
0.0,20.0,20.0,20.0,20.0,20.0,20.0
1.0,56.540950842513354,89.14636773873912,121.5910028787769,55.78231974072285,89.85522426483382,121.03200767383203
