time,s1,s2,s3,s4,s5,s6
0.0,20.0,20.000000000000004,20.0,20.0,20.0,20.000000000000004
1.0,56.469974225668295,88.92301036198488,121.94714541631386,56.69076683050909,88.01825584731507,120.88210604477672
