time,s1,s2,s3,s4,s5,s6
0.0,20.0,19.999999999999996,20.0,20.0,20.0,20.0
1.0,57.9047442503218,88.627288828417,122.09480795966937,56.93461740681714,88.3311966732025,122.02096234967136
