time,s1,s2,s3,s4,s5,s6
0.0,20.0,20.0,20.0,20.0,20.0,20.0
1.0,56.25543276508009,88.29478859631489,120.63305064913104,56.234785983203565,90.59696393923019,121.93817611411762
