time,s1,s2,s3,s4,s5,s6
0.0,20.0,20.000000000000004,20.0,19.999999999999996,20.000000000000004,20.0
1.0,57.070796272588034,88.9332864408552,121.28179870049442,56.521870101677194,88.13754259821401,120.8557266618098
