time,s1,s2,s3,s4,s5,s6
0.0,20.0,20.0,20.0,20.0,20.0,20.0
1.0,56.225277943852156,88.13226836148536,121.38464628378946,56.39653215210131,88.38729254499339,122.09614317212436
