time,s1,s2,s3,s4,s5,s6
0.0,20.0,20.0,20.0,20.0,20.0,20.0
1.0,56.57453487079168,89.68345066692969,121.440436476804,57.951947376574914,88.69862241692032,121.13367022356975
