time,s1,s2,s3,s4,s5,s6
0.0,20.0,20.0,20.0,20.0,20.0,20.0
1.0,55.750432517860695,89.31641318019038,122.48968264506107,56.443478292289015,89.96505739869559,121.51497636308015
