time,s1,s2,s3,s4,s5,s6
0.0,20.0,20.0,20.0,20.0,20.0,20.000000000000004
1.0,56.930666933791755,88.55054371082858,121.23361163711304,56.34390662361626,89.15778910568775,122.02428425059034
