time,s1,s2,s3,s4,s5,s6
0.0,20.0,20.0,20.0,20.000000000000004,20.000000000000004,20.0
1.0,56.0330896917098,89.96895493716667,121.92668536380748,56.78594206563614,88.54076470365048,122.09795273625387
