time,s1,s2,s3,s4,s5,s6
0.0,20.0,20.0,20.0,20.0,20.0,20.0
1.0,56.78740288191132,88.13574770631385,120.62178022167119,56.30464680933969,89.85813688094409,121.81092379283203
