time,s1,s2,s3,s4,s5,s6
0.0,20.0,20.0,20.0,20.000000000000004,20.0,20.0
1.0,56.50802773182177,89.82147166661105,121.38504845666742,55.99386184289264,88.88578495611144,122.57212111994036
