time,s1,s2,s3,s4,s5,s6
0.0,20.0,20.0,20.0,20.0,20.000000000000004,20.0
1.0,56.9132204862682,88.54568362023714,122.38562256057169,56.35494498015026,88.98566975366005,121.98766364087136
