time,s1,s2,s3,s4,s5,s6
0.0,20.0,20.0,20.0,20.0,20.0,20.0
1.0,57.01713918187103,89.42772732572215,121.64259146665356,56.35124609044977,89.32114821374016,121.24385790323265
