time,s1,s2,s3,s4,s5,s6
0.0,20.0,20.0,20.0,20.0,20.0,20.000000000000004
1.0,54.72041747502968,89.54893563640726,122.66504137999691,57.03494590681775,87.89428511929994,121.11573427455434
