time,s1,s2,s3,s4,s5,s6
0.0,20.0,20.0,20.0,20.0,20.0,19.999999999999996
1.0,55.627989109410464,89.17701771356536,122.66621096203826,56.30652002399682,88.76078086927889,121.74628087283894
