time,s1,s2,s3,s4,s5,s6
0.0,20.0,20.0,20.0,19.999999999999996,20.0,20.0
1.0,57.276144782554326,89.84978646329719,120.90784455211445,56.791408997448514,88.53022405601192,121.35593555188996
