time,s1,s2,s3,s4,s5,s6
0.0,20.0,20.0,20.0,20.0,20.0,20.0
1.0,56.85439696924968,89.20900849638384,121.07786792938478,55.96899466291329,88.01717347558382,121.4118714003816
