time,s1,s2,s3,s4,s5,s6
0.0,20.0,20.0,20.0,20.0,20.0,20.0
1.0,54.735552291288684,88.83448382106167,121.50778595212458,57.304916412678665,89.33846264776827,122.5368322272121
