time,s1,s2,s3,s4,s5,s6
0.0,20.0,20.0,20.0,20.0,20.0,20.0
1.0,56.47213887195451,88.4549323153908,120.69453973603615,57.05946404493788,88.95643496266084,122.38289890885795
