time,s1,s2,s3,s4,s5,s6
0.0,20.0,20.0,20.0,20.0,19.999999999999996,20.0
1.0,56.78320916870554,90.25184032618972,122.30516998831652,56.572973352870655,88.79107267266292,121.64344979252257
