time,s1,s2,s3,s4,s5,s6
0.0,20.0,20.0,20.0,20.0,20.000000000000004,20.0
1.0,55.587978695964026,89.13650566023088,121.58232877127477,56.94711242184585,88.88565711769067,121.02784930469251
