time,s1,s2,s3,s4,s5,s6
0.0,20.0,20.0,20.0,20.0,20.0,20.0
1.0,56.29086438668078,87.98095986628788,120.81396784753329,56.6084793201003,88.55833109708183,121.99879497744072
