time,s1,s2,s3,s4,s5,s6
0.0,20.0,20.0,20.0,20.0,20.0,20.000000000000004
1.0,56.9352518005515,89.77117653315979,122.62041205005815,57.326122539686075,89.05024637747519,122.65797653279257
