time,s1,s2,s3,s4,s5,s6
0.0,20.0,19.999999999999996,20.0,20.0,20.0,20.0
1.0,55.95145075207276,88.60235923027835,122.61032455339866,57.475554557571016,89.80848940576436,121.57653578836339
