time,s1,s2,s3,s4,s5,s6
0.0,20.0,19.999999999999996,20.0,20.000000000000004,20.000000000000004,20.0
1.0,56.363827328366256,89.33577768024188,122.64302388518254,56.88773157238254,89.57146528628623,121.9294376382891
