time,s1,s2,s3,s4,s5,s6
0.0,20.0,20.0,19.999999999999996,20.0,20.0,20.000000000000004
1.0,56.96879625441011,89.23470696236345,121.12832562836542,56.386203398497166,89.21652711474175,121.71831239193531
