time,s1,s2,s3,s4,s5,s6
0.0,20.0,20.0,20.0,20.0,20.0,20.0
1.0,56.74296855304793,90.1958912341468,120.8539799844481,57.73116497796164,90.28977360997482,122.64362096282268
