time,s1,s2,s3,s4,s5,s6
0.0,20.0,20.0,20.0,20.0,20.0,20.000000000000004
1.0,56.81683877103424,89.05830638881501,122.42687551447692,56.89011806501272,89.10638781248427,121.18343626612314
