time,s1,s2,s3,s4,s5,s6
0.0,20.0,20.000000000000004,20.0,19.999999999999996,20.0,20.000000000000004
1.0,56.58379845770376,88.48177916565402,122.68714252877626,55.980710407165084,90.24868534022272,121.29915855486573
