time,s1,s2,s3,s4,s5,s6
0.0,20.0,20.0,20.0,20.0,20.0,20.0
1.0,56.93442068389403,88.3556127183393,121.44592313419827,56.43391979307461,88.51314189832942,122.31019282916478
