time,s1,s2,s3,s4,s5,s6
0.0,20.0,20.0,20.0,20.0,20.0,20.0
1.0,56.531810243206266,89.32816958779671,120.42189279083394,55.44141434147237,90.08307557042409,120.840588328816
