time,s1,s2,s3,s4,s5,s6
0.0,20.0,20.0,20.0,20.0,20.0,20.0
1.0,56.344089802439925,88.20388251993498,121.02025207934071,55.38798491123883,89.11909039670577,120.67671795739044
