time,s1,s2,s3,s4,s5,s6
0.0,20.000000000000004,20.0,20.0,19.999999999999996,20.0,20.000000000000004
1.0,55.87836453410219,89.1454620944575,121.38190815823133,56.737493286441165,89.34226227591971,123.29550862702894
