time,s1,s2,s3,s4,s5,s6
0.0,19.999999999999996,20.0,20.0,20.0,19.999999999999996,20.0
1.0,56.19560168048981,90.07199230970798,121.46442154482494,56.5464339143754,88.85553081907398,121.46202158558904
