time,s1,s2,s3,s4,s5,s6
0.0,20.0,20.0,20.0,20.0,20.0,20.0
1.0,55.60088781046558,88.96181093505106,121.98732355297147,56.82597598302249,88.78601372288202,120.978755378515
