time,s1,s2,s3,s4,s5,s6
0.0,20.0,20.0,20.0,20.0,20.0,20.0
1.0,56.34815240490293,89.18483729972846,122.47768789269517,56.04986342699703,89.8838972472064,121.79998539087212
