time,s1,s2,s3,s4,s5,s6
0.0,20.0,20.0,20.0,19.999999999999996,20.000000000000004,20.0
1.0,57.44205424474802,90.03722741445961,121.650521778123,55.89254536789268,87.86356861430679,122.84080587068257
