time,s1,s2,s3,s4,s5,s6
0.0,20.0,20.0,20.0,20.0,20.000000000000004,20.0
1.0,58.04600327049717,89.44725360288697,121.55593260575472,57.04284395516011,88.78664419577622,121.53847494263806
