time,s1,s2,s3,s4,s5,s6
0.0,20.0,20.0,20.0,20.0,20.000000000000004,20.0
1.0,56.841863543286415,89.03979963172404,121.9998710307423,57.02043474224548,88.39733986498645,121.98395711303053
