time,s1,s2,s3,s4,s5,s6
0.0,20.0,20.000000000000004,19.999999999999996,20.0,20.0,20.0
1.0,57.06978153168735,88.30390301839851,121.45352020866821,57.73447492924808,88.93259046318367,121.41784973505128
