time,s1,s2,s3,s4,s5,s6
0.0,20.0,20.0,20.0,19.999999999999996,20.0,20.0
1.0,55.96477627254364,88.19621943740766,122.3160432719666,57.15135863501262,90.56768067303562,120.91708556673488
