time,s1,s2,s3,s4,s5,s6
0.0,20.0,19.999999999999996,20.0,19.999999999999996,20.0,20.000000000000004
1.0,55.78012037576615,88.99188635361364,120.32530384090305,55.66890202471168,89.30333736290319,122.06909796779298
