time,s1,s2,s3,s4,s5,s6
0.0,20.0,20.0,20.0,20.0,20.0,20.0
1.0,55.68005153704162,89.55070698657681,121.93613665338421,55.52170713680902,89.87567183649298,121.77178184367358
