time,s1,s2,s3,s4,s5,s6
0.0,20.0,20.0,20.0,20.0,20.0,20.0
1.0,57.22636464411059,89.14814219577126,121.68699612898456,56.1159817891577,89.40878110923376,121.50325711727821
