time,s1,s2,s3,s4,s5,s6
0.0,20.0,20.0,20.0,20.0,20.0,20.0
1.0,55.99273074741613,89.53528802699932,122.87119603332516,56.95724929176894,89.44747115435773,122.073274120458
