time,s1,s2,s3,s4,s5,s6
0.0,20.0,20.0,20.0,20.000000000000004,20.0,19.999999999999996
1.0,55.6920867822807,89.87908721368615,121.0547473781769,56.99894466244675,90.13540269616365,121.3801963752854
