time,s1,s2,s3,s4,s5,s6
0.0,20.0,19.999999999999996,20.0,20.0,19.999999999999996,20.000000000000004
1.0,55.822943102139874,88.10744502292413,122.10277151104745,56.79231078503285,89.07799910605803,122.49611057828668
