time,s1,s2,s3,s4,s5,s6
0.0,20.0,20.0,19.999999999999996,20.0,20.0,19.999999999999996
1.0,57.50758331708717,88.43822927129833,121.53207836015446,56.77673167606136,89.11877698494405,121.5710544438393
