time,s1,s2,s3,s4,s5,s6
0.0,19.999999999999996,20.0,20.0,19.999999999999996,19.999999999999996,20.0
1.0,56.36753888895854,89.45034689118745,122.3131000860592,56.21215397549881,87.01885804940987,122.27868115919716
