time,s1,s2,s3,s4,s5,s6
0.0,20.0,20.000000000000004,20.0,19.999999999999996,20.0,20.0
1.0,56.40081789815287,89.76028998875512,121.48558654955883,56.22676849509038,87.87367760777556,122.26948982664032
