time,s1,s2,s3,s4,s5,s6
0.0,20.0,20.000000000000004,20.0,20.0,19.999999999999996,20.0
1.0,56.274543255234306,88.61733183432113,121.17737227698208,57.22263393401494,89.07902715888837,121.64817875987157
