time,s1,s2,s3,s4,s5,s6
0.0,20.0,20.0,20.0,20.0,20.0,20.0
1.0,57.16409523123477,89.27762928629132,122.64256284383333,56.36519311253993,89.56849207961311,120.98281701506579
