time,s1,s2,s3,s4,s5,s6
0.0,19.999999999999996,20.0,20.0,20.0,19.999999999999996,20.0
1.0,56.49738308644051,89.28256710304937,120.26738842326824,56.755283369621786,89.03649489250536,121.5757726129479
