time,s1,s2,s3,s4,s5,s6
0.0,20.0,20.0,20.0,20.0,20.0,20.0
1.0,57.20141591758981,88.2163252145204,122.50311500215317,57.19500060974906,88.91027442703276,121.70733064931312
