time,s1,s2,s3,s4,s5,s6
0.0,20.0,20.0,20.0,20.0,20.0,19.999999999999996
1.0,56.723908539978495,89.08108557097523,121.24859908932778,56.35391393373773,89.39619894357926,120.85721088815316
