time,s1,s2,s3,s4,s5,s6
0.0,20.0,20.0,20.0,20.0,20.0,20.0
1.0,56.95602853728957,89.03563662262967,122.02952645191289,56.26338262122037,88.58693512961608,120.54025839963646
