time,s1,s2,s3,s4,s5,s6
0.0,20.0,20.0,20.0,20.0,20.000000000000004,20.0
1.0,57.050033962639105,89.79870513189488,122.56219722029505,56.859455275325686,88.9276347749013,122.53844270566873
