time,s1,s2,s3,s4,s5,s6
0.0,20.0,20.0,20.0,20.0,20.0,20.0
1.0,55.63305689709924,89.51616533916481,122.19517830038068,56.27484955646579,89.24361185191772,121.73617692329957
