time,s1,s2,s3,s4,s5,s6
0.0,20.0,20.0,20.0,19.999999999999996,20.0,19.999999999999996
1.0,56.6220418853878,88.65807707380172,121.57545245966239,57.22359725416541,90.17320935356314,122.13123780046027
