time,s1,s2,s3,s4,s5,s6
0.0,20.0,20.0,20.0,20.000000000000004,20.0,20.0
1.0,56.228889677350544,88.93681574246138,121.06769876290342,56.8859603676602,88.89743769424315,121.95824065746177
