time,s1,s2,s3,s4,s5,s6
0.0,20.0,20.0,20.0,20.0,20.0,20.0
1.0,56.67119508549516,88.65218920165132,122.10500273361978,57.83044828526588,88.69840314861415,122.58437185279689
