time,s1,s2,s3,s4,s5,s6
0.0,20.0,20.0,20.0,20.0,20.0,20.0
1.0,57.99354449593667,89.03758860093872,120.59266711002111,57.322372793792546,88.97587254387867,122.47519665117896
