time,s1,s2,s3,s4,s5,s6
0.0,20.0,20.0,20.0,20.0,19.999999999999996,20.0
1.0,55.532212969544645,87.65617115064046,122.2086398419526,56.1771731958015,89.08407863515339,122.87053714700872
