time,s1,s2,s3,s4,s5,s6
0.0,20.0,20.0,20.0,19.999999999999996,20.0,20.0
1.0,57.119174222932436,89.37529890022336,121.06021308378166,56.72377047117307,89.1677786994923,122.45446108095035
