time,s1,s2,s3,s4,s5,s6
0.0,20.0,20.000000000000004,20.0,20.0,20.0,20.0
1.0,55.0831772472701,88.88049175720111,122.34450001799455,56.52631661175535,88.97170562093969,120.94225066851405
