time,s1,s2,s3,s4,s5,s6
0.0,20.0,20.0,20.0,20.0,20.0,20.0
1.0,56.25967108739209,89.79399035682323,122.17522735225324,57.515523901416685,88.79753712794988,120.1052663194048
