time,s1,s2,s3,s4,s5,s6
0.0,20.0,20.0,20.0,20.0,20.000000000000004,20.000000000000004
1.0,56.396666802626996,88.07187067698332,122.44508035954527,55.74103041354141,88.66128101847039,121.7212741354832
