time,s1,s2,s3,s4,s5,s6
0.0,20.0,20.0,20.0,20.0,20.000000000000004,20.0
1.0,56.18120938987255,89.2660968641867,120.44529288009488,56.58383663742904,89.78735123342585,122.88955187937573
