time,s1,s2,s3,s4,s5,s6
0.0,20.0,20.0,20.0,20.0,20.0,20.0
1.0,56.34241641343487,89.64946076402332,121.12555803096879,56.76486073002272,88.20576444446944,121.34499336511789
