time,s1,s2,s3,s4,s5,s6
0.0,20.0,20.0,20.0,19.999999999999996,19.999999999999996,20.0
1.0,56.25190787761578,88.76973806874064,120.74508574675883,56.88110991664459,88.31977183421246,121.41940764686275
