time,s1,s2,s3,s4,s5,s6
0.0,20.0,20.0,20.0,20.0,20.0,20.0
1.0,56.4685465973431,88.9789783563582,121.61868470852735,56.717392199170675,89.35377261325625,122.52558822392547
