time,s1,s2,s3,s4,s5,s6
0.0,20.0,20.0,20.0,20.0,20.0,20.0
1.0,57.59381764880278,87.96296965492853,121.49529344953392,57.29367685036675,88.63372824794043,121.74983933930741
