time,s1,s2,s3,s4,s5,s6
0.0,20.0,20.0,20.0,20.0,20.0,20.0
1.0,57.74045243952578,88.26520996386405,122.4997171900138,56.539818726087255,89.71959456806688,122.1423811082727
