time,s1,s2,s3,s4,s5,s6
0.0,20.0,20.0,20.0,20.0,20.0,20.0
1.0,56.466549509096005,89.97602167249883,122.74407905190392,56.727247323520864,89.18839525763507,121.06337704880546
