time,s1,s2,s3,s4,s5,s6
0.0,20.0,20.0,20.0,19.999999999999996,19.999999999999996,20.0
1.0,56.13420727690511,87.59517444832704,121.17626342970223,57.46567205570778,89.43856272897116,121.47463036613695
