time,s1,s2,s3,s4,s5,s6
0.0,20.0,20.000000000000004,20.0,20.0,20.000000000000004,20.0
1.0,55.3987032695095,89.06498483386379,121.55829147117606,56.10779233070703,89.0939012676727,121.84573004619185
