time,s1,s2,s3,s4,s5,s6
0.0,20.0,20.0,20.0,20.0,20.0,20.0
1.0,57.13847524504667,89.14116500019927,121.85738219148477,55.721931924127304,89.5726709901758,121.35780931378198
