time,s1,s2,s3,s4,s5,s6
0.0,20.0,20.0,20.0,20.0,20.0,20.0
1.0,56.23305879121361,89.42798401996724,121.4927661387002,56.89649487729431,88.03177706129023,120.63125038545054
