time,s1,s2,s3,s4,s5,s6
0.0,20.0,20.0,20.0,20.0,20.000000000000004,20.0
1.0,57.481959782209984,89.05278716189547,121.75876399346018,55.63675367639435,88.87983255475957,120.79091272253561
