time,s1,s2,s3,s4,s5,s6
0.0,20.0,20.0,20.0,20.0,20.0,20.0
1.0,56.79533434415425,89.15207440756653,120.76928111759209,56.39656893767957,89.4281965781501,122.2584115231954
