time,s1,s2,s3,s4,s5,s6
0.0,20.0,20.0,20.0,20.0,20.0,20.0
1.0,55.902785164481,88.33011093148333,121.58553603509446,55.75728620925851,88.4963488932524,121.51226589777578
