time,s1,s2,s3,s4,s5,s6
0.0,20.0,20.0,20.0,20.0,20.0,20.0
1.0,56.13917888553362,88.398292216569,120.5854871229482,55.989830639312906,89.60640279371805,121.6116321732783
