time,s1,s2,s3,s4,s5,s6
0.0,20.0,20.0,20.0,20.0,20.0,20.0
1.0,57.306343515090816,89.90106489569992,121.47726757328832,56.456119279921026,88.51148383951579,122.28362927022971
