time,s1,s2,s3,s4,s5,s6
0.0,20.0,20.0,20.0,20.0,20.0,20.0
1.0,55.61866585678584,89.21483374029737,120.27433522751292,55.26025582779936,87.7741219210131,122.0974614276109
