time,s1,s2,s3,s4,s5,s6
0.0,20.0,20.000000000000004,20.0,20.000000000000004,20.0,20.0
1.0,56.451164158291576,88.40835831333185,121.21610926950058,55.62079556916007,89.64513341172615,120.78663396293493
