time,s1,s2,s3,s4,s5,s6
0.0,20.0,20.0,20.0,20.0,20.0,20.0
1.0,57.207875491455724,89.78783902538233,121.19160302467361,56.516754415703076,89.12186837453524,122.4947432572575
