time,s1,s2,s3,s4,s5,s6
0.0,20.0,20.0,20.0,20.0,20.0,20.0
1.0,56.62224127490744,89.2509659784475,120.68922654416176,55.654382035571736,88.64946491631734,122.26056402031901
