time,s1,s2,s3,s4,s5,s6
0.0,20.0,20.0,20.000000000000004,19.999999999999996,20.0,20.0
1.0,56.67146328261002,89.07224945599924,121.07519748633408,56.663702406779905,89.72394479937363,122.11682283818999
