time,s1,s2,s3,s4,s5,s6
0.0,20.0,20.0,20.0,20.0,20.0,20.0
1.0,57.65494301149145,89.63282857958112,120.92871379674358,56.600729923040916,88.35180942084286,121.52492080258637
