time,s1,s2,s3,s4,s5,s6
0.0,20.0,20.0,20.0,20.0,20.0,20.000000000000004
1.0,57.81374565028471,88.81116694382706,122.2856761565647,57.25768707436234,88.06560444404907,121.58684861077981
