time,s1,s2,s3,s4,s5,s6
0.0,20.0,20.0,20.0,20.000000000000004,20.0,20.0
1.0,56.264121308906816,90.12437093691815,121.98744308788643,56.71573111222081,88.38275054415743,121.7823532015631
