time,s1,s2,s3,s4,s5,s6
0.0,20.0,20.0,20.0,20.0,20.0,20.0
1.0,57.04439852290454,89.99957119102936,121.88531365051688,56.02602535501673,88.758532305606,121.55861047554524
