time,s1,s2,s3,s4,s5,s6
0.0,20.0,20.0,20.0,19.999999999999996,20.0,20.0
1.0,56.94295726305589,88.36716231969761,120.9448056760643,55.195227868175884,88.84188749838226,122.94661735870592
