time,s1,s2,s3,s4,s5,s6
0.0,20.0,19.999999999999996,20.0,20.0,20.000000000000004,20.0
1.0,56.00476913827719,89.0730550002933,122.34958972114114,56.063699120064285,89.45128118981884,120.81779222132782
