time,s1,s2,s3,s4,s5,s6
0.0,20.0,20.0,20.0,20.0,20.0,20.0
1.0,56.75984741046149,88.95169593320061,121.40914045967567,56.585024299649895,87.90757741433073,120.2095500990641
