time,s1,s2,s3,s4,s5,s6
0.0,20.0,19.999999999999996,20.0,20.0,20.0,20.0
1.0,55.501514769657135,89.515180382837,121.09171672406853,56.71789187192239,88.88089048257078,121.17609451554058
