time,s1,s2,s3,s4,s5,s6
0.0,20.0,20.0,20.0,20.000000000000004,20.000000000000004,20.000000000000004
1.0,56.83515097789693,89.76380685445201,122.4595187298697,56.56900737593611,89.4839270464269,122.94798881718759
