time,s1,s2,s3,s4,s5,s6
0.0,20.0,20.0,20.0,20.0,20.0,20.0
1.0,57.091110804896466,88.80361644840347,121.02830951036643,56.60128954871436,89.25259437043943,120.91654788534149
