time,s1,s2,s3,s4,s5,s6
0.0,20.0,20.0,20.0,20.0,20.0,20.0
1.0,55.3504162376722,88.80700745460747,121.90758808365902,56.06582178787786,89.81914006916757,121.39035728020492
