time,s1,s2,s3,s4,s5,s6
0.0,20.0,20.0,20.0,19.999999999999996,20.0,20.0
1.0,56.429015178757794,88.65553446594409,121.99574882721083,56.943671833705714,88.74066412792565,121.72379117357337
