time,s1,s2,s3,s4,s5,s6
0.0,20.0,19.999999999999996,20.0,20.0,19.999999999999996,20.0
1.0,58.26806492224439,89.0873883534804,121.1286158201406,56.680413827398624,89.19857956126197,120.5195699910986
