time,s1,s2,s3,s4,s5,s6
0.0,20.0,20.0,20.0,20.0,20.0,20.0
1.0,56.512862224385756,89.13777950669643,121.83268892137818,57.1009523988166,90.34892976116734,121.1492198114396
