time,s1,s2,s3,s4,s5,s6
0.0,20.0,20.0,20.0,20.0,20.0,20.000000000000004
1.0,57.21088585772995,89.62213140282955,121.78538169582139,57.093662782049336,87.71457365908425,120.49633166940181
