time,s1,s2,s3,s4,s5,s6
0.0,20.0,20.0,20.0,20.0,20.0,20.0
1.0,57.437254738440025,89.905951867097,121.6488294416342,55.49744454844013,89.3725196310989,123.01266348376816
