time,s1,s2,s3,s4,s5,s6
0.0,20.0,20.0,20.0,20.0,20.0,20.0
1.0,57.08180435921001,88.72460392069588,120.49523139346036,56.643859123133325,88.5658883080735,120.89551923081584
