time,s1,s2,s3,s4,s5,s6
0.0,20.0,20.0,20.0,20.0,20.0,20.0
1.0,56.945538388427345,89.45369664562615,121.86879005489904,57.35269068270679,89.67379298494814,121.84078752784094
