time,s1,s2,s3,s4,s5,s6
0.0,20.0,20.0,20.0,20.0,20.0,20.0
1.0,55.004763730205056,88.99094742285047,121.46205801362353,56.23059408591501,88.56848898605875,120.57710889629666
