time,s1,s2,s3,s4,s5,s6
0.0,20.0,19.999999999999996,20.0,19.999999999999996,20.0,19.999999999999996
1.0,56.86993440585973,89.0516296872373,121.07367861830593,56.80101938769148,88.42061896570272,121.36561278136652
