time,s1,s2,s3,s4,s5,s6
0.0,20.0,20.0,20.0,20.0,20.0,20.0
1.0,56.67627386081943,88.60324123458582,121.36082282198092,57.175599299930944,88.68089942872483,122.102775230882
