time,s1,s2,s3,s4,s5,s6
0.0,20.0,20.000000000000004,20.0,20.0,20.0,20.000000000000004
1.0,57.2555268493389,88.96096474094227,121.87639701331233,57.87652258591268,89.20760337920035,120.98833226963363
