time,s1,s2,s3,s4,s5,s6
0.0,20.0,20.0,20.0,20.0,20.0,20.0
1.0,56.6567686206175,88.0734506378812,121.2113473515,56.90086543704062,90.06916885325295,121.17305665053337
