time,s1,s2,s3,s4,s5,s6
0.0,20.0,19.999999999999996,20.0,20.0,19.999999999999996,20.0
1.0,56.92662978136892,89.01221395906697,120.52077606748247,58.01274416429063,88.1439242514014,121.1601283401599
