time,s1,s2,s3,s4,s5,s6
0.0,20.0,20.0,20.0,19.999999999999996,20.0,20.0
1.0,57.240910446954295,89.49785316477343,122.87507829489343,56.06316192391045,88.8549138304409,122.11800312585756
