time,s1,s2,s3,s4,s5,s6
0.0,20.0,20.0,20.0,20.0,20.0,20.000000000000004
1.0,55.76119426952809,89.30472328552804,120.94218124730233,56.39316463332236,89.96596476726437,121.53580870709933
