time,s1,s2,s3,s4,s5,s6
0.0,20.0,19.999999999999996,20.0,20.0,20.0,20.0
1.0,57.12451853818788,88.13223658805992,121.96611201780226,56.42579527948294,88.83983191780332,121.857556358238
