time,s1,s2,s3,s4,s5,s6
0.0,20.0,20.0,20.0,20.0,20.000000000000004,20.0
1.0,56.62909397497513,88.21586990588288,122.41290348783336,57.38344882247986,89.00751809549385,121.68873744893324
