time,s1,s2,s3,s4,s5,s6
0.0,20.0,20.0,20.0,20.0,20.0,20.0
1.0,55.92432894978687,90.2485784103466,122.34606050774428,57.34011258504858,88.88533457566606,121.41772353369254
