time,s1,s2,s3,s4,s5,s6
0.0,20.0,20.0,20.0,20.0,20.0,20.0
1.0,57.142822742794905,88.84689798030716,121.43460645166422,57.17448899482436,89.04127000875005,121.90664497732219
