time,s1,s2,s3,s4,s5,s6
0.0,20.0,20.0,20.0,20.0,20.0,20.0
1.0,56.27281588095707,89.16279151461748,120.94892827463912,57.264343279930316,88.42988064482348,121.324486929818
