time,s1,s2,s3,s4,s5,s6
0.0,20.0,20.0,20.0,20.0,20.0,19.999999999999996
1.0,57.404377610809306,88.92784065579522,120.84903824829782,56.255142780413436,89.5267831233778,121.96489024632473
