time,s1,s2,s3,s4,s5,s6
0.0,20.0,20.0,20.0,20.000000000000004,20.0,20.0
1.0,55.31673011197768,87.9312737139331,121.41557535258603,56.564013853928714,88.37176991175403,122.0698395590538
