time,s1,s2,s3,s4,s5,s6
0.0,20.0,20.0,20.0,20.0,20.0,20.0
1.0,56.54935312412904,89.06085251698745,121.70382625237713,57.006080591883745,89.27983190069044,120.98921936271262
