time,s1,s2,s3,s4,s5,s6
0.0,20.0,20.0,20.0,20.0,20.0,20.0
1.0,55.93338388039263,88.89577844163448,122.16090785815221,57.04829195189963,87.88972016192093,121.56462637531104
