time,s1,s2,s3,s4,s5,s6
0.0,20.0,20.0,20.0,20.0,20.0,20.0
1.0,57.952677440532646,89.28855857735188,121.91693969931872,55.56641359725574,88.86124777943543,121.68053289534785
