time,s1,s2,s3,s4,s5,s6
0.0,20.0,20.0,20.0,19.999999999999996,20.0,20.0
1.0,56.3680159484495,89.6085209059845,122.17107547552763,57.00969963734553,89.16908126182068,120.89345003642882
