time,s1,s2,s3,s4,s5,s6
0.0,20.0,20.0,20.0,20.0,20.0,20.0
1.0,57.816273800085746,89.28547380789234,121.35736212833196,57.120506981241874,87.5514431389976,121.4561192000229
