time,s1,s2,s3,s4,s5,s6
0.0,20.0,20.0,20.0,19.999999999999996,20.0,20.0
1.0,56.35531868403315,88.27912719846417,123.64135686962814,56.71802026315478,88.70404843309385,120.69485113413754
