time,s1,s2,s3,s4,s5,s6
0.0,20.0,20.0,20.0,20.0,20.0,20.0
1.0,57.03573446825841,89.28069405351047,122.09539081205074,56.208569343937036,88.16874339804713,122.25111585932328
