time,s1,s2,s3,s4,s5,s6
0.0,20.0,20.0,20.0,20.000000000000004,20.0,20.0
1.0,55.646387337983725,89.03338165531615,121.28166539581969,56.863608352631466,89.30485081011362,122.18034156009514
