time,s1,s2,s3,s4,s5,s6
0.0,20.0,20.0,20.0,20.0,20.0,20.0
1.0,56.63618938650946,88.48684666993181,120.59106201335604,57.09049977190142,90.11145514392567,121.22548813861555
