time,s1,s2,s3,s4,s5,s6
0.0,20.0,20.0,20.0,20.0,20.0,20.0
1.0,56.774328153359164,89.30410658397713,122.53172099248033,56.6801279519336,89.86899060911855,121.47832126014741
