time,s1,s2,s3,s4,s5,s6
0.0,20.0,20.000000000000004,20.0,20.0,20.0,20.0
1.0,56.218090634372544,88.37672173616336,120.22969781027689,56.67166440209339,88.97911967295506,121.86704262836426
