time,s1,s2,s3,s4,s5,s6
0.0,20.0,20.0,20.0,20.0,20.0,20.0
1.0,55.93772033331777,88.88685262897347,121.94047780615966,56.17528617000619,88.7386706839845,121.8750954734317
