time,s1,s2,s3,s4,s5,s6
0.0,20.0,20.0,20.0,20.0,20.000000000000004,20.0
1.0,56.16787870722433,88.90481008538244,120.54159555097219,56.789494113420446,88.61571880526452,121.16201077751622
