time,s1,s2,s3,s4,s5,s6
0.0,20.0,20.0,20.0,20.0,20.0,20.0
1.0,55.36230521275841,89.55355133367274,122.05145267740977,57.42370906210506,87.7154975968953,122.65587790943837
