time,s1,s2,s3,s4,s5,s6
0.0,20.0,20.0,20.0,20.0,20.0,20.000000000000004
1.0,55.937672161906704,90.38573289692488,121.90561876474248,55.67047540693499,87.97865724114868,120.20745150394468
