time,s1,s2,s3,s4,s5,s6
0.0,20.0,20.000000000000004,20.0,20.0,19.999999999999996,20.000000000000004
1.0,56.7877589289692,88.18120295665535,121.83727592169467,57.18348883418837,89.09733050150993,121.35781605668289
