time,s1,s2,s3,s4,s5,s6
0.0,20.0,20.0,20.0,20.000000000000004,20.0,20.0
1.0,55.55059343276102,89.1225390782622,120.24401824118118,56.42830222307232,88.47494601778126,122.52582023675446
