time,s1,s2,s3,s4,s5,s6
0.0,20.0,19.999999999999996,20.0,20.000000000000004,20.000000000000004,20.0
1.0,55.73704892824347,87.9173399987253,121.86419756710875,55.982860197532155,88.76837039667575,121.76194811715115
