time,s1,s2,s3,s4,s5,s6
0.0,20.0,20.0,20.0,20.0,20.0,20.0
1.0,54.982487452386835,90.07919271588104,121.41135339267922,56.67426616256831,88.75809275730698,121.60866165362849
