time,s1,s2,s3,s4,s5,s6
0.0,20.0,20.0,20.0,20.0,20.0,20.0
1.0,56.342694143888224,88.86558595815666,122.4019836183644,55.21808922397309,90.44538541756314,122.26927805913215
