time,s1,s2,s3,s4,s5,s6
0.0,20.0,20.0,20.0,20.0,20.0,20.0
1.0,56.86268016257671,89.07946552444784,121.69883989164073,56.69504395905649,88.99006165304586,122.44693311421277
