time,s1,s2,s3,s4,s5,s6
0.0,20.0,20.0,20.0,19.999999999999996,20.0,20.0
1.0,56.217109558270664,88.33190801699227,121.61391058219516,56.51018249369261,90.30751664062582,122.86513432828684
