time,s1,s2,s3,s4,s5,s6
0.0,20.0,20.0,20.0,20.0,20.0,20.0
1.0,56.65346162743318,88.6589505677088,122.24328680601954,55.21833532976395,88.22693802662809,121.92611451411207
