time,s1,s2,s3,s4,s5,s6
0.0,20.0,20.0,20.0,20.0,20.0,20.0
1.0,55.97167159361899,89.30901273467954,122.09412163074771,56.50660456688128,89.30793589781335,121.91207788591234
