time,s1,s2,s3,s4,s5,s6
0.0,20.0,20.0,20.0,20.0,20.0,20.000000000000004
1.0,56.98829340820296,89.17020563810651,120.15559036681238,56.78446783814186,89.3083938371079,121.38676143270189
