time,s1,s2,s3,s4,s5,s6
0.0,20.0,20.0,20.0,19.999999999999996,20.0,19.999999999999996
1.0,56.61142568915857,89.37611533181807,122.309170830118,56.378654415524196,89.0331271513145,121.67872211903031
