time,s1,s2,s3,s4,s5,s6
0.0,20.0,20.0,20.0,20.000000000000004,20.0,20.0
1.0,56.46729536166359,88.40104599576176,121.89545017889026,56.13104185381732,88.49544629575246,121.65177415941602
