time,s1,s2,s3,s4,s5,s6
0.0,20.0,20.0,20.0,20.0,20.0,20.0
1.0,57.25921520111902,89.27929151075352,121.51930285929105,56.33672328923035,88.71081328777744,121.33854783399995
