time,s1,s2,s3,s4,s5,s6
0.0,20.0,20.0,20.0,20.0,20.0,20.0
1.0,55.92917957550743,89.01941212133381,121.63030097773847,56.824757697253446,90.9874403422106,121.76889906537488
