time,s1,s2,s3,s4,s5,s6
0.0,20.0,20.0,20.0,20.0,20.0,20.0
1.0,56.37632091532865,88.0874981616352,121.86447787519997,55.54190932371548,89.51979131478731,121.2580588722521
