time,s1,s2,s3,s4,s5,s6
0.0,20.0,20.0,20.0,20.0,20.0,19.999999999999996
1.0,55.809197657535876,89.73342587900922,120.9014707022857,55.767732851938405,89.17778332161727,122.18681397121769
