time,s1,s2,s3,s4,s5,s6
0.0,20.0,20.0,20.0,20.0,20.0,20.0
1.0,56.20125678784147,88.20011935745046,121.91434318642236,57.38401075935663,89.8237380120512,122.39981308692856
