time,s1,s2,s3,s4,s5,s6
0.0,20.0,20.0,20.0,19.999999999999996,20.0,20.0
1.0,56.99994029017839,88.6479982168448,122.61651341633691,58.66221498693244,89.13659145614426,122.73026477380849
