time,s1,s2,s3,s4,s5,s6
0.0,20.0,20.0,20.0,20.0,20.0,19.999999999999996
1.0,55.95294109484651,88.4316438708878,121.23298508600108,57.467771670713525,88.13772023694204,120.99854406342897
