time,s1,s2,s3,s4,s5,s6
0.0,20.0,20.0,20.0,20.0,20.0,20.000000000000004
1.0,56.65469403363116,88.58977615911445,122.4545990866255,57.34832756098045,88.97711175928112,120.06993351553162
