time,s1,s2,s3,s4,s5,s6
0.0,20.0,20.0,20.0,20.0,20.0,20.0
1.0,56.409344046434526,88.7920619816056,121.4859760749903,57.39510772185709,89.6654675991925,121.41474371149111
