time,s1,s2,s3,s4,s5,s6
0.0,20.0,20.0,20.0,20.000000000000004,20.0,20.000000000000004
1.0,57.501677456612306,88.64655737141813,123.39275367000732,56.79656843592362,89.35255619558149,121.45777553314828
