time,s1,s2,s3,s4,s5,s6
0.0,20.0,19.999999999999996,20.0,20.000000000000004,20.0,20.000000000000004
1.0,56.150111442726825,89.66200026840673,121.66760435984907,55.52668098556104,88.65900775633902,121.22072380637377
