time,s1,s2,s3,s4,s5,s6
0.0,20.0,20.0,20.0,20.0,20.0,20.0
1.0,56.9505961365049,88.59811986649444,121.19226721110263,57.21964889256725,88.70839055870366,121.4436315231972
