time,s1,s2,s3,s4,s5,s6
0.0,20.0,19.999999999999996,20.0,20.0,20.0,20.0
1.0,55.706994395200134,89.1601309995833,122.26930497048389,57.06238612874838,88.52575415076168,121.83982501814529
