time,s1,s2,s3,s4,s5,s6
0.0,20.0,20.0,20.0,20.0,20.0,20.0
1.0,56.40475261334903,89.4854950429245,121.84376196424105,56.408064765966714,89.32167700404523,122.27302425694373
