time,s1,s2,s3,s4,s5,s6
0.0,20.0,19.999999999999996,20.0,20.000000000000004,20.0,20.0
1.0,57.7237897389375,88.83891175282638,122.67847479405731,56.11947380088718,89.51566481892111,122.70108141070146
