time,s1,s2,s3,s4,s5,s6
0.0,20.0,20.0,20.0,20.0,20.000000000000004,20.000000000000004
1.0,55.70584970585944,89.31990634649456,122.39263868089476,55.86716540775886,88.43029799350772,121.82821422597613
