time,s1,s2,s3,s4,s5,s6
0.0,20.0,20.0,20.0,20.000000000000004,20.0,20.0
1.0,58.81180037832104,93.6236007566635,128.43540113496405,58.81180037833032,93.62360075666119,128.43540113496508
