time,s1,s2,s3,s4,s5,s6
0.0,20.0,20.0,20.0,20.000000000000004,20.0,20.0
1.0,55.499786437084595,86.9995728741962,118.49935931125844,55.49978643709242,86.99957287419372,118.49935931125805
