time,s1,s2,s3,s4,s5,s6
0.0,20.0,20.0,20.0,20.000000000000004,20.0,20.0
1.0,59.253209492365016,94.50641898474915,129.75962847708922,59.253209492370516,94.50641898475187,129.75962847709738
