time,s1,s2,s3,s4,s5,s6
0.0,20.0,20.0,20.0,20.000000000000004,20.0,20.0
1.0,59.1991728754284,94.39834575087124,129.5975186262574,59.19917287542968,94.39834575086434,129.59751862626112
