time,s1,s2,s3,s4,s5,s6
0.0,20.0,20.0,20.0,20.000000000000004,20.0,20.0
1.0,57.35217277312177,90.70434554627798,124.05651831939535,57.352172773146776,90.70434554628902,124.05651831939028
