time,s1,s2,s3,s4,s5,s6
0.0,20.0,20.0,20.0,20.000000000000004,20.0,20.0
1.0,60.0004289436655,96.00085788733318,132.00128683097523,60.00042894366649,96.00085788733148,132.00128683096415
