time,s1,s2,s3,s4,s5,s6
0.0,20.0,20.0,20.0,20.000000000000004,20.0,20.0
1.0,54.75146813125859,85.50293626255201,116.25440439379136,54.7514681312655,85.5029362625423,116.25440439379057
