time,s1,s2,s3,s4,s5,s6
0.0,20.0,20.0,20.0,20.000000000000004,20.0,20.0
1.0,60.767515020964936,97.53503004196148,134.3025450628959,60.76751502097368,97.53503004195122,134.3025450628885
