time,s1,s2,s3,s4,s5,s6
0.0,20.0,20.0,20.0,20.000000000000004,20.0,20.0
1.0,60.87302014852136,97.74604029706202,134.61906044557307,60.873020148532376,97.74604029706305,134.61906044556906
