time,s1,s2,s3,s4,s5,s6
0.0,20.0,20.0,20.0,20.000000000000004,20.0,20.0
1.0,63.24731070659638,102.49462141319091,141.74193211973144,63.24731070660036,102.49462141318534,141.74193211972639
