time,s1,s2,s3,s4,s5,s6
0.0,20.0,20.0,20.0,20.000000000000004,20.0,20.0
1.0,57.984136838873155,91.96827367776595,125.95241051660483,57.984136838877006,91.96827367775987,125.95241051660028
