time,s1,s2,s3,s4,s5,s6
0.0,20.0,20.0,20.0,20.000000000000004,20.0,20.0
1.0,57.91070179297475,91.82140358597887,125.73210537894394,57.910701792985954,91.82140358597796,125.73210537894197
