time,s1,s2,s3,s4,s5,s6
0.0,20.0,20.0,20.0,20.000000000000004,20.0,20.0
1.0,56.79151985592401,89.5830397118691,122.37455956777518,56.79151985594021,89.58303971187675,122.37455956776833
