time,s1,s2,s3,s4,s5,s6
0.0,20.0,20.0,20.0,20.000000000000004,20.0,20.0
1.0,56.70454802898474,89.40909605799426,122.1136440869582,56.70454802899171,89.40909605799668,122.11364408695319
