time,s1,s2,s3,s4,s5,s6
0.0,20.0,20.0,20.0,20.000000000000004,20.0,20.0
1.0,55.24290723063617,86.4858144612914,117.72872169190686,55.242907230643546,86.48581446129796,117.72872169190325
