time,s1,s2,s3,s4,s5,s6
0.0,20.0,20.0,20.0,20.000000000000004,20.0,20.0
1.0,55.73465006582191,87.4693001316657,119.20395019747772,55.734650065830074,87.46930013167326,119.20395019747765
