time,s1,s2,s3,s4,s5,s6
0.0,20.0,20.0,20.0,20.000000000000004,20.0,20.0
1.0,55.30837292850467,86.61674585703989,117.92511878552034,55.30837292851886,86.61674585704452,117.92511878552583
