time,s1,s2,s3,s4,s5,s6
0.0,20.0,20.0,20.0,20.000000000000004,20.0,20.0
1.0,61.68504988735606,99.37009977473554,137.05514966207357,61.68504988736487,99.37009977473502,137.05514966206246
