time,s1,s2,s3,s4,s5,s6
0.0,20.0,20.0,20.0,20.000000000000004,20.0,20.0
1.0,57.24710251230745,90.49420502464143,123.74130753692603,57.24710251231219,90.4942050246397,123.74130753692934
