time,s1,s2,s3,s4,s5,s6
0.0,20.0,20.0,20.0,20.000000000000004,20.0,20.0
1.0,55.75089166979005,87.50178333959717,119.25267500937096,55.75089166979256,87.50178333960156,119.25267500936418
