time,s1,s2,s3,s4,s5,s6
0.0,20.0,20.0,20.0,20.000000000000004,20.0,20.0
1.0,54.331275909408575,84.66255181881941,114.99382772821653,54.33127590941065,84.66255181882394,114.9938277282215
