time,s1,s2,s3,s4,s5,s6
0.0,20.0,20.0,20.0,20.000000000000004,20.0,20.0
1.0,49.52226282457856,75.04452564916302,100.56678847370743,49.52226282458386,75.04452564916477,100.56678847370802
