time,s1,s2,s3,s4,s5,s6
0.0,20.0,20.0,20.0,20.000000000000004,20.0,20.0
1.0,63.05539090461847,102.11078180926387,141.16617271389003,63.05539090463212,102.11078180927723,141.16617271389208
