time,s1,s2,s3,s4,s5,s6
0.0,20.0,20.0,20.0,20.000000000000004,20.0,20.0
1.0,62.117729309526524,100.23545861907965,138.3531879285773,62.11772930954645,100.23545861907837,138.35318792858098
