time,s1,s2,s3,s4,s5,s6
0.0,20.0,20.0,20.0,20.000000000000004,20.0,20.0
1.0,61.008355020472706,98.01671004097354,135.0250650614035,61.00835502047269,98.01671004095083,135.02506506139764
