time,s1,s2,s3,s4,s5,s6
0.0,20.0,20.0,20.0,20.000000000000004,20.0,20.0
1.0,61.3365902321748,98.67318046436179,136.00977069650006,61.336590232178324,98.67318046435503,136.00977069650182
