time,s1,s2,s3,s4,s5,s6
0.0,20.0,20.0,20.0,20.000000000000004,20.0,20.0
1.0,60.68568320864901,97.37136641731732,134.057049625944,60.68568320864839,97.37136641730496,134.0570496259335
