time,s1,s2,s3,s4,s5,s6
0.0,20.0,20.0,20.0,20.000000000000004,20.0,20.0
1.0,59.07298044192335,94.14596088389447,129.21894132580874,59.0729804419365,94.14596088389064,129.2189413258062
