time,s1,s2,s3,s4,s5,s6
0.0,20.0,20.0,20.0,20.000000000000004,20.0,20.0
1.0,53.83017305290677,83.66034610581873,113.4905191586998,53.83017305291448,83.66034610582955,113.49051915870726
