time,s1,s2,s3,s4,s5,s6
0.0,20.0,20.0,20.0,20.000000000000004,20.0,20.0
1.0,55.54333850264711,87.08667700531974,118.63001550796542,55.54333850265004,87.08667700532021,118.63001550796238
