time,s1,s2,s3,s4,s5,s6
0.0,20.0,20.0,20.0,20.000000000000004,20.0,20.0
1.0,52.25461041398496,80.50922082799593,108.76383124196961,52.25461041399776,80.50922082800085,108.76383124197213
