time,s1,s2,s3,s4,s5,s6
0.0,20.0,20.0,20.0,20.000000000000004,20.0,20.0
1.0,57.5667906664432,91.13358133291825,124.70037199935584,57.56679066644737,91.1335813329179,124.7003719993608
