time,s1,s2,s3,s4,s5,s6
0.0,20.0,20.0,20.0,20.000000000000004,20.0,20.0
1.0,56.80876275056666,89.61752550115175,122.4262882516832,56.80876275057634,89.61752550115206,122.42628825167873
