time,s1,s2,s3,s4,s5,s6
0.0,20.0,20.0,20.0,20.000000000000004,20.0,20.0
1.0,49.53099932224427,75.06199864451868,100.59299796673469,49.53099932225733,75.06199864451324,100.59299796672674
