time,s1,s2,s3,s4,s5,s6
0.0,20.0,20.0,20.0,20.000000000000004,20.0,20.0
1.0,55.48647580978235,86.97295161957948,118.45942742934574,55.48647580979125,86.97295161957985,118.45942742934182
