time,s1,s2,s3,s4,s5,s6
0.0,20.0,20.0,20.0,20.000000000000004,20.0,20.0
1.0,51.61162799479519,79.22325598960813,106.83488398438584,51.61162799480406,79.22325598961552,106.83488398438931
