time,s1,s2,s3,s4,s5,s6
0.0,20.0,20.0,20.0,20.000000000000004,20.0,20.0
1.0,53.62003691367777,83.24007382736622,112.86011074100837,53.62003691367697,83.2400738273664,112.86011074100878
