time,s1,s2,s3,s4,s5,s6
0.0,20.0,20.0,20.0,20.000000000000004,20.0,20.0
1.0,53.33597871687962,82.67195743377155,112.00793615062366,53.3359787168851,82.67195743377717,112.0079361506209
