time,s1,s2,s3,s4,s5,s6
0.0,20.0,20.0,20.0,20.000000000000004,20.0,20.0
1.0,57.953825027952334,91.9076500559205,125.8614750838581,57.953825027962196,91.90765005592705,125.86147508385133
