time,s1,s2,s3,s4,s5,s6
0.0,20.0,20.0,20.0,20.000000000000004,20.0,20.0
1.0,53.95034177860107,83.90068355722764,113.85102533582734,53.9503417786087,83.9006835572329,113.85102533583253
