time,s1,s2,s3,s4,s5,s6
0.0,20.0,20.0,20.0,20.000000000000004,20.0,20.0
1.0,58.23279015473523,92.46558030948847,126.69837046419056,58.23279015474208,92.4655803094817,126.69837046419116
