time,s1,s2,s3,s4,s5,s6
0.0,20.0,20.0,20.0,20.000000000000004,20.0,20.0
1.0,56.20668288086567,88.41336576174685,120.62004864256889,56.20668288087272,88.41336576174942,120.62004864256357
