time,s1,s2,s3,s4,s5,s6
0.0,20.0,20.0,20.0,20.000000000000004,20.0,20.0
1.0,56.34282711560092,88.68565423123208,121.0284813468009,56.3428271156145,88.68565423123134,121.02848134679938
