time,s1,s2,s3,s4,s5,s6
0.0,20.0,20.0,20.0,20.000000000000004,20.0,20.0
1.0,62.469977277499694,100.93995455501938,139.40993183250689,62.46997727750873,100.93995455502464,139.40993183250663
