time,s1,s2,s3,s4,s5,s6
0.0,20.0,20.0,20.0,20.000000000000004,20.0,20.0
1.0,51.25764115647658,78.51528231296186,105.77292346941027,51.257641156481,78.51528231296595,105.77292346940752
