time,s1,s2,s3,s4,s5,s6
0.0,20.0,20.0,20.0,20.000000000000004,20.0,20.0
1.0,53.77255896337576,83.54511792678385,113.31767689017134,53.77255896338703,83.54511792679753,113.31767689017188
