time,s1,s2,s3,s4,s5,s6
0.0,20.0,20.0,20.0,20.000000000000004,20.0,20.0
1.0,52.605088203527956,81.21017640707376,109.81526461058444,52.60508820354076,81.21017640708621,109.81526461059057
