time,s1,s2,s3,s4,s5,s6
0.0,20.0,20.0,20.0,20.000000000000004,20.0,20.0
1.0,57.441014229449564,90.88202845891297,124.32304268834545,57.44101422946207,90.88202845891897,124.32304268834
