time,s1,s2,s3,s4,s5,s6
0.0,20.0,20.0,20.0,20.000000000000004,20.0,20.0
1.0,54.367186565299335,84.73437313062908,115.10155969591305,54.36718656531052,84.73437313062729,115.1015596959124
