time,s1,s2,s3,s4,s5,s6
0.0,20.0,20.0,20.0,20.000000000000004,20.0,20.0
1.0,54.42050626698476,84.84101253400044,115.26151880097008,54.4205062669931,84.84101253399753,115.26151880096752
