time,s1,s2,s3,s4,s5,s6
0.0,20.0,20.0,20.0,20.000000000000004,20.0,20.0
1.0,57.32944911775456,90.65889823552719,123.98834735324061,57.32944911775941,90.65889823552374,123.98834735323041
