time,s1,s2,s3,s4,s5,s6
0.0,20.0,20.0,20.0,20.000000000000004,20.0,20.0
1.0,52.417562204166806,80.83512440835243,109.25268661248998,52.417562204176726,80.83512440835197,109.25268661248515
