time,s1,s2,s3,s4,s5,s6
0.0,20.0,20.0,20.0,20.000000000000004,20.0,20.0
1.0,54.554347020980956,85.10869404197655,115.66304106294987,54.55434702099811,85.10869404198452,115.66304106295192
