time,s1,s2,s3,s4,s5,s6
0.0,20.0,20.0,20.0,20.000000000000004,20.0,20.0
1.0,53.53829053902746,83.07658107806549,112.61487161708126,53.53829053903339,83.07658107807691,112.61487161708406
