time,s1,s2,s3,s4,s5,s6
0.0,20.0,20.0,20.0,20.000000000000004,20.0,20.0
1.0,53.9940290443696,83.98805808874516,113.9820871330979,53.99402904437648,83.98805808875326,113.9820871331039
