time,s1,s2,s3,s4,s5,s6
0.0,20.0,20.0,20.0,20.000000000000004,20.0,20.0
1.0,52.78110251580979,81.56220503163306,110.34330754739457,52.78110251581924,81.56220503162811,110.34330754739604
