time,s1,s2,s3,s4,s5,s6
0.0,20.0,20.0,20.0,20.000000000000004,20.0,20.0
1.0,57.61104248051022,91.22208496103673,124.83312744150544,57.61104248051418,91.22208496103144,124.83312744149626
