time,s1,s2,s3,s4,s5,s6
0.0,20.0,20.0,20.0,20.000000000000004,20.0,20.0
1.0,56.341456079318434,88.68291215866242,121.02436823794164,56.341456079329824,88.68291215866405,121.02436823794535
