time,s1,s2,s3,s4,s5,s6
0.0,20.0,20.0,20.0,20.000000000000004,20.0,20.0
1.0,55.13214126578174,86.26428253158913,117.3964237973471,55.13214126578972,86.2642825315881,117.39642379735021
