time,s1,s2,s3,s4,s5,s6
0.0,20.0,20.0,20.0,20.000000000000004,20.0,20.0
1.0,59.825772586438795,95.65154517290553,131.47731775933087,59.82577258644274,95.6515451729018,131.4773177593359
