time,s1,s2,s3,s4,s5,s6
0.0,20.0,20.0,20.0,20.000000000000004,20.0,20.0
1.0,54.835642597435694,85.67128519489339,116.50692779232148,54.835642597446515,85.67128519489827,116.50692779232303
