time,s1,s2,s3,s4,s5,s6
0.0,20.0,20.0,20.0,20.000000000000004,20.0,20.0
1.0,57.60637539582888,91.21275079167592,124.81912618748422,57.6063753958303,91.2127507916804,124.81912618747651
