time,s1,s2,s3,s4,s5,s6
0.0,20.0,20.0,20.0,20.000000000000004,20.0,20.0
1.0,52.90540221112793,81.81080442227201,110.71620663339144,52.90540221113971,81.81080442228392,110.71620663339664
