time,s1,s2,s3,s4,s5,s6
0.0,20.0,20.0,20.0,20.000000000000004,20.0,20.0
1.0,49.643348700573,75.28669740116423,100.93004610170696,49.64334870058043,75.28669740116794,100.93004610170487
