time,s1,s2,s3,s4,s5,s6
0.0,20.0,20.0,20.0,20.000000000000004,20.0,20.0
1.0,50.749379948332674,77.4987598966853,104.2481398450073,50.749379948342934,77.49875989669347,104.24813984501517
