time,s1,s2,s3,s4,s5,s6
0.0,20.0,20.0,20.0,20.000000000000004,20.0,20.0
1.0,51.66728863314718,79.33457726630826,107.00186589942858,51.66728863315716,79.33457726631187,107.00186589942686
