time,s1,s2,s3,s4,s5,s6
0.0,20.0,20.0,20.0,20.000000000000004,20.0,20.0
1.0,58.43750893521488,92.87501787046106,127.31252680566973,58.437508935223796,92.87501787046432,127.31252680566914
