time,s1,s2,s3,s4,s5,s6
0.0,20.0,20.0,20.0,20.000000000000004,20.0,20.0
1.0,62.56611402303756,101.13222804609728,139.69834206911656,62.566114023048655,101.13222804610066,139.6983420691085
