time,s1,s2,s3,s4,s5,s6
0.0,20.0,20.0,20.0,20.000000000000004,20.0,20.0
1.0,59.24427754260497,94.48855508523962,129.73283262781501,59.24427754260751,94.48855508523187,129.73283262781294
