time,s1,s2,s3,s4,s5,s6
0.0,20.0,20.0,20.0,20.000000000000004,20.0,20.0
1.0,61.79221591439888,99.58443182882269,137.37664774321473,61.79221591440397,99.58443182883545,137.37664774322639
