time,s1,s2,s3,s4,s5,s6
0.0,20.0,20.0,20.0,20.000000000000004,20.0,20.0
1.0,55.9895369251022,87.97907385024068,119.96861077536039,55.98953692512109,87.97907385025408,119.96861077536678
