time,s1,s2,s3,s4,s5,s6
0.0,20.0,20.0,20.0,20.000000000000004,20.0,20.0
1.0,57.31497063966124,90.62994127934812,123.9449119189716,57.314970639671714,90.62994127933959,123.94491191896853
