time,s1,s2,s3,s4,s5,s6
0.0,20.0,20.0,20.0,20.000000000000004,20.0,20.0
1.0,59.38761663630329,94.77523327262755,130.1628499088968,59.38761663630516,94.77523327262175,130.16284990889338
