time,s1,s2,s3,s4,s5,s6
0.0,20.0,20.0,20.0,20.000000000000004,20.0,20.0
1.0,56.55733185961519,89.11466371926774,121.67199557887531,56.55733185962892,89.11466371927052,121.67199557887054
