time,s1,s2,s3,s4,s5,s6
0.0,20.0,20.0,20.0,20.000000000000004,20.0,20.0
1.0,62.04060011477387,100.08120022958315,138.12180034435826,62.04060011478472,100.08120022959831,138.12180034435892
