time,s1,s2,s3,s4,s5,s6
0.0,20.0,20.0,20.0,20.000000000000004,20.0,20.0
1.0,60.02582160262911,96.0516432052741,132.0774648078717,60.02582160263856,96.0516432052741,132.07746480787281
