time,s1,s2,s3,s4,s5,s6
0.0,20.0,20.0,20.0,20.000000000000004,20.0,20.0
1.0,61.39507122766093,98.79014245533438,136.1852136829589,61.3950712276619,98.79014245533071,136.18521368296263
