time,s1,s2,s3,s4,s5,s6
0.0,20.0,20.0,20.0,20.000000000000004,20.0,20.0
1.0,57.29834520369188,90.59669040739384,123.89503561107034,57.298345203698624,90.596690407398,123.8950356110696
