time,s1,s2,s3,s4,s5,s6
0.0,20.0,20.0,20.0,20.000000000000004,20.0,20.0
1.0,53.66412808693687,83.32825617386999,112.99238426075547,53.66412808694477,83.32825617387866,112.99238426076357
