time,s1,s2,s3,s4,s5,s6
0.0,20.0,20.0,20.0,20.000000000000004,20.0,20.0
1.0,51.069502587329396,78.13900517466485,105.20850776195665,51.069502587337546,78.13900517466558,105.20850776195174
