time,s1,s2,s3,s4,s5,s6
0.0,20.0,20.0,20.0,20.000000000000004,20.0,20.0
1.0,55.20143509582849,86.40287019168788,117.60430528749762,55.201435095837695,86.40287019168869,117.60430528750189
