time,s1,s2,s3,s4,s5,s6
0.0,20.0,20.0,20.0,20.000000000000004,20.0,20.0
1.0,58.04778217553388,92.0955643510735,126.14334652656831,58.047782175534984,92.09556435106691,126.14334652656414
