time,s1,s2,s3,s4,s5,s6
0.0,20.0,20.0,20.0,20.000000000000004,20.0,20.0
1.0,56.91555942848929,89.83111885699256,122.74667828545536,56.91555942849736,89.83111885699734,122.74667828545442
