time,s1,s2,s3,s4,s5,s6
0.0,20.0,20.0,20.0,20.000000000000004,20.0,20.0
1.0,54.69052828563406,85.38105657127146,116.07158485687287,54.69052828563498,85.38105657127262,116.07158485687245
