time,s1,s2,s3,s4,s5,s6
0.0,20.0,20.0,20.0,20.000000000000004,20.0,20.0
1.0,56.55774571866057,89.11549143735137,121.67323715599116,56.55774571867221,89.115491437353,121.67323715598761
