time,s1,s2,s3,s4,s5,s6
0.0,20.0,20.0,20.0,20.000000000000004,20.0,20.0
1.0,55.21931578582334,86.43863157168126,117.65794735748767,55.21931578582717,86.43863157168445,117.65794735749411
