time,s1,s2,s3,s4,s5,s6
0.0,20.0,20.0,20.0,20.000000000000004,20.0,20.0
1.0,54.00352819445125,84.0070563889344,114.0105845833833,54.003528194464884,84.00705638894712,114.01058458339264
