time,s1,s2,s3,s4,s5,s6
0.0,20.0,20.0,20.0,20.000000000000004,20.0,20.0
1.0,55.80732452079703,87.61464904161109,119.42197356239916,55.80732452080933,87.61464904162155,119.42197356240182
