time,s1,s2,s3,s4,s5,s6
0.0,20.0,20.0,20.0,20.000000000000004,20.0,20.0
1.0,58.46962739361497,92.93925478725555,127.40888218083714,58.46962739361827,92.93925478725171,127.40888218084142
