time,s1,s2,s3,s4,s5,s6
0.0,20.0,20.0,20.0,20.000000000000004,20.0,20.0
1.0,57.990078091064085,91.9801561821496,125.97023427318499,57.99007809107339,91.980156182146,125.97023427318524
