time,s1,s2,s3,s4,s5,s6
0.0,20.0,20.0,20.0,20.000000000000004,20.0,20.0
1.0,59.70590975276742,95.41181950543857,131.11772925801083,59.70590975293629,95.4118195056506,131.11772925826193
