time,s1,s2,s3,s4,s5,s6
0.0,20.0,20.0,20.0,20.000000000000004,20.0,20.0
1.0,59.24950963161157,94.49901926325327,129.7485288948522,59.24950963161476,94.49901926325177,129.7485288948547
