time,s1,s2,s3,s4,s5,s6
0.0,20.0,20.0,20.0,20.000000000000004,20.0,20.0
1.0,54.757039739445375,85.51407947891471,116.27111921833774,54.75703973945704,85.51407947891494,116.27111921833617
