time,s1,s2,s3,s4,s5,s6
0.0,20.0,20.0,20.0,20.000000000000004,20.0,20.0
1.0,53.794255485516956,83.58851097105446,113.38276645654773,53.79425548552514,83.58851097105408,113.38276645654888
