time,s1,s2,s3,s4,s5,s6
0.0,20.0,20.0,20.0,20.000000000000004,20.0,20.0
1.0,54.53153831996846,85.06307663995007,115.5946149598898,54.53153831997503,85.0630766399542,115.59461495988668
