time,s1,s2,s3,s4,s5,s6
0.0,20.0,20.0,20.0,20.000000000000004,20.0,20.0
1.0,53.914333764608145,83.82866752922118,113.7430012937917,53.914333764613474,83.82866752922305,113.74300129379095
