time,s1,s2,s3,s4,s5,s6
0.0,20.0,20.0,20.0,20.000000000000004,20.0,20.0
1.0,58.13053073394069,92.2610614678849,126.39159220177882,58.13053073394633,92.26106146788197,126.39159220176961
