time,s1,s2,s3,s4,s5,s6
0.0,20.0,20.0,20.0,20.000000000000004,20.0,20.0
1.0,58.4644861742276,92.92897234847061,127.39345852266499,58.46448617423033,92.92897234846784,127.39345852266975
