time,s1,s2,s3,s4,s5,s6
0.0,20.0,20.0,20.0,20.000000000000004,20.0,20.0
1.0,58.27646655434694,92.552933108713,126.82939966302865,58.27646655435681,92.55293310870724,126.82939966302872
