time,s1,s2,s3,s4,s5,s6
0.0,20.0,20.0,20.0,20.000000000000004,20.0,20.0
1.0,58.99860460488408,93.9972092097876,128.9958138146601,58.99860460488381,93.99720920979073,128.9958138146534
