time,s1,s2,s3,s4,s5,s6
0.0,20.0,20.0,20.0,20.000000000000004,20.0,20.0
1.0,53.765493793699,83.53098758742084,113.29648138110751,53.76549379370658,83.5309875874247,113.29648138110709
