time,s1,s2,s3,s4,s5,s6
0.0,20.0,20.0,20.0,20.000000000000004,20.0,20.0
1.0,54.528804060601544,85.0576081212096,115.5864121818123,54.52880406060876,85.05760812122182,115.58641218181118
