time,s1,s2,s3,s4,s5,s6
0.0,20.0,20.0,20.0,20.000000000000004,20.0,20.0
1.0,61.26686057348225,98.53372114690366,135.800581720221,61.26686057367863,98.53372114714159,135.80058172051628
