time,s1,s2,s3,s4,s5,s6
0.0,20.0,20.0,20.0,20.000000000000004,20.0,20.0
1.0,61.04457391453107,98.0891478290809,135.13372174359722,61.0445739145392,98.08914782907878,135.13372174359853
