time,s1,s2,s3,s4,s5,s6
0.0,20.0,20.0,20.0,20.000000000000004,20.0,20.0
1.0,54.68789723903899,85.37579447809321,116.06369171711293,54.68789723904327,85.37579447809517,116.06369171711364
