time,s1,s2,s3,s4,s5,s6
0.0,20.0,20.0,20.0,20.000000000000004,20.0,20.0
1.0,62.01990353462186,100.03980706928087,138.05971060389808,62.019903534636576,100.03980706929046,138.05971060388805
