time,s1,s2,s3,s4,s5,s6
0.0,20.0,20.0,20.0,20.000000000000004,20.0,20.0
1.0,56.818922217962196,89.63784443594709,122.45676665388163,56.8189222179702,89.63784443594304,122.45676665388166
