time,s1,s2,s3,s4,s5,s6
0.0,20.0,20.0,20.0,20.000000000000004,20.0,20.0
1.0,56.535107342756824,89.07021468554414,121.60532202827991,56.53510734276823,89.07021468554227,121.6053220282732
