time,s1,s2,s3,s4,s5,s6
0.0,20.0,20.0,20.0,20.000000000000004,20.0,20.0
1.0,54.82036398854223,85.64072797710352,116.4610919656519,54.82036398854519,85.64072797710605,116.46109196565628
