time,s1,s2,s3,s4,s5,s6
0.0,20.0,20.0,20.0,20.000000000000004,20.0,20.0
1.0,64.97893885356778,105.95787770716129,146.93681656072079,64.97893885357989,105.95787770716942,146.93681656071865
