time,s1,s2,s3,s4,s5,s6
0.0,20.0,20.0,20.0,20.000000000000004,20.0,20.0
1.0,57.41631655786085,90.83263311573977,124.24894967355911,57.416316557875234,90.83263311574626,124.2489496735669
