time,s1,s2,s3,s4,s5,s6
0.0,20.0,20.0,20.0,20.000000000000004,20.0,20.0
1.0,60.31190584512352,96.623811690265,132.9357175353508,60.31190584512157,96.62381169025502,132.93571753535144
