time,s1,s2,s3,s4,s5,s6
0.0,20.0,20.0,20.0,20.000000000000004,20.0,20.0
1.0,56.56118798839823,89.12237597682554,121.68356396520599,56.56118798841116,89.12237597682584,121.68356396519712
