time,s1,s2,s3,s4,s5,s6
0.0,20.0,20.0,20.0,20.000000000000004,20.0,20.0
1.0,54.50544808099555,85.01089616201476,115.51634424300914,54.50544808100567,85.01089616201958,115.5163442430106
