time,s1,s2,s3,s4,s5,s6
0.0,20.0,20.0,20.0,20.000000000000004,20.0,20.0
1.0,57.15440931131474,90.30881862263055,123.46322793391711,57.15440931132339,90.30881862263463,123.46322793391768
