time,s1,s2,s3,s4,s5,s6
0.0,20.0,20.0,20.0,20.000000000000004,20.0,20.0
1.0,64.2667929740153,104.53358594803483,144.80037892199948,64.26679297401361,104.53358594803422,144.80037892199303
