time,s1,s2,s3,s4,s5,s6
0.0,20.0,20.0,20.0,20.000000000000004,20.0,20.0
1.0,63.216319931954864,102.43263986393183,141.64895979587294,63.21631993195707,102.43263986392316,141.64895979586328
