time,s1,s2,s3,s4,s5,s6
0.0,20.0,20.0,20.0,20.000000000000004,20.0,20.0
1.0,56.00509560086097,88.0101912017402,120.01528680257721,56.005095600870035,88.01019120173459,120.01528680257361
