time,s1,s2,s3,s4,s5,s6
0.0,20.0,20.0,20.0,20.000000000000004,20.0,20.0
1.0,54.88033985595315,85.76067971192161,116.64101956785736,54.880339855963015,85.76067971192097,116.6410195678589
