time,s1,s2,s3,s4,s5,s6
0.0,20.0,20.0,20.0,20.000000000000004,20.0,20.0
1.0,52.97454388240184,81.94908776483118,110.92363164721286,52.974543882408355,81.9490877648332,110.92363164721428
