time,s1,s2,s3,s4,s5,s6
0.0,20.0,20.0,20.0,20.000000000000004,20.0,20.0
1.0,55.75975715735531,87.51951431471778,119.27927147203798,55.759757157369734,87.51951431473168,119.27927147205568
