time,s1,s2,s3,s4,s5,s6
0.0,20.0,20.0,20.0,20.000000000000004,20.0,20.0
1.0,58.45978159508455,92.91956319019697,127.3793447852599,58.45978159509412,92.91956319019201,127.37934478525797
