time,s1,s2,s3,s4,s5,s6
0.0,20.0,20.0,20.0,20.000000000000004,20.0,20.0
1.0,55.92563530427934,87.85127060855888,119.77690591278142,55.925635304291546,87.85127060855916,119.7769059127699
