time,s1,s2,s3,s4,s5,s6
0.0,20.0,20.0,20.0,20.000000000000004,20.0,20.0
1.0,57.14087874670368,90.28175749341723,123.42263624006964,57.14087874670727,90.2817574934132,123.42263624006671
