time,s1,s2,s3,s4,s5,s6
0.0,20.0,20.0,20.0,20.000000000000004,20.0,20.0
1.0,58.0250971763913,92.05019435280497,126.07529152916135,58.02509717640122,92.05019435280477,126.07529152916635
