time,s1,s2,s3,s4,s5,s6
0.0,20.0,20.0,20.0,20.000000000000004,20.0,20.0
1.0,60.39506818698921,96.79013637398761,133.1852045609375,60.39506818699668,96.7901363739847,133.1852045609297
