time,s1,s2,s3,s4,s5,s6
0.0,20.0,20.0,20.0,20.000000000000004,20.0,20.0
1.0,58.81155180726719,93.62310361456582,128.43465542181465,58.811551807274654,93.62310361455907,128.43465542181158
