time,s1,s2,s3,s4,s5,s6
0.0,20.0,20.0,20.0,20.000000000000004,20.0,20.0
1.0,57.816574907967556,91.63314981595505,125.44972472389196,57.81657490797199,91.63314981594772,125.44972472389401
