time,s1,s2,s3,s4,s5,s6
0.0,20.0,20.0,20.0,20.000000000000004,20.0,20.0
1.0,61.41340761718335,98.82681523448917,136.24022285139495,61.41340761730104,98.82681523458814,136.24022285132637
