time,s1,s2,s3,s4,s5,s6
0.0,20.0,20.0,20.0,20.000000000000004,20.0,20.0
1.0,57.44402770956772,90.88805541915073,124.3320831286934,57.44402770957682,90.8880554191492,124.3320831286876
