time,s1,s2,s3,s4,s5,s6
0.0,20.0,20.0,20.0,20.000000000000004,20.0,20.0
1.0,60.408706980611655,96.8174139612455,133.2261209418379,60.40870698062341,96.81741396125062,133.22612094182892
