time,s1,s2,s3,s4,s5,s6
0.0,20.0,20.0,20.0,20.000000000000004,20.0,20.0
1.0,54.317334832438206,84.63466966489484,114.95200449731179,54.317334832451145,84.63466966490421,114.95200449731601
