time,s1,s2,s3,s4,s5,s6
0.0,20.0,20.0,20.0,20.000000000000004,20.0,20.0
1.0,56.36480450376713,88.72960900754904,121.09441351129077,56.36480450377725,88.72960900755734,121.09441351129313
