time,s1,s2,s3,s4,s5,s6
0.0,20.0,20.0,20.0,20.000000000000004,20.0,20.0
1.0,57.92539295859213,91.8507859172264,125.77617887581783,57.92539295860742,91.85078591722558,125.77617887581101
