time,s1,s2,s3,s4,s5,s6
0.0,20.0,20.0,20.0,20.000000000000004,20.0,20.0
1.0,58.76057082734182,93.52114165470317,128.281712482018,58.760570827353874,93.52114165470843,128.28171248202463
