time,s1,s2,s3,s4,s5,s6
0.0,20.0,20.0,20.0,20.000000000000004,20.0,20.0
1.0,55.5625453043679,87.12509060874893,118.68763591308337,55.5625453043679,87.12509060874666,118.68763591308384
