time,s1,s2,s3,s4,s5,s6
0.0,20.0,20.0,20.0,20.000000000000004,20.0,20.0
1.0,51.9275947709925,79.85518954200852,107.7827843129715,51.927594771007364,79.85518954201396,107.7827843129751
