time,s1,s2,s3,s4,s5,s6
0.0,20.0,20.0,20.0,20.000000000000004,20.0,20.0
1.0,63.495764372625494,102.99152874527326,142.4872931178615,63.49576437262666,102.99152874526843,142.4872931178606
