time,s1,s2,s3,s4,s5,s6
0.0,20.0,20.0,20.0,20.000000000000004,20.0,20.0
1.0,59.52771037314386,95.05542074631278,130.58313111946006,59.52771037316482,95.05542074632932,130.58313111946745
