time,s1,s2,s3,s4,s5,s6
0.0,20.0,20.0,20.0,20.000000000000004,20.0,20.0
1.0,53.49333966100788,82.98667932203318,112.48001898303167,53.49333966101915,82.9866793220418,112.48001898303635
