time,s1,s2,s3,s4,s5,s6
0.0,20.0,20.0,20.0,20.000000000000004,20.0,20.0
1.0,56.75461659011343,89.50923318025173,122.26384977035642,56.754616590125465,89.50923318026015,122.26384977034789
