time,s1,s2,s3,s4,s5,s6
0.0,20.0,20.0,20.0,20.000000000000004,20.0,20.0
1.0,59.09502749226084,94.19005498452506,129.28508247675185,59.095027492269566,94.19005498452134,129.28508247674947
