time,s1,s2,s3,s4,s5,s6
0.0,20.0,20.0,20.0,20.000000000000004,20.0,20.0
1.0,56.91377715800128,89.82755431601223,122.74133147396753,56.91377715800843,89.82755431601439,122.74133147397106
