time,s1,s2,s3,s4,s5,s6
0.0,20.0,20.0,20.0,20.000000000000004,20.0,20.0
1.0,55.908420488399784,87.81684097681038,119.72526146516114,55.908420488403934,87.81684097680684,119.72526146516594
