time,s1,s2,s3,s4,s5,s6
0.0,20.0,20.0,20.0,20.000000000000004,20.0,20.0
1.0,60.4620234899385,96.92404697994556,133.38607046970208,60.462023490259085,96.92404698024282,133.38607046994662
