time,s1,s2,s3,s4,s5,s6
0.0,20.0,20.0,20.0,20.000000000000004,20.0,20.0
1.0,54.76682561809559,85.53365123621333,116.30047685428688,54.76682561809859,85.53365123621363,116.30047685428535
