time,s1,s2,s3,s4,s5,s6
0.0,20.0,20.0,20.0,20.000000000000004,20.0,20.0
1.0,56.226810754113984,88.45362150824977,120.68043226234268,56.226810754114055,88.4536215082494,120.68043226234474
