time,s1,s2,s3,s4,s5,s6
0.0,20.0,20.0,20.0,20.000000000000004,20.0,20.0
1.0,57.07156650977816,90.14313301956904,123.21469952931113,57.07156650978513,90.14313301956393,123.21469952930549
