time,s1,s2,s3,s4,s5,s6
0.0,20.0,20.0,20.0,20.000000000000004,20.0,20.0
1.0,59.95509096593851,95.91018193188927,131.86527289779247,59.95509096594451,95.91018193188636,131.86527289778945
