time,s1,s2,s3,s4,s5,s6
0.0,20.0,20.0,20.0,20.000000000000004,20.0,20.0
1.0,53.84791406665296,83.69582813332772,113.54374219996878,53.84791406666042,83.69582813333076,113.54374219997102
