time,s1,s2,s3,s4,s5,s6
0.0,20.0,20.0,20.0,20.000000000000004,20.0,20.0
1.0,55.357489517839184,86.71497903568265,118.07246855348505,55.3574895178468,86.7149790356867,118.07246855348804
