time,s1,s2,s3,s4,s5,s6
0.0,20.0,20.0,20.0,20.000000000000004,20.0,20.0
1.0,55.13430779507215,86.2686155901603,117.40292338517806,55.13430779507978,86.26861559015657,117.40292338518096
