time,s1,s2,s3,s4,s5,s6
0.0,20.0,20.0,20.0,20.000000000000004,20.0,20.0
1.0,54.15030534544188,84.30061069089612,114.4509160362974,54.15030534544313,84.30061069089534,114.45091603629838
