time,s1,s2,s3,s4,s5,s6
0.0,20.0,20.0,20.0,20.000000000000004,20.0,20.0
1.0,57.805193749241624,91.61038749849888,125.41558124770461,57.805193749241155,91.61038749849828,125.41558124770698
