time,s1,s2,s3,s4,s5,s6
0.0,20.0,20.0,20.0,20.000000000000004,20.0,20.0
1.0,54.08549948619263,84.17099897240564,114.25649845860124,54.08549948619685,84.1709989724078,114.25649845860156
