time,s1,s2,s3,s4,s5,s6
0.0,20.0,20.0,20.0,20.000000000000004,20.0,20.0
1.0,52.24529052247108,80.4905810449637,108.73587156740695,52.245290522487785,80.49058104496277,108.73587156740142
