time,s1,s2,s3,s4,s5,s6
0.0,20.0,20.0,20.0,20.000000000000004,20.0,20.0
1.0,50.36007954382737,76.72015908767555,103.08023863147655,50.36007954383737,76.72015908767867,103.08023863147886
