time,s1,s2,s3,s4,s5,s6
0.0,20.0,20.0,20.0,20.000000000000004,20.0,20.0
1.0,64.04460247869511,104.08920495740719,144.13380743610253,64.04460247870409,104.08920495741938,144.13380743610833
