time,s1,s2,s3,s4,s5,s6
0.0,20.0,20.0,20.0,20.000000000000004,20.0,20.0
1.0,54.12417931125621,84.2483586225261,114.3725379337494,54.12417931125869,84.24835862252107,114.37253793375004
