time,s1,s2,s3,s4,s5,s6
0.0,20.0,20.0,20.0,20.000000000000004,20.0,20.0
1.0,56.85081933390397,89.70163866781243,122.55245800169234,56.850819333906266,89.70163866781613,122.55245800169523
