time,s1,s2,s3,s4,s5,s6
0.0,20.0,20.0,20.0,20.000000000000004,20.0,20.0
1.0,64.24021379050713,104.48042758102933,144.7206413714872,64.24021379051469,104.48042758102515,144.72064137147757
