time,s1,s2,s3,s4,s5,s6
0.0,20.0,20.0,20.0,20.000000000000004,20.0,20.0
1.0,56.11730477144186,88.23460954290087,120.35191431430628,56.11730477144798,88.23460954290105,120.3519143143092
