time,s1,s2,s3,s4,s5,s6
0.0,20.0,20.0,20.0,20.000000000000004,20.0,20.0
1.0,57.16616675737168,90.3323335147611,123.49850027211752,57.16616675737478,90.33233351477027,123.49850027212379
