time,s1,s2,s3,s4,s5,s6
0.0,20.0,20.0,20.0,20.000000000000004,20.0,20.0
1.0,57.01555959011549,90.0311191802475,123.04667877032858,57.01555959012324,90.03111918024004,123.046678770332
