time,s1,s2,s3,s4,s5,s6
0.0,20.0,20.0,20.0,20.000000000000004,20.0,20.0
1.0,62.47637348332988,100.95274696635185,139.4291204491064,62.47637348340438,100.95274696633984,139.4291204491065
