time,s1,s2,s3,s4,s5,s6
0.0,20.0,20.0,20.0,20.000000000000004,20.0,20.0
1.0,55.82316494793624,87.64632989589353,119.4694948438003,55.82316494795177,87.64632989590098,119.46949484380221
