time,s1,s2,s3,s4,s5,s6
0.0,20.0,20.0,20.0,20.000000000000004,20.0,20.0
1.0,55.60707706607535,87.2141541321893,118.8212311982637,55.607077066082226,87.21415413218375,118.82123119825856
