time,s1,s2,s3,s4,s5,s6
0.0,20.0,20.0,20.0,20.000000000000004,20.0,20.0
1.0,69.01217637792948,114.02435275585609,159.03652913374253,69.01217637792952,114.02435275586245,159.03652913374665
