time,s1,s2,s3,s4,s5,s6
0.0,20.0,20.0,20.0,20.000000000000004,20.0,20.0
1.0,53.05878391902875,82.1175678380782,111.17635175708816,53.05878391903264,82.11756783808065,111.17635175708708
