time,s1,s2,s3,s4,s5,s6
0.0,20.0,20.0,20.0,20.000000000000004,20.0,20.0
1.0,56.74420045067396,89.48840090136716,122.23260135200687,56.74420045068119,89.4884009013659,122.23260135200755
