time,s1,s2,s3,s4,s5,s6
0.0,20.0,20.0,20.0,20.000000000000004,20.0,20.0
1.0,55.78517849783978,87.57035699570508,119.35553549354242,55.78517849784587,87.57035699572124,119.35553549354381
