time,s1,s2,s3,s4,s5,s6
0.0,20.0,20.0,20.0,20.000000000000004,20.0,20.0
1.0,58.49409533382614,92.98819066765873,127.48228600144566,58.49409533382882,92.98819066765434,127.48228600144319
