time,s1,s2,s3,s4,s5,s6
0.0,20.0,20.0,20.0,20.000000000000004,20.0,20.0
1.0,58.078037497065154,92.15607499416572,126.2341124912179,58.07803749707995,92.15607499416672,126.23411249121371
