time,s1,s2,s3,s4,s5,s6
0.0,20.0,20.0,20.0,20.000000000000004,20.0,20.0
1.0,60.05141953189511,96.10283906381133,132.15425859567222,60.05141953189508,96.10283906380789,132.15425859566784
