time,s1,s2,s3,s4,s5,s6
0.0,20.0,20.0,20.0,20.000000000000004,20.0,20.0
1.0,57.01758471564398,90.03516943130307,123.05275414691818,57.017584715651715,90.03516943129897,123.05275414691826
