time,s1,s2,s3,s4,s5,s6
0.0,20.0,20.0,20.0,20.000000000000004,20.0,20.0
1.0,56.61977940199718,89.23955880401999,121.85933820601079,56.61977940200421,89.23955880402835,121.85933820601423
