time,s1,s2,s3,s4,s5,s6
0.0,20.0,20.0,20.0,20.000000000000004,20.0,20.0
1.0,63.47270673932237,102.94541347866138,142.41812021796113,63.47270673933022,102.94541347865638,142.41812021795224
