time,s1,s2,s3,s4,s5,s6
0.0,20.0,20.0,20.0,20.000000000000004,20.0,20.0
1.0,58.440528021345415,92.88105604270774,127.321584064033,58.44052802134977,92.88105604270784,127.32158406403033
