time,s1,s2,s3,s4,s5,s6
0.0,20.0,20.0,20.0,20.000000000000004,20.0,20.0
1.0,64.14390090899461,104.28780181801264,144.43170272700436,64.14390090900035,104.28780181802601,144.4317027270148
