time,s1,s2,s3,s4,s5,s6
0.0,20.0,20.0,20.0,20.000000000000004,20.0,20.0
1.0,56.3001668416732,88.60033368336518,120.90050052503412,56.30016684168159,88.60033368336889,120.90050052504188
