time,s1,s2,s3,s4,s5,s6
0.0,20.0,20.0,20.0,20.000000000000004,20.0,20.0
1.0,57.658760440134195,91.3175208802961,124.9762813204211,57.658760440146736,91.31752088030187,124.97628132042367
