time,s1,s2,s3,s4,s5,s6
0.0,20.0,20.0,20.0,20.000000000000004,20.0,20.0
1.0,59.83084242333328,95.66168484668994,131.4925272700031,59.830842423337685,95.66168484668711,131.4925272699991
