time,s1,s2,s3,s4,s5,s6
0.0,20.0,20.0,20.0,20.000000000000004,20.0,20.0
1.0,60.39363146182144,96.787262923642,133.18089438540994,60.393631461818664,96.78726292362754,133.18089438539795
