time,s1,s2,s3,s4,s5,s6
0.0,20.0,20.0,20.0,20.000000000000004,20.0,20.0
1.0,56.33655330771545,88.6731066154415,121.00965992312484,56.336553307723534,88.67310661543998,121.00965992312719
