time,s1,s2,s3,s4,s5,s6
0.0,20.0,20.0,20.0,20.000000000000004,20.0,20.0
1.0,62.08527247157179,100.17054494317205,138.255817414729,62.085272471577994,100.17054494316575,138.25581741473076
