time,s1,s2,s3,s4,s5,s6
0.0,20.0,20.0,20.0,20.000000000000004,20.0,20.0
1.0,52.54628182384323,81.09256364769806,109.63884547152563,52.54628182384638,81.09256364770673,109.63884547152986
