time,s1,s2,s3,s4,s5,s6
0.0,20.0,20.0,20.0,20.000000000000004,20.0,20.0
1.0,52.110591565626436,80.22118313127737,108.33177469687874,52.110591565638046,80.22118313128047,108.33177469687679
