time,s1,s2,s3,s4,s5,s6
0.0,20.0,20.0,20.0,20.000000000000004,20.0,20.0
1.0,56.998628629746584,89.99725725952379,122.99588588926574,56.99862862976159,89.99725725952892,122.99588588926026
