time,s1,s2,s3,s4,s5,s6
0.0,20.0,20.0,20.0,20.000000000000004,20.0,20.0
1.0,53.844376875520524,83.68875375105264,113.5331306265455,53.8443768755294,83.68875375105623,113.53313062654907
