time,s1,s2,s3,s4,s5,s6
0.0,20.0,20.0,20.0,20.000000000000004,20.0,20.0
1.0,54.26131459515803,84.52262919033834,114.78394378548124,54.26131459516334,84.52262919034098,114.78394378548404
