time,s1,s2,s3,s4,s5,s6
0.0,20.0,20.0,20.0,20.000000000000004,20.0,20.0
1.0,55.31559886937596,86.63119773875545,117.94679660807978,55.31559886938114,86.63119773875025,117.94679660808232
