time,s1,s2,s3,s4,s5,s6
0.0,20.0,20.0,20.0,20.000000000000004,20.0,20.0
1.0,62.84326396193113,101.68652792388102,140.52979188578672,62.84326396194138,101.68652792388987,140.5297918858004
