time,s1,s2,s3,s4,s5,s6
0.0,20.0,20.0,20.0,20.000000000000004,20.0,20.0
1.0,57.943660025341295,91.88732005071364,125.83098007602592,57.94366002535415,91.88732005070824,125.83098007602058
