time,s1,s2,s3,s4,s5,s6
0.0,20.0,20.0,20.0,20.000000000000004,20.0,20.0
1.0,58.760655547948275,93.52131109590756,128.28196664382784,58.76065554795781,93.52131109591456,128.28196664383384
