time,s1,s2,s3,s4,s5,s6
0.0,20.0,20.0,20.0,20.000000000000004,20.0,20.0
1.0,54.41497199051608,84.82994398105285,115.24491597154389,54.41497199052198,84.82994398105245,115.24491597154426
