time,s1,s2,s3,s4,s5,s6
0.0,20.0,20.0,20.0,20.000000000000004,20.0,20.0
1.0,55.389205017268196,86.77841003456604,118.16761505182325,55.38920501727707,86.7784100345662,118.16761505181906
