time,s1,s2,s3,s4,s5,s6
0.0,20.0,20.0,20.0,20.000000000000004,20.0,20.0
1.0,58.16625726030453,92.33251452063905,126.49877178090571,58.16625726032051,92.33251452063459,126.49877178090009
