time,s1,s2,s3,s4,s5,s6
0.0,20.0,20.0,20.0,20.000000000000004,20.0,20.0
1.0,52.36197250382128,80.72394500767521,109.08591751148373,52.36197250383339,80.72394500767895,109.08591751148461
