time,s1,s2,s3,s4,s5,s6
0.0,20.0,20.0,20.0,20.000000000000004,20.0,20.0
1.0,55.27401396135308,86.5480279227188,117.82204188403975,55.274013961356815,86.54802792271313,117.82204188404066
