time,s1,s2,s3,s4,s5,s6
0.0,20.0,20.0,20.0,20.000000000000004,20.0,20.0
1.0,54.05258507945653,84.10517015894706,114.15775523839625,54.05258507946269,84.10517015894081,114.15775523839763
