time,s1,s2,s3,s4,s5,s6
0.0,20.0,20.0,20.0,20.000000000000004,20.0,20.0
1.0,60.596056276369524,97.19211255274442,133.7881688290881,60.596056276374824,97.19211255275866,133.78816882909905
