time,s1,s2,s3,s4,s5,s6
0.0,20.0,20.0,20.0,20.000000000000004,20.0,20.0
1.0,52.709809512144524,81.41961902430658,110.12942853642122,52.7098095121541,81.41961902431308,110.12942853642048
