time,s1,s2,s3,s4,s5,s6
0.0,20.0,20.0,20.0,20.000000000000004,20.0,20.0
1.0,68.1810181298165,112.36203625964777,156.54305438941128,68.18101812982687,112.36203625965132,156.5430543894167
