time,s1,s2,s3,s4,s5,s6
0.0,20.0,20.0,20.0,20.000000000000004,20.0,20.0
1.0,58.65897958226527,93.31795916454982,127.97693874682409,58.65897958227799,93.31795916455833,127.97693874681951
