time,s1,s2,s3,s4,s5,s6
0.0,20.0,20.0,20.0,20.000000000000004,20.0,20.0
1.0,50.817034705133686,77.63406941028022,104.45110411541215,50.81703470514595,77.63406941029757,104.45110411541893
