time,s1,s2,s3,s4,s5,s6
0.0,20.0,20.0,20.0,20.000000000000004,20.0,20.0
1.0,56.18053278427633,88.36106556856215,120.54159835281338,56.18053278428959,88.36106556857735,120.54159835281214
