time,s1,s2,s3,s4,s5,s6
0.0,20.0,20.0,20.0,20.000000000000004,20.0,20.0
1.0,58.01723143826355,92.03446287654724,126.05169431479581,58.01723143827448,92.03446287654862,126.05169431479018
