time,s1,s2,s3,s4,s5,s6
0.0,20.0,20.0,20.0,20.000000000000004,20.0,20.0
1.0,56.417907708447345,88.83581541690403,121.25372312531186,56.417907708457165,88.83581541690683,121.25372312531152
