time,s1,s2,s3,s4,s5,s6
0.0,20.0,20.0,20.0,20.000000000000004,20.0,20.0
1.0,55.08995842879335,86.17991685761896,117.26987528640963,55.08995842880721,86.17991685761467,117.26987528641564
