time,s1,s2,s3,s4,s5,s6
0.0,20.0,20.0,20.0,20.000000000000004,20.0,20.0
1.0,53.45569843336533,82.91139686674003,112.3670953000775,53.455698433375495,82.91139686675388,112.36709530009544
