time,s1,s2,s3,s4,s5,s6
0.0,20.0,20.0,20.0,20.000000000000004,20.0,20.0
1.0,58.61520964359434,93.2304192872054,127.84562893078294,58.6152096435986,93.23041928720488,127.84562893077872
