time,s1,s2,s3,s4,s5,s6
0.0,20.0,20.0,20.0,20.000000000000004,20.0,20.0
1.0,64.93772809870255,105.87545619778692,146.81318429643827,64.93772809891392,105.87545619773543,146.8131842964084
