time,s1,s2,s3,s4,s5,s6
0.0,20.0,20.0,20.0,20.000000000000004,20.0,20.0
1.0,61.107216380803706,98.2144327616433,135.32164914245115,61.10721638081448,98.21443276164302,135.321649142439
