time,s1,s2,s3,s4,s5,s6
0.0,20.0,20.0,20.0,20.000000000000004,20.0,20.0
1.0,55.107907122158494,86.21581424432992,117.3237213664599,55.10790712216367,86.21581424432475,117.32372136645623
