time,s1,s2,s3,s4,s5,s6
0.0,20.0,20.0,20.0,20.000000000000004,20.0,20.0
1.0,56.415960258124514,88.83192051624494,121.24788077430388,56.415960258125,88.8319205162422,121.24788077430385
