time,s1,s2,s3,s4,s5,s6
0.0,20.0,20.0,20.0,20.000000000000004,20.0,20.0
1.0,58.0107644275733,92.02152885517773,126.03229328273282,58.01076442759508,92.02152885517982,126.03229328273193
