time,s1,s2,s3,s4,s5,s6
0.0,20.0,20.0,20.0,20.000000000000004,20.0,20.0
1.0,56.30945065180589,88.61890130362306,120.92835195548507,56.3094506518082,88.6189013036243,120.92835195548082
