time,s1,s2,s3,s4,s5,s6
0.0,20.0,20.0,20.0,20.000000000000004,20.0,20.0
1.0,55.3179617625607,86.63592352514621,117.95388528769314,55.31796176256504,86.63592352514402,117.9538852876889
