time,s1,s2,s3,s4,s5,s6
0.0,20.0,20.0,20.0,20.000000000000004,20.0,20.0
1.0,54.421156415976924,84.8423128319689,115.26346924791963,54.421156415981045,84.84231283196569,115.26346924791285
