time,s1,s2,s3,s4,s5,s6
0.0,20.0,20.0,20.0,20.000000000000004,20.0,20.0
1.0,58.1880083591062,92.37601671824655,126.56402507733313,58.18800835911438,92.37601671824572,126.56402507733425
