time,s1,s2,s3,s4,s5,s6
0.0,20.0,20.0,20.0,20.000000000000004,20.0,20.0
1.0,56.21643134934648,88.43286269870413,120.64929404801057,56.216431349353954,88.4328626987041,120.64929404801285
