time,s1,s2,s3,s4,s5,s6
0.0,20.0,20.0,20.0,20.000000000000004,20.0,20.0
1.0,57.83348111979966,91.66696223961718,125.50044335938873,57.833481119814806,91.66696223961443,125.50044335937847
