time,s1,s2,s3,s4,s5,s6
0.0,20.0,20.0,20.0,20.000000000000004,20.0,20.0
1.0,53.6424807872682,83.28496157454911,112.92744236179425,53.64248078727412,83.2849615745553,112.92744236180145
