time,s1,s2,s3,s4,s5,s6
0.0,20.0,20.0,20.0,20.000000000000004,20.0,20.0
1.0,53.024509477627475,82.04901895527686,111.07352843291139,53.0245094776412,82.04901895529784,111.07352843291758
