time,s1,s2,s3,s4,s5,s6
0.0,20.0,20.0,20.0,20.000000000000004,20.0,20.0
1.0,61.28910145986529,98.578202919734,135.86730437954878,61.28910145986745,98.57820291972727,135.86730437953898
