time,s1,s2,s3,s4,s5,s6
0.0,20.0,20.0,20.0,20.000000000000004,20.0,20.0
1.0,52.25108749820143,80.50217499642383,108.75326249460063,52.25108749820747,80.50217499642322,108.75326249459933
