time,s1,s2,s3,s4,s5,s6
0.0,20.0,20.0,20.0,20.000000000000004,20.0,20.0
1.0,54.25793752668112,84.5158750533737,114.77381257999988,54.2579375266859,84.51587505337264,114.77381258000489
