time,s1,s2,s3,s4,s5,s6
0.0,20.0,20.0,20.0,20.000000000000004,20.0,20.0
1.0,57.21512385720551,90.43024771443459,123.64537157162854,57.21512385721395,90.43024771443916,123.64537157164062
