time,s1,s2,s3,s4,s5,s6
0.0,20.0,20.0,20.0,20.000000000000004,20.0,20.0
1.0,50.13705999445065,76.27411998892148,102.41117998335181,50.13705999446321,76.27411998892828,102.4111799833506
