time,s1,s2,s3,s4,s5,s6
0.0,20.0,20.0,20.0,20.000000000000004,20.0,20.0
1.0,58.42104977427384,92.84209954856661,127.26314932281426,58.421049774281705,92.8420995485604,127.26314932280474
