time,s1,s2,s3,s4,s5,s6
0.0,20.0,20.0,20.0,20.000000000000004,20.0,20.0
1.0,60.83689710569389,97.67379421111504,134.510691316108,60.8368971058206,97.67379421110871,134.5106913160859
