time,s1,s2,s3,s4,s5,s6
0.0,20.0,20.0,20.0,20.000000000000004,20.0,20.0
1.0,53.1586687802849,82.31733756057696,111.47600634082934,53.15866878028691,82.31733756057778,111.47600634083835
