time,s1,s2,s3,s4,s5,s6
0.0,20.0,20.0,20.0,20.000000000000004,20.0,20.0
1.0,55.67528832773414,87.35057665548894,119.0258649832012,55.67528832774802,87.35057665550407,119.02586498321178
