time,s1,s2,s3,s4,s5,s6
0.0,20.0,20.0,20.0,20.000000000000004,20.0,20.0
1.0,49.74581963398075,75.49163926797596,101.2374589019144,49.74581963398647,75.49163926797596,101.23745890191189
