time,s1,s2,s3,s4,s5,s6
0.0,20.0,20.0,20.0,20.000000000000004,20.0,20.0
1.0,52.976123193154876,81.95224638634681,110.92836957950223,52.97612319316794,81.95224638635766,110.92836957950458
