time,s1,s2,s3,s4,s5,s6
0.0,20.0,20.0,20.0,20.000000000000004,20.0,20.0
1.0,53.50506408076121,83.01012816153806,112.5151922422713,53.505064080772726,83.01012816154649,112.51519224227677
