time,s1,s2,s3,s4,s5,s6
0.0,20.0,20.0,20.0,20.000000000000004,20.0,20.0
1.0,54.029279123155916,84.05855824631533,114.0878373694483,54.02927912316623,84.05855824632728,114.08783736945634
