time,s1,s2,s3,s4,s5,s6
0.0,20.0,20.0,20.0,20.000000000000004,20.0,20.0
1.0,61.05030589297364,98.10061178596222,135.1509176789175,61.05030589298018,98.10061178596385,135.15091767891934
