time,s1,s2,s3,s4,s5,s6
0.0,20.0,20.0,20.0,20.000000000000004,20.0,20.0
1.0,59.65706391432464,95.31412782865588,130.97119174293826,59.657063914330124,95.31412782865485,130.97119174294835
