time,s1,s2,s3,s4,s5,s6
0.0,20.0,20.0,20.0,20.000000000000004,20.0,20.0
1.0,52.77587235560196,81.55174471122635,110.32761706682234,52.775872355609394,81.55174471123007,110.32761706681976
