time,s1,s2,s3,s4,s5,s6
0.0,20.0,20.0,20.0,20.000000000000004,20.0,20.0
1.0,53.321708251241056,82.64341650250279,111.96512475370915,53.32170825124233,82.64341650249656,111.96512475371279
