time,s1,s2,s3,s4,s5,s6
0.0,20.0,20.0,20.0,20.000000000000004,20.0,20.0
1.0,60.484993473922955,96.96998694787715,133.45498042178477,60.48499347393009,96.96998694787393,133.45498042177678
