time,s1,s2,s3,s4,s5,s6
0.0,20.0,20.0,20.0,20.000000000000004,20.0,20.0
1.0,57.38114474042379,90.7622894808639,124.14343422122371,57.38114474043345,90.76228948085523,124.14343422121723
