time,s1,s2,s3,s4,s5,s6
0.0,20.0,20.0,20.0,20.000000000000004,20.0,20.0
1.0,58.79442423150961,93.58884846304399,128.38327269453384,58.79442423152263,93.58884846304139,128.3832726945395
