time,s1,s2,s3,s4,s5,s6
0.0,20.0,20.0,20.0,20.000000000000004,20.0,20.0
1.0,53.31773206589037,82.63546413180687,111.95319619767531,53.31773206589866,82.63546413180899,111.95319619767682
