time,s1,s2,s3,s4,s5,s6
0.0,20.0,20.0,20.0,20.000000000000004,20.0,20.0
1.0,58.78019836926468,93.56039673854939,128.34059510779716,58.780198369279844,93.56039673854796,128.34059510779974
