time,s1,s2,s3,s4,s5,s6
0.0,20.0,20.0,20.0,20.000000000000004,20.0,20.0
1.0,50.583388616250865,77.16677723254027,103.75016584878307,50.58338861626249,77.1667772325455,103.75016584878159
