time,s1,s2,s3,s4,s5,s6
0.0,20.0,20.0,20.0,20.000000000000004,20.0,20.0
1.0,62.10991700040644,100.21983400082442,138.32975100119046,62.10991700041584,100.21983400082044,138.3297510011897
