time,s1,s2,s3,s4,s5,s6
0.0,20.0,20.0,20.0,20.000000000000004,20.0,20.0
1.0,51.508518879767266,79.01703775955008,106.5255566392965,51.50851887976579,79.01703775954397,106.5255566392922
