time,s1,s2,s3,s4,s5,s6
0.0,20.0,20.0,20.0,20.000000000000004,20.0,20.0
1.0,55.82226102470512,87.64452204942722,119.46678307410542,55.82226102470969,87.6445220494264,119.46678307410569
