time,s1,s2,s3,s4,s5,s6
0.0,20.0,20.0,20.0,20.000000000000004,20.0,20.0
1.0,61.52672857427066,99.05345714856915,136.58018572282467,61.526728574283354,99.05345714857324,136.58018572283535
