time,s1,s2,s3,s4,s5,s6
0.0,20.0,20.0,20.0,20.000000000000004,20.0,20.0
1.0,56.08274030095586,88.16548060195304,120.24822090290729,56.082740300965995,88.16548060195413,120.24822090290073
