time,s1,s2,s3,s4,s5,s6
0.0,20.0,20.0,20.0,20.000000000000004,20.0,20.0
1.0,56.691064713438436,89.38212942689977,122.07319414033847,56.69106471345242,89.38212942690615,122.07319414034114
