time,s1,s2,s3,s4,s5,s6
0.0,20.0,20.0,20.0,20.000000000000004,20.0,20.0
1.0,56.23869684734518,88.47739369471752,120.71609054205169,56.23869684735115,88.47739369471932,120.71609054204322
