time,s1,s2,s3,s4,s5,s6
0.0,20.0,20.0,20.0,20.000000000000004,20.0,20.0
1.0,52.905705376558984,81.81141075312627,110.71711612968505,52.90570537656758,81.81141075314183,110.71711612969268
