time,s1,s2,s3,s4,s5,s6
0.0,20.0,20.0,20.0,20.000000000000004,20.0,20.0
1.0,53.434724755311684,82.86944951063882,112.3041742659343,53.43472475532066,82.86944951064396,112.30417426594005
