time,s1,s2,s3,s4,s5,s6
0.0,20.0,20.0,20.0,20.000000000000004,20.0,20.0
1.0,59.61844613704143,95.236892274099,130.85533841111368,59.61844613704868,95.236892274098,130.85533841111473
