time,s1,s2,s3,s4,s5,s6
0.0,20.0,20.0,20.0,20.000000000000004,20.0,20.0
1.0,62.773379443136115,101.54675888630331,140.320138329439,62.77337944314503,101.54675888631499,140.32013832944986
