time,s1,s2,s3,s4,s5,s6
0.0,20.0,20.0,20.0,20.000000000000004,20.0,20.0
1.0,55.356542413928366,86.71308482785976,118.06962724173084,55.35654241392721,86.7130848278509,118.06962724173151
