time,s1,s2,s3,s4,s5,s6
0.0,20.0,20.0,20.0,20.000000000000004,20.0,20.0
1.0,54.34621127091914,84.69242254183824,115.0386338127291,54.34621127092692,84.69242254184499,115.038633812732
