time,s1,s2,s3,s4,s5,s6
0.0,20.0,20.0,20.0,20.000000000000004,20.0,20.0
1.0,56.32810696738734,88.65621393477238,120.98432090210616,56.3281069673942,88.65621393477491,120.98432090209846
