time,s1,s2,s3,s4,s5,s6
0.0,20.0,20.0,20.0,20.000000000000004,20.0,20.0
1.0,62.82411380141963,101.64822760285978,140.4723414042567,62.82411380143018,101.64822760286663,140.472341404254
