time,s1,s2,s3,s4,s5,s6
0.0,20.0,20.0,20.0,20.000000000000004,20.0,20.0
1.0,52.753339294504954,81.50667858902463,110.26001788349323,52.753339294510255,81.50667858902682,110.26001788349349
