time,s1,s2,s3,s4,s5,s6
0.0,20.0,20.0,20.0,20.000000000000004,20.0,20.0
1.0,54.06817263431219,84.13634526862883,114.20451790291972,54.068172634313306,84.13634526863186,114.20451790291712
