time,s1,s2,s3,s4,s5,s6
0.0,20.0,20.0,20.0,20.000000000000004,20.0,20.0
1.0,58.6517598571202,93.30351971426532,127.95527957138177,58.65175985712692,93.303519714266,127.9552795713825
