time,s1,s2,s3,s4,s5,s6
0.0,20.0,20.0,20.0,20.000000000000004,20.0,20.0
1.0,56.258064522355035,88.51612904472682,120.77419356705202,56.25806452236455,88.51612904473163,120.77419356704983
