time,s1,s2,s3,s4,s5,s6
0.0,20.0,20.0,20.0,20.000000000000004,20.0,20.0
1.0,51.76499928522443,79.52999857048209,107.29499785568075,51.76499928523361,79.52999857048376,107.29499785568412
