time,s1,s2,s3,s4,s5,s6
0.0,20.0,20.0,20.0,20.000000000000004,20.0,20.0
1.0,55.235753489062745,86.4715069781472,117.70726046718028,55.23575348907231,86.471506978143,117.70726046718978
