time,s1,s2,s3,s4,s5,s6
0.0,20.0,20.0,20.0,20.000000000000004,20.0,20.0
1.0,59.988547578314794,95.97709515666466,131.9656427349865,59.98854757833587,95.9770951566763,131.96564273498137
