time,s1,s2,s3,s4,s5,s6
0.0,20.0,20.0,20.0,20.000000000000004,20.0,20.0
1.0,57.999120356466435,91.99824071294752,125.99736106938406,57.99912035647546,91.99824071294586,125.99736106938582
