time,s1,s2,s3,s4,s5,s6
0.0,20.0,20.0,20.0,20.000000000000004,20.0,20.0
1.0,54.48938944903378,84.97877889807938,115.46816834711603,54.489389449042896,84.97877889809277,115.46816834712172
