time,s1,s2,s3,s4,s5,s6
0.0,20.0,20.0,20.0,20.000000000000004,20.0,20.0
1.0,55.294370430404754,86.58874086083277,117.88311129121021,55.29437043040854,86.58874086082932,117.88311129121345
