time,s1,s2,s3,s4,s5,s6
0.0,20.0,20.0,20.0,20.000000000000004,20.0,20.0
1.0,58.880984485952965,93.76196897194363,128.6429534579043,58.8809844859588,93.76196897194333,128.64295345790254
