time,s1,s2,s3,s4,s5,s6
0.0,20.0,20.0,20.0,20.000000000000004,20.0,20.0
1.0,59.8625302500634,95.72506050013345,131.5875907501692,59.86253025006248,95.72506050013459,131.58759075016323
