time,s1,s2,s3,s4,s5,s6
0.0,20.0,20.0,20.0,20.000000000000004,20.0,20.0
1.0,62.16330476879705,100.32660953755564,138.4899143063403,62.1633047688272,100.32660953759591,138.48991430641087
