time,s1,s2,s3,s4,s5,s6
0.0,20.0,20.0,20.0,20.000000000000004,20.0,20.0
1.0,54.81976997349844,85.63953994702166,116.45930992050575,54.81976997350809,85.63953994702311,116.45930992050802
