time,s1,s2,s3,s4,s5,s6
0.0,20.0,20.0,20.0,20.000000000000004,20.0,20.0
1.0,55.39110508303291,86.78221016607176,118.17331524907641,55.391105083031434,86.78221016606662,118.17331524906851
