time,s1,s2,s3,s4,s5,s6
0.0,20.0,20.0,20.0,20.000000000000004,20.0,20.0
1.0,59.96896634432599,95.93793268867735,131.9068990329759,59.96896634433861,95.9379326886812,131.9068990329792
