time,s1,s2,s3,s4,s5,s6
0.0,20.0,20.0,20.0,20.000000000000004,20.0,20.0
1.0,56.81084996273796,89.62169992547737,122.43254988815872,56.81084996274028,89.62169992547595,122.43254988814896
