time,s1,s2,s3,s4,s5,s6
0.0,20.0,20.0,20.0,20.000000000000004,20.0,20.0
1.0,61.085141502346445,98.17028300469515,135.25542450697165,61.08514150234694,98.17028300468348,135.25542450696435
