time,s1,s2,s3,s4,s5,s6
0.0,20.0,20.0,20.0,20.000000000000004,20.0,20.0
1.0,58.61842269199174,93.23684538399073,127.85526807595059,58.618422691996074,93.23684538398982,127.85526807595197
