time,s1,s2,s3,s4,s5,s6
0.0,20.0,20.0,20.0,20.000000000000004,20.0,20.0
1.0,60.52333404091212,97.046668081847,133.57000212274494,60.52333404091545,97.04666808185243,133.57000212274517
