time,s1,s2,s3,s4,s5,s6
0.0,20.0,20.0,20.0,20.000000000000004,20.0,20.0
1.0,52.480409331446964,80.96081866290955,109.44122799434268,52.480409331455824,80.96081866292025,109.44122799435044
