time,s1,s2,s3,s4,s5,s6
0.0,20.0,20.0,20.0,20.000000000000004,20.0,20.0
1.0,56.26999468253224,88.53998936509505,120.8099840476137,56.26999468254235,88.53998936509967,120.80998404761658
