time,s1,s2,s3,s4,s5,s6
0.0,20.0,20.0,20.0,20.000000000000004,20.0,20.0
1.0,55.058452326055544,86.11690465213712,117.17535697817382,55.0584523260581,86.11690465212976,117.17535697817486
