time,s1,s2,s3,s4,s5,s6
0.0,20.0,20.0,20.0,20.000000000000004,20.0,20.0
1.0,62.86446796427569,101.72893592854294,140.59340389276156,62.864467964279804,101.72893592853836,140.5934038927609
