time,s1,s2,s3,s4,s5,s6
0.0,20.0,20.0,20.0,20.000000000000004,20.0,20.0
1.0,61.129956812969255,98.2599136259585,135.38987043889495,61.12995681297092,98.25991362595067,135.38987043889335
