time,s1,s2,s3,s4,s5,s6
0.0,20.0,20.0,20.0,20.000000000000004,20.0,20.0
1.0,53.34648331453288,82.69296662909437,112.03944994362362,53.346483314535945,82.69296662909491,112.03944994362055
