time,s1,s2,s3,s4,s5,s6
0.0,20.0,20.0,20.0,20.000000000000004,20.0,20.0
1.0,54.75632175298682,85.51264350599148,116.26896525894554,54.75632175299583,85.51264350599033,116.26896525894469
