time,s1,s2,s3,s4,s5,s6
0.0,20.0,20.0,20.0,20.000000000000004,20.0,20.0
1.0,55.04365128121812,86.08730256243886,117.13095384363575,55.04365128122067,86.08730256244074,117.1309538436318
