time,s1,s2,s3,s4,s5,s6
0.0,20.0,20.0,20.0,20.000000000000004,20.0,20.0
1.0,55.33267628674864,86.66535257351015,117.99802886023141,55.33267628674876,86.66535257351012,117.9980288602226
