time,s1,s2,s3,s4,s5,s6
0.0,20.0,20.0,20.0,20.000000000000004,20.0,20.0
1.0,52.23535345803466,80.47070691610193,108.70606037412445,52.23535345805291,80.47070691610651,108.70606037412692
