time,s1,s2,s3,s4,s5,s6
0.0,20.0,20.0,20.0,20.000000000000004,20.0,20.0
1.0,54.36886703701842,84.73773407405515,115.10660111105442,54.36886703702694,84.73773407405173,115.10660111104863
