time,s1,s2,s3,s4,s5,s6
0.0,20.0,20.0,20.0,20.000000000000004,20.0,20.0
1.0,64.35939881701584,104.71879763406278,145.0781964510552,64.35939881703521,104.71879763406221,145.07819645104706
