time,s1,s2,s3,s4,s5,s6
0.0,20.0,20.0,20.0,20.000000000000004,20.0,20.0
1.0,54.581438731505564,85.16287746303206,115.74431619452784,54.58143873150829,85.16287746303064,115.74431619453131
