time,s1,s2,s3,s4,s5,s6
0.0,20.0,20.0,20.0,20.000000000000004,20.0,20.0
1.0,57.19015940210103,90.38031880420917,123.57047820628208,57.19015940210504,90.38031880421077,123.57047820629387
