time,s1,s2,s3,s4,s5,s6
0.0,20.0,20.0,20.0,20.000000000000004,20.0,20.0
1.0,52.14033169161958,80.2806633832532,108.42099507485416,52.140331691632845,80.2806633832593,108.4209950748516
