time,s1,s2,s3,s4,s5,s6
0.0,20.0,20.0,20.0,20.000000000000004,20.0,20.0
1.0,64.01954432123951,104.03908864247663,144.05863296367966,64.01954432124137,104.03908864248662,144.0586329636831
