time,s1,s2,s3,s4,s5,s6
0.0,20.0,20.0,20.0,20.000000000000004,20.0,20.0
1.0,56.64028402248317,89.28056804497774,121.92085206744277,56.64028402249324,89.28056804498485,121.92085206743883
