time,s1,s2,s3,s4,s5,s6
0.0,20.0,20.0,20.0,20.000000000000004,20.0,20.0
1.0,52.66343824928577,81.32687649858859,109.99031474784123,52.66343824929278,81.32687649858943,109.99031474784253
