time,s1,s2,s3,s4,s5,s6
0.0,20.0,20.0,20.0,20.000000000000004,20.0,20.0
1.0,56.37637023598812,88.75274047201037,121.12911070797668,56.3763702359991,88.75274047201282,121.12911070797547
