time,s1,s2,s3,s4,s5,s6
0.0,20.0,20.0,20.0,20.000000000000004,20.0,20.0
1.0,58.94072067682058,93.88144135366093,128.82216203047125,58.9407206768216,93.88144135365795,128.8221620304731
