time,s1,s2,s3,s4,s5,s6
0.0,20.0,20.0,20.0,20.000000000000004,20.0,20.0
1.0,53.69176428767176,83.38352857535895,113.07529286299496,53.691764287676165,83.38352857535794,113.0752928629978
