time,s1,s2,s3,s4,s5,s6
0.0,20.0,20.0,20.0,20.000000000000004,20.0,20.0
1.0,57.35552216759339,90.71104433520854,124.06656650276886,57.3555221676104,90.71104433520638,124.06656650276331
