time,s1,s2,s3,s4,s5,s6
0.0,20.0,20.0,20.0,20.000000000000004,20.0,20.0
1.0,58.83837536563641,93.67675073128467,128.51512609689036,58.8383753656398,93.67675073128774,128.51512609689522
