time,s1,s2,s3,s4,s5,s6
0.0,20.0,20.0,20.0,20.000000000000004,20.0,20.0
1.0,60.88458601403843,97.76917202809338,134.65375804211035,60.88458601404437,97.76917202809587,134.65375804209793
