time,s1,s2,s3,s4,s5,s6
0.0,20.0,20.0,20.0,20.000000000000004,20.0,20.0
1.0,54.80867829913771,85.61735659829887,116.42603489743067,54.80867829914528,85.61735659830855,116.42603489743962
