time,s1,s2,s3,s4,s5,s6
0.0,20.0,20.0,20.0,20.000000000000004,20.0,20.0
1.0,65.31041485132707,106.62082970266061,147.93124455395946,65.31041485132961,106.62082970266448,147.9312445539561
