time,s1,s2,s3,s4,s5,s6
0.0,20.0,20.0,20.0,20.000000000000004,20.0,20.0
1.0,54.65718253679896,85.31436507360668,115.97154761037774,54.657182536806104,85.31436507361381,115.9715476103816
