time,s1,s2,s3,s4,s5,s6
0.0,20.0,20.0,20.0,20.000000000000004,20.0,20.0
1.0,55.48491750067789,86.96983500138857,118.45475250204026,55.48491750068139,86.96983500137952,118.45475250203721
