time,s1,s2,s3,s4,s5,s6
0.0,20.0,20.0,20.0,20.000000000000004,20.0,20.0
1.0,54.486884057187424,84.97376811439571,115.46065217157759,54.48688405719211,84.9737681144023,115.46065217157863
