time,s1,s2,s3,s4,s5,s6
0.0,20.0,20.0,20.0,20.000000000000004,20.0,20.0
1.0,58.42755563988652,92.8551112797985,127.28266691966266,58.42755563989029,92.8551112797912,127.28266691965067
