time,s1,s2,s3,s4,s5,s6
0.0,20.0,20.0,20.0,20.000000000000004,20.0,20.0
1.0,53.80500034857859,83.61000069716228,113.41500104570449,53.80500034858429,83.61000069716206,113.4150010456987
