time,s1,s2,s3,s4,s5,s6
0.0,20.0,20.0,20.0,20.000000000000004,20.0,20.0
1.0,59.06106167723347,94.12212335449756,129.18318503169195,59.061061677244524,94.12212335448919,129.18318503168888
