time,s1,s2,s3,s4,s5,s6
0.0,20.0,20.0,20.0,20.000000000000004,20.0,20.0
1.0,51.69770175178004,79.39540350359309,107.09310525536495,51.697701751792586,79.39540350359763,107.0931052553614
