time,s1,s2,s3,s4,s5,s6
0.0,20.0,20.0,20.0,20.000000000000004,20.0,20.0
1.0,60.69273315469482,97.38546630940121,134.07819946405886,60.69273315470733,97.38546630940317,134.0781994640541
