time,s1,s2,s3,s4,s5,s6
0.0,20.0,20.0,20.0,20.000000000000004,20.0,20.0
1.0,55.95852654480871,87.91705308964004,119.87557963442258,55.95852654481507,87.91705308964241,119.87557963442121
