time,s1,s2,s3,s4,s5,s6
0.0,20.0,20.0,20.0,20.000000000000004,20.0,20.0
1.0,55.33618671188418,86.67237342377402,118.00856013562517,55.33618671188866,86.67237342377413,118.008560135621
