time,s1,s2,s3,s4,s5,s6
0.0,20.0,20.0,20.0,20.000000000000004,20.0,20.0
1.0,57.15448403306034,90.30896806612431,123.46345209915631,57.15448403306932,90.3089680661267,123.46345209915881
