time,s1,s2,s3,s4,s5,s6
0.0,20.0,20.0,20.0,20.000000000000004,20.0,20.0
1.0,58.47885572994177,92.95771145990922,127.43656718984218,58.4788557299519,92.95771145991715,127.43656718984666
