time,s1,s2,s3,s4,s5,s6
0.0,20.0,20.0,20.0,20.000000000000004,20.0,20.0
1.0,54.50571113760907,85.0114222752426,115.51713341284292,54.50571113761795,85.01142227524588,115.5171334128419
