time,s1,s2,s3,s4,s5,s6
0.0,20.0,20.0,20.0,20.000000000000004,20.0,20.0
1.0,56.46387349160163,88.92774698321402,121.39162047478246,56.463873491604595,88.9277469832165,121.39162047479024
