time,s1,s2,s3,s4,s5,s6
0.0,20.0,20.0,20.0,20.000000000000004,20.0,20.0
1.0,61.29235664874552,98.58471329751228,135.8770699462355,61.2923566487531,98.58471329751126,135.87706994622738
