time,s1,s2,s3,s4,s5,s6
0.0,20.0,20.0,20.0,20.000000000000004,20.0,20.0
1.0,55.4496184711586,86.89923694233043,118.3488554134648,55.44961847117504,86.89923694233767,118.34885541346878
