time,s1,s2,s3,s4,s5,s6
0.0,20.0,20.0,20.0,20.000000000000004,20.0,20.0
1.0,54.466881935674024,84.93376387136108,115.4006458070142,54.46688193567995,84.93376387136323,115.40064580701625
