time,s1,s2,s3,s4,s5,s6
0.0,20.0,20.0,20.0,20.000000000000004,20.0,20.0
1.0,58.992079031084465,93.98415806217236,128.97623709323125,58.99207903108993,93.98415806217801,128.97623709323355
