time,s1,s2,s3,s4,s5,s6
0.0,20.0,20.0,20.0,20.000000000000004,20.0,20.0
1.0,53.717621689487096,83.43524337900293,113.15286506845561,53.71762168949432,83.43524337899288,113.15286506845689
