time,s1,s2,s3,s4,s5,s6
0.0,20.0,20.0,20.0,20.000000000000004,20.0,20.0
1.0,58.3954947862957,92.79098957260433,127.1864843588849,58.395494786305655,92.79098957260422,127.18648435888625
