time,s1,s2,s3,s4,s5,s6
0.0,20.0,20.0,20.0,20.000000000000004,20.0,20.0
1.0,55.14777103039961,86.2955420608256,117.44331309120857,55.14777103040523,86.29554206082929,117.44331309120741
