time,s1,s2,s3,s4,s5,s6
0.0,20.0,20.0,20.0,20.000000000000004,20.0,20.0
1.0,52.95734483429294,81.91468966860842,110.872034502893,52.95734483430391,81.91468966861548,110.87203450289755
