time,s1,s2,s3,s4,s5,s6
0.0,20.0,20.0,20.0,20.000000000000004,20.0,20.0
1.0,54.87104210898674,85.74208421797039,116.61312632691354,54.87104210899749,85.74208421798104,116.61312632691903
