time,s1,s2,s3,s4,s5,s6
0.0,20.0,20.0,20.0,20.000000000000004,20.0,20.0
1.0,57.1302840168068,90.26056803363252,123.39085205039746,57.13028401681763,90.26056803362887,123.39085205039092
