time,s1,s2,s3,s4,s5,s6
0.0,20.0,20.0,20.0,20.000000000000004,20.0,20.0
1.0,58.40867823775925,92.8173564755419,127.22603471328799,58.408678237766125,92.81735647555186,127.22603471328055
