time,s1,s2,s3,s4,s5,s6
0.0,20.0,20.0,20.0,20.000000000000004,20.0,20.0
1.0,54.076040695655394,84.15208139132196,114.22812208695068,54.07604069566251,84.15208139132234,114.22812208694805
