time,s1,s2,s3,s4,s5,s6
0.0,20.0,20.0,20.0,20.000000000000004,20.0,20.0
1.0,61.337649596867976,98.675299193753,136.01294879059301,61.33764959687422,98.67529919375417,136.01294879059446
