time,s1,s2,s3,s4,s5,s6
0.0,20.0,20.0,20.0,20.000000000000004,20.0,20.0
1.0,53.20370359315602,82.40740718632199,111.61111077946703,53.20370359316463,82.40740718634082,111.61111077947258
