time,s1,s2,s3,s4,s5,s6
0.0,20.0,20.0,20.0,20.000000000000004,20.0,20.0
1.0,54.30977408634013,84.6195481726848,114.92932225900623,54.30977408634398,84.6195481726875,114.92932225900837
