time,s1,s2,s3,s4,s5,s6
0.0,20.0,20.0,20.0,20.000000000000004,20.0,20.0
1.0,58.67314768825106,93.34629537652023,128.01944306477844,58.67314768826134,93.34629537652603,128.01944306478148
