time,s1,s2,s3,s4,s5,s6
0.0,20.0,20.0,20.0,20.000000000000004,20.0,20.0
1.0,52.65360049922512,81.30720099847325,109.96080149767545,52.65360049923313,81.3072009984778,109.96080149767576
