time,s1,s2,s3,s4,s5,s6
0.0,20.0,20.0,20.0,20.000000000000004,20.0,20.0
1.0,56.11060867238891,88.22121734478912,120.33182601713997,56.11060867239364,88.22121734478895,120.33182601713875
