time,s1,s2,s3,s4,s5,s6
0.0,20.0,20.0,20.0,20.000000000000004,20.0,20.0
1.0,52.19725160680184,80.39450321361905,108.59175482039635,52.19725160680711,80.39450321362301,108.59175482039772
