time,s1,s2,s3,s4,s5,s6
0.0,20.0,20.0,20.0,20.000000000000004,20.0,20.0
1.0,55.511813269729174,87.02362653947614,118.53543980918786,55.51181326973793,87.0236265394846,118.53543980919035
