time,s1,s2,s3,s4,s5,s6
0.0,20.0,20.0,20.0,20.000000000000004,20.0,20.0
1.0,56.80012221156342,89.6002444231552,122.40036663467134,56.80012221157711,89.6002444231538,122.40036663466947
