time,s1,s2,s3,s4,s5,s6
0.0,20.0,20.0,20.0,20.000000000000004,20.0,20.0
1.0,63.51465223079991,103.02930446164007,142.54395669243323,63.51465223081709,103.02930446163944,142.54395669242737
