time,s1,s2,s3,s4,s5,s6
0.0,20.0,20.0,20.0,20.000000000000004,20.0,20.0
1.0,58.49390079689121,92.98780159380024,127.4817023906779,58.49390079689731,92.98780159380706,127.4817023906808
