time,s1,s2,s3,s4,s5,s6
0.0,20.0,20.0,20.0,20.000000000000004,20.0,20.0
1.0,63.281097994313456,102.56219598863927,141.84329398292547,63.28109799431658,102.56219598863922,141.84329398292462
