time,s1,s2,s3,s4,s5,s6
0.0,20.0,20.0,20.0,20.000000000000004,20.0,20.0
1.0,60.71022741512027,97.42045483025888,134.13068224534067,60.710227415123725,97.4204548302508,134.13068224533686
