time,s1,s2,s3,s4,s5,s6
0.0,20.0,20.0,20.0,20.000000000000004,20.0,20.0
1.0,56.02229507542867,88.04459015086083,120.06688522625444,56.022295075427344,88.04459015086367,120.0668852262502
