time,s1,s2,s3,s4,s5,s6
0.0,20.0,20.0,20.0,20.000000000000004,20.0,20.0
1.0,72.77300337337043,121.54600674676345,170.31901012009575,72.77300337337186,121.54600674677008,170.31901012009402
