time,s1,s2,s3,s4,s5,s6
0.0,20.0,20.0,20.0,20.000000000000004,20.0,20.0
1.0,54.62892052031128,85.25784104063725,115.88676156092549,54.62892052031703,85.25784104063845,115.88676156092916
