time,s1,s2,s3,s4,s5,s6
0.0,20.0,20.0,20.0,20.000000000000004,20.0,20.0
1.0,53.069473286952416,82.13894657392395,111.20841986085716,53.06947328696094,82.13894657392746,111.20841986086089
