time,s1,s2,s3,s4,s5,s6
0.0,20.0,20.0,20.0,20.000000000000004,20.0,20.0
1.0,51.8036516277519,79.60730325553308,107.41095488325723,51.803651627765234,79.60730325553152,107.41095488325453
