time,s1,s2,s3,s4,s5,s6
0.0,20.0,20.0,20.0,20.000000000000004,20.0,20.0
1.0,57.16558262071108,90.33116524144125,123.4967478621225,57.16558262071746,90.33116524143855,123.49674786211531
