time,s1,s2,s3,s4,s5,s6
0.0,20.0,20.0,20.0,20.000000000000004,20.0,20.0
1.0,54.87017520763486,85.74035041528059,116.6105256228826,54.870175207649595,85.74035041528597,116.6105256228829
