time,s1,s2,s3,s4,s5,s6
0.0,20.0,20.0,20.0,20.000000000000004,20.0,20.0
1.0,59.834299595452464,95.6685991909241,131.50289878634786,59.83429959545313,95.66859919090868,131.5028987863352
