time,s1,s2,s3,s4,s5,s6
0.0,20.0,20.0,20.0,20.000000000000004,20.0,20.0
1.0,57.11329582070742,90.22659164143559,123.33988746213089,57.113295820719074,90.22659164144105,123.33988746213137
