time,s1,s2,s3,s4,s5,s6
0.0,20.0,20.0,20.0,20.000000000000004,20.0,20.0
1.0,54.599922791914594,85.19984558384634,115.79976837573513,54.59992279191817,85.1998455838424,115.79976837573804
