time,s1,s2,s3,s4,s5,s6
0.0,20.0,20.0,20.0,20.000000000000004,20.0,20.0
1.0,53.35084223894569,82.7016844778935,112.05252671683364,53.35084223894533,82.70168447789783,112.05252671683894
