time,s1,s2,s3,s4,s5,s6
0.0,20.0,20.0,20.0,20.000000000000004,20.0,20.0
1.0,56.92988257678684,89.85976515359022,122.78964773033226,56.9298825767935,89.85976515358894,122.78964773033415
