time,s1,s2,s3,s4,s5,s6
0.0,20.0,20.0,20.0,20.000000000000004,20.0,20.0
1.0,56.346194191328735,88.69238838268157,121.03858257398575,56.3461941913428,88.6923883826852,121.03858257398667
