time,s1,s2,s3,s4,s5,s6
0.0,20.0,20.0,20.0,20.000000000000004,20.0,20.0
1.0,55.95556593845257,87.91113187693148,119.8666978153889,55.95556593845764,87.9111318769425,119.86669781539344
