time,s1,s2,s3,s4,s5,s6
0.0,20.0,20.0,20.0,20.000000000000004,20.0,20.0
1.0,54.782231622465275,85.56446324494846,116.34669486737462,54.78223162247497,85.56446324495063,116.34669486737216
