time,s1,s2,s3,s4,s5,s6
0.0,20.0,20.0,20.0,20.000000000000004,20.0,20.0
1.0,55.07080686147562,86.1416137229701,117.21242058443352,55.0708068614814,86.14161372297134,117.21242058443848
