time,s1,s2,s3,s4,s5,s6
0.0,20.0,20.0,20.0,20.000000000000004,20.0,20.0
1.0,57.06528611646388,90.13057223293167,123.19585834935646,57.06528611647245,90.13057223293535,123.19585834935795
