time,s1,s2,s3,s4,s5,s6
0.0,20.0,20.0,20.0,20.000000000000004,20.0,20.0
1.0,63.135107491546385,102.27021498309355,141.40532247460584,63.1351074915477,102.27021498309448,141.4053224745983
