time,s1,s2,s3,s4,s5,s6
0.0,20.0,20.0,20.0,20.000000000000004,20.0,20.0
1.0,57.35328481603399,90.706569632112,124.05985444814081,57.35328481605458,90.7065696321145,124.05985444812634
