time,s1,s2,s3,s4,s5,s6
0.0,20.0,20.0,20.0,20.000000000000004,20.0,20.0
1.0,54.39520298768346,84.79040597538466,115.18560896303151,54.39520298769056,84.79040597538867,115.18560896303794
