time,s1,s2,s3,s4,s5,s6
0.0,20.0,20.0,20.0,20.000000000000004,20.0,20.0
1.0,59.93388721847663,95.86777443696532,131.80166165540643,59.933887218489325,95.86777443697113,131.80166165541152
