time,s1,s2,s3,s4,s5,s6
0.0,20.0,20.0,20.0,20.000000000000004,20.0,20.0
1.0,66.86044070006082,109.72088140015056,152.5813221001909,66.86044070007192,109.72088140014003,152.5813221001843
