time,s1,s2,s3,s4,s5,s6
0.0,20.0,20.0,20.0,20.000000000000004,20.0,20.0
1.0,58.350932583995174,92.7018651680182,127.05279775198773,58.35093258399728,92.70186516800905,127.05279775197874
