time,s1,s2,s3,s4,s5,s6
0.0,20.0,20.0,20.0,20.000000000000004,20.0,20.0
1.0,55.105116281395254,86.21023256281927,117.31534884419912,55.10511628140004,86.21023256282413,117.31534884420583
