time,s1,s2,s3,s4,s5,s6
0.0,20.0,20.0,20.0,20.000000000000004,20.0,20.0
1.0,59.68557438679109,95.37114877359596,131.05672316035887,59.68557438679195,95.3711487735888,131.05672316036106
