time,s1,s2,s3,s4,s5,s6
0.0,20.0,20.0,20.0,20.000000000000004,20.0,20.0
1.0,56.82685247258461,89.65370494517188,122.48055741772026,56.82685247258743,89.65370494517572,122.48055741772201
