time,s1,s2,s3,s4,s5,s6
0.0,20.0,20.0,20.0,20.000000000000004,20.0,20.0
1.0,58.1916554011207,92.38331080226816,126.57496620336127,58.19165540111749,92.38331080226112,126.57496620336018
