time,s1,s2,s3,s4,s5,s6
0.0,20.0,20.0,20.0,20.000000000000004,20.0,20.0
1.0,55.211732814781946,86.42346562959166,117.63519844437941,55.21173281479313,86.42346562960063,117.63519844438055
