time,s1,s2,s3,s4,s5,s6
0.0,20.0,20.0,20.0,20.000000000000004,20.0,20.0
1.0,55.21746287503706,86.43492575010517,117.65238862513047,55.217462875044085,86.43492575011066,117.65238862512797
