time,s1,s2,s3,s4,s5,s6
0.0,20.0,20.0,20.0,20.000000000000004,20.0,20.0
1.0,56.46987915266622,88.93975830536154,121.40963745800431,56.469879152683696,88.93975830537238,121.4096374580123
