time,s1,s2,s3,s4,s5,s6
0.0,20.0,20.0,20.0,20.000000000000004,20.0,20.0
1.0,58.0210066279427,92.0420132559115,126.063019883848,58.02100662795394,92.04201325591976,126.06301988384314
