time,s1,s2,s3,s4,s5,s6
0.0,20.0,20.0,20.0,20.000000000000004,20.0,20.0
1.0,56.045973129856364,88.09194625973629,120.1379193895606,56.04597312986096,88.09194625973363,120.13791938955748
