time,s1,s2,s3,s4,s5,s6
0.0,20.0,20.0,20.0,20.000000000000004,20.0,20.0
1.0,56.42454674933485,88.84909349867726,121.2736402479572,56.42454674933684,88.849093498674,121.27364024795352
