time,s1,s2,s3,s4,s5,s6
0.0,20.0,20.0,20.0,20.000000000000004,20.0,20.0
1.0,59.80278405184788,95.60556810370774,131.40835215554526,59.802784051842906,95.60556810371202,131.40835215554722
