time,s1,s2,s3,s4,s5,s6
0.0,20.0,20.0,20.0,20.000000000000004,20.0,20.0
1.0,58.758311536182255,93.5166230723978,128.27493460857016,58.758311536193915,93.51662307239931,128.27493460857218
