time,s1,s2,s3,s4,s5,s6
0.0,20.0,20.0,20.0,20.000000000000004,20.0,20.0
1.0,57.758315322201895,91.51663064440649,125.2749459665623,57.75831532220013,91.51663064441169,125.2749459665724
