time,s1,s2,s3,s4,s5,s6
0.0,20.0,20.0,20.0,20.000000000000004,20.0,20.0
1.0,52.87206615893601,81.74413231788255,110.61619847680494,52.87206615894344,81.74413231788093,110.61619847679748
