time,s1,s2,s3,s4,s5,s6
0.0,20.0,20.0,20.0,20.000000000000004,20.0,20.0
1.0,54.601203527135155,85.20240705429242,115.80361058141003,54.60120352714044,85.20240705428908,115.80361058141871
