time,s1,s2,s3,s4,s5,s6
0.0,20.0,20.0,20.0,20.000000000000004,20.0,20.0
1.0,52.2946929934095,80.58938598684352,108.88407898025267,52.29469299342364,80.58938598685027,108.88407898025571
