time,s1,s2,s3,s4,s5,s6
0.0,20.0,20.0,20.0,20.000000000000004,20.0,20.0
1.0,54.51744980688427,85.03489961378021,115.55234942065161,54.51744980689157,85.03489961378833,115.55234942065911
