time,s1,s2,s3,s4,s5,s6
0.0,20.0,20.0,20.0,20.000000000000004,20.0,20.0
1.0,55.670873100357056,87.34174620072267,119.01261930105377,55.67087310036511,87.34174620072683,119.0126193010534
