time,s1,s2,s3,s4,s5,s6
0.0,20.0,20.0,20.0,20.000000000000004,20.0,20.0
1.0,58.85788120130026,93.71576240261498,128.57364360387092,58.857881201300906,93.71576240259932,128.57364360387191
