time,s1,s2,s3,s4,s5,s6
0.0,20.0,20.0,20.0,20.000000000000004,20.0,20.0
1.0,57.36833604927787,90.7366720985784,124.10500814782452,57.36833604928611,90.73667209858289,124.10500814782569
