time,s1,s2,s3,s4,s5,s6
0.0,20.0,20.0,20.0,20.000000000000004,20.0,20.0
1.0,52.59931000769143,81.1986200154042,109.79793002308348,52.59931000770818,81.19862001541765,109.79793002308546
