time,s1,s2,s3,s4,s5,s6
0.0,20.0,20.0,20.0,20.000000000000004,20.0,20.0
1.0,55.15346539418677,86.30693078840336,117.46039618257167,55.1534653941909,86.30693078839933,117.46039618256711
