time,s1,s2,s3,s4,s5,s6
0.0,20.0,20.0,20.0,20.000000000000004,20.0,20.0
1.0,61.06875126375601,98.13750252752433,135.20625379123834,61.06875126376103,98.13750252751476,135.2062537912366
