time,s1,s2,s3,s4,s5,s6
0.0,20.0,20.0,20.0,20.000000000000004,20.0,20.0
1.0,59.0913394664383,94.18267893289915,129.27401839931994,59.091339466444154,94.18267893289007,129.2740183993162
