time,s1,s2,s3,s4,s5,s6
0.0,20.0,20.0,20.0,20.000000000000004,20.0,20.0
1.0,51.917339448658765,79.83467889734435,107.75201834599163,51.91733944866654,79.83467889735286,107.75201834599149
