time,s1,s2,s3,s4,s5,s6
0.0,20.0,20.0,20.0,20.000000000000004,20.0,20.0
1.0,59.927941689769014,95.85588337955973,131.7838250692987,59.92794168978139,95.85588337955932,131.7838250693024
