time,s1,s2,s3,s4,s5,s6
0.0,20.0,20.0,20.0,20.000000000000004,20.0,20.0
1.0,58.55608922784318,93.11217845571583,127.66826768355395,58.556089227848645,93.1121784557179,127.66826768355276
