time,s1,s2,s3,s4,s5,s6
0.0,20.0,20.0,20.0,20.000000000000004,20.0,20.0
1.0,64.1916650083759,104.38333001678899,144.57499502515245,64.19166500838828,104.3833300167863,144.57499502515253
