time,s1,s2,s3,s4,s5,s6
0.0,20.0,20.0,20.0,20.000000000000004,20.0,20.0
1.0,56.84019315394781,89.68038630791592,122.52057946185553,56.84019315395818,89.68038630792103,122.52057946185836
