time,s1,s2,s3,s4,s5,s6
0.0,20.0,20.0,20.0,20.000000000000004,20.0,20.0
1.0,50.387887752814315,76.77577550565672,103.1636632584472,50.38788775282238,76.77577550565607,103.1636632584504
