time,s1,s2,s3,s4,s5,s6
0.0,20.0,20.0,20.0,20.000000000000004,20.0,20.0
1.0,56.29960288295809,88.5992057659384,120.89880864887633,56.299602882972685,88.59920576593922,120.89880864887726
