time,s1,s2,s3,s4,s5,s6
0.0,20.0,20.0,20.0,20.000000000000004,20.0,20.0
1.0,62.33729734689334,100.67459469379247,139.01189204066856,62.33729734689755,100.67459469380455,139.01189204066569
