time,s1,s2,s3,s4,s5,s6
0.0,20.0,20.0,20.0,20.000000000000004,20.0,20.0
1.0,58.58397850074441,93.16795700147891,127.75193550217688,58.583978500737224,93.16795700147942,127.75193550217347
