time,s1,s2,s3,s4,s5,s6
0.0,20.0,20.0,20.0,20.000000000000004,20.0,20.0
1.0,55.10045971018995,86.20091942039909,117.30137913057173,55.10045971019771,86.20091942039942,117.30137913057521
