time,s1,s2,s3,s4,s5,s6
0.0,20.0,20.0,20.0,20.000000000000004,20.0,20.0
1.0,60.84218684966672,97.68437369933466,134.5265605489658,60.842186849671,97.68437369933204,134.52656054895814
