time,s1,s2,s3,s4,s5,s6
0.0,20.0,20.0,20.0,20.000000000000004,20.0,20.0
1.0,50.764247063372494,77.52849412677227,104.29274119010942,50.764247063379536,77.52849412676996,104.29274119010768
