time,s1,s2,s3,s4,s5,s6
0.0,20.0,20.0,20.0,20.000000000000004,20.0,20.0
1.0,57.38063852516598,90.76127705034064,124.14191557544959,57.380638525173,90.76127705034065,124.14191557544493
