time,s1,s2,s3,s4,s5,s6
0.0,20.0,20.0,20.0,20.000000000000004,20.0,20.0
1.0,56.279945966411006,88.55989193284776,120.83983789924599,56.279945966420314,88.55989193285974,120.83983789926074
