time,s1,s2,s3,s4,s5,s6
0.0,20.0,20.0,20.0,20.000000000000004,20.0,20.0
1.0,56.72646828905744,89.45293657813001,122.17940486715331,56.726468289067334,89.4529365781332,122.17940486715277
