time,s1,s2,s3,s4,s5,s6
0.0,20.0,20.0,20.0,20.000000000000004,20.0,20.0
1.0,57.547367427962804,91.0947348559571,124.64210228390772,57.54736742796912,91.09473485595157,124.64210228389967
