time,s1,s2,s3,s4,s5,s6
0.0,20.0,20.0,20.0,20.000000000000004,20.0,20.0
1.0,55.41094500116027,86.82189000233382,118.23283500346145,55.41094500116558,86.82189000232721,118.23283500345941
