time,s1,s2,s3,s4,s5,s6
0.0,20.0,20.0,20.0,20.000000000000004,20.0,20.0
1.0,59.908935658670764,95.8178713173594,131.72680697600205,59.90893565867418,95.81787131736061,131.72680697599785
