time,s1,s2,s3,s4,s5,s6
0.0,20.0,20.0,20.0,20.000000000000004,20.0,20.0
1.0,53.05031974982688,82.10063949967937,111.15095924948191,53.05031974983737,82.10063949968315,111.15095924947924
