time,s1,s2,s3,s4,s5,s6
0.0,20.0,20.0,20.0,20.000000000000004,20.0,20.0
1.0,54.65854886947537,85.31709773898226,115.97564660845521,54.65854886947796,85.31709773897859,115.97564660846062
