time,s1,s2,s3,s4,s5,s6
0.0,20.0,20.0,20.0,20.000000000000004,20.0,20.0
1.0,62.18155110098551,100.36310220197939,138.54465330292768,62.18155110098677,100.36310220198064,138.5446533029246
