time,s1,s2,s3,s4,s5,s6
0.0,20.0,20.0,20.0,20.000000000000004,20.0,20.0
1.0,56.00108632215465,88.00217264432544,120.00325896645532,56.00108632215841,88.00217264433118,120.00325896645813
