time,s1,s2,s3,s4,s5,s6
0.0,20.0,20.0,20.0,20.000000000000004,20.0,20.0
1.0,58.2432052164917,92.48641043299358,126.72961564944885,58.24320521650074,92.48641043299162,126.72961564944808
