time,s1,s2,s3,s4,s5,s6
0.0,20.0,20.0,20.0,20.000000000000004,20.0,20.0
1.0,59.322569797583625,94.64513959518567,129.96770939274708,59.32256979759259,94.64513959518541,129.96770939274683
