time,s1,s2,s3,s4,s5,s6
0.0,20.0,20.0,20.0,20.000000000000004,20.0,20.0
1.0,51.42520301057801,78.85040602118733,106.27560903176592,51.425203010589115,78.85040602119943,106.27560903176719
