time,s1,s2,s3,s4,s5,s6
0.0,20.0,20.0,20.0,20.000000000000004,20.0,20.0
1.0,57.05039189058847,90.10078378119402,123.15117567174103,57.05039189059969,90.10078378118754,123.15117567173458
