time,s1,s2,s3,s4,s5,s6
0.0,20.0,20.0,20.0,20.000000000000004,20.0,20.0
1.0,57.8932701278803,91.78654025578504,125.67981038362961,57.89327012788969,91.78654025578548,125.67981038362835
