time,s1,s2,s3,s4,s5,s6
0.0,20.0,20.0,20.0,20.000000000000004,20.0,20.0
1.0,59.80927344926397,95.61854689854403,131.42782034777673,59.80927344926441,95.61854689853955,131.42782034777
