time,s1,s2,s3,s4,s5,s6
0.0,20.0,20.0,20.0,20.000000000000004,20.0,20.0
1.0,55.14391329428945,86.28782658860176,117.43173988286024,55.1439132942979,86.28782658860372,117.43173988286104
