time,s1,s2,s3,s4,s5,s6
0.0,20.0,20.0,20.0,20.000000000000004,20.0,20.0
1.0,53.290432564285474,82.58086512857146,111.87129769281182,53.2904325642874,82.58086512856887,111.87129769280368
