time,s1,s2,s3,s4,s5,s6
0.0,20.0,20.0,20.0,20.000000000000004,20.0,20.0
1.0,55.058786086843526,86.1175721737053,117.17635826051678,55.05878608685077,86.11757217370774,117.17635826051472
