time,s1,s2,s3,s4,s5,s6
0.0,20.0,20.0,20.0,20.000000000000004,20.0,20.0
1.0,59.126112995486906,94.2522259909854,129.37833898644618,59.126112995492704,94.25222599097958,129.3783389864422
