time,s1,s2,s3,s4,s5,s6
0.0,20.0,20.0,20.0,20.000000000000004,20.0,20.0
1.0,54.52242502616073,85.04485005246855,115.56727507835807,54.52242502625667,85.04485005246951,115.56727507826778
