time,s1,s2,s3,s4,s5,s6
0.0,20.0,20.0,20.0,20.000000000000004,20.0,20.0
1.0,54.17967776723713,84.35935553448658,114.5390333017115,54.179677767244016,84.35935553449377,114.5390333017174
