time,s1,s2,s3,s4,s5,s6
0.0,20.0,20.0,20.0,20.000000000000004,20.0,20.0
1.0,57.23059685450768,90.46119370903793,123.69179056353704,57.230596854516975,90.46119370905117,123.69179056353416
