time,s1,s2,s3,s4,s5,s6
0.0,20.0,20.0,20.0,20.000000000000004,20.0,20.0
1.0,61.62685568683056,99.25371137367262,136.8805670604835,61.626855686836194,99.25371137367623,136.88056706048744
