time,s1,s2,s3,s4,s5,s6
0.0,20.0,20.0,20.0,20.000000000000004,20.0,20.0
1.0,64.7949171849182,105.58983436985531,146.38475155476365,64.79491718492008,105.58983436985402,146.38475155475413
