time,s1,s2,s3,s4,s5,s6
0.0,20.0,20.0,20.0,20.000000000000004,20.0,20.0
1.0,56.59647501219302,89.19295002440714,121.78942503658044,56.59647501220183,89.19295002441103,121.78942503658858
