time,s1,s2,s3,s4,s5,s6
0.0,20.0,20.0,20.0,20.000000000000004,20.0,20.0
1.0,56.47560264341958,88.95120528685635,121.42680793025517,56.47560264342607,88.95120528685948,121.42680793025708
