time,s1,s2,s3,s4,s5,s6
0.0,20.0,20.0,20.0,20.000000000000004,20.0,20.0
1.0,50.613355394105255,77.22671078821834,103.84006618229276,50.61335539411031,77.22671078821915,103.84006618229452
