time,s1,s2,s3,s4,s5,s6
0.0,20.0,20.0,20.0,20.000000000000004,20.0,20.0
1.0,57.250569848381424,90.50113969678414,123.7517095451228,57.25056984838647,90.50113969677584,123.75170954511933
