time,s1,s2,s3,s4,s5,s6
0.0,20.0,20.0,20.0,20.000000000000004,20.0,20.0
1.0,53.62653697439204,83.25307394878412,112.87961092315332,53.62653697439918,83.25307394879616,112.87961092315376
