time,s1,s2,s3,s4,s5,s6
0.0,20.0,20.0,20.0,20.000000000000004,20.0,20.0
1.0,55.74113488771924,87.48226977545035,119.2234046631429,55.741134887719355,87.48226977544894,119.22340466314671
