time,s1,s2,s3,s4,s5,s6
0.0,20.0,20.0,20.0,20.000000000000004,20.0,20.0
1.0,60.47204681915562,96.94409363832385,133.41614045745263,60.47204681917009,96.94409363833216,133.4161404574432
