time,s1,s2,s3,s4,s5,s6
0.0,20.0,20.0,20.0,20.000000000000004,20.0,20.0
1.0,55.02397261561292,86.04794523125025,117.07191784686208,55.02397261562425,86.04794523125706,117.07191784686195
