time,s1,s2,s3,s4,s5,s6
0.0,20.0,20.0,20.0,20.000000000000004,20.0,20.0
1.0,50.02605157995366,76.05210315992417,102.07815473984795,50.02605157996006,76.05210315992687,102.07815473985052
