time,s1,s2,s3,s4,s5,s6
0.0,20.0,20.0,20.0,20.000000000000004,20.0,20.0
1.0,54.965936622197944,85.9318732444185,116.89780986660105,54.96593662220769,85.93187324442763,116.89780986660968
