time,s1,s2,s3,s4,s5,s6
0.0,20.0,20.0,20.0,20.000000000000004,20.0,20.0
1.0,59.69528682723077,95.39057365448062,131.0858604816826,59.69528682723715,95.39057365447538,131.0858604816856
