time,s1,s2,s3,s4,s5,s6
0.0,20.0,20.0,20.0,20.000000000000004,20.0,20.0
1.0,54.97744071109558,85.95488142222086,116.93232213329014,54.97744071110802,85.95488142222257,116.93232213329222
