time,s1,s2,s3,s4,s5,s6
0.0,20.0,20.0,20.0,20.000000000000004,20.0,20.0
1.0,62.929291298244095,101.85858259647685,140.787873894661,62.929291298252394,101.85858259648495,140.78787389467274
