time,s1,s2,s3,s4,s5,s6
0.0,20.0,20.0,20.0,20.000000000000004,20.0,20.0
1.0,56.58297856346994,89.16595712689455,121.7489356902112,56.58297856364513,89.1659571270808,121.74893569043883
