time,s1,s2,s3,s4,s5,s6
0.0,20.0,20.0,20.0,20.000000000000004,20.0,20.0
1.0,55.26469934641294,86.52939869284386,117.79409803924071,55.26469934641687,86.52939869284694,117.79409803924572
