time,s1,s2,s3,s4,s5,s6
0.0,20.0,20.0,20.0,20.000000000000004,20.0,20.0
1.0,57.63459411833314,91.26918823668149,124.90378235498824,57.63459411834347,91.26918823668188,124.90378235498781
