time,s1,s2,s3,s4,s5,s6
0.0,20.0,20.0,20.0,20.000000000000004,20.0,20.0
1.0,61.3013100364374,98.60262007289211,135.90393010930833,61.301310036444846,98.60262007288794,135.90393010929955
