time,s1,s2,s3,s4,s5,s6
0.0,20.0,20.0,20.0,20.000000000000004,20.0,20.0
1.0,55.6640869755327,87.32817395109183,118.99226092662425,55.664086975545686,87.32817395110361,118.99226092662498
