time,s1,s2,s3,s4,s5,s6
0.0,20.0,20.0,20.0,20.000000000000004,20.0,20.0
1.0,53.465617761229055,82.93123552247161,112.39685328366912,53.46561776123268,82.93123552247533,112.3968532836686
