time,s1,s2,s3,s4,s5,s6
0.0,20.0,20.0,20.0,20.000000000000004,20.0,20.0
1.0,52.71231318266679,81.42462636536567,110.13693954803674,52.71231318267683,81.42462636537371,110.13693954804397
