time,s1,s2,s3,s4,s5,s6
0.0,20.0,20.0,20.0,20.000000000000004,20.0,20.0
1.0,67.72054617620253,111.44109235240846,155.1616385286083,67.7205461762111,111.44109235242706,155.16163852860487
