time,s1,s2,s3,s4,s5,s6
0.0,20.0,20.0,20.0,20.000000000000004,20.0,20.0
1.0,62.49762426727255,100.99524853456955,139.492872801801,62.49762426728063,100.99524853456273,139.49287280180116
