time,s1,s2,s3,s4,s5,s6
0.0,20.0,20.0,20.0,20.000000000000004,20.0,20.0
1.0,53.874770197471484,83.74954039495887,113.62431059240174,53.87477019747991,83.74954039496693,113.62431059240855
