time,s1,s2,s3,s4,s5,s6
0.0,20.0,20.0,20.0,20.000000000000004,20.0,20.0
1.0,51.90889300033149,79.81778600068344,107.72667900100963,51.908893000339866,79.81778600068941,107.7266790010081
