time,s1,s2,s3,s4,s5,s6
0.0,20.0,20.0,20.0,20.000000000000004,20.0,20.0
1.0,58.7699652656392,93.53993053130401,128.30989579693704,58.76996526564544,93.5399305313113,128.30989579694094
