time,s1,s2,s3,s4,s5,s6
0.0,20.0,20.0,20.0,20.000000000000004,20.0,20.0
1.0,59.97858157063749,95.95716314129365,131.935744711912,59.978581570641495,95.95716314129707,131.93574471191152
