time,s1,s2,s3,s4,s5,s6
0.0,20.0,20.0,20.0,20.000000000000004,20.0,20.0
1.0,63.74229844533838,103.48459689067214,143.22689533596454,63.7422984453418,103.48459689066422,143.22689533596346
