time,s1,s2,s3,s4,s5,s6
0.0,20.0,20.0,20.0,20.000000000000004,20.0,20.0
1.0,57.608321751541006,91.21664350308616,124.82496525460454,57.608321751542036,91.21664350308329,124.82496525460203
