time,s1,s2,s3,s4,s5,s6
0.0,20.0,20.0,20.0,20.000000000000004,20.0,20.0
1.0,61.69645216787069,99.39290433575978,137.08935650361238,61.69645216787804,99.39290433576214,137.08935650360698
