time,s1,s2,s3,s4,s5,s6
0.0,20.0,20.0,20.0,20.000000000000004,20.0,20.0
1.0,51.80951705967942,79.61903411938643,107.42855117903281,51.80951705968767,79.61903411937614,107.42855117902639
