time,s1,s2,s3,s4,s5,s6
0.0,20.0,20.0,20.0,20.000000000000004,20.0,20.0
1.0,59.75286362723821,95.505727254478,131.25859088171208,59.75286362724411,95.5057272544914,131.25859088172712
