time,s1,s2,s3,s4,s5,s6
0.0,20.0,20.0,20.0,20.000000000000004,20.0,20.0
1.0,57.05950119851329,90.11900239702983,123.17850359551869,57.05950119851865,90.1190023970314,123.17850359551691
