time,s1,s2,s3,s4,s5,s6
0.0,20.0,20.0,20.0,20.000000000000004,20.0,20.0
1.0,54.55570451248385,85.11140902498224,115.66711353743904,54.55570451249395,85.11140902498389,115.66711353744051
