time,s1,s2,s3,s4,s5,s6
0.0,20.0,20.0,20.0,20.000000000000004,20.0,20.0
1.0,58.1390295277226,92.27805905545708,126.41708858314318,58.13902952773211,92.27805905545986,126.41708858314855
