time,s1,s2,s3,s4,s5,s6
0.0,20.0,20.0,20.0,20.000000000000004,20.0,20.0
1.0,52.20105921676682,80.40211843354732,108.6031776502869,52.20105921677546,80.40211843355289,108.60317765028678
