time,s1,s2,s3,s4,s5,s6
0.0,20.0,20.0,20.0,20.000000000000004,20.0,20.0
1.0,57.795042907199445,91.59008581441276,125.385128721584,57.7950429072101,91.59008581441265,125.38512872158424
