time,s1,s2,s3,s4,s5,s6
0.0,20.0,20.0,20.0,20.000000000000004,20.0,20.0
1.0,64.15532604527661,104.31065209056813,144.46597813580965,64.15532604528127,104.31065209057068,144.4659781358116
