time,s1,s2,s3,s4,s5,s6
0.0,20.0,20.0,20.0,20.000000000000004,20.0,20.0
1.0,57.50205223204965,91.00410446412508,124.50615669613694,57.50205223205648,91.00410446412272,124.50615669613919
