time,s1,s2,s3,s4,s5,s6
0.0,20.0,20.0,20.0,20.000000000000004,20.0,20.0
1.0,62.39609687069356,100.79219374139586,139.18829061208237,62.39609687070159,100.7921937414059,139.18829061208754
