time,s1,s2,s3,s4,s5,s6
0.0,20.0,20.0,20.0,20.000000000000004,20.0,20.0
1.0,53.04972674247087,82.09945348495216,111.14918022739192,53.049726742478484,82.09945348495813,111.14918022739471
