time,s1,s2,s3,s4,s5,s6
0.0,20.0,20.0,20.0,20.000000000000004,20.0,20.0
1.0,53.389652934797795,82.77930586961659,112.16895880441157,53.389652934801575,82.77930586962377,112.16895880441615
