time,s1,s2,s3,s4,s5,s6
0.0,20.0,20.0,20.0,20.000000000000004,20.0,20.0
1.0,60.07647288946559,96.1529457789444,132.229418668394,60.07647288946324,96.15294577894144,132.22941866839085
