time,s1,s2,s3,s4,s5,s6
0.0,20.0,20.0,20.0,20.000000000000004,20.0,20.0
1.0,57.02219766613969,90.04439533229866,123.06659299842408,57.022197666144386,90.04439533229443,123.0665929984265
