time,s1,s2,s3,s4,s5,s6
0.0,20.0,20.0,20.0,20.000000000000004,20.0,20.0
1.0,56.353467251965824,88.7069345039573,121.06040175588262,56.35346725197748,88.7069345039479,121.06040175587584
