time,s1,s2,s3,s4,s5,s6
0.0,20.0,20.0,20.0,20.000000000000004,20.0,20.0
1.0,55.3843342238487,86.76866844772239,118.15300267155114,55.3843342238548,86.76866844771746,118.15300267154946
