time,s1,s2,s3,s4,s5,s6
0.0,20.0,20.0,20.0,20.000000000000004,20.0,20.0
1.0,56.96724077308667,89.93448154618417,122.90172231923921,56.96724077309622,89.93448154618589,122.90172231924112
