time,s1,s2,s3,s4,s5,s6
0.0,20.0,20.0,20.0,20.000000000000004,20.0,20.0
1.0,60.65974951860475,97.3194990372168,133.97924855578248,60.659749518607256,97.31949903720982,133.97924855578484
