time,s1,s2,s3,s4,s5,s6
0.0,20.0,20.0,20.0,20.000000000000004,20.0,20.0
1.0,51.88843012121798,79.77686024246039,107.66529036366522,51.888430121228645,79.77686024246168,107.66529036366074
