time,s1,s2,s3,s4,s5,s6
0.0,20.0,20.0,20.0,20.000000000000004,20.0,20.0
1.0,49.41839821754539,74.83679643511263,100.25519465262556,49.41839821755813,74.836796435111,100.25519465261918
