time,s1,s2,s3,s4,s5,s6
0.0,20.0,20.0,20.0,20.000000000000004,20.0,20.0
1.0,55.57995631134827,87.15991262272536,118.73986893404921,55.579956311350024,87.15991262272141,118.73986893405309
