time,s1,s2,s3,s4,s5,s6
0.0,20.0,20.0,20.0,20.000000000000004,20.0,20.0
1.0,66.27381983070748,108.54763966145613,150.8214594921731,66.27381983072493,108.547639661467,150.8214594921712
