time,s1,s2,s3,s4,s5,s6
0.0,20.0,20.0,20.0,20.000000000000004,20.0,20.0
1.0,54.73274151016831,85.46548302034557,116.19822453046447,54.73274151017266,85.46548302034273,116.19822453045623
