time,s1,s2,s3,s4,s5,s6
0.0,20.0,20.0,20.0,20.000000000000004,20.0,20.0
1.0,54.934650867239434,85.8693017345019,116.80395260172864,54.934650867245416,85.86930173450816,116.80395260173032
