time,s1,s2,s3,s4,s5,s6
0.0,20.0,20.0,20.0,20.000000000000004,20.0,20.0
1.0,55.428875446072354,86.85775089216824,118.28662633821747,55.42887544608463,86.85775089216517,118.28662633820825
