time,s1,s2,s3,s4,s5,s6
0.0,20.0,20.0,20.0,20.000000000000004,20.0,20.0
1.0,57.89479420821759,91.78958841646586,125.684382624666,57.894794208230344,91.78958841646386,125.68438262466496
