time,s1,s2,s3,s4,s5,s6
0.0,20.0,20.0,20.0,20.000000000000004,20.0,20.0
1.0,62.01667098481124,100.03334196964539,138.05001295445123,62.01667098482012,100.03334196964181,138.0500129544497
