time,s1,s2,s3,s4,s5,s6
0.0,20.0,20.0,20.0,20.000000000000004,20.0,20.0
1.0,53.85509818050184,83.71019636101369,113.56529454149697,53.85509818050746,83.7101963610194,113.56529454149994
