time,s1,s2,s3,s4,s5,s6
0.0,20.0,20.0,20.0,20.000000000000004,20.0,20.0
1.0,56.651723351563305,89.30344670314747,121.95517005469165,56.651723351578156,89.30344670315611,121.95517005469765
