time,s1,s2,s3,s4,s5,s6
0.0,20.0,20.0,20.0,20.000000000000004,20.0,20.0
1.0,53.77559798422669,83.5511959684712,113.32679395268175,53.77559798423146,83.55119596848057,113.32679395268737
