time,s1,s2,s3,s4,s5,s6
0.0,20.0,20.0,20.0,20.000000000000004,20.0,20.0
1.0,54.72661805837629,85.45323611676665,116.17985417512976,54.72661805838608,85.4532361167718,116.17985417512826
