time,s1,s2,s3,s4,s5,s6
0.0,20.0,20.0,20.0,20.000000000000004,20.0,20.0
1.0,50.716190657568205,77.43238131515824,104.14857197271243,50.71619065756887,77.4323813151558,104.14857197270884
