time,s1,s2,s3,s4,s5,s6
0.0,20.0,20.0,20.0,20.000000000000004,20.0,20.0
1.0,53.58135472687175,83.1627094537577,112.74406418060659,53.58135472686718,83.16270945375621,112.74406418060761
