time,s1,s2,s3,s4,s5,s6
0.0,20.0,20.0,20.0,20.000000000000004,20.0,20.0
1.0,58.54006800210608,93.08013600422947,127.62020400632505,58.54006800212182,93.08013600423317,127.62020400631451
