time,s1,s2,s3,s4,s5,s6
0.0,20.0,20.0,20.0,20.000000000000004,20.0,20.0
1.0,60.795987521681454,97.59197504336655,134.38796256500763,60.79598752168646,97.59197504335414,134.38796256500373
