time,s1,s2,s3,s4,s5,s6
0.0,20.0,20.0,20.0,20.000000000000004,20.0,20.0
1.0,54.9453783460361,85.89075669208214,116.83613503809384,54.94537834604107,85.89075669208422,116.83613503809384
