time,s1,s2,s3,s4,s5,s6
0.0,20.0,20.0,20.0,20.000000000000004,20.0,20.0
1.0,60.12761472281011,96.25522944563733,132.38284416845167,60.12761472281457,96.25522944564085,132.38284416844874
