time,s1,s2,s3,s4,s5,s6
0.0,20.0,20.0,20.0,20.000000000000004,20.0,20.0
1.0,57.71255502379145,91.42511004759723,125.1376650713614,57.7125550237949,91.42511004759487,125.13766507136359
