time,s1,s2,s3,s4,s5,s6
0.0,20.0,20.0,20.0,20.000000000000004,20.0,20.0
1.0,57.56310425605713,91.12620851212685,124.68931276817224,57.563104256062886,91.12620851213941,124.68931276817534
