time,s1,s2,s3,s4,s5,s6
0.0,20.0,20.0,20.0,20.000000000000004,20.0,20.0
1.0,61.687609250664806,99.3752185013629,137.062827752004,61.68760925067473,99.3752185013507,137.0628277519953
