time,s1,s2,s3,s4,s5,s6
0.0,20.0,20.0,20.0,20.000000000000004,20.0,20.0
1.0,56.916846131900414,89.83369226380847,122.75053839567991,56.91684613191295,89.83369226381939,122.75053839568116
