time,s1,s2,s3,s4,s5,s6
0.0,20.0,20.0,20.0,20.000000000000004,20.0,20.0
1.0,56.61352806814216,89.22705613631608,121.84058420443978,56.613528068155674,89.22705613631715,121.8405842044341
