time,s1,s2,s3,s4,s5,s6
0.0,20.0,20.0,20.0,20.000000000000004,20.0,20.0
1.0,62.57941288961774,101.1588257792439,139.73823866884598,62.57941288962189,101.15882577924842,139.73823866884712
