time,s1,s2,s3,s4,s5,s6
0.0,20.0,20.0,20.0,20.000000000000004,20.0,20.0
1.0,50.80479540923619,77.60959081849103,104.41438622770633,50.80479540924246,77.60959081849437,104.414386227701
