time,s1,s2,s3,s4,s5,s6
0.0,20.0,20.0,20.0,20.000000000000004,20.0,20.0
1.0,56.319040032728196,88.63808006545632,120.95712009814045,56.31904003273583,88.63808006546074,120.95712009813779
