time,s1,s2,s3,s4,s5,s6
0.0,20.0,20.0,20.0,20.000000000000004,20.0,20.0
1.0,53.09827832315132,82.19655664631887,111.29483496945588,53.09827832315689,82.19655664632778,111.29483496946062
