time,s1,s2,s3,s4,s5,s6
0.0,20.0,20.0,20.0,20.000000000000004,20.0,20.0
1.0,53.64649209040212,83.29298418081233,112.93947627119297,53.646492090406404,83.2929841808236,112.93947627119123
