time,s1,s2,s3,s4,s5,s6
0.0,20.0,20.0,20.0,20.000000000000004,20.0,20.0
1.0,62.43417667369578,100.86835334741767,139.3025300211044,62.43417667370275,100.86835334741346,139.30253002110376
