time,s1,s2,s3,s4,s5,s6
0.0,20.0,20.0,20.0,20.000000000000004,20.0,20.0
1.0,57.77662949733187,91.55325899463156,125.32988849169583,57.77662949761555,91.55325899491679,125.32988849203053
