time,s1,s2,s3,s4,s5,s6
0.0,20.0,20.0,20.0,20.000000000000004,20.0,20.0
1.0,60.77155390274315,97.54310780551995,134.31466170825982,60.77155390275625,97.54310780552058,134.31466170825217
