time,s1,s2,s3,s4,s5,s6
0.0,20.0,20.0,20.0,20.000000000000004,20.0,20.0
1.0,57.14033686621552,90.28067373243698,123.42101059863683,57.14033686622312,90.28067373244092,123.4210105986309
