time,s1,s2,s3,s4,s5,s6
0.0,20.0,20.0,20.0,20.000000000000004,20.0,20.0
1.0,57.42093785433616,90.84187570869545,124.26281356299373,57.42093785435027,90.84187570870566,124.26281356299965
