time,s1,s2,s3,s4,s5,s6
0.0,20.0,20.0,20.0,20.000000000000004,20.0,20.0
1.0,58.52447440194233,93.04894880390108,127.57342320582332,58.52447440195036,93.04894880390303,127.57342320581927
