time,s1,s2,s3,s4,s5,s6
0.0,20.0,20.0,20.0,20.000000000000004,20.0,20.0
1.0,54.90110602617759,85.80221205237498,116.70331807853967,54.90110602618829,85.80221205238024,116.70331807853933
