time,s1,s2,s3,s4,s5,s6
0.0,20.0,20.0,20.0,20.000000000000004,20.0,20.0
1.0,50.47820814141889,76.95641628286089,103.43462442427477,50.478208141423785,76.95641628285372,103.43462442426978
