time,s1,s2,s3,s4,s5,s6
0.0,20.0,20.0,20.0,20.000000000000004,20.0,20.0
1.0,57.611483127319545,91.22296625465694,124.83444938196169,57.611483127323986,91.22296625465911,124.83444938195831
