time,s1,s2,s3,s4,s5,s6
0.0,20.0,20.0,20.0,20.000000000000004,20.0,20.0
1.0,55.49167950475313,86.98335900954059,118.47503851427153,55.491679504761656,86.98335900953913,118.47503851426907
