time,s1,s2,s3,s4,s5,s6
0.0,20.0,20.0,20.0,20.000000000000004,20.0,20.0
1.0,52.51680384293871,81.0336076858849,109.5504115287772,52.516803842942174,81.03360768588415,109.5504115287774
