time,s1,s2,s3,s4,s5,s6
0.0,20.0,20.0,20.0,20.000000000000004,20.0,20.0
1.0,59.4292508939311,94.85850178787327,130.28775268178006,59.42925089393039,94.85850178787356,130.28775268178157
