time,s1,s2,s3,s4,s5,s6
0.0,20.0,20.0,20.0,20.000000000000004,20.0,20.0
1.0,63.26158156491826,102.52316312984209,141.7847446947171,63.26158156492711,102.52316312984746,141.78474469472502
