time,s1,s2,s3,s4,s5,s6
0.0,20.0,20.0,20.0,20.000000000000004,20.0,20.0
1.0,56.496557993185434,88.99311598640183,121.48967397957583,56.49655799320327,88.99311598639964,121.4896739795715
