time,s1,s2,s3,s4,s5,s6
0.0,20.0,20.0,20.0,20.000000000000004,20.0,20.0
1.0,56.68749988498569,89.37499976998821,122.06249965494057,56.6874998849901,89.37499976998497,122.06249965494183
