time,s1,s2,s3,s4,s5,s6
0.0,20.0,20.0,20.0,20.000000000000004,20.0,20.0
1.0,63.108895877170866,102.21779175436996,141.32668763152094,63.10889587718319,102.21779175436896,141.3266876315265
