time,s1,s2,s3,s4,s5,s6
0.0,20.0,20.0,20.0,20.000000000000004,20.0,20.0
1.0,61.46749771229658,98.93499542477846,136.40249313686743,61.46749771247339,98.93499542487746,136.40249313686553
