time,s1,s2,s3,s4,s5,s6
0.0,20.0,20.0,20.0,20.000000000000004,20.0,20.0
1.0,55.0029750103494,86.00595002070608,117.00892503103643,55.00297501035214,86.00595002071151,117.0089250310383
