time,s1,s2,s3,s4,s5,s6
0.0,20.0,20.0,20.0,20.000000000000004,20.0,20.0
1.0,55.28580648413849,86.57161296831143,117.85741945244737,55.28580648414845,86.57161296831666,117.85741945245557
