time,s1,s2,s3,s4,s5,s6
0.0,20.0,20.0,20.0,20.000000000000004,20.0,20.0
1.0,49.354488164935084,74.70897632988071,100.06346449476942,49.35448816494915,74.70897632988543,100.06346449477573
