time,s1,s2,s3,s4,s5,s6
0.0,20.0,20.0,20.0,20.000000000000004,20.0,20.0
1.0,56.56191067250326,89.12382134502295,121.68573201750809,56.561910672512454,89.12382134502177,121.68573201749604
