time,s1,s2,s3,s4,s5,s6
0.0,20.0,20.0,20.0,20.000000000000004,20.0,20.0
1.0,54.03782859052746,84.07565718106792,114.11348577155765,54.037828590537465,84.07565718106997,114.1134857715592
