time,s1,s2,s3,s4,s5,s6
0.0,20.0,20.0,20.0,20.000000000000004,20.0,20.0
1.0,54.42300090884184,84.84600181769602,115.26900272648459,54.42300090884492,84.84600181768755,115.26900272648345
