time,s1,s2,s3,s4,s5,s6
0.0,20.0,20.0,20.0,20.000000000000004,20.0,20.0
1.0,48.73449007607937,73.4689801521775,98.20347022823869,48.73449007608797,73.46898015218477,98.20347022824089
