time,s1,s2,s3,s4,s5,s6
0.0,20.0,20.0,20.0,20.000000000000004,20.0,20.0
1.0,54.76398159473527,85.5279631894855,116.29194478417557,54.76398159474922,85.5279631894911,116.29194478417449
