time,s1,s2,s3,s4,s5,s6
0.0,20.0,20.0,20.0,20.000000000000004,20.0,20.0
1.0,61.69915286097833,99.39830572195282,137.0974585828956,61.69915286098271,99.39830572195106,137.09745858289796
