time,s1,s2,s3,s4,s5,s6
0.0,20.0,20.0,20.0,20.000000000000004,20.0,20.0
1.0,56.881406747175404,89.76281349437178,122.64422024151642,56.88140674718035,89.76281349436505,122.64422024151544
