time,s1,s2,s3,s4,s5,s6
0.0,20.0,20.0,20.0,20.000000000000004,20.0,20.0
1.0,53.60835541531216,83.21671083063839,112.82506624592558,53.60835541531995,83.21671083064169,112.82506624593344
