time,s1,s2,s3,s4,s5,s6
0.0,20.0,20.0,20.0,20.000000000000004,20.0,20.0
1.0,66.23334588663016,108.46669177403494,150.7000376615306,66.23334588676148,108.46669177419197,150.70003766165294
