time,s1,s2,s3,s4,s5,s6
0.0,20.0,20.0,20.0,20.000000000000004,20.0,20.0
1.0,54.551748291358805,85.10349658272412,115.6552448740523,54.551748291365826,85.10349658272304,115.6552448740554
