time,s1,s2,s3,s4,s5,s6
0.0,20.0,20.0,20.0,20.000000000000004,20.0,20.0
1.0,58.85707040343054,93.71414080687119,128.57121121027103,58.857070403430356,93.7141408068683,128.57121121026913
